timestamp,0/Active Power,1/Active Power
2023-01-09 00:00:18.061000,-0.40782424807548523,0.03277372941374779
2023-01-09 00:01:18.060000,-0.3969952464103699,0.03580673784017563
2023-01-09 00:02:18.136000,-0.42380067706108093,0.03722785785794258
2023-01-09 00:03:18.173000,-0.36966821551322937,0.040269266813993454
2023-01-09 00:04:18.173000,-0.5872868895530701,0.04472700133919716
2023-01-09 00:05:17.988000,-0.48720988631248474,0.04992152005434036
2023-01-09 00:06:18.169000,-0.40525633096694946,0.05593692511320114
2023-01-09 00:07:18.103000,-0.29473966360092163,0.06269507855176926
2023-01-09 00:08:18.043000,-0.27992430329322815,0.06694421172142029
2023-01-09 00:09:18.072000,-0.3985075354576111,0.0695013627409935
2023-01-09 00:10:18.189000,-0.44731763005256653,0.07034497708082199
2023-01-09 00:11:18.121000,-0.40220046043395996,0.07020854204893112
2023-01-09 00:12:18.198000,-0.383558988571167,0.07243068516254425
2023-01-09 00:13:18.152000,-0.47337648272514343,0.11058131605386734
2023-01-09 00:14:18.061000,-0.5317485928535461,0.19496971368789673
2023-01-09 00:15:18.044000,-0.6185776591300964,0.17795898020267487
2023-01-09 00:16:18.063000,-0.5354745388031006,0.16937589645385742
2023-01-09 00:17:18.131000,-0.5505844354629517,0.17336902022361755
2023-01-09 00:18:18.127000,-0.6206535696983337,0.18320932984352112
2023-01-09 00:19:18.091000,-0.6182945370674133,0.17821535468101501
2023-01-09 00:20:18.112000,-0.7885896563529968,0.15805426239967346
2023-01-09 00:21:18.131000,-0.5337531566619873,0.1384754776954651
2023-01-09 00:22:18.175000,-0.4324813187122345,0.12921351194381714
2023-01-09 00:23:18.063000,-0.2827489972114563,0.12277621775865555
2023-01-09 00:24:18.242000,-0.2892880439758301,0.11925692856311798
2023-01-09 00:25:18.111000,-0.23709021508693695,0.11775477230548859
2023-01-09 00:26:18.074000,-0.28988489508628845,0.11761090159416199
2023-01-09 00:27:18.088000,-0.2631164789199829,0.11917097866535187
2023-01-09 00:28:18.091000,-0.24173612892627716,0.12122803926467896
2023-01-09 00:29:18.109000,-0.2846880257129669,0.12266181409358978
2023-01-09 00:30:18.110000,-0.24173414707183838,0.11567562818527222
2023-01-09 00:31:18.071000,-0.2779206931591034,0.10970959067344666
2023-01-09 00:32:18.126000,-0.30304524302482605,0.11089272797107697
2023-01-09 00:33:18.032000,-0.26414963603019714,0.11335434764623642
2023-01-09 00:34:18.060000,-0.2473396509885788,0.11247489601373672
2023-01-09 00:35:18.087000,-0.2561671733856201,0.11427681893110275
2023-01-09 00:36:18.099000,-0.20396587252616882,0.12440991401672363
2023-01-09 00:37:18.048000,-0.2799314260482788,0.14163708686828613
2023-01-09 00:38:18.270000,-0.28421565890312195,0.17239749431610107
2023-01-09 00:39:18.099000,-0.26039397716522217,0.18642468750476837
2023-01-09 00:40:18.118000,-0.4219737648963928,0.2163592278957367
2023-01-09 00:41:18.042000,-0.381756454706192,0.2549722492694855
2023-01-09 00:42:18.064000,-0.2783396244049072,0.2726408839225769
2023-01-09 00:43:18.227000,-0.31863537430763245,0.27146631479263306
2023-01-09 00:44:18.117000,-0.28241875767707825,0.28928065299987793
2023-01-09 00:45:17.892000,-0.259554922580719,0.2965085208415985
2023-01-09 00:46:18.071000,-0.2971341907978058,0.28094205260276794
2023-01-09 00:47:18.091000,-0.24096888303756714,0.255835622549057
2023-01-09 00:48:18.026000,-0.26991912722587585,0.25535422563552856
2023-01-09 00:49:18.094000,-0.2736574411392212,0.26284393668174744
2023-01-09 00:50:18.142000,-0.303945392370224,0.28254106640815735
2023-01-09 00:51:18.167000,-0.34373724460601807,0.3289317786693573
2023-01-09 00:52:17.978000,-0.30797576904296875,0.37410768866539
2023-01-09 00:53:18.049000,-0.3309592306613922,0.382301926612854
2023-01-09 00:54:17.988000,-0.2867618799209595,0.36202988028526306
2023-01-09 00:55:17.983000,-0.30607882142066956,0.3798221945762634
2023-01-09 00:56:18.010000,-0.40897509455680847,0.41075941920280457
2023-01-09 00:57:18.114000,-0.4536662697792053,0.4261489808559418
2023-01-09 00:58:18,-0.3568556010723114,0.37821316719055176
2023-01-09 00:59:18.031000,-0.2840207517147064,0.30927586555480957
2023-01-09 01:00:18.052000,-0.3130016624927521,0.2870984673500061
2023-01-09 01:01:18.081000,-0.252088338136673,0.25105810165405273
2023-01-09 01:02:18.089000,-0.29943138360977173,0.2192840725183487
2023-01-09 01:03:17.974000,-0.2663656175136566,0.22157113254070282
2023-01-09 01:04:18.054000,-0.2881458103656769,0.24764685332775116
2023-01-09 01:05:18.098000,-0.31784358620643616,0.2646310329437256
2023-01-09 01:06:17.992000,-0.2903500199317932,0.2807926535606384
2023-01-09 01:07:18.094000,-0.25288569927215576,0.28952109813690186
2023-01-09 01:08:18.030000,-0.31533417105674744,0.26447638869285583
2023-01-09 01:09:18.002000,-0.2841494381427765,0.2450442910194397
2023-01-09 01:10:18.037000,-0.2868897318840027,0.24740123748779297
2023-01-09 01:11:17.985000,-0.31351104378700256,0.27361539006233215
2023-01-09 01:12:17.982000,-0.3276952803134918,0.3112182915210724
2023-01-09 01:13:18.009000,-0.44029128551483154,0.33074602484703064
2023-01-09 01:14:17.980000,-0.34598562121391296,0.3034670054912567
2023-01-09 01:15:17.938000,-0.4492737948894501,0.26250916719436646
2023-01-09 01:16:17.966000,-0.4317454695701599,0.22839190065860748
2023-01-09 01:17:18.006000,-0.5954694747924805,0.21496202051639557
2023-01-09 01:18:18.024000,-0.493241548538208,0.22501416504383087
2023-01-09 01:19:17.956000,-0.4949924349784851,0.21569138765335083
2023-01-09 01:20:18.082000,-0.4413507282733917,0.21023565530776978
2023-01-09 01:21:18.097000,-0.46826955676078796,0.23227134346961975
2023-01-09 01:22:17.947000,-0.44843143224716187,0.25531646609306335
2023-01-09 01:23:18.016000,-0.36623048782348633,0.2809232771396637
2023-01-09 01:24:17.951000,-0.4430098235607147,0.27913159132003784
2023-01-09 01:25:17.917000,-0.481741726398468,0.23526668548583984
2023-01-09 01:26:18.058000,-0.494112104177475,0.19221095740795135
2023-01-09 01:27:17.969000,-0.4898976683616638,0.19072328507900238
2023-01-09 01:28:17.962000,-0.5101203322410583,0.20392636954784393
2023-01-09 01:29:18.098000,-0.49032050371170044,0.21806016564369202
2023-01-09 01:30:17.974000,-0.5087140202522278,0.21496090292930603
2023-01-09 01:31:18.054000,-0.3605967164039612,0.17839333415031433
2023-01-09 01:32:18.046000,-0.3864518702030182,0.1571212112903595
2023-01-09 01:33:17.956000,-0.5274462699890137,0.14627282321453094
2023-01-09 01:34:17.937000,-0.5553575754165649,0.11815928667783737
2023-01-09 01:35:18.007000,-0.5549573302268982,0.1132272332906723
2023-01-09 01:36:18.026000,-0.3085167109966278,0.1364823579788208
2023-01-09 01:37:18.001000,-0.2789165675640106,0.1674777716398239
2023-01-09 01:38:18.027000,-0.23132650554180145,0.19071243703365326
2023-01-09 01:39:17.963000,-0.22660577297210693,0.21658074855804443
2023-01-09 01:40:18.120000,-0.23435081541538239,0.2548591196537018
2023-01-09 01:41:18.024000,-0.36830320954322815,0.26777026057243347
2023-01-09 01:42:17.925000,-0.4111219346523285,0.2860601246356964
2023-01-09 01:43:18.019000,-0.4604005217552185,0.33282220363616943
2023-01-09 01:44:17.935000,-0.40334197878837585,0.38814184069633484
2023-01-09 01:45:17.956000,-0.38001829385757446,0.4266435205936432
2023-01-09 01:46:18.030000,-0.4014672040939331,0.43718940019607544
2023-01-09 01:47:17.976000,-0.32800912857055664,0.42753660678863525
2023-01-09 01:48:17.939000,-0.3517145812511444,0.4072949290275574
2023-01-09 01:49:18.006000,-0.40415841341018677,0.3870692849159241
2023-01-09 01:50:17.919000,-0.4548262655735016,0.3599260449409485
2023-01-09 01:51:17.993000,-0.445556640625,0.3478046953678131
2023-01-09 01:52:17.977000,-0.42140206694602966,0.34988805651664734
2023-01-09 01:53:17.918000,-0.4184771478176117,0.3398725390434265
2023-01-09 01:54:18.055000,-0.5518825054168701,0.3093618154525757
2023-01-09 01:55:17.986000,-0.5559568405151367,0.2878710627555847
2023-01-09 01:56:18.010000,-0.3844805955886841,0.2881543040275574
2023-01-09 01:57:17.903000,-0.4448722004890442,0.3004056215286255
2023-01-09 01:58:18.011000,-0.45544323325157166,0.3268299102783203
2023-01-09 01:59:18.047000,-0.5313103795051575,0.33514517545700073
2023-01-09 02:00:18.039000,-0.5168222188949585,0.3315797746181488
2023-01-09 02:01:17.919000,-0.45694494247436523,0.31715425848960876
2023-01-09 02:02:18.062000,-0.4376298487186432,0.30195868015289307
2023-01-09 02:03:17.882000,-0.4348822236061096,0.29078370332717896
2023-01-09 02:04:18.030000,-0.44557297229766846,0.2962546944618225
2023-01-09 02:05:17.802000,-0.4098619520664215,0.31810206174850464
2023-01-09 02:06:17.970000,-0.4112918972969055,0.326710045337677
2023-01-09 02:07:17.964000,-0.36746934056282043,0.326859712600708
2023-01-09 02:08:17.912000,-0.45078223943710327,0.32562461495399475
2023-01-09 02:09:17.876000,-0.36533409357070923,0.3333144187927246
2023-01-09 02:10:17.880000,-0.49372056126594543,0.34920409321784973
2023-01-09 02:11:17.913000,-0.5599098801612854,0.3657403588294983
2023-01-09 02:12:17.982000,-0.5567174553871155,0.3748227655887604
2023-01-09 02:13:17.973000,-0.4936818778514862,0.3653600513935089
2023-01-09 02:14:17.975000,-0.536865234375,0.35804513096809387
2023-01-09 02:15:17.876000,-0.4768161177635193,0.35972267389297485
2023-01-09 02:16:17.929000,-0.4102446436882019,0.3651457726955414
2023-01-09 02:17:18.007000,-0.4259985089302063,0.37543201446533203
2023-01-09 02:18:17.990000,-0.37524914741516113,0.3882908821105957
2023-01-09 02:19:17.895000,-0.45021265745162964,0.39910346269607544
2023-01-09 02:20:17.961000,-0.3821941912174225,0.4110133945941925
2023-01-09 02:21:17.907000,-0.39468857645988464,0.41691523790359497
2023-01-09 02:22:17.963000,-0.40418770909309387,0.41684889793395996
2023-01-09 02:23:17.977000,-0.37373775243759155,0.406875342130661
2023-01-09 02:24:17.938000,-0.43494337797164917,0.40583518147468567
2023-01-09 02:25:17.838000,-0.34761080145835876,0.41942688822746277
2023-01-09 02:26:17.928000,-0.39623403549194336,0.4382040202617645
2023-01-09 02:27:17.955000,-0.4005185067653656,0.44113510847091675
2023-01-09 02:28:17.872000,-0.3931695818901062,0.43314167857170105
2023-01-09 02:29:17.981000,-0.3570927083492279,0.4292973279953003
2023-01-09 02:30:17.934000,-0.3967679738998413,0.433763325214386
2023-01-09 02:31:17.901000,-0.4160594046115875,0.44421225786209106
2023-01-09 02:32:17.849000,-0.5242522358894348,0.45899057388305664
2023-01-09 02:33:17.955000,-0.42802244424819946,0.47928836941719055
2023-01-09 02:34:17.896000,-0.3750673234462738,0.5020046830177307
2023-01-09 02:35:17.835000,-0.4004857540130615,0.4980374872684479
2023-01-09 02:36:17.923000,-0.420976459980011,0.4822080135345459
2023-01-09 02:37:18.131000,-0.43544358015060425,0.47360116243362427
2023-01-09 02:38:17.865000,-0.5922781229019165,0.47700539231300354
2023-01-09 02:39:17.851000,-0.6188462972640991,0.49065884947776794
2023-01-09 02:40:17.839000,-0.6268104910850525,0.5107242465019226
2023-01-09 02:41:17.881000,-0.65992671251297,0.5281442403793335
2023-01-09 02:42:17.951000,-0.5658460855484009,0.5756346583366394
2023-01-09 02:43:17.921000,-0.42889758944511414,0.5160906910896301
2023-01-09 02:44:17.918000,-0.4287884533405304,0.5147971510887146
2023-01-09 02:45:17.784000,-0.3999329209327698,0.5351348519325256
2023-01-09 02:46:17.953000,-0.44369181990623474,0.5709921717643738
2023-01-09 02:47:17.844000,-0.4051189720630646,0.6146682500839233
2023-01-09 02:48:17.839000,-0.5893046855926514,0.6388578414916992
2023-01-09 02:49:17.832000,-0.6103261709213257,0.6345949769020081
2023-01-09 02:50:18.074000,-0.5663889050483704,0.6258212327957153
2023-01-09 02:51:17.831000,-0.45415645837783813,0.6218260526657104
2023-01-09 02:52:17.978000,-0.49170294404029846,0.6343540549278259
2023-01-09 02:53:17.934000,-0.43675339221954346,0.6580365896224976
2023-01-09 02:54:17.840000,-0.38874709606170654,0.7265874743461609
2023-01-09 02:55:17.870000,-0.35566917061805725,0.7426668405532837
2023-01-09 02:56:17.853000,-0.2998627722263336,0.7504372000694275
2023-01-09 02:57:17.815000,-0.31433311104774475,0.7556508183479309
2023-01-09 02:58:17.917000,-0.27224859595298767,0.6513053774833679
2023-01-09 02:59:17.841000,-0.276398628950119,0.6363698840141296
2023-01-09 03:00:17.923000,-0.4844413995742798,0.6821383833885193
2023-01-09 03:01:18.003000,-0.5153288841247559,0.760383129119873
2023-01-09 03:02:17.927000,-0.4088926315307617,0.8209545612335205
2023-01-09 03:03:17.805000,-0.43922606110572815,0.8468469977378845
2023-01-09 03:04:17.819000,-0.3819916248321533,0.7554208040237427
2023-01-09 03:05:17.891000,-0.41649916768074036,0.7369893789291382
2023-01-09 03:06:17.909000,-0.45801401138305664,0.7541933655738831
2023-01-09 03:07:17.806000,-0.36818477511405945,0.7738131284713745
2023-01-09 03:08:17.841000,-0.3155075013637543,0.8069719076156616
2023-01-09 03:09:17.795000,-0.4280090630054474,0.890295147895813
2023-01-09 03:10:17.840000,-0.42461955547332764,1.3212449550628662
2023-01-09 03:11:17.801000,-0.2617790699005127,1.3866060972213745
2023-01-09 03:12:17.845000,-0.2443622350692749,1.3325375318527222
2023-01-09 03:13:17.881000,-0.21947211027145386,0.9759411215782166
2023-01-09 03:14:17.835000,-0.2532998323440552,0.8727971911430359
2023-01-09 03:15:17.930000,-0.229899063706398,0.9669992923736572
2023-01-09 03:16:17.800000,-0.2283225804567337,1.0384440422058105
2023-01-09 03:17:17.814000,-0.24825604259967804,1.0265432596206665
2023-01-09 03:18:17.838000,-0.20266006886959076,0.9413384795188904
2023-01-09 03:19:17.840000,-0.25044798851013184,0.8607796430587769
2023-01-09 03:20:17.812000,-0.22294850647449493,0.8676222562789917
2023-01-09 03:21:17.891000,-0.24353273212909698,0.9209545850753784
2023-01-09 03:22:17.824000,-0.3691997826099396,1.0186892747879028
2023-01-09 03:23:17.999000,-0.37083321809768677,1.0972470045089722
2023-01-09 03:24:17.833000,-0.2981584966182709,1.0095016956329346
2023-01-09 03:25:17.754000,-0.36247560381889343,0.8977659940719604
2023-01-09 03:26:17.958000,-0.38666823506355286,0.8290573954582214
2023-01-09 03:27:17.879000,-0.3186645209789276,0.7906672358512878
2023-01-09 03:28:17.885000,-0.2668168246746063,0.7985031008720398
2023-01-09 03:29:17.850000,-0.20934244990348816,0.8523799777030945
2023-01-09 03:30:17.909000,-0.2572718858718872,0.8803343772888184
2023-01-09 03:31:17.898000,-0.23954960703849792,0.8908838033676147
2023-01-09 03:32:17.780000,-0.2853822410106659,0.9103564023971558
2023-01-09 03:33:17.806000,-0.28635740280151367,1.0601462125778198
2023-01-09 03:34:17.778000,-0.2876543700695038,1.1908221244812012
2023-01-09 03:35:17.805000,-0.26101014018058777,1.1514530181884766
2023-01-09 03:36:17.752000,-0.3206990659236908,1.280116081237793
2023-01-09 03:37:17.817000,-0.2512260973453522,1.3640228509902954
2023-01-09 03:38:17.758000,-0.2640926241874695,1.4427967071533203
2023-01-09 03:39:17.829000,-0.31422626972198486,1.2766481637954712
2023-01-09 03:40:17.841000,-0.26398998498916626,1.3449472188949585
2023-01-09 03:41:17.818000,-0.42564842104911804,1.6325877904891968
2023-01-09 03:42:18.505000,-0.41447731852531433,1.608038067817688
2023-01-09 03:43:17.897000,-0.2965206503868103,1.6881942749023438
2023-01-09 03:44:17.797000,-0.295858770608902,1.7950693368911743
2023-01-09 03:45:17.801000,-0.25809165835380554,1.7265174388885498
2023-01-09 03:46:17.871000,-0.27592527866363525,1.6704181432724
2023-01-09 03:47:17.854000,-0.30788806080818176,1.1693814992904663
2023-01-09 03:48:17.757000,-0.41587069630622864,0.8438570499420166
2023-01-09 03:49:17.882000,-0.4564739167690277,0.7197657823562622
2023-01-09 03:50:17.759000,-0.4505595266819,0.6633560061454773
2023-01-09 03:51:17.797000,-0.4125193953514099,0.686679482460022
2023-01-09 03:52:17.830000,-0.3103460371494293,0.7494702935218811
2023-01-09 03:53:17.772000,-0.2632324695587158,0.8092562556266785
2023-01-09 03:54:17.812000,-0.2582736909389496,0.9564570188522339
2023-01-09 03:55:17.771000,-0.2708609700202942,1.274322271347046
2023-01-09 03:56:17.839000,-0.24534788727760315,1.558728575706482
2023-01-09 03:57:17.819000,-0.4698352813720703,1.5222562551498413
2023-01-09 03:58:17.857000,-0.49300849437713623,1.3177299499511719
2023-01-09 03:59:18.081000,-0.5546076893806458,1.3124245405197144
2023-01-09 04:00:17.783000,-0.547616183757782,1.6926891803741455
2023-01-09 04:01:17.791000,-0.3631032407283783,1.7062404155731201
2023-01-09 04:02:17.726000,-0.33814024925231934,1.1010868549346924
2023-01-09 04:03:17.722000,-0.3752720057964325,0.8929483294487
2023-01-09 04:04:17.744000,-0.32733023166656494,0.7762098908424377
2023-01-09 04:05:17.633000,-0.34522008895874023,0.7011913657188416
2023-01-09 04:06:17.728000,-0.35266751050949097,0.6415967345237732
2023-01-09 04:07:17.767000,-0.34014245867729187,0.6342910528182983
2023-01-09 04:08:17.821000,-0.37781840562820435,0.6506426334381104
2023-01-09 04:09:17.732000,-0.37556448578834534,0.6353748440742493
2023-01-09 04:10:17.779000,-0.38377535343170166,0.571389377117157
2023-01-09 04:11:17.770000,-0.40352359414100647,0.5107707381248474
2023-01-09 04:12:17.814000,-0.3627316355705261,0.49051937460899353
2023-01-09 04:13:17.866000,-0.3248271048069,0.5043776035308838
2023-01-09 04:14:17.784000,-0.30574753880500793,0.5285865664482117
2023-01-09 04:15:17.940000,-0.28720104694366455,0.5619255900382996
2023-01-09 04:16:17.766000,-0.30468833446502686,0.5682123303413391
2023-01-09 04:17:17.706000,-0.31756922602653503,0.569417417049408
2023-01-09 04:18:17.768000,-0.2621862292289734,0.590122401714325
2023-01-09 04:19:17.826000,-0.34808123111724854,0.5830305218696594
2023-01-09 04:20:17.789000,-0.4043027460575104,0.527764618396759
2023-01-09 04:21:17.763000,-0.36804085969924927,0.48401588201522827
2023-01-09 04:22:17.715000,-0.28574466705322266,0.4756792485713959
2023-01-09 04:23:17.699000,-0.32521113753318787,0.49031227827072144
2023-01-09 04:24:17.775000,-0.3983590006828308,0.514726459980011
2023-01-09 04:25:17.727000,-0.39391860365867615,0.5324626564979553
2023-01-09 04:26:17.849000,-0.38386043906211853,0.5500143766403198
2023-01-09 04:27:17.752000,-0.38813546299934387,0.5893129110336304
2023-01-09 04:28:17.706000,-0.4004870057106018,0.6321996450424194
2023-01-09 04:29:17.751000,-0.33757010102272034,0.6474561095237732
2023-01-09 04:30:17.745000,-0.3940568268299103,0.6622917652130127
2023-01-09 04:31:17.733000,-0.3279021084308624,0.663057267665863
2023-01-09 04:32:17.768000,-0.30830058455467224,0.6210249662399292
2023-01-09 04:33:17.698000,-0.3356555700302124,0.5836161375045776
2023-01-09 04:34:17.789000,-0.23609022796154022,0.6442400813102722
2023-01-09 04:35:17.892000,-0.2980143427848816,0.8255378007888794
2023-01-09 04:36:17.722000,-0.35130950808525085,0.9859663844108582
2023-01-09 04:37:17.763000,-0.4304238557815552,1.2175724506378174
2023-01-09 04:38:17.772000,-0.3756926357746124,1.2695478200912476
2023-01-09 04:39:17.716000,-0.22131779789924622,1.0826553106307983
2023-01-09 04:40:17.805000,-0.2180895358324051,0.9366528391838074
2023-01-09 04:41:17.770000,-0.3307187855243683,0.9339870810508728
2023-01-09 04:42:17.821000,-0.25868523120880127,1.2753039598464966
2023-01-09 04:43:17.676000,-0.25372862815856934,1.6349564790725708
2023-01-09 04:44:17.697000,-0.2991679608821869,1.7129863500595093
2023-01-09 04:45:17.583000,-0.2437078356742859,1.6843452453613281
2023-01-09 04:46:17.769000,-0.2887391448020935,1.865128517150879
2023-01-09 04:47:17.696000,-0.2713201940059662,1.8961654901504517
2023-01-09 04:48:17.709000,-0.4758741557598114,1.888990044593811
2023-01-09 04:49:17.702000,-1.2888637781143188,1.9138303995132446
2023-01-09 04:50:17.684000,-1.241390585899353,1.9250587224960327
2023-01-09 04:51:17.785000,-0.2637269198894501,1.8062626123428345
2023-01-09 04:52:17.653000,-0.3273926377296448,1.8895148038864136
2023-01-09 04:53:17.700000,-0.4829888641834259,1.8945058584213257
2023-01-09 04:54:17.663000,-0.39857789874076843,1.742040753364563
2023-01-09 04:55:17.755000,-0.32323580980300903,1.844250202178955
2023-01-09 04:56:17.800000,-0.21574507653713226,1.8451892137527466
2023-01-09 04:57:17.768000,-0.24383901059627533,1.8546847105026245
2023-01-09 04:58:17.809000,-0.21462379395961761,1.8462120294570923
2023-01-09 04:59:17.699000,-0.35419562458992004,1.650469183921814
2023-01-09 05:00:17.752000,-0.2646141052246094,1.6798659563064575
2023-01-09 05:01:17.741000,-0.27269014716148376,1.7999155521392822
2023-01-09 05:02:17.700000,-0.3007725179195404,1.7721408605575562
2023-01-09 05:03:17.664000,-0.2976108193397522,1.9087666273117065
2023-01-09 05:04:17.648000,-0.36220628023147583,1.8875550031661987
2023-01-09 05:05:17.721000,-0.3247319757938385,1.63499116897583
2023-01-09 05:06:17.746000,-0.3884173333644867,1.0207501649856567
2023-01-09 05:07:17.664000,-0.2909294366836548,0.91087806224823
2023-01-09 05:08:17.644000,-0.22739186882972717,1.0525951385498047
2023-01-09 05:09:17.749000,-0.22494380176067352,1.4961944818496704
2023-01-09 05:10:17.851000,-0.46069106459617615,1.4311249256134033
2023-01-09 05:11:17.716000,-0.4221078157424927,1.21390700340271
2023-01-09 05:12:17.678000,-0.3984038829803467,1.0896309614181519
2023-01-09 05:13:17.680000,-0.47733110189437866,0.6535112261772156
2023-01-09 05:14:17.662000,-0.4694124460220337,0.5289581418037415
2023-01-09 05:15:17.648000,-0.5439435243606567,0.46590790152549744
2023-01-09 05:16:17.825000,-0.4595326781272888,0.452131986618042
2023-01-09 05:17:17.694000,-0.47936150431632996,0.4809332489967346
2023-01-09 05:18:17.635000,-0.5173885822296143,0.591978132724762
2023-01-09 05:19:17.709000,-0.4551039934158325,0.555229127407074
2023-01-09 05:20:17.653000,-0.45972946286201477,0.5550649762153625
2023-01-09 05:21:17.711000,-0.49082228541374207,0.543330192565918
2023-01-09 05:22:17.707000,-0.456822007894516,0.5307068824768066
2023-01-09 05:23:17.735000,-0.4513881504535675,0.5676453709602356
2023-01-09 05:24:17.727000,-0.48369115591049194,0.7489765286445618
2023-01-09 05:25:17.546000,-0.42543962597846985,0.74817955493927
2023-01-09 05:26:17.831000,-0.42016980051994324,0.9038357138633728
2023-01-09 05:27:17.662000,-0.341168075799942,0.6271479725837708
2023-01-09 05:28:17.686000,-0.36430153250694275,0.6364132761955261
2023-01-09 05:29:17.718000,-0.2654635012149811,0.6611552238464355
2023-01-09 05:30:17.657000,-0.27332159876823425,0.6726228594779968
2023-01-09 05:31:17.701000,-0.2601710259914398,0.7094802260398865
2023-01-09 05:32:17.710000,-0.24294550716876984,0.7067777514457703
2023-01-09 05:33:17.619000,-0.23457738757133484,0.6143859624862671
2023-01-09 05:34:17.644000,-0.1960352659225464,0.46624359488487244
2023-01-09 05:35:17.714000,-0.35913029313087463,0.4040108025074005
2023-01-09 05:36:17.670000,-0.3053928017616272,0.37838879227638245
2023-01-09 05:37:17.643000,-0.2959776222705841,0.3732491135597229
2023-01-09 05:38:17.781000,-0.16848036646842957,0.3925333023071289
2023-01-09 05:39:17.599000,-0.1980331689119339,0.4418256878852844
2023-01-09 05:40:17.683000,-0.23775729537010193,0.47331032156944275
2023-01-09 05:41:17.768000,-0.21619915962219238,0.4656972885131836
2023-01-09 05:42:17.875000,-0.2772746980190277,0.6232123970985413
2023-01-09 05:43:17.702000,-0.24248245358467102,0.5558786392211914
2023-01-09 05:44:17.678000,-0.24873477220535278,0.39393916726112366
2023-01-09 05:45:17.715000,-0.31511926651000977,0.40298253297805786
2023-01-09 05:46:17.593000,-0.46656057238578796,0.39822936058044434
2023-01-09 05:47:17.591000,-0.32599279284477234,0.36208397150039673
2023-01-09 05:48:17.586000,-0.368462473154068,0.3416740894317627
2023-01-09 05:49:17.623000,-0.34143954515457153,0.34644490480422974
2023-01-09 05:50:17.592000,-0.34402817487716675,0.3596181273460388
2023-01-09 05:51:17.623000,-0.3790692090988159,0.35773319005966187
2023-01-09 05:52:17.622000,-0.3114435374736786,0.3185790479183197
2023-01-09 05:53:17.636000,-0.41551658511161804,0.29189157485961914
2023-01-09 05:54:17.611000,-0.4516637325286865,0.3021217882633209
2023-01-09 05:55:17.701000,-0.46934905648231506,0.34924647212028503
2023-01-09 05:56:17.609000,-0.35176748037338257,0.4098654091358185
2023-01-09 05:57:17.638000,-0.3505608141422272,0.5068280100822449
2023-01-09 05:58:17.633000,-0.327946275472641,0.5554980039596558
2023-01-09 05:59:17.636000,-0.45185500383377075,0.5190029144287109
2023-01-09 06:00:17.750000,-0.4034772217273712,0.44897890090942383
2023-01-09 06:01:17.675000,-0.4189664423465729,0.4107079803943634
2023-01-09 06:02:17.696000,-0.44053736329078674,0.4232264459133148
2023-01-09 06:03:17.593000,-0.3247372508049011,0.36523306369781494
2023-01-09 06:04:17.572000,-0.3149714469909668,0.34616658091545105
2023-01-09 06:05:17.497000,-0.2509586811065674,0.4078250825405121
2023-01-09 06:06:17.670000,-0.28418096899986267,0.5718473196029663
2023-01-09 06:07:17.578000,-0.28230610489845276,0.7916266918182373
2023-01-09 06:08:17.700000,-0.2679978609085083,0.5719308853149414
2023-01-09 06:09:17.576000,-0.29317235946655273,0.511881947517395
2023-01-09 06:10:17.634000,-0.31451138854026794,0.7214701771736145
2023-01-09 06:11:17.697000,-0.2909858524799347,0.6445977091789246
2023-01-09 06:12:17.795000,-0.29817163944244385,0.5789589881896973
2023-01-09 06:13:17.579000,-0.3047221601009369,0.564239501953125
2023-01-09 06:14:17.596000,-0.3833555281162262,0.6161625385284424
2023-01-09 06:15:17.571000,-0.4332548677921295,0.6543238162994385
2023-01-09 06:16:17.679000,-0.24065691232681274,0.5302854776382446
2023-01-09 06:17:17.563000,-0.27481505274772644,0.5825256705284119
2023-01-09 06:18:17.672000,-0.26971888542175293,0.6397950053215027
2023-01-09 06:19:17.610000,-0.2600914537906647,0.5820818543434143
2023-01-09 06:20:17.673000,-0.3015352189540863,0.9237980246543884
2023-01-09 06:21:17.562000,-0.26180413365364075,0.7202118039131165
2023-01-09 06:22:17.662000,-0.3102876543998718,0.5144277811050415
2023-01-09 06:23:17.543000,-0.2706783711910248,0.5604248046875
2023-01-09 06:24:17.675000,-0.26732513308525085,0.7435947060585022
2023-01-09 06:25:17.630000,-0.25540441274642944,0.6357473731040955
2023-01-09 06:26:17.530000,-0.25779494643211365,0.49899670481681824
2023-01-09 06:27:17.561000,-0.19552388787269592,0.4644593596458435
2023-01-09 06:28:17.604000,-0.40712109208106995,0.44493967294692993
2023-01-09 06:29:17.532000,-0.3809000551700592,0.43037766218185425
2023-01-09 06:30:17.661000,-0.37580370903015137,0.43335670232772827
2023-01-09 06:31:17.680000,-0.570993959903717,0.4516061544418335
2023-01-09 06:32:17.598000,-0.5190213322639465,0.49827027320861816
2023-01-09 06:33:17.582000,-0.6121100187301636,0.5470688343048096
2023-01-09 06:34:17.573000,-0.5013917684555054,0.5704307556152344
2023-01-09 06:35:17.642000,-0.5503805875778198,0.6252982020378113
2023-01-09 06:36:17.634000,-0.5492544174194336,0.9662207365036011
2023-01-09 06:37:17.626000,-0.5433496832847595,0.8473731875419617
2023-01-09 06:38:17.684000,-0.5565424561500549,0.7565231919288635
2023-01-09 06:39:17.595000,-0.5492347478866577,0.7709085941314697
2023-01-09 06:40:17.641000,-0.5380879640579224,0.8020336031913757
2023-01-09 06:41:17.556000,-0.5708411931991577,0.9436054229736328
2023-01-09 06:42:17.649000,-0.6566835641860962,0.9653512835502625
2023-01-09 06:43:17.576000,-0.5629564523696899,0.974888265132904
2023-01-09 06:44:17.618000,-0.515045702457428,0.9496448040008545
2023-01-09 06:45:17.443000,-0.45462340116500854,0.7253517508506775
2023-01-09 06:46:17.677000,-0.4458755850791931,0.7625930905342102
2023-01-09 06:47:17.809000,-0.4409702718257904,0.890643835067749
2023-01-09 06:48:17.678000,-0.41112157702445984,0.8518436551094055
2023-01-09 06:49:17.603000,-0.4381774961948395,0.7529189586639404
2023-01-09 06:50:17.658000,-0.5856286883354187,0.7732277512550354
2023-01-09 06:51:17.535000,-0.6396466493606567,0.8556698560714722
2023-01-09 06:52:17.574000,-0.6149291396141052,0.8669331669807434
2023-01-09 06:53:17.556000,-0.7573239207267761,0.8582473397254944
2023-01-09 06:54:17.535000,-0.6995382308959961,0.8458000421524048
2023-01-09 06:55:17.504000,-0.6671236157417297,0.8426722288131714
2023-01-09 06:56:17.564000,-0.653577983379364,0.8493392467498779
2023-01-09 06:57:17.534000,-0.6933268904685974,0.8161323070526123
2023-01-09 06:58:17.622000,-0.4195243716239929,0.9140613675117493
2023-01-09 06:59:17.520000,-0.30819499492645264,0.9391099810600281
2023-01-09 07:00:17.550000,-0.393820583820343,0.9230371713638306
2023-01-09 07:01:17.509000,-0.30361059308052063,0.9272891879081726
2023-01-09 07:02:17.516000,-0.33947524428367615,0.8610303401947021
2023-01-09 07:03:17.526000,-0.32569095492362976,0.803138017654419
2023-01-09 07:04:17.507000,-0.3048933744430542,0.7713894844055176
2023-01-09 07:05:17.545000,-0.2669823169708252,0.7980589270591736
2023-01-09 07:06:17.511000,-0.24954339861869812,0.7975940704345703
2023-01-09 07:07:17.589000,-0.19555146992206573,0.8039856553077698
2023-01-09 07:08:17.487000,-0.22753778100013733,0.7659813165664673
2023-01-09 07:09:17.598000,-0.21879246830940247,0.7717723846435547
2023-01-09 07:10:17.545000,-0.36428532004356384,0.7958564758300781
2023-01-09 07:11:17.498000,-0.40794500708580017,0.8092575669288635
2023-01-09 07:12:17.574000,-0.202688530087471,0.7920337915420532
2023-01-09 07:13:17.586000,-0.2456236034631729,0.755247175693512
2023-01-09 07:14:17.523000,-0.2039693146944046,0.7230287790298462
2023-01-09 07:15:17.512000,-0.2102431356906891,0.7292822599411011
2023-01-09 07:16:17.611000,-0.22044473886489868,0.7162413597106934
2023-01-09 07:17:17.704000,-0.24537375569343567,0.6998023986816406
2023-01-09 07:18:17.525000,-0.23968195915222168,0.7144598960876465
2023-01-09 07:19:17.487000,-0.2557447552680969,0.7204756140708923
2023-01-09 07:20:17.488000,-0.27603766322135925,0.7095173001289368
2023-01-09 07:21:17.576000,-0.28253108263015747,0.7189689874649048
2023-01-09 07:22:17.459000,-0.27469906210899353,0.6985356211662292
2023-01-09 07:23:17.507000,-0.2517795264720917,0.680996835231781
2023-01-09 07:24:17.517000,-0.29707619547843933,0.6865912675857544
2023-01-09 07:25:17.363000,-0.2379245162010193,0.6806844472885132
2023-01-09 07:26:17.520000,-0.41529878973960876,0.660137951374054
2023-01-09 07:27:17.517000,-0.41334298253059387,0.6332956552505493
2023-01-09 07:28:17.568000,-0.3326943814754486,0.613387942314148
2023-01-09 07:29:17.539000,-0.34650152921676636,0.5866120457649231
2023-01-09 07:30:17.499000,-0.3175027370452881,0.5784799456596375
2023-01-09 07:31:17.675000,-0.30595332384109497,0.5844223499298096
2023-01-09 07:32:17.460000,-0.28516143560409546,0.5670037269592285
2023-01-09 07:33:17.475000,-0.2909909784793854,0.5564285516738892
2023-01-09 07:34:17.498000,-0.2758641541004181,0.5286156535148621
2023-01-09 07:35:17.593000,-0.2852126955986023,0.5080227851867676
2023-01-09 07:36:17.573000,-0.25528791546821594,0.5110167264938354
2023-01-09 07:37:17.549000,-0.28298816084861755,0.5232926607131958
2023-01-09 07:38:17.501000,-0.3069581985473633,0.5293498635292053
2023-01-09 07:39:17.525000,-0.27314552664756775,0.5052927136421204
2023-01-09 07:40:17.473000,-0.3722634017467499,0.4840072989463806
2023-01-09 07:41:17.460000,-0.4341508448123932,0.4725761413574219
2023-01-09 07:42:17.552000,-0.46057844161987305,0.46705204248428345
2023-01-09 07:43:17.542000,-0.4819699823856354,0.456145703792572
2023-01-09 07:44:17.464000,-0.5775823593139648,0.44763612747192383
2023-01-09 07:45:17.503000,-0.6022611856460571,0.4480252265930176
2023-01-09 07:46:17.487000,-0.48855212330818176,0.43290600180625916
2023-01-09 07:47:17.455000,-0.45264318585395813,0.4146696925163269
2023-01-09 07:48:17.511000,-0.5835973620414734,0.39958488941192627
2023-01-09 07:49:17.522000,-0.599749743938446,0.39026254415512085
2023-01-09 07:50:17.671000,-0.5588569641113281,0.3735739290714264
2023-01-09 07:51:17.717000,-0.5719544291496277,0.3608764708042145
2023-01-09 07:52:17.539000,-0.5192562341690063,0.3450910449028015
2023-01-09 07:53:17.449000,-0.5783842206001282,0.3267703950405121
2023-01-09 07:54:17.493000,-0.5073204040527344,0.3041928708553314
2023-01-09 07:55:17.526000,-0.545383870601654,0.27777212858200073
2023-01-09 07:56:17.541000,-0.6242988705635071,0.2580132484436035
2023-01-09 07:57:17.566000,-0.5813709497451782,0.23239748179912567
2023-01-09 07:58:17.502000,-0.5419673323631287,0.21360138058662415
2023-01-09 07:59:17.470000,-0.4818035066127777,0.1980876624584198
2023-01-09 08:00:17.470000,-0.41243502497673035,0.19150617718696594
2023-01-09 08:01:17.437000,-0.4210265576839447,0.1842769831418991
2023-01-09 08:02:17.448000,-0.40673962235450745,0.1727602779865265
2023-01-09 08:03:17.458000,-0.37434184551239014,0.16512106359004974
2023-01-09 08:04:17.432000,-0.41272851824760437,0.16126485168933868
2023-01-09 08:05:17.524000,-0.4211016893386841,0.15919722616672516
2023-01-09 08:06:17.522000,-0.4869947135448456,0.15509675443172455
2023-01-09 08:07:17.566000,-0.35662057995796204,0.14600947499275208
2023-01-09 08:08:17.564000,-0.3179483413696289,0.1330132782459259
2023-01-09 08:09:17.498000,-0.3836227059364319,0.12419873476028442
2023-01-09 08:10:17.341000,-0.3809633255004883,0.11585424840450287
2023-01-09 08:11:17.610000,-0.3876523971557617,0.10606888681650162
2023-01-09 08:12:17.547000,-0.3805544078350067,0.09654902666807175
2023-01-09 08:13:17.424000,-0.34773048758506775,0.08517374098300934
2023-01-09 08:14:17.533000,-0.3391745984554291,0.08073718100786209
2023-01-09 08:15:17.506000,-0.5836044549942017,0.07664190977811813
2023-01-09 08:16:17.441000,-0.5277525186538696,0.07090114057064056
2023-01-09 08:17:17.504000,-0.5790589451789856,0.06631577014923096
2023-01-09 08:18:17.451000,-0.5834637880325317,0.06118126958608627
2023-01-09 08:19:17.416000,-0.5231103301048279,0.054202426224946976
2023-01-09 08:20:17.540000,-0.6124098896980286,0.02464391104876995
2023-01-09 08:21:17.465000,-0.5697516798973083,0.013275724835693836
2023-01-09 08:22:17.461000,-0.638663113117218,0.011278512887656689
2023-01-09 08:23:17.430000,-0.774802029132843,0.009028241038322449
2023-01-09 08:24:17.535000,-0.8402918577194214,0.0072267381474375725
2023-01-09 08:25:17.437000,-0.7654160261154175,0.00502420449629426
2023-01-09 08:26:17.462000,-0.7430449724197388,0.003173479111865163
2023-01-09 08:27:17.381000,-0.6874151229858398,0.0013150000013411045
2023-01-09 08:28:17.376000,-0.6708417534828186,-0.0009673199965618551
2023-01-09 08:29:17.414000,-0.6819049715995789,-0.001963488757610321
2023-01-09 08:30:17.373000,-0.6430085897445679,-0.0032313589472323656
2023-01-09 08:31:17.510000,-0.7126882672309875,-0.004272023681551218
2023-01-09 08:32:17.498000,-0.596449077129364,-0.00525574991479516
2023-01-09 08:33:17.424000,-0.6521753668785095,-0.0049374219961464405
2023-01-09 08:34:17.603000,-0.7211526036262512,-0.005230230744928122
2023-01-09 08:35:17.397000,-0.7213512659072876,-0.006375908851623535
2023-01-09 08:36:17.485000,-0.727862536907196,-0.0074456059373915195
2023-01-09 08:37:17.480000,-0.7676319479942322,-0.007782999891787767
2023-01-09 08:38:17.397000,-0.7715531587600708,-0.002328749978914857
2023-01-09 08:39:17.484000,-0.7703928351402283,-0.0023264666087925434
2023-01-09 08:40:17.418000,-0.6088154315948486,-0.0022596342023462057
2023-01-09 08:41:17.412000,-0.5749464631080627,-0.002145871054381132
2023-01-09 08:42:17.433000,-0.5729607939720154,-0.002324078930541873
2023-01-09 08:43:17.512000,-0.4106845557689667,-0.0022277645766735077
2023-01-09 08:44:17.364000,-0.3967635929584503,-0.0023143147118389606
2023-01-09 08:45:17.418000,-0.5706804394721985,-0.0023884999100118876
2023-01-09 08:46:17.376000,-0.42134106159210205,-0.0022808918729424477
2023-01-09 08:47:17.367000,-0.31463712453842163,-0.0022211133036762476
2023-01-09 08:48:17.452000,-0.30273014307022095,-0.0022499742917716503
2023-01-09 08:49:17.545000,-0.33559486269950867,-0.0022795749828219414
2023-01-09 08:50:17.434000,-0.2785516381263733,-0.002318379934877157
2023-01-09 08:51:17.578000,-0.4039669930934906,-0.0024071852676570415
2023-01-09 08:52:17.418000,-0.3765684962272644,-0.00234251213259995
2023-01-09 08:53:17.397000,-0.27721089124679565,-0.002342411782592535
2023-01-09 08:54:17.573000,-0.28880780935287476,-0.0022731944918632507
2023-01-09 08:55:17.252000,-0.2748192250728607,-0.0023930526804178953
2023-01-09 08:56:17.368000,-0.4179646372795105,-0.002410594606772065
2023-01-09 08:57:17.387000,-0.4093349277973175,-0.002245803829282522
2023-01-09 08:58:17.456000,-0.38416650891304016,-0.002269571414217353
2023-01-09 08:59:17.419000,-0.3958026170730591,-0.0023168702609837055
2023-01-09 09:00:17.559000,-0.5291377902030945,-0.0024646976962685585
2023-01-09 09:01:17.401000,-0.5817453861236572,-0.002300978172570467
2023-01-09 09:02:17.487000,-0.7512398362159729,-0.002330877585336566
2023-01-09 09:03:17.363000,-0.7515029907226562,-0.002367186127230525
2023-01-09 09:04:17.372000,-0.5987148880958557,-0.002282781759276986
2023-01-09 09:05:17.463000,-0.5363755822181702,-0.0023455454502254725
2023-01-09 09:06:17.326000,-0.50863116979599,-0.0023469782900065184
2023-01-09 09:07:17.408000,-0.6597349047660828,-0.002446391386911273
2023-01-09 09:08:17.393000,-0.5645416975021362,-0.002379261888563633
2023-01-09 09:09:17.436000,-0.5313107967376709,-0.0024433694779872894
2023-01-09 09:10:17.384000,-0.5168493986129761,-0.002284473739564419
2023-01-09 09:11:17.327000,-0.5839599370956421,-0.002317393897101283
2023-01-09 09:12:17.416000,-0.3941565454006195,-0.002441268414258957
2023-01-09 09:13:17.479000,-0.4095100164413452,-0.002269017044454813
2023-01-09 09:14:17.462000,-0.3552660644054413,-0.0024079110007733107
2023-01-09 09:15:17.348000,-0.3210756778717041,-0.0025036665610969067
2023-01-09 09:16:17.316000,-0.3663402199745178,-0.0025066512171179056
2023-01-09 09:17:17.366000,-0.34840428829193115,-0.0023955150973051786
2023-01-09 09:18:17.313000,-0.5093869566917419,-0.0023361362982541323
2023-01-09 09:19:17.376000,-0.7286107540130615,-0.0023999216500669718
2023-01-09 09:20:17.331000,-0.6877084374427795,-0.002279613632708788
2023-01-09 09:21:17.434000,-0.5450699925422668,-0.0024035798851400614
2023-01-09 09:22:17.323000,-0.5864287614822388,-0.0023543958086520433
2023-01-09 09:23:17.361000,-0.5312099456787109,-0.0023987453896552324
2023-01-09 09:24:17.299000,-0.5477232336997986,-0.0023527871817350388
2023-01-09 09:25:17.368000,-0.5666947364807129,-0.0023854898754507303
2023-01-09 09:26:17.415000,-0.6349179744720459,-0.0023990909103304148
2023-01-09 09:27:17.354000,-0.5149757862091064,-0.002444871701300144
2023-01-09 09:28:17.369000,-0.4633314609527588,-0.0023936862125992775
2023-01-09 09:29:17.470000,-0.5618371367454529,-0.002454815898090601
2023-01-09 09:30:17.418000,-0.525666356086731,-0.002324378350749612
2023-01-09 09:31:17.616000,-0.4926605224609375,-0.0024587500374764204
2023-01-09 09:32:17.322000,-0.6488969326019287,-0.0024681999348104
2023-01-09 09:33:17.316000,-0.9562329053878784,-0.0024764584377408028
2023-01-09 09:34:17.292000,-0.9361605644226074,-0.0023429999127984047
2023-01-09 09:35:17.405000,-0.9138242602348328,-0.0024517399724572897
2023-01-09 09:36:17.356000,-0.9381961226463318,-0.0023772194981575012
2023-01-09 09:37:17.293000,-1.003184199333191,-0.002457767492160201
2023-01-09 09:38:17.405000,-1.0260359048843384,-0.0023068604059517384
2023-01-09 09:39:17.359000,-0.4679543375968933,-0.002271647099405527
2023-01-09 09:40:17.201000,-0.9058915376663208,-0.002194191562011838
2023-01-09 09:41:17.334000,-0.8009768724441528,-0.002290133386850357
2023-01-09 09:42:17.291000,-0.8204500675201416,-0.0023803147487342358
2023-01-09 09:43:17.331000,-0.8343456983566284,-0.002340526320040226
2023-01-09 09:44:17.295000,-0.4049805700778961,-0.0023582156281918287
2023-01-09 09:45:17.431000,-0.36458784341812134,-0.0024253572337329388
2023-01-09 09:46:17.284000,-0.3587346076965332,-0.002468142891302705
2023-01-09 09:47:17.319000,-0.3647001385688782,-0.002326162764802575
2023-01-09 09:48:17.328000,-0.3696170151233673,-0.00239665899425745
2023-01-09 09:49:17.316000,-0.37842240929603577,-0.0024270769208669662
2023-01-09 09:50:17.397000,-0.4771522283554077,-0.0023610000498592854
2023-01-09 09:51:17.444000,-0.7870411276817322,-0.00237893033772707
2023-01-09 09:52:17.363000,-0.48528462648391724,-0.00235946336761117
2023-01-09 09:53:17.282000,-0.4760877192020416,-0.0024765185080468655
2023-01-09 09:54:17.315000,-0.4196067154407501,-0.002342210616916418
2023-01-09 09:55:17.554000,-0.33771398663520813,-0.0023901707027107477
2023-01-09 09:56:17.316000,-0.3367343842983246,-0.0023858235217630863
2023-01-09 09:57:17.351000,-0.3137928545475006,-0.0023430713918060064
2023-01-09 09:58:17.262000,-0.6137163043022156,-0.0023452765308320522
2023-01-09 09:59:17.365000,-0.4639686942100525,-0.0023618722334504128
2023-01-09 10:00:17.294000,-0.33957186341285706,-0.002374244388192892
2023-01-09 10:01:17.509000,-0.3043176531791687,-0.002355460077524185
2023-01-09 10:02:17.318000,-0.35068681836128235,-0.0024076735135167837
2023-01-09 10:03:17.249000,-0.30421918630599976,-0.0023527273442596197
2023-01-09 10:04:17.411000,-0.3028145730495453,-0.002341208280995488
2023-01-09 10:05:17.247000,-0.3499974012374878,-0.0023069535382092
2023-01-09 10:06:17.371000,-0.5437391400337219,-0.002361295511946082
2023-01-09 10:07:17.342000,-0.3797169625759125,-0.00233278376981616
2023-01-09 10:08:17.375000,-0.33446985483169556,-0.0024695999454706907
2023-01-09 10:09:17.312000,-0.36643263697624207,-0.0023786427918821573
2023-01-09 10:10:17.276000,-0.3696453869342804,-0.0023789999540895224
2023-01-09 10:11:17.355000,-0.3795791268348694,-0.0024877777323126793
2023-01-09 10:12:17.306000,-0.3455802798271179,-0.002292090794071555
2023-01-09 10:13:17.294000,-0.36897334456443787,-0.0024083571042865515
2023-01-09 10:14:17.270000,-0.5552376508712769,-0.0024089564103633165
2023-01-09 10:15:17.239000,-0.9417169690132141,-0.0024073333479464054
2023-01-09 10:16:17.340000,-0.7069138288497925,-0.002313790610060096
2023-01-09 10:17:17.343000,-0.6685789823532104,-0.0023477813228964806
2023-01-09 10:18:17.290000,-0.6351447701454163,-0.002297299914062023
2023-01-09 10:19:17.415000,-0.5559665560722351,-0.002339130500331521
2023-01-09 10:20:17.330000,-0.5905652046203613,-0.002515307627618313
2023-01-09 10:21:17.223000,-0.5759182572364807,-0.002370421076193452
2023-01-09 10:22:17.263000,-0.5883538722991943,-0.0024365263525396585
2023-01-09 10:23:17.288000,-0.5804716944694519,-0.0024419231340289116
2023-01-09 10:24:17.281000,-0.8542786836624146,-0.0023460369557142258
2023-01-09 10:25:17.126000,-0.9948521852493286,-0.0024133333936333656
2023-01-09 10:26:17.251000,-1.180399775505066,-0.0024063410237431526
2023-01-09 10:27:17.340000,-1.2255948781967163,-0.0023622263688594103
2023-01-09 10:28:17.255000,-0.8857874274253845,-0.002355222124606371
2023-01-09 10:29:17.253000,-0.8920964002609253,-0.002423121826723218
2023-01-09 10:30:17.325000,-0.9158077836036682,-0.0023740888573229313
2023-01-09 10:31:17.612000,-1.090540885925293,-0.002437333343550563
2023-01-09 10:32:17.362000,-1.4293725490570068,-0.00238197878934443
2023-01-09 10:33:17.472000,-1.2480436563491821,-0.0024100637529045343
2023-01-09 10:34:17.383000,-1.1991251707077026,-0.002415658440440893
2023-01-09 10:35:17.310000,-1.1396234035491943,-0.0024270943831652403
2023-01-09 10:36:17.270000,-1.066522240638733,-0.0024514419492334127
2023-01-09 10:37:17.303000,-1.0726009607315063,-0.002332142787054181
2023-01-09 10:38:17.300000,-1.3343106508255005,-0.002492178464308381
2023-01-09 10:39:17.270000,-1.134812831878662,-0.0024019998963922262
2023-01-09 10:40:17.276000,-1.0760986804962158,-0.0023198723793029785
2023-01-09 10:41:17.307000,-1.0287848711013794,-0.0022381143644452095
2023-01-09 10:42:17.340000,-1.228338599205017,-0.0025494799483567476
2023-01-09 10:43:17.231000,-1.0096274614334106,-0.0024248333647847176
2023-01-09 10:44:17.263000,-0.9346248507499695,-0.002424955600872636
2023-01-09 10:45:17.233000,-0.9541818499565125,-0.002505613723769784
2023-01-09 10:46:17.268000,-0.8655778765678406,-0.0024053468368947506
2023-01-09 10:47:17.322000,-0.9811055660247803,-0.002537296386435628
2023-01-09 10:48:17.286000,-0.8843899965286255,-0.002517959102988243
2023-01-09 10:49:17.246000,-0.9048004150390625,-0.002458950038999319
2023-01-09 10:50:17.347000,-0.9113114476203918,-0.0024450477212667465
2023-01-09 10:51:17.337000,-0.7351461052894592,-0.0024790000170469284
2023-01-09 10:52:17.243000,-0.5996891260147095,-0.0024647179525345564
2023-01-09 10:53:17.324000,-0.6195400953292847,-0.002435043454170227
2023-01-09 10:54:17.305000,-0.6021737456321716,-0.002280874876305461
2023-01-09 10:55:17.281000,-0.7101765871047974,-0.002567942952737212
2023-01-09 10:56:17.252000,-0.7803168892860413,-0.002422829158604145
2023-01-09 10:57:17.309000,-0.7154335975646973,-0.002329257084056735
2023-01-09 10:58:17.239000,-0.643346905708313,-0.002423653146252036
2023-01-09 10:59:17.361000,-0.6285678744316101,-0.0025123469531536102
2023-01-09 11:00:17.274000,-0.6547831296920776,-0.00252434890717268
2023-01-09 11:01:17.188000,-0.688482403755188,-0.0024061081930994987
2023-01-09 11:02:17.255000,-0.7124244570732117,-0.002427842002362013
2023-01-09 11:03:17.269000,-0.731368899345398,-0.0023912093602120876
2023-01-09 11:04:17.428000,-0.5469415187835693,-0.002452452899888158
2023-01-09 11:05:17.297000,-0.48492956161499023,-0.002458465052768588
2023-01-09 11:06:17.173000,-0.4718957245349884,-0.0023185471072793007
2023-01-09 11:07:17.215000,-0.5355898141860962,-0.002236432395875454
2023-01-09 11:08:17.315000,-0.4789465665817261,-0.0024639361072331667
2023-01-09 11:09:17.178000,-0.5407066941261292,-0.002522157970815897
2023-01-09 11:10:17.079000,-0.6619567275047302,-0.0021787097211927176
2023-01-09 11:11:17.263000,-0.6566650867462158,-0.0022726873867213726
2023-01-09 11:12:17.164000,-0.7070671319961548,-0.0022925790399312973
2023-01-09 11:13:17.217000,-0.6868709325790405,-0.002432590816169977
2023-01-09 11:14:17.245000,-0.7504658699035645,-0.0024120488669723272
2023-01-09 11:15:17.216000,-0.690034031867981,-0.0023167291656136513
2023-01-09 11:16:17.277000,-0.6871376037597656,-0.0024407142773270607
2023-01-09 11:17:17.195000,-0.7715033292770386,-0.0023487359285354614
2023-01-09 11:18:17.255000,-0.8408553004264832,-0.002415882423520088
2023-01-09 11:19:17.157000,-0.6768081784248352,-0.0024634499568492174
2023-01-09 11:20:17.304000,-0.7260564565658569,-0.002405750099569559
2023-01-09 11:21:17.283000,-0.6644468307495117,-0.0024502857122570276
2023-01-09 11:22:17.257000,-0.6674242615699768,-0.0024216510355472565
2023-01-09 11:23:17.225000,-0.6942779421806335,-0.0023229268845170736
2023-01-09 11:24:17.152000,-0.6520000100135803,-0.002497604116797447
2023-01-09 11:25:17.343000,-0.7225544452667236,-0.0023496111389249563
2023-01-09 11:26:17.146000,-0.6641422510147095,-0.002491788472980261
2023-01-09 11:27:17.225000,-0.6726787090301514,-0.0025185714475810528
2023-01-09 11:28:17.189000,-0.6807026863098145,-0.0023612340446561575
2023-01-09 11:29:17.190000,-0.6745990514755249,-0.002368418499827385
2023-01-09 11:30:17.180000,-0.6614083051681519,-0.0024664285592734814
2023-01-09 11:31:17.249000,-0.7659648656845093,-0.0024077307898551226
2023-01-09 11:32:17.159000,-0.7834086418151855,-0.002446342958137393
2023-01-09 11:33:17.184000,-0.7397801876068115,-0.0023843913804739714
2023-01-09 11:34:17.277000,-0.8306626081466675,-0.0024346096906811
2023-01-09 11:35:17.277000,-0.7847034931182861,-0.002221545437350869
2023-01-09 11:36:17.458000,-0.7649248242378235,-0.00228585721924901
2023-01-09 11:37:17.179000,-0.6726130843162537,-0.0024649999104440212
2023-01-09 11:38:17.423000,-0.6088804602622986,-0.0022230856120586395
2023-01-09 11:39:17.198000,-0.6357671022415161,-0.0023155882954597473
2023-01-09 11:40:17.280000,-0.6208866238594055,-0.002473666565492749
2023-01-09 11:41:17.192000,-1.7483696937561035,-0.002388128312304616
2023-01-09 11:42:17.357000,-0.6332348585128784,-0.0025106584653258324
2023-01-09 11:43:17.157000,-0.6345167756080627,-0.0022995369508862495
2023-01-09 11:44:17.280000,-0.6446255445480347,-0.0023121852427721024
2023-01-09 11:45:17.178000,-0.7299072742462158,-0.002326441230252385
2023-01-09 11:46:17.248000,-0.672707736492157,-0.0023463889956474304
2023-01-09 11:47:17.282000,-0.7200585603713989,-0.002383136423304677
2023-01-09 11:48:17.222000,-0.6545228958129883,-0.0025225477293133736
2023-01-09 11:49:17.174000,-0.6351498961448669,-0.00240334146656096
2023-01-09 11:50:17.047000,-0.6878491044044495,-0.0024197560269385576
2023-01-09 11:51:17.210000,-0.6341434717178345,-0.002507575089111924
2023-01-09 11:52:17.150000,-0.6426477432250977,-0.0025050665717571974
2023-01-09 11:53:17.158000,-0.6496161818504333,-0.0024639766197651625
2023-01-09 11:54:17.199000,-0.6435829401016235,-0.00255491491407156
2023-01-09 11:55:17.277000,-0.6846010088920593,-0.002509065205231309
2023-01-09 11:56:17.285000,-0.8194132447242737,-0.002525900024920702
2023-01-09 11:57:17.223000,-0.9581195116043091,-0.002342574531212449
2023-01-09 11:58:17.221000,-0.9051710963249207,-0.002429934684187174
2023-01-09 11:59:17.129000,-0.6687948107719421,-0.0024313777685165405
2023-01-09 12:00:17.205000,-0.5438579320907593,-0.0024362821131944656
2023-01-09 12:01:17.181000,-0.5727684497833252,-0.0021266667172312737
2023-01-09 12:02:49.281000,-0.5416085720062256,-0.002470804378390312
2023-01-09 12:04:01.403000,-0.5502985119819641,-0.002757520880550146
2023-01-09 12:04:37.851000,-0.5759406685829163,-0.0024808181915432215
2023-01-09 12:05:17.265000,-0.5686125755310059,-0.0023784199729561806
2023-01-09 12:06:17.133000,-0.5683382749557495,-0.002465863712131977
2023-01-09 12:07:17.209000,-0.6504099369049072,-0.0024393333587795496
2023-01-09 12:08:17.197000,-0.5692130327224731,-0.0024417999666184187
2023-01-09 12:09:17.364000,-0.5910314917564392,-0.0024161189794540405
2023-01-09 12:10:17.165000,-0.6039927005767822,-0.0024516249541193247
2023-01-09 12:11:17.079000,-0.5636718273162842,-0.002416617004200816
2023-01-09 12:12:17.080000,-0.6020205020904541,-0.0023563061840832233
2023-01-09 12:13:17.120000,-0.5227354168891907,-0.002443999983370304
2023-01-09 12:14:17.265000,-0.6902151703834534,-0.0023844419047236443
2023-01-09 12:15:17.212000,-0.6886690258979797,-0.0026350512634962797
2023-01-09 12:16:17.136000,-0.684139609336853,-0.002425622195005417
2023-01-09 12:17:17.185000,-0.5847510695457458,-0.0024891842622309923
2023-01-09 12:18:17.217000,-0.6106084585189819,-0.0025446098297834396
2023-01-09 12:19:17.184000,-0.5867112278938293,-0.0024504566099494696
2023-01-09 12:20:17.197000,-0.5972285270690918,-0.0023527999874204397
2023-01-09 12:21:17.171000,-0.572216272354126,-0.002579124877229333
2023-01-09 12:22:17.806000,-0.5254941582679749,-0.0025110417045652866
2023-01-09 12:23:17.167000,-0.48899710178375244,-0.0023334999568760395
2023-01-09 12:24:17.093000,-0.5765952467918396,-0.002367594512179494
2023-01-09 12:25:17.161000,-0.9267593622207642,-0.002330745104700327
2023-01-09 12:26:17.225000,-0.892554521560669,-0.0025368696078658104
2023-01-09 12:27:17.137000,-0.7239018082618713,-0.0023401957005262375
2023-01-09 12:28:17.182000,-0.41492295265197754,-0.0025825120974332094
2023-01-09 12:29:18.200000,-0.4430799186229706,-0.0024928604252636433
2023-01-09 12:30:17.004000,-0.42782849073410034,-0.0022366750054061413
2023-01-09 12:31:17.210000,-0.41617894172668457,-0.002523562405258417
2023-01-09 12:32:17.141000,-0.38690733909606934,-0.0024186798837035894
2023-01-09 12:33:17.152000,-0.2976272702217102,-0.002447390230372548
2023-01-09 12:34:17.136000,-0.35978254675865173,-0.0024210652336478233
2023-01-09 12:35:17.153000,-0.38775435090065,-0.002475599991157651
2023-01-09 12:36:17.049000,-0.5660567879676819,-0.0024301738012582064
2023-01-09 12:37:17.068000,-0.5770689249038696,-0.0024107249919325113
2023-01-09 12:38:17.062000,-0.7504400610923767,-0.0023055800702422857
2023-01-09 12:39:17.158000,-0.4443332850933075,-0.0023471282329410315
2023-01-09 12:40:17.065000,-0.47390785813331604,-0.002423978177830577
2023-01-09 12:41:17.340000,-0.4766855239868164,-0.002416744129732251
2023-01-09 12:42:18.346000,-0.5855308771133423,-0.002341976622119546
2023-01-09 12:43:17.248000,-0.6158850789070129,-0.002367220353335142
2023-01-09 12:44:17.213000,-0.570615291595459,-0.0024224042426794767
2023-01-09 12:45:17.090000,-0.6564094424247742,-0.0023989046458154917
2023-01-09 12:46:17.091000,-0.6456505656242371,-0.0024007908068597317
2023-01-09 12:47:17.093000,-0.6313760280609131,-0.002345305634662509
2023-01-09 12:48:17.119000,-0.8050047159194946,-0.002389951143413782
2023-01-09 12:49:17.077000,-0.7983701229095459,-0.0023813333828002214
2023-01-09 12:50:17.078000,-0.8353933095932007,-0.0024372683838009834
2023-01-09 12:51:17.085000,-1.0729650259017944,-0.0024918518029153347
2023-01-09 12:52:17.057000,-0.8070996999740601,-0.0024352632462978363
2023-01-09 12:53:17.124000,-0.818990170955658,-0.0024280333891510963
2023-01-09 12:54:17.215000,-1.0175796747207642,-0.0024262608494609594
2023-01-09 12:55:17.030000,-0.8602232933044434,-0.002412342932075262
2023-01-09 12:56:17.103000,-0.7483459711074829,-0.002446057042106986
2023-01-09 12:57:17.190000,-0.718473494052887,-0.002371269278228283
2023-01-09 12:58:17.004000,-0.6736998558044434,-0.0024885237216949463
2023-01-09 12:59:17.128000,-0.7342864871025085,-0.002356642857193947
2023-01-09 13:00:17.143000,-0.8469853401184082,-0.0023114546202123165
2023-01-09 13:01:17.078000,-0.8508013486862183,-0.0025170370936393738
2023-01-09 13:02:17.005000,-1.1508257389068604,-0.002347473753616214
2023-01-09 13:03:17.024000,-0.9308667182922363,-0.002546930219978094
2023-01-09 13:04:17.065000,-0.9132446646690369,-0.0024362083058804274
2023-01-09 13:05:17.144000,-0.9194677472114563,-0.0023745745420455933
2023-01-09 13:06:17.116000,-0.9078717827796936,-0.0023374129086732864
2023-01-09 13:07:17.036000,-0.8684049248695374,-0.002368833404034376
2023-01-09 13:08:17.132000,-0.9474501609802246,-0.002413650043308735
2023-01-09 13:09:17.027000,-0.925089955329895,-0.0025241794064641
2023-01-09 13:10:16.920000,-0.9120351076126099,-0.002419648226350546
2023-01-09 13:11:17.412000,-1.0244568586349487,-0.0024064630270004272
2023-01-09 13:12:17.220000,-0.9709330797195435,-0.002440930111333728
2023-01-09 13:13:17.087000,-1.5639630556106567,-0.002417607232928276
2023-01-09 13:14:17.014000,-3.102703332901001,-0.002406018553301692
2023-01-09 13:15:17.040000,-3.3242099285125732,-0.0025207691360265017
2023-01-09 13:16:17.235000,-3.2310495376586914,-0.0024517241399735212
2023-01-09 13:17:17.370000,-3.1244685649871826,-0.0024193774443119764
2023-01-09 13:18:16.997000,-2.959296703338623,-0.00240908470004797
2023-01-09 13:19:16.992000,-3.024075508117676,-0.002423299942165613
2023-01-09 13:20:17.057000,-2.979931354522705,-0.0024273665621876717
2023-01-09 13:21:17.181000,-3.031702995300293,-0.0024013665970414877
2023-01-09 13:22:17.020000,-2.9815402030944824,-0.002430898370221257
2023-01-09 13:23:17.113000,-2.8139960765838623,-0.002431566594168544
2023-01-09 13:24:16.986000,-3.109048843383789,-0.002394792390987277
2023-01-09 13:25:17.121000,-3.402174234390259,-0.0023939453531056643
2023-01-09 13:26:17.056000,-3.0532524585723877,-0.002436186419799924
2023-01-09 13:27:17.121000,-3.37357497215271,-0.0024178812745958567
2023-01-09 13:28:17.135000,-2.9685723781585693,-0.0024928334169089794
2023-01-09 13:29:16.989000,-2.989448308944702,-0.002448745770379901
2023-01-09 13:30:17.026000,-2.9459824562072754,-0.0023891355376690626
2023-01-09 13:31:17.114000,-2.1717007160186768,-0.002412316622212529
2023-01-09 13:32:17.120000,-1.1503816843032837,-0.002428233390673995
2023-01-09 13:33:17.069000,-1.037218451499939,-0.00247334991581738
2023-01-09 13:34:17.075000,-1.0705926418304443,-0.002408775966614485
2023-01-09 13:35:17.053000,-1.0639153718948364,-0.002496366621926427
2023-01-09 13:36:17.001000,-0.8974063396453857,-0.0024540333542972803
2023-01-09 13:37:17.149000,-1.1045018434524536,-0.0024754167534410954
2023-01-09 13:38:16.952000,-1.0659568309783936,-0.002481349976733327
2023-01-09 13:39:17.086000,-1.1867605447769165,-0.0025221167597919703
2023-01-09 13:40:17.041000,-1.3006612062454224,-0.0024403166025877
2023-01-09 13:41:17.026000,-1.297806739807129,-0.002478216774761677
2023-01-09 13:42:17.011000,-1.4902050495147705,-0.0024554666597396135
2023-01-09 13:43:16.954000,-1.2707674503326416,-0.002388706896454096
2023-01-09 13:44:17.154000,-1.2695449590682983,-0.0024400909896939993
2023-01-09 13:45:17.066000,-0.9018827676773071,-0.0024551404640078545
2023-01-09 13:46:16.954000,-0.9719356298446655,-0.0024951526429504156
2023-01-09 13:47:17.085000,-1.147005319595337,-0.002509666606783867
2023-01-09 13:48:16.964000,-1.0265462398529053,-0.0025184464175254107
2023-01-09 13:49:17.122000,-1.1019607782363892,-0.002395736752077937
2023-01-09 13:50:16.850000,-1.2454332113265991,-0.002468583406880498
2023-01-09 13:51:17.167000,-1.4483824968338013,-0.002355516655370593
2023-01-09 13:52:17.347000,-1.1673587560653687,-0.0024296948686242104
2023-01-09 13:53:17.097000,-1.204453706741333,-0.0024982632603496313
2023-01-09 13:54:17.060000,-1.2404359579086304,-0.0023963276762515306
2023-01-09 13:55:16.950000,-1.4404243230819702,-0.0024681396316736937
2023-01-09 13:56:17.065000,-1.4366158246994019,-0.0024615665897727013
2023-01-09 13:57:17.048000,-1.1955560445785522,-0.002476099878549576
2023-01-09 13:58:17.011000,-1.228234052658081,-0.00256146676838398
2023-01-09 13:59:16.994000,-1.059937596321106,-0.0025636041536927223
2023-01-09 14:00:17.070000,-1.0983718633651733,-0.0024616399314254522
2023-01-09 14:01:16.956000,-1.0560301542282104,-0.002456928603351116
2023-01-09 14:02:17.031000,-0.9544576406478882,-0.0026505577843636274
2023-01-09 14:03:17.039000,-0.9609270095825195,-0.0026299376040697098
2023-01-09 14:04:16.974000,-1.0767464637756348,-0.0023730499669909477
2023-01-09 14:05:17.022000,-1.137396216392517,-0.002443166682496667
2023-01-09 14:06:17.191000,-1.0404598712921143,-0.002635517856106162
2023-01-09 14:07:16.989000,-1.1075868606567383,-0.002350474940612912
2023-01-09 14:08:16.961000,-1.103654384613037,-0.002460750052705407
2023-01-09 14:09:17.065000,-1.2587237358093262,-0.002596474951133132
2023-01-09 14:10:17.035000,-1.4350199699401855,-0.002592500066384673
2023-01-09 14:11:17.099000,-1.2042139768600464,-0.0024611041881144047
2023-01-09 14:12:16.970000,-1.3325895071029663,-0.0024257346522063017
2023-01-09 14:13:17.005000,-1.3656829595565796,-0.0025918162427842617
2023-01-09 14:14:17.045000,-1.2662537097930908,-0.002499104244634509
2023-01-09 14:15:16.924000,-1.288872241973877,-0.0025863584596663713
2023-01-09 14:16:16.946000,-1.0220396518707275,-0.002571780001744628
2023-01-09 14:17:16.987000,-0.8740994334220886,-0.0023639649152755737
2023-01-09 14:18:16.890000,-0.8562477231025696,-0.002544824965298176
2023-01-09 14:19:16.894000,-1.0217036008834839,-0.0023858717177063227
2023-01-09 14:20:17.057000,-1.2077919244766235,-0.002510660793632269
2023-01-09 14:21:16.983000,-1.0843881368637085,-0.0025953000877052546
2023-01-09 14:22:16.919000,-1.0835670232772827,-0.002578888786956668
2023-01-09 14:23:16.905000,-1.1205376386642456,-0.0025065001100301743
2023-01-09 14:24:16.973000,-1.2141832113265991,-0.002603270811960101
2023-01-09 14:25:17.076000,-1.1138962507247925,-0.0024968443904072046
2023-01-09 14:26:16.933000,-0.9310476183891296,-0.002497692359611392
2023-01-09 14:27:16.925000,-0.8713905811309814,-0.002383765997365117
2023-01-09 14:28:16.911000,-0.9608995318412781,-0.0025993529707193375
2023-01-09 14:29:16.979000,-1.0882786512374878,-0.00249090907163918
2023-01-09 14:30:16.863000,-0.9271291494369507,-0.002482355572283268
2023-01-09 14:31:16.888000,-1.0470856428146362,-0.0024609360843896866
2023-01-09 14:32:17.001000,-1.1635944843292236,-0.0025304146111011505
2023-01-09 14:33:16.952000,-1.055188775062561,-0.0024726286064833403
2023-01-09 14:34:16.937000,-1.0754035711288452,-0.0024891835637390614
2023-01-09 14:35:16.886000,-0.9327372908592224,-0.002472945488989353
2023-01-09 14:36:16.852000,-0.8399990797042847,-0.0024969535879790783
2023-01-09 14:37:16.831000,-0.8529535531997681,-0.002520608715713024
2023-01-09 14:38:16.989000,-0.8232555389404297,-0.0026152541395276785
2023-01-09 14:39:16.952000,-0.9045608043670654,-0.0025165306869894266
2023-01-09 14:40:16.916000,-0.8773404955863953,-0.0025328362826257944
2023-01-09 14:41:16.996000,-0.8577848076820374,-0.002541567664593458
2023-01-09 14:42:16.987000,-0.9385111331939697,-0.0025259999092668295
2023-01-09 14:43:16.988000,-0.7879095673561096,-0.0025026665534824133
2023-01-09 14:44:16.945000,-0.7912013530731201,-0.002478125039488077
2023-01-09 14:45:16.888000,-0.8104684352874756,-0.0024914792738854885
2023-01-09 14:46:16.996000,-0.8436307311058044,-0.0024768973235040903
2023-01-09 14:47:16.991000,-0.8046417832374573,-0.0025152890011668205
2023-01-09 14:48:16.964000,-0.8026651740074158,-0.0024688479024916887
2023-01-09 14:49:16.892000,-1.0309839248657227,-0.002521387068554759
2023-01-09 14:50:16.856000,-1.126415729522705,-0.0024632499553263187
2023-01-09 14:51:16.871000,-1.1234899759292603,-0.0025326665490865707
2023-01-09 14:52:16.937000,-1.08984375,-0.0024868485052138567
2023-01-09 14:53:16.944000,-1.0480191707611084,-0.002489947248250246
2023-01-09 14:54:17.022000,-0.950480580329895,-0.002529782708734274
2023-01-09 14:55:16.868000,-1.083940863609314,-0.002476261928677559
2023-01-09 14:56:16.916000,-1.073204755783081,-0.0024897917173802853
2023-01-09 14:57:16.834000,-0.9896934032440186,-0.0025237947702407837
2023-01-09 14:58:16.917000,-0.619491457939148,-0.002487368416041136
2023-01-09 14:59:16.922000,-0.504180908203125,-0.0025122857186943293
2023-01-09 15:00:16.845000,-0.588010847568512,-0.0024978292640298605
2023-01-09 15:01:16.916000,-0.7415813207626343,-0.002513028448447585
2023-01-09 15:02:16.883000,-0.7790406346321106,-0.0025094400625675917
2023-01-09 15:03:16.947000,-0.72239750623703,-0.002518111141398549
2023-01-09 15:04:17.038000,-0.7779452204704285,-0.002498833229765296
2023-01-09 15:05:16.885000,-0.7316604852676392,-0.0025022728368639946
2023-01-09 15:06:16.881000,-0.7476459741592407,-0.0025020476896315813
2023-01-09 15:07:16.901000,-0.6525462865829468,-0.002495882334187627
2023-01-09 15:08:16.909000,-0.6109276413917542,-0.0024769713636487722
2023-01-09 15:09:16.893000,-0.6665162444114685,-0.002517431741580367
2023-01-09 15:10:16.729000,-0.5962695479393005,-0.002484249882400036
2023-01-09 15:11:16.912000,-0.6616875529289246,-0.002484249882400036
2023-01-09 15:12:17.096000,-0.8803273439407349,-0.0024910231586545706
2023-01-09 15:13:16.938000,-0.8776750564575195,-0.0024774286430329084
2023-01-09 15:14:16.910000,-0.7343148589134216,-0.0025270399637520313
2023-01-09 15:15:16.959000,-0.7731072902679443,-0.002492185216397047
2023-01-09 15:16:16.884000,-0.7418443560600281,-0.0024849730543792248
2023-01-09 15:17:16.889000,-0.7654297351837158,-0.0024580250028520823
2023-01-09 15:18:16.865000,-0.7225032448768616,-0.00253499997779727
2023-01-09 15:19:16.827000,-0.7392935156822205,-0.0025118000339716673
2023-01-09 15:20:16.903000,-0.755278468132019,-0.002586884656921029
2023-01-09 15:21:16.959000,-0.7556618452072144,-0.0024844445288181305
2023-01-09 15:22:16.826000,-0.7841116786003113,-0.0025377750862389803
2023-01-09 15:23:16.846000,-0.7756021022796631,-0.0025746552273631096
2023-01-09 15:24:16.813000,-0.7507616281509399,-0.0024804193526506424
2023-01-09 15:25:16.857000,-0.9134722948074341,-0.0025106000248342752
2023-01-09 15:26:16.818000,-0.9887128472328186,-0.0024844000581651926
2023-01-09 15:27:16.862000,-0.8511584401130676,-0.0025143332313746214
2023-01-09 15:28:16.777000,-0.8453494906425476,-0.0024840293917804956
2023-01-09 15:29:16.776000,-1.008152961730957,-0.002507562516257167
2023-01-09 15:30:16.907000,-0.9412764310836792,-0.0025467074010521173
2023-01-09 15:31:16.914000,-0.9185851812362671,-0.002533276565372944
2023-01-09 15:32:16.845000,-0.8097134828567505,-0.0025378973223268986
2023-01-09 15:33:16.883000,-0.8736475110054016,-0.0026573415379971266
2023-01-09 15:34:16.910000,-1.105988621711731,-0.0025405713822692633
2023-01-09 15:35:16.857000,-1.3888068199157715,-0.0024934750981628895
2023-01-09 15:36:16.810000,-1.6306853294372559,-0.0025475365109741688
2023-01-09 15:37:16.880000,-2.4901294708251953,-0.002623121254146099
2023-01-09 15:38:17.067000,-2.365107774734497,-0.0026598710101097822
2023-01-09 15:39:16.797000,-3.1576998233795166,-0.00265536573715508
2023-01-09 15:40:16.824000,-3.280472755432129,-0.0026189687196165323
2023-01-09 15:41:16.892000,-3.305263042449951,-0.0024560000747442245
2023-01-09 15:42:16.817000,-3.399596929550171,-0.0026114187203347683
2023-01-09 15:43:16.872000,-3.3027055263519287,-0.0025630975142121315
2023-01-09 15:44:16.748000,-3.360065221786499,-0.002503105206415057
2023-01-09 15:45:16.874000,-3.3508808612823486,-0.0026624323800206184
2023-01-09 15:46:16.760000,-3.4303834438323975,-0.002559854183346033
2023-01-09 15:47:16.817000,-3.6309919357299805,-0.0026589513290673494
2023-01-09 15:48:16.975000,-3.6418375968933105,-0.0025453181006014347
2023-01-09 15:49:16.897000,-3.717867851257324,-0.002473823493346572
2023-01-09 15:50:16.664000,-3.300753355026245,-0.002524047624319792
2023-01-09 15:51:16.885000,-3.0829238891601562,-0.0027132565155625343
2023-01-09 15:52:16.752000,-2.9439339637756348,-0.002569833304733038
2023-01-09 15:53:16.848000,-3.029893636703491,-0.002332878764718771
2023-01-09 15:54:16.909000,-2.0586535930633545,-0.0026704000774770975
2023-01-09 15:55:16.743000,-2.017078399658203,-0.0024675135500729084
2023-01-09 15:56:16.764000,-3.5029425621032715,-0.0025562045630067587
2023-01-09 15:57:16.868000,-3.530235528945923,-0.0028602941893041134
2023-01-09 15:58:16.855000,-1.9600049257278442,-0.002279741922393441
2023-01-09 15:59:16.733000,-1.7242459058761597,-0.002423277823254466
2023-01-09 16:00:16.804000,-1.7048461437225342,-0.0021629317197948694
2023-01-09 16:01:16.770000,-1.4406843185424805,-0.00275713880546391
2023-01-09 16:02:16.721000,-1.4327784776687622,-0.0029690293595194817
2023-01-09 16:03:16.754000,-1.2326582670211792,-0.0023391281720250845
2023-01-09 16:04:16.763000,-1.316332459449768,-0.0024586250074207783
2023-01-09 16:05:16.845000,-1.4846692085266113,-0.002623325679451227
2023-01-09 16:06:16.737000,-1.4430967569351196,-0.002537911059334874
2023-01-09 16:07:16.739000,-1.47442626953125,-0.0024065610487014055
2023-01-09 16:08:16.704000,-1.469936728477478,-0.0023560435511171818
2023-01-09 16:09:16.814000,-1.4309200048446655,-0.0024275609757751226
2023-01-09 16:10:16.881000,-1.4316833019256592,-0.002363499952480197
2023-01-09 16:11:16.903000,-1.5287600755691528,-0.002422472694888711
2023-01-09 16:12:16.925000,-1.4365646839141846,-0.0024999429006129503
2023-01-09 16:13:16.855000,-1.3333871364593506,-0.0024406537413597107
2023-01-09 16:14:16.710000,-1.295753836631775,-0.002295052632689476
2023-01-09 16:15:16.793000,-1.25055992603302,-0.0024057631380856037
2023-01-09 16:16:16.710000,-1.2497414350509644,-0.002488794969394803
2023-01-09 16:17:16.756000,-1.1672695875167847,-0.002395081100985408
2023-01-09 16:18:16.819000,-1.126288890838623,-0.002496073255315423
2023-01-09 16:19:16.865000,-1.0566960573196411,-0.00252168090082705
2023-01-09 16:20:16.752000,-1.0370532274246216,-0.0024203683715313673
2023-01-09 16:21:16.715000,-1.0651419162750244,-0.002438510535284877
2023-01-09 16:22:16.729000,-1.077172040939331,-0.0025748780462890863
2023-01-09 16:23:16.679000,-1.1148428916931152,-0.0025210606399923563
2023-01-09 16:24:16.847000,-1.1916656494140625,-0.0024433487560600042
2023-01-09 16:25:16.621000,-1.0575848817825317,-0.0026013487949967384
2023-01-09 16:26:16.724000,-1.055719017982483,-0.002643029438331723
2023-01-09 16:27:16.767000,-1.2131218910217285,-0.0024536000564694405
2023-01-09 16:28:16.672000,-1.0142767429351807,-0.002594452351331711
2023-01-09 16:29:16.822000,-0.7928316593170166,-0.002514977240934968
2023-01-09 16:30:16.776000,-0.727545976638794,-0.002351837931200862
2023-01-09 16:31:16.733000,-0.8096976280212402,-0.0023402883671224117
2023-01-09 16:32:16.682000,-0.9568379521369934,-0.002306588226929307
2023-01-09 16:33:16.830000,-0.9932644963264465,-0.002604600042104721
2023-01-09 16:34:16.801000,-0.8398073315620422,-0.002456693910062313
2023-01-09 16:35:16.772000,-0.8557060956954956,-0.002566354116424918
2023-01-09 16:36:16.869000,-0.8547390103340149,-0.002844530623406172
2023-01-09 16:37:16.761000,-0.7605940103530884,-0.002337600104510784
2023-01-09 16:38:16.752000,-0.8345267176628113,-0.002198204630985856
2023-01-09 16:39:16.829000,-0.8106585741043091,-0.002478562528267503
2023-01-09 16:40:17.737000,-0.7319022417068481,-0.0024357906077057123
2023-01-09 16:41:16.804000,-0.8850821256637573,-0.002659441903233528
2023-01-09 16:42:16.733000,-0.7712281942367554,-0.002248844364657998
2023-01-09 16:43:16.768000,-0.8952600359916687,-0.00212880433537066
2023-01-09 16:44:16.735000,-0.838119626045227,-0.002639122074469924
2023-01-09 16:45:16.664000,-0.9978803992271423,-0.0025185556150972843
2023-01-09 16:46:16.741000,-1.0915968418121338,-0.0021559486631304026
2023-01-09 16:47:16.699000,-0.9014086723327637,-0.0026149575132876635
2023-01-09 16:48:16.702000,-0.9678022861480713,-0.0026138643734157085
2023-01-09 16:49:16.762000,-0.9758403301239014,-0.00249165459536016
2023-01-09 16:50:16.693000,-0.9322413206100464,-0.0026245499029755592
2023-01-09 16:51:16.727000,-0.9491698741912842,-0.002422184217721224
2023-01-09 16:52:16.846000,-0.9477144479751587,-0.0023310768883675337
2023-01-09 16:53:16.658000,-0.8585444092750549,-0.0026234041433781385
2023-01-09 16:54:16.835000,-0.9120924472808838,-0.0026199615094810724
2023-01-09 16:55:17.100000,-0.808188259601593,-0.0025464717764407396
2023-01-09 16:56:16.694000,-1.0370769500732422,-0.002692938782274723
2023-01-09 16:57:16.783000,-0.9414505958557129,-0.00257336744107306
2023-01-09 16:58:16.647000,-0.8388166427612305,-0.0024995789863169193
2023-01-09 16:59:16.685000,-0.9774131774902344,-0.002631710609421134
2023-01-09 17:00:16.508000,-0.7703120708465576,-0.0023301024921238422
2023-01-09 17:01:16.624000,-0.7715217471122742,-0.0027649756520986557
2023-01-09 17:02:16.739000,-0.7299085855484009,-0.0026666875928640366
2023-01-09 17:03:16.802000,-0.6212548613548279,-0.0024107296485453844
2023-01-09 17:04:16.632000,-0.8462180495262146,-0.0024240203201770782
2023-01-09 17:05:16.627000,-0.954521656036377,-0.0024098490830510855
2023-01-09 17:06:16.726000,-0.661218523979187,-0.002469640923663974
2023-01-09 17:07:16.631000,-0.7491609454154968,-0.0027052857913076878
2023-01-09 17:08:16.632000,-0.6993349194526672,-0.0024741136003285646
2023-01-09 17:09:16.681000,-0.6018230319023132,-0.0026093500200659037
2023-01-09 17:10:16.609000,-0.6874679327011108,-0.002520921640098095
2023-01-09 17:11:16.774000,-0.7701095938682556,-0.002532408107072115
2023-01-09 17:12:16.744000,-0.5537071824073792,-0.002609072718769312
2023-01-09 17:13:16.678000,-0.6279104948043823,-0.002778418594971299
2023-01-09 17:14:16.798000,-0.40404564142227173,-0.002584999892860651
2023-01-09 17:15:16.717000,-0.7408503890037537,-0.002494750078767538
2023-01-09 17:16:16.683000,-0.696449875831604,-0.002456595655530691
2023-01-09 17:17:16.614000,-0.6151772141456604,-0.0027644254732877016
2023-01-09 17:18:16.663000,-0.6674749255180359,-0.0026716545689851046
2023-01-09 17:19:16.664000,-0.6298472881317139,-0.0024551500100642443
2023-01-09 17:20:16.671000,-0.5258910059928894,-0.002374053932726383
2023-01-09 17:21:16.635000,-0.6827455759048462,-0.002452513435855508
2023-01-09 17:22:16.707000,-0.5752317309379578,-0.002831470686942339
2023-01-09 17:23:16.719000,-0.5727328062057495,-0.0024478461127728224
2023-01-09 17:24:16.634000,-0.697445273399353,-0.0026098107919096947
2023-01-09 17:25:16.696000,-0.48942890763282776,-0.0025159460492432117
2023-01-09 17:26:16.795000,-0.6608464121818542,-0.0024940576404333115
2023-01-09 17:27:16.649000,-0.5667955875396729,-0.002541658468544483
2023-01-09 17:28:16.664000,-0.6867504119873047,-0.0026239189319312572
2023-01-09 17:29:16.702000,-0.8342843651771545,-0.002637536497786641
2023-01-09 17:30:16.644000,-0.6131710410118103,-0.0026709777303040028
2023-01-09 17:31:16.640000,-0.6069704294204712,-0.0026761111803352833
2023-01-09 17:32:16.693000,-0.5614861249923706,-0.0025493260473012924
2023-01-09 17:33:16.619000,-0.4615502953529358,-0.002491897903382778
2023-01-09 17:34:16.756000,-0.6076549291610718,-0.00230638450011611
2023-01-09 17:35:16.743000,-0.6508253812789917,-0.002456571441143751
2023-01-09 17:36:16.627000,-0.7373073101043701,-0.002345307730138302
2023-01-09 17:37:16.576000,-0.8711472153663635,-0.002551029436290264
2023-01-09 17:38:16.649000,-0.6215682029724121,-0.0024778181686997414
2023-01-09 17:39:16.599000,-0.7040334939956665,-0.0024783092085272074
2023-01-09 17:40:16.479000,-0.7471336126327515,-0.0026022500824183226
2023-01-09 17:41:16.673000,-0.5472769737243652,-0.0025611042510718107
2023-01-09 17:42:16.662000,-0.6327430605888367,-0.002585119102150202
2023-01-09 17:43:16.576000,-0.7066327333450317,-0.002473085653036833
2023-01-09 17:44:16.629000,-0.5792279243469238,-0.0026793242432177067
2023-01-09 17:45:16.573000,-0.7343735694885254,-0.002728291554376483
2023-01-09 17:46:16.671000,-0.6930252909660339,-0.002594675635918975
2023-01-09 17:47:16.669000,-0.846144437789917,-0.002461166586726904
2023-01-09 17:48:16.618000,-0.8707897663116455,-0.002741333330050111
2023-01-09 17:49:16.556000,-0.6523542404174805,-0.002555564045906067
2023-01-09 17:50:16.700000,-0.8336396217346191,-0.00256172101944685
2023-01-09 17:51:16.647000,-0.7150422930717468,-0.0026675332337617874
2023-01-09 17:52:16.647000,-0.6842249035835266,-0.002568382304161787
2023-01-09 17:53:16.607000,-0.7986980676651001,-0.002569333417341113
2023-01-09 17:54:16.612000,-0.6219204664230347,-0.002639464335516095
2023-01-09 17:55:16.566000,-0.8242325782775879,-0.002557736821472645
2023-01-09 17:56:16.667000,-0.6906008720397949,-0.0027169999666512012
2023-01-09 17:57:16.662000,-0.7173812389373779,-0.0025955000892281532
2023-01-09 17:58:16.587000,-0.8550665974617004,-0.0026862500235438347
2023-01-09 17:59:16.552000,-0.7024275064468384,-0.002580275759100914
2023-01-09 18:00:16.635000,-0.6769421100616455,-0.002619714243337512
2023-01-09 18:01:16.646000,-0.5651513934135437,-0.002522531896829605
2023-01-09 18:02:16.566000,-0.5031728744506836,-0.002443874953314662
2023-01-09 18:03:16.752000,-0.7018102407455444,-0.0029631087090820074
2023-01-09 18:04:16.653000,-0.4584912061691284,-0.002417666604742408
2023-01-09 18:05:16.657000,-0.536281943321228,-0.002668181899935007
2023-01-09 18:06:16.658000,-0.5976321697235107,-0.0025333999656140804
2023-01-09 18:07:16.540000,-0.4517730474472046,-0.0024103487376123667
2023-01-09 18:08:16.532000,-0.7029359936714172,-0.0025796303525567055
2023-01-09 18:09:16.640000,-0.6382323503494263,-0.0027155098505318165
2023-01-09 18:10:16.639000,-0.4012112617492676,-0.002628734800964594
2023-01-09 18:11:16.648000,-0.7919001579284668,-0.002628239104524255
2023-01-09 18:12:16.615000,-0.5708155632019043,-0.0024726586416363716
2023-01-09 18:13:16.664000,-0.6385778784751892,-0.0026519792154431343
2023-01-09 18:14:16.573000,-0.6681844592094421,-0.0024260554928332567
2023-01-09 18:15:16.684000,-0.5507692694664001,-0.0024997249711304903
2023-01-09 18:16:16.632000,-0.7857025861740112,-0.002486000070348382
2023-01-09 18:17:16.618000,-0.7183380722999573,-0.0026790909469127655
2023-01-09 18:18:16.619000,-0.8131736516952515,-0.00273165968246758
2023-01-09 18:19:16.665000,-1.0264601707458496,-0.002757075009867549
2023-01-09 18:20:16.384000,-0.6993097066879272,-0.0026711891405284405
2023-01-09 18:21:16.554000,-0.7238063216209412,-0.0024453599471598864
2023-01-09 18:22:16.676000,-0.8260234594345093,-0.002421289449557662
2023-01-09 18:23:16.634000,-0.6267629265785217,-0.0024203334469348192
2023-01-09 18:24:16.550000,-0.7796099185943604,-0.002568199997767806
2023-01-09 18:25:16.556000,-0.7718160152435303,-0.00279062963090837
2023-01-09 18:26:16.569000,-0.6714134812355042,-0.0026611697394400835
2023-01-09 18:27:16.607000,-0.8668076992034912,-0.0026015681214630604
2023-01-09 18:28:16.523000,-0.7135792970657349,-0.0025826189666986465
2023-01-09 18:29:16.631000,-0.7990224957466125,-0.0023714443668723106
2023-01-09 18:30:16.620000,-0.8997923731803894,-0.0026580910198390484
2023-01-09 18:31:16.519000,-0.91209477186203,-0.0028429999947547913
2023-01-09 18:32:16.518000,-0.8600990176200867,-0.0024742831010371447
2023-01-09 18:33:16.637000,-0.8089552521705627,-0.0024232552386820316
2023-01-09 18:34:16.492000,-0.5732777118682861,-0.002487122779712081
2023-01-09 18:35:16.746000,-0.7517664432525635,-0.002495291642844677
2023-01-09 18:36:16.628000,-0.6020227074623108,-0.0023535778746008873
2023-01-09 18:37:16.717000,-0.6129335761070251,-0.002384844468906522
2023-01-09 18:38:16.536000,-0.830496609210968,-0.002576148137450218
2023-01-09 18:39:16.634000,-0.6592671275138855,-0.0028199271764606237
2023-01-09 18:40:16.584000,-0.7595117092132568,-0.002467438578605652
2023-01-09 18:41:16.472000,-0.6173593997955322,-0.0026792041026055813
2023-01-09 18:42:16.512000,-0.5190383791923523,-0.0025616444181650877
2023-01-09 18:43:16.602000,-0.6408012509346008,-0.002689779968932271
2023-01-09 18:44:16.654000,-0.41003867983818054,-0.00265441183000803
2023-01-09 18:45:16.542000,-0.5602399706840515,-0.0026319606695324183
2023-01-09 18:46:16.484000,-0.3644096851348877,-0.0026057427749037743
2023-01-09 18:47:16.505000,-0.41436758637428284,-0.0026528958696871996
2023-01-09 18:48:16.532000,-0.4543495178222656,-0.002683261875063181
2023-01-09 18:49:16.568000,-0.45744624733924866,-0.002629399998113513
2023-01-09 18:50:16.518000,-0.6648236513137817,-0.002716260962188244
2023-01-09 18:51:16.622000,-0.5459527373313904,-0.0025778478011488914
2023-01-09 18:52:16.591000,-0.4396679997444153,-0.0026193547528237104
2023-01-09 18:53:16.619000,-0.7015964984893799,-0.002576604252681136
2023-01-09 18:54:16.493000,-0.4926636815071106,-0.002490928629413247
2023-01-09 18:55:16.509000,-0.5248892307281494,-0.0026891666930168867
2023-01-09 18:56:16.525000,-0.6216992735862732,-0.002534911036491394
2023-01-09 18:57:16.593000,-0.47019442915916443,-0.002564700087532401
2023-01-09 18:58:16.562000,-0.6628409624099731,-0.0025850653182715178
2023-01-09 18:59:16.478000,-0.5852804183959961,-0.0025414680130779743
2023-01-09 19:00:16.357000,-0.5472568869590759,-0.0026492499746382236
2023-01-09 19:01:16.556000,-0.5365408658981323,-0.0025724894367158413
2023-01-09 19:02:16.618000,-0.7534177899360657,-0.002686907071620226
2023-01-09 19:03:16.508000,-0.5956246852874756,-0.002707673003897071
2023-01-09 19:04:16.567000,-0.6621063947677612,-0.002711367327719927
2023-01-09 19:05:16.519000,-0.7316420078277588,-0.002756959293037653
2023-01-09 19:06:16.599000,-0.600933313369751,-0.0024133333936333656
2023-01-09 19:07:16.453000,-0.631919801235199,-0.0026179999113082886
2023-01-09 19:08:16.662000,-0.6665509343147278,-0.0026645250618457794
2023-01-09 19:09:16.547000,-0.8194324374198914,-0.002685533370822668
2023-01-09 19:10:16.483000,-0.7432816028594971,-0.0025647561997175217
2023-01-09 19:11:16.505000,-0.7360368371009827,-0.002550936071202159
2023-01-09 19:12:16.553000,-0.696803629398346,-0.002575162099674344
2023-01-09 19:13:16.547000,-0.5730012059211731,-0.0027030212804675102
2023-01-09 19:14:16.530000,-0.6155734658241272,-0.0027395777869969606
2023-01-09 19:15:16.420000,-0.7367293834686279,-0.002614714205265045
2023-01-09 19:16:16.548000,-0.4923856258392334,-0.0026121351402252913
2023-01-09 19:17:16.470000,-0.6115909218788147,-0.002578600076958537
2023-01-09 19:18:16.529000,-0.5508127808570862,-0.0025977755431085825
2023-01-09 19:19:16.457000,-0.4633655250072479,-0.0026134131476283073
2023-01-09 19:20:16.477000,-0.6656075119972229,-0.002515205182135105
2023-01-09 19:21:16.440000,-0.6011549234390259,-0.002447604201734066
2023-01-09 19:22:16.545000,-0.5367826819419861,-0.002739595714956522
2023-01-09 19:23:16.470000,-0.6086089611053467,-0.0026823023799806833
2023-01-09 19:24:16.430000,-0.3921176493167877,-0.0026000444777309895
2023-01-09 19:25:16.434000,-0.5114240646362305,-0.0028414716944098473
2023-01-09 19:26:16.425000,-0.5724247097969055,-0.00261955545283854
2023-01-09 19:27:16.396000,-0.42496833205223083,-0.002599904779344797
2023-01-09 19:28:16.486000,-0.6347073316574097,-0.002666422165930271
2023-01-09 19:29:16.442000,-0.5787253379821777,-0.002462394768372178
2023-01-09 19:30:16.436000,-0.5156872272491455,-0.002883490175008774
2023-01-09 19:31:16.530000,-0.6521413922309875,-0.00272445660084486
2023-01-09 19:32:16.424000,-0.442348837852478,-0.002725512720644474
2023-01-09 19:33:16.411000,-0.5579776763916016,-0.0027412245981395245
2023-01-09 19:34:16.400000,-0.8537500500679016,-0.002663631457835436
2023-01-09 19:35:16.391000,-0.65562903881073,-0.0026353541761636734
2023-01-09 19:36:16.520000,-0.6911671757698059,-0.0024632757995277643
2023-01-09 19:37:16.492000,-0.7902395129203796,-0.0024715852923691273
2023-01-09 19:38:16.472000,-0.7726914882659912,-0.002377541735768318
2023-01-09 19:39:16.412000,-0.6708848476409912,-0.0025855000130832195
2023-01-09 19:40:16.296000,-0.7073624134063721,-0.002652023220434785
2023-01-09 19:41:16.447000,-1.0300005674362183,-0.002497452311217785
2023-01-09 19:42:16.571000,-0.9273337721824646,-0.0025773863308131695
2023-01-09 19:43:16.430000,-0.6025093793869019,-0.0025939999613910913
2023-01-09 19:44:16.458000,-0.7334622740745544,-0.0026882563252002
2023-01-09 19:45:16.482000,-0.6888563632965088,-0.0025204806588590145
2023-01-09 19:46:16.405000,-0.5929060578346252,-0.002679124940186739
2023-01-09 19:47:16.415000,-0.768150806427002,-0.0026745249051600695
2023-01-09 19:48:16.449000,-0.6771389842033386,-0.002704630373045802
2023-01-09 19:49:16.487000,-0.6636970043182373,-0.002417794894427061
2023-01-09 19:50:16.419000,-0.6999273300170898,-0.002624065149575472
2023-01-09 19:51:16.423000,-0.6572433114051819,-0.002574173966422677
2023-01-09 19:52:16.454000,-0.6486298441886902,-0.00259487796574831
2023-01-09 19:53:16.382000,-0.890950620174408,-0.002615683013573289
2023-01-09 19:54:16.424000,-0.46684563159942627,-0.0025625000707805157
2023-01-09 19:55:16.517000,-0.6131554245948792,-0.002624714281409979
2023-01-09 19:56:16.478000,-0.5203914046287537,-0.002709474880248308
2023-01-09 19:57:16.392000,-0.4837694764137268,-0.0025610714219510555
2023-01-09 19:58:16.449000,-0.6067640781402588,-0.002704282058402896
2023-01-09 19:59:16.539000,-0.5732867121696472,-0.002463307697325945
2023-01-09 20:00:16.444000,-0.5857596397399902,-0.0026080908719450235
2023-01-09 20:01:16.385000,-0.7723515033721924,-0.00245485408231616
2023-01-09 20:02:16.388000,-0.5746437311172485,-0.002702550031244755
2023-01-09 20:03:16.385000,-0.6984803080558777,-0.002757590962573886
2023-01-09 20:04:16.501000,-0.7217108607292175,-0.0025563600938767195
2023-01-09 20:05:16.462000,-0.5939004421234131,-0.002651175484061241
2023-01-09 20:06:16.415000,-0.8879486918449402,-0.0026153922080993652
2023-01-09 20:07:16.509000,-0.6613084077835083,-0.0026578200049698353
2023-01-09 20:08:16.438000,-0.6523668169975281,-0.002567959949374199
2023-01-09 20:09:16.391000,-0.7131716012954712,-0.002518347930163145
2023-01-09 20:10:16.422000,-0.5275227427482605,-0.0028017000295221806
2023-01-09 20:11:16.443000,-0.6218116879463196,-0.0025688912719488144
2023-01-09 20:12:16.471000,-0.6632840037345886,-0.0025284704752266407
2023-01-09 20:13:16.382000,-0.5569118857383728,-0.0026024230755865574
2023-01-09 20:14:16.571000,-0.594129204750061,-0.0025708430912345648
2023-01-09 20:15:16.435000,-0.6814464330673218,-0.0026190769858658314
2023-01-09 20:16:16.690000,-0.42638885974884033,-0.0025717446114867926
2023-01-09 20:17:16.393000,-0.5405874848365784,-0.0026766667142510414
2023-01-09 20:18:16.463000,-0.7050351500511169,-0.002430928638204932
2023-01-09 20:19:16.430000,-0.5528921484947205,-0.002593979239463806
2023-01-09 20:20:16.261000,-0.6572522521018982,-0.0026156040839850903
2023-01-09 20:21:16.446000,-0.46378013491630554,-0.002666883636265993
2023-01-09 20:22:16.380000,-0.5235562920570374,-0.0026327173691242933
2023-01-09 20:23:16.501000,-0.620921790599823,-0.002614428522065282
2023-01-09 20:24:16.456000,-0.4485495388507843,-0.0025450000539422035
2023-01-09 20:25:16.305000,-0.5997470021247864,-0.002691803965717554
2023-01-09 20:26:16.434000,-0.5236014127731323,-0.0028505385853350163
2023-01-09 20:27:16.465000,-0.4443625509738922,-0.0023823478259146214
2023-01-09 20:28:16.417000,-0.6260383725166321,-0.0026076817885041237
2023-01-09 20:29:16.456000,-0.46374887228012085,-0.0027168572414666414
2023-01-09 20:30:16.567000,-0.4195454716682434,-0.002501885639503598
2023-01-09 20:31:16.380000,-0.7353189587593079,-0.0024118572473526
2023-01-09 20:32:16.457000,-0.46761301159858704,-0.002818745095282793
2023-01-09 20:33:16.419000,-0.4417369067668915,-0.0024474102538079023
2023-01-09 20:34:16.404000,-0.5282582640647888,-0.0025821998715400696
2023-01-09 20:35:16.414000,-0.4159756898880005,-0.0024309696163982153
2023-01-09 20:36:16.336000,-0.5550174117088318,-0.0025978649500757456
2023-01-09 20:37:16.366000,-0.5897992849349976,-0.0024313400499522686
2023-01-09 20:38:16.376000,-0.4489300549030304,-0.0023154423106461763
2023-01-09 20:39:16.386000,-0.6803041696548462,-0.00252711633220315
2023-01-09 20:40:16.372000,-0.6443033218383789,-0.0025738112162798643
2023-01-09 20:41:16.502000,-0.5940940976142883,-0.002574638230726123
2023-01-09 20:42:16.364000,-0.7748008370399475,-0.0027539231814444065
2023-01-09 20:43:16.404000,-0.5700697302818298,-0.0027191764675080776
2023-01-09 20:44:16.402000,-0.5808128714561462,-0.002502094255760312
2023-01-09 20:45:16.383000,-0.7703656554222107,-0.0025738393887877464
2023-01-09 20:46:16.381000,-0.4968588352203369,-0.00255002174526453
2023-01-09 20:47:16.363000,-0.641006588935852,-0.0025423462502658367
2023-01-09 20:48:16.306000,-0.7246155142784119,-0.0025551915168762207
2023-01-09 20:49:16.577000,-0.6966108679771423,-0.0025268075987696648
2023-01-09 20:50:16.418000,-0.6054576635360718,-0.0023755121510475874
2023-01-09 20:51:16.331000,-0.7014203667640686,-0.00255151791498065
2023-01-09 20:52:16.410000,-0.509433388710022,-0.0024668965488672256
2023-01-09 20:53:16.398000,-0.5605358481407166,-0.0025507647078484297
2023-01-09 20:54:16.330000,-0.6725947260856628,-0.0024832827039062977
2023-01-09 20:55:16.171000,-0.5107583403587341,-0.002345452783629298
2023-01-09 20:56:16.280000,-0.5610466599464417,-0.0023573455400764942
2023-01-09 20:57:16.417000,-0.658683180809021,-0.002626115456223488
2023-01-09 20:58:16.404000,-0.4422381520271301,-0.002698932308703661
2023-01-09 20:59:16.504000,-0.6481022834777832,-0.0027621702756732702
2023-01-09 21:00:16.381000,-0.6241687536239624,-0.002681603655219078
2023-01-09 21:01:16.297000,-0.4637978971004486,-0.002686860039830208
2023-01-09 21:02:16.370000,-0.6828340291976929,-0.0025391187518835068
2023-01-09 21:03:16.450000,-0.6329027414321899,-0.0025685790460556746
2023-01-09 21:04:16.354000,-0.6097624897956848,-0.0027013220824301243
2023-01-09 21:05:16.328000,-0.5176684856414795,-0.002368816640228033
2023-01-09 21:06:16.316000,-0.4158901572227478,-0.0025673615746200085
2023-01-09 21:07:16.370000,-0.7814923524856567,-0.0026179791893810034
2023-01-09 21:08:16.397000,-0.48013296723365784,-0.002563199959695339
2023-01-09 21:09:16.397000,-0.6729448437690735,-0.0026251873932778835
2023-01-09 21:10:16.341000,-0.6686123609542847,-0.002566933399066329
2023-01-09 21:11:16.429000,-0.5691449046134949,-0.0025907799135893583
2023-01-09 21:12:16.401000,-0.7269315719604492,-0.002607701811939478
2023-01-09 21:13:16.384000,-0.6399378180503845,-0.0026912884786725044
2023-01-09 21:14:16.324000,-0.5913834571838379,-0.002584913047030568
2023-01-09 21:15:16.332000,-0.7648985385894775,-0.0026171363424509764
2023-01-09 21:16:16.411000,-0.7986650466918945,-0.002619791543111205
2023-01-09 21:17:16.357000,-0.7284582853317261,-0.002575666643679142
2023-01-09 21:18:16.399000,-0.8610260486602783,-0.002592595759779215
2023-01-09 21:19:16.382000,-0.9293054938316345,-0.002606750000268221
2023-01-09 21:20:16.310000,-0.7623940706253052,-0.0027376303914934397
2023-01-09 21:21:16.244000,-0.7046167254447937,-0.00274110515601933
2023-01-09 21:22:16.373000,-0.8808556199073792,-0.0026270500384271145
2023-01-09 21:23:16.288000,-0.7571274042129517,-0.002450816333293915
2023-01-09 21:24:16.504000,-0.7570633888244629,-0.0025958199985325336
2023-01-09 21:25:16.563000,-0.7571613788604736,-0.002567755524069071
2023-01-09 21:26:16.228000,-0.7524697780609131,-0.002563466550782323
2023-01-09 21:27:16.340000,-0.8368514180183411,-0.002630982082337141
2023-01-09 21:28:16.331000,-1.705771803855896,-0.0024220256600528955
2023-01-09 21:29:16.247000,-0.7513994574546814,-0.0025810962542891502
2023-01-09 21:30:16.344000,-0.6730238795280457,-0.002644999884068966
2023-01-09 21:31:16.264000,-0.9243265390396118,-0.0025486296508461237
2023-01-09 21:32:16.345000,-0.6852075457572937,-0.0025977720506489277
2023-01-09 21:33:16.323000,-0.8344963192939758,-0.0026091819163411856
2023-01-09 21:34:16.342000,-0.8471353650093079,-0.002705938881263137
2023-01-09 21:35:16.110000,-0.8520334959030151,-0.0026612181682139635
2023-01-09 21:36:16.376000,-0.9043347835540771,-0.0026716000866144896
2023-01-09 21:37:16.252000,-0.6292623281478882,-0.0026657036505639553
2023-01-09 21:38:16.334000,-0.9218846559524536,-0.002689243759959936
2023-01-09 21:39:16.266000,-0.6515246033668518,-0.0025558234192430973
2023-01-09 21:40:16.251000,-0.869042694568634,-0.0026763901114463806
2023-01-09 21:41:16.328000,-0.7560014128684998,-0.0028381480369716883
2023-01-09 21:42:16.298000,-0.835317075252533,-0.002512542763724923
2023-01-09 21:43:16.279000,-0.9826342463493347,-0.002511285711079836
2023-01-09 21:44:16.339000,-0.7143716812133789,-0.002645186148583889
2023-01-09 21:45:16.412000,-0.9862562417984009,-0.002730826148763299
2023-01-09 21:46:16.289000,-0.8178757429122925,-0.002664190484210849
2023-01-09 21:47:16.398000,-0.8257212042808533,-0.002658694516867399
2023-01-09 21:48:16.198000,-1.8818678855895996,-0.002615666715428233
2023-01-09 21:49:16.363000,-1.7843098640441895,-0.002610305091366172
2023-01-09 21:50:16.324000,-1.8145445585250854,-0.002576050814241171
2023-01-09 21:51:16.339000,-2.0192019939422607,-0.0024897141847759485
2023-01-09 21:52:16.236000,-1.723705530166626,-0.0025333778467029333
2023-01-09 21:53:16.350000,-1.9063657522201538,-0.0026704284828156233
2023-01-09 21:54:16.219000,-1.7316123247146606,-0.0025911834090948105
2023-01-09 21:55:16.192000,-1.6648297309875488,-0.0026367884129285812
2023-01-09 21:56:16.253000,-1.7911441326141357,-0.002643199870362878
2023-01-09 21:57:16.370000,-1.8424131870269775,-0.002627065172418952
2023-01-09 21:58:16.283000,-2.012742042541504,-0.0025666269939392805
2023-01-09 21:59:16.229000,-0.9445022940635681,-0.0025913333520293236
2023-01-09 22:00:16.321000,-0.960452675819397,-0.0026303136255592108
2023-01-09 22:01:16.233000,-1.4622893333435059,-0.0026626905892044306
2023-01-09 22:02:16.276000,-1.5246305465698242,-0.002652703784406185
2023-01-09 22:03:16.164000,-0.8341034054756165,-0.002540291752666235
2023-01-09 22:04:16.348000,-1.0538268089294434,-0.002632511081174016
2023-01-09 22:05:16.282000,-2.1265220642089844,-0.002588763600215316
2023-01-09 22:06:16.294000,-3.144747495651245,-0.0026787726674228907
2023-01-09 22:07:16.267000,-3.1734797954559326,-0.0025017273146659136
2023-01-09 22:08:16.314000,-4.143223762512207,-0.002679399913176894
2023-01-09 22:09:16.198000,-3.8216919898986816,-0.0026424634270370007
2023-01-09 22:10:16.073000,-3.174862861633301,-0.002651585265994072
2023-01-09 22:11:16.320000,-3.258136510848999,-0.0025949999690055847
2023-01-09 22:12:16.135000,-3.2282967567443848,-0.0026209778152406216
2023-01-09 22:13:16.209000,-3.1039352416992188,-0.002553690457716584
2023-01-09 22:14:16.289000,-3.3441522121429443,-0.0026335581205785275
2023-01-09 22:15:16.235000,-3.0315306186676025,-0.002614729106426239
2023-01-09 22:16:16.311000,-3.1884701251983643,-0.0025911086704581976
2023-01-09 22:17:16.273000,-3.101083517074585,-0.0025864564813673496
2023-01-09 22:18:16.227000,-2.989562749862671,-0.002513315761461854
2023-01-09 22:19:16.240000,-3.242316722869873,-0.0025498499162495136
2023-01-09 22:20:16.287000,-2.9973840713500977,-0.002589951269328594
2023-01-09 22:21:16.201000,-3.398146867752075,-0.0026091665495187044
2023-01-09 22:22:16.298000,-3.2706215381622314,-0.002595749916508794
2023-01-09 22:23:16.252000,-3.2575435638427734,-0.002518894849345088
2023-01-09 22:24:16.257000,-3.353806972503662,-0.002699690405279398
2023-01-09 22:25:16.234000,-3.1846296787261963,-0.0025292926002293825
2023-01-09 22:26:16.173000,-2.9764554500579834,-0.002654853044077754
2023-01-09 22:27:16.237000,-3.210967779159546,-0.002604815876111388
2023-01-09 22:28:16.214000,-2.925055980682373,-0.0026009317953139544
2023-01-09 22:29:16.211000,-2.8688087463378906,-0.002529722172766924
2023-01-09 22:30:16.266000,-2.9248456954956055,-0.002575090853497386
2023-01-09 22:31:16.180000,-2.7970805168151855,-0.0025696097873151302
2023-01-09 22:32:16.422000,-2.7844929695129395,-0.002573844511061907
2023-01-09 22:33:16.244000,-2.785996198654175,-0.0025486734230071306
2023-01-09 22:34:16.269000,-2.8455207347869873,-0.0026016561314463615
2023-01-09 22:35:16.155000,-3.022747278213501,-0.0024987072683870792
2023-01-09 22:36:16.241000,-3.0527420043945312,-0.002506488934159279
2023-01-09 22:37:16.295000,-2.9428279399871826,-0.0025880816392600536
2023-01-09 22:38:16.233000,-2.8722875118255615,-0.0025617803912609816
2023-01-09 22:39:16.173000,-3.2429754734039307,-0.0025659999810159206
2023-01-09 22:40:16.168000,-2.8847341537475586,-0.002638060599565506
2023-01-09 22:41:16.268000,-2.8901827335357666,-0.0025859165471047163
2023-01-09 22:42:16.253000,-2.8660271167755127,-0.0025900262407958508
2023-01-09 22:43:16.247000,-2.903775691986084,-0.00252669770270586
2023-01-09 22:44:16.145000,-3.059683084487915,-0.002547680865973234
2023-01-09 22:45:16.178000,-2.993134021759033,-0.0024969750083982944
2023-01-09 22:46:16.147000,-2.998124122619629,-0.002546174917370081
2023-01-09 22:47:16.168000,-2.922232151031494,-0.002534844446927309
2023-01-09 22:48:16.155000,-3.541794776916504,-0.002499604132026434
2023-01-09 22:49:16.185000,-3.018109083175659,-0.0024173902347683907
2023-01-09 22:50:16.080000,-2.9510297775268555,-0.002458363538607955
2023-01-09 22:51:16.234000,-2.758527994155884,-0.002538812579587102
2023-01-09 22:52:16.150000,-2.671302556991577,-0.0009430227219127119
2023-01-09 22:53:16.230000,-2.619788885116577,0.0014067917363718152
2023-01-09 22:54:16.256000,-2.493804931640625,-0.002431645058095455
2023-01-09 22:55:16.141000,-2.085779905319214,-0.002464909106492996
2023-01-09 22:56:16.375000,-0.3416743576526642,-0.0024611998815089464
2023-01-09 22:57:16.213000,-0.39716091752052307,-0.0024715641047805548
2023-01-09 22:58:16.178000,-0.3482281267642975,-0.0026217501144856215
2023-01-09 22:59:16.215000,-0.3928842842578888,0.009043666534125805
2023-01-09 23:00:16.221000,-0.3788762092590332,0.0031614871695637703
2023-01-09 23:01:16.170000,-0.3624148368835449,0.0015385833103209734
2023-01-09 23:02:16.158000,-0.3637591600418091,0.002313534962013364
2023-01-09 23:03:16.096000,-0.37882065773010254,0.0029276818968355656
2023-01-09 23:04:16.408000,-0.42587119340896606,0.0035831776913255453
2023-01-09 23:05:16.242000,-1.4854720830917358,0.004487681668251753
2023-01-09 23:06:16.119000,-2.499619483947754,0.005202720873057842
2023-01-09 23:07:16.175000,-2.5441901683807373,0.005854275077581406
2023-01-09 23:08:16.189000,-2.530776262283325,0.006580790504813194
2023-01-09 23:09:16.419000,-2.4164812564849854,0.0073838261887431145
2023-01-09 23:10:16.136000,-2.3790123462677,0.008089208975434303
2023-01-09 23:11:16.123000,-0.4081104099750519,0.008587745018303394
2023-01-09 23:12:16.150000,-0.356861412525177,0.00909836869686842
2023-01-09 23:13:16.367000,-0.3950079083442688,0.009895510040223598
2023-01-09 23:14:16.178000,-0.3743910491466522,0.010614975355565548
2023-01-09 23:15:16.249000,-0.4124414324760437,0.011438333429396152
2023-01-09 23:16:16.092000,-0.3700581192970276,0.01218963973224163
2023-01-09 23:17:16.189000,-0.36749958992004395,0.013006682507693768
2023-01-09 23:18:16.110000,-0.34934258460998535,0.013846145942807198
2023-01-09 23:19:16.066000,-0.3768904209136963,0.014468276873230934
2023-01-09 23:20:16.135000,-0.3784242868423462,0.015309596434235573
2023-01-09 23:21:16.135000,-1.1644465923309326,0.0159501601010561
2023-01-09 23:22:16.211000,-2.4237568378448486,0.01651928573846817
2023-01-09 23:23:16.071000,-2.416243076324463,0.01728307455778122
2023-01-09 23:24:16.135000,-2.5612220764160156,0.0179287139326334
2023-01-09 23:25:16.129000,-1.5284510850906372,0.018651491031050682
2023-01-09 23:26:16.142000,-0.4514809846878052,0.019347375258803368
2023-01-09 23:27:16.187000,-0.3763951361179352,0.020031660795211792
2023-01-09 23:28:16.115000,-0.39134371280670166,0.020785020664334297
2023-01-09 23:29:16.153000,-0.4511048197746277,0.021458081901073456
2023-01-09 23:30:15.928000,-0.43463999032974243,0.022005999460816383
2023-01-09 23:31:16.153000,-0.45336994528770447,0.022727787494659424
2023-01-09 23:32:16.063000,-0.500409722328186,0.023474399000406265
2023-01-09 23:33:16.041000,-0.45023781061172485,0.024253856390714645
2023-01-09 23:34:16.040000,-0.4391360282897949,0.025010643526911736
2023-01-09 23:35:16.023000,-0.5059077143669128,0.02584691531956196
2023-01-09 23:36:16.156000,-0.5490249991416931,0.026415139436721802
2023-01-09 23:37:16.143000,-0.7227393388748169,0.027120843529701233
2023-01-09 23:38:16.100000,-0.6977654695510864,0.027751021087169647
2023-01-09 23:39:16.180000,-0.600357174873352,0.028587637469172478
2023-01-09 23:40:16.257000,-0.4028221368789673,0.029300695285201073
2023-01-09 23:41:16.103000,-0.3747434914112091,0.029965488240122795
2023-01-09 23:42:16.288000,-0.41408056020736694,0.03063357062637806
2023-01-09 23:43:16.138000,-0.3898700773715973,0.03133073076605797
2023-01-09 23:44:16.161000,-0.49498313665390015,0.03192625939846039
2023-01-09 23:45:16.020000,-0.4333804249763489,0.03246478736400604
2023-01-09 23:46:16.113000,-0.2621931731700897,0.03307829797267914
2023-01-09 23:47:16.203000,-0.25734561681747437,0.033744022250175476
2023-01-09 23:48:16.178000,-0.26669982075691223,0.034217771142721176
2023-01-09 23:49:16.202000,-0.2376358062028885,0.03481975570321083
2023-01-09 23:50:16.124000,-0.24037833511829376,0.03550697863101959
2023-01-09 23:51:16.127000,-0.2752620279788971,0.03602150082588196
2023-01-09 23:52:16.068000,-0.26163989305496216,0.03682944178581238
2023-01-09 23:53:16.164000,-0.4563174545764923,0.03755904361605644
2023-01-09 23:54:16.191000,-0.5822199583053589,0.03810921311378479
2023-01-09 23:55:16.114000,-0.8073115348815918,0.038797639310359955
2023-01-09 23:56:16.204000,-0.8412073850631714,0.03939438983798027
2023-01-09 23:57:16.048000,-0.5291315317153931,0.03996032476425171
2023-01-09 23:58:16.049000,-0.27472734451293945,0.04055831581354141
2023-01-09 23:59:16.048000,-0.4108714461326599,0.041269272565841675
2023-01-10 00:00:16.191000,-0.47532781958580017,0.04181063920259476
2023-01-10 00:01:16.138000,-0.7507984042167664,0.04251087084412575
2023-01-10 00:02:16.218000,-0.8694657683372498,0.04334443435072899
2023-01-10 00:03:15.995000,-0.6245181560516357,0.04402945563197136
2023-01-10 00:04:15.993000,-0.31970134377479553,0.044825758785009384
2023-01-10 00:05:16.147000,-0.28843623399734497,0.04553936794400215
2023-01-10 00:06:15.983000,-0.35543468594551086,0.04614109918475151
2023-01-10 00:07:16.445000,-0.2684513032436371,0.04672344774007797
2023-01-10 00:08:16.189000,-0.28125980496406555,0.04745279252529144
2023-01-10 00:09:16.406000,-0.33238306641578674,0.04804525151848793
2023-01-10 00:10:15.973000,-0.37600284814834595,0.048711564391851425
2023-01-10 00:11:16.139000,-0.5477505326271057,0.04934568703174591
2023-01-10 00:12:16.081000,-0.45168349146842957,0.04996028542518616
2023-01-10 00:13:16.088000,-0.7447922229766846,0.05044202134013176
2023-01-10 00:14:16.027000,-0.8159985542297363,0.05096599832177162
2023-01-10 00:15:15.999000,-0.6047062873840332,0.05168759077787399
2023-01-10 00:16:16.236000,-0.36967694759368896,0.05223041772842407
2023-01-10 00:17:16.131000,-0.4786626100540161,0.052995748817920685
2023-01-10 00:18:16.107000,-0.4403132200241089,0.05384821444749832
2023-01-10 00:19:15.993000,-0.4746394753456116,0.05474090203642845
2023-01-10 00:20:16.010000,-0.4499233067035675,0.055695194751024246
2023-01-10 00:21:15.937000,-0.4783205986022949,0.05653737857937813
2023-01-10 00:22:16.113000,-0.4858238697052002,0.057188183069229126
2023-01-10 00:23:15.956000,-0.46763402223587036,0.05777064710855484
2023-01-10 00:24:15.956000,-0.6164639592170715,0.05827749893069267
2023-01-10 00:25:16.107000,-0.5797558426856995,0.059283297508955
2023-01-10 00:26:16.108000,-0.45004764199256897,0.060010094195604324
2023-01-10 00:27:16.024000,-0.45512908697128296,0.06106027215719223
2023-01-10 00:28:16.008000,-0.45252376794815063,0.061989665031433105
2023-01-10 00:29:16.064000,-0.43013235926628113,0.0629311129450798
2023-01-10 00:30:16.123000,-0.42704999446868896,0.06392595916986465
2023-01-10 00:31:15.960000,-0.377127081155777,0.0646870955824852
2023-01-10 00:32:16.150000,-0.38948315382003784,0.06538762152194977
2023-01-10 00:33:16.207000,-0.38722801208496094,0.06624053418636322
2023-01-10 00:34:16.107000,-0.3433874249458313,0.06697404384613037
2023-01-10 00:35:16.046000,-0.4103875756263733,0.0675165131688118
2023-01-10 00:36:16.102000,-0.33664995431900024,0.06877381354570389
2023-01-10 00:37:16.073000,-0.4369140565395355,0.06985002756118774
2023-01-10 00:38:16.085000,-0.36015328764915466,0.09224983304738998
2023-01-10 00:39:16.003000,-0.32924309372901917,0.1909840852022171
2023-01-10 00:40:16.014000,-0.4687328338623047,0.2029699981212616
2023-01-10 00:41:16.053000,-0.43745818734169006,0.20793423056602478
2023-01-10 00:42:15.978000,-0.43615204095840454,0.21239225566387177
2023-01-10 00:43:16.052000,-0.3927602767944336,0.2190055549144745
2023-01-10 00:44:16.151000,-0.3330291211605072,0.2267661988735199
2023-01-10 00:45:15.884000,-0.32746750116348267,0.234564408659935
2023-01-10 00:46:15.987000,-0.3656247556209564,0.2447138875722885
2023-01-10 00:47:16.190000,-0.2862001061439514,0.4114210307598114
2023-01-10 00:48:16.012000,-0.3231808841228485,0.5814439058303833
2023-01-10 00:49:15.922000,-0.34692543745040894,1.0091825723648071
2023-01-10 00:50:15.961000,-0.3648366928100586,1.1029245853424072
2023-01-10 00:51:15.980000,-0.43182373046875,1.11893630027771
2023-01-10 00:52:16.008000,-0.3717981278896332,1.136151671409607
2023-01-10 00:53:16.009000,-0.3953836262226105,1.1805247068405151
2023-01-10 00:54:16.044000,-0.3413171172142029,1.108447790145874
2023-01-10 00:55:15.931000,-0.2704943120479584,1.0961275100708008
2023-01-10 00:56:15.918000,-0.20825298130512238,1.1411200761795044
2023-01-10 00:57:16.048000,-0.35962817072868347,1.1279826164245605
2023-01-10 00:58:15.908000,-0.237598717212677,1.0314092636108398
2023-01-10 00:59:16.013000,-0.2322138547897339,1.1783897876739502
2023-01-10 01:00:15.978000,-0.18420399725437164,1.303718090057373
2023-01-10 01:01:15.932000,-0.24962134659290314,1.3839359283447266
2023-01-10 01:02:15.967000,-0.29897284507751465,1.4141311645507812
2023-01-10 01:03:16.003000,-0.25275784730911255,1.4232032299041748
2023-01-10 01:04:16.050000,-0.29715877771377563,1.4281443357467651
2023-01-10 01:05:15.926000,-0.2675654888153076,1.4499849081039429
2023-01-10 01:06:16,-0.22651849687099457,1.579069972038269
2023-01-10 01:07:15.960000,-0.2115466296672821,1.6829206943511963
2023-01-10 01:08:15.976000,-0.21510346233844757,1.7072173357009888
2023-01-10 01:09:16.026000,-0.24398325383663177,1.7202072143554688
2023-01-10 01:10:16.106000,-0.38199368119239807,1.7291884422302246
2023-01-10 01:11:15.990000,-0.40110722184181213,1.7381401062011719
2023-01-10 01:12:16.013000,-0.3736737072467804,1.7466741800308228
2023-01-10 01:13:15.881000,-0.3514362871646881,1.7611744403839111
2023-01-10 01:14:15.873000,-0.30344879627227783,1.7709587812423706
2023-01-10 01:15:16.007000,-0.38245537877082825,1.77861750125885
2023-01-10 01:16:16.143000,-0.22638079524040222,1.78699791431427
2023-01-10 01:17:15.972000,-0.22186189889907837,1.793267011642456
2023-01-10 01:18:16.027000,-0.25015169382095337,1.8032093048095703
2023-01-10 01:19:15.989000,-0.2598223388195038,1.8170784711837769
2023-01-10 01:20:15.917000,-0.2935504913330078,1.8215315341949463
2023-01-10 01:21:15.877000,-0.3082920014858246,1.8319613933563232
2023-01-10 01:22:15.904000,-0.30349200963974,1.8428536653518677
2023-01-10 01:23:15.970000,-0.3019075095653534,1.840842604637146
2023-01-10 01:24:16.020000,-0.3100344240665436,1.8499054908752441
2023-01-10 01:25:15.796000,-0.2631615400314331,1.8645237684249878
2023-01-10 01:26:15.884000,-0.3921467959880829,1.875006914138794
2023-01-10 01:27:15.964000,-0.36564135551452637,1.8821660280227661
2023-01-10 01:28:15.978000,-0.32159730792045593,1.8882038593292236
2023-01-10 01:29:16.003000,-0.36718103289604187,1.904423713684082
2023-01-10 01:30:15.961000,-0.4365461468696594,1.9151651859283447
2023-01-10 01:31:15.957000,-0.5272085666656494,1.927191972732544
2023-01-10 01:32:15.968000,-0.4370920956134796,1.9375488758087158
2023-01-10 01:33:16.060000,-0.352941632270813,1.946955680847168
2023-01-10 01:34:15.966000,-0.24823887646198273,1.9499132633209229
2023-01-10 01:35:15.828000,-0.224788099527359,1.9607287645339966
2023-01-10 01:36:15.989000,-0.1980217546224594,1.9745594263076782
2023-01-10 01:37:15.994000,-0.23158255219459534,1.9775581359863281
2023-01-10 01:38:15.974000,-0.1883096694946289,1.9802051782608032
2023-01-10 01:39:15.963000,-0.2606055438518524,1.986216425895691
2023-01-10 01:40:15.923000,-0.2923893630504608,1.9908959865570068
2023-01-10 01:41:15.877000,-0.33387666940689087,1.996155858039856
2023-01-10 01:42:15.860000,-0.40710553526878357,2.0027825832366943
2023-01-10 01:43:15.932000,-0.39908531308174133,2.007277011871338
2023-01-10 01:44:15.943000,-0.39541250467300415,2.0063111782073975
2023-01-10 01:45:16.001000,-0.45591965317726135,2.0170295238494873
2023-01-10 01:46:15.952000,-0.3767700791358948,2.0253844261169434
2023-01-10 01:47:15.976000,-0.5157855153083801,2.036665201187134
2023-01-10 01:48:15.906000,-0.4946885108947754,2.0445055961608887
2023-01-10 01:49:15.935000,-0.4676900804042816,2.049712657928467
2023-01-10 01:50:15.952000,-0.5075921416282654,2.0531439781188965
2023-01-10 01:51:15.895000,-0.516782820224762,2.0629522800445557
2023-01-10 01:52:15.991000,-0.5923408269882202,2.0755794048309326
2023-01-10 01:53:15.959000,-0.5478426814079285,2.078538179397583
2023-01-10 01:54:15.888000,-0.5780115723609924,2.0817103385925293
2023-01-10 01:55:16.099000,-0.5396592020988464,2.093876361846924
2023-01-10 01:56:16.054000,-0.44191160798072815,2.1005349159240723
2023-01-10 01:57:15.850000,-0.5569268465042114,2.1070868968963623
2023-01-10 01:58:15.959000,-0.5923244953155518,2.1173255443573
2023-01-10 01:59:15.867000,-0.5243579745292664,2.122105360031128
2023-01-10 02:00:15.820000,-0.4570322334766388,2.122760772705078
2023-01-10 02:01:15.887000,-0.5153641104698181,2.126976490020752
2023-01-10 02:02:15.990000,-0.4073660373687744,2.128218650817871
2023-01-10 02:03:15.899000,-0.3931504487991333,2.1319386959075928
2023-01-10 02:04:15.950000,-0.33134350180625916,2.13688063621521
2023-01-10 02:05:15.730000,-0.3318624794483185,2.14760422706604
2023-01-10 02:06:15.925000,-0.31030404567718506,2.153390407562256
2023-01-10 02:07:15.844000,-0.359945684671402,2.1547720432281494
2023-01-10 02:08:15.892000,-0.23738087713718414,2.157837390899658
2023-01-10 02:09:15.955000,-0.2403012216091156,2.166297674179077
2023-01-10 02:10:15.835000,-0.23270440101623535,2.1779322624206543
2023-01-10 02:11:15.871000,-0.23584088683128357,2.1847586631774902
2023-01-10 02:12:15.903000,-0.3192010223865509,2.186466932296753
2023-01-10 02:13:15.890000,-0.3036442697048187,2.1960067749023438
2023-01-10 02:14:15.883000,-0.502115786075592,2.2077865600585938
2023-01-10 02:15:15.795000,-0.4670391082763672,2.214919090270996
2023-01-10 02:16:15.952000,-0.36433297395706177,2.212892770767212
2023-01-10 02:17:15.860000,-0.287555456161499,2.2243738174438477
2023-01-10 02:18:15.893000,-0.2651402950286865,2.2274229526519775
2023-01-10 02:19:15.821000,-0.27935558557510376,2.2353734970092773
2023-01-10 02:20:15.901000,-0.2645152807235718,2.2403101921081543
2023-01-10 02:21:15.862000,-0.2299453616142273,2.253462076187134
2023-01-10 02:22:15.882000,-0.28943678736686707,2.255178451538086
2023-01-10 02:23:15.911000,-0.39576059579849243,2.258732557296753
2023-01-10 02:24:15.835000,-0.3331279754638672,2.2642478942871094
2023-01-10 02:25:15.914000,-0.3925134837627411,2.267709732055664
2023-01-10 02:26:15.905000,-0.31509172916412354,2.2718186378479004
2023-01-10 02:27:16.076000,-0.36561593413352966,2.2743616104125977
2023-01-10 02:28:15.867000,-0.38036784529685974,2.2779810428619385
2023-01-10 02:29:15.763000,-0.3834601938724518,2.280738353729248
2023-01-10 02:30:15.900000,-0.4259131848812103,2.2845866680145264
2023-01-10 02:31:15.998000,-0.389055073261261,2.3025052547454834
2023-01-10 02:32:15.756000,-0.5106123089790344,2.302830696105957
2023-01-10 02:33:15.891000,-0.5299261808395386,2.3025708198547363
2023-01-10 02:34:15.786000,-0.4101882576942444,2.310216188430786
2023-01-10 02:35:15.954000,-0.37582236528396606,2.3275277614593506
2023-01-10 02:36:15.927000,-0.47110599279403687,2.3311476707458496
2023-01-10 02:37:15.800000,-0.3899286389350891,2.3386101722717285
2023-01-10 02:38:15.836000,-0.42055076360702515,2.3381505012512207
2023-01-10 02:39:15.896000,-0.37686753273010254,2.3292980194091797
2023-01-10 02:40:15.853000,-0.369228333234787,2.347395181655884
2023-01-10 02:41:15.850000,-0.43933987617492676,2.356165647506714
2023-01-10 02:42:15.839000,-0.5145116448402405,2.354238748550415
2023-01-10 02:43:15.822000,-0.4833092987537384,2.368194580078125
2023-01-10 02:44:15.855000,-0.562766432762146,2.3698582649230957
2023-01-10 02:45:15.666000,-0.6329119205474854,2.371809720993042
2023-01-10 02:46:15.771000,-0.5659469962120056,2.374239206314087
2023-01-10 02:47:15.867000,-0.429817259311676,2.3640263080596924
2023-01-10 02:48:15.848000,-0.343254953622818,2.3720967769622803
2023-01-10 02:49:15.768000,-0.4753083884716034,2.387139320373535
2023-01-10 02:50:15.890000,-0.40660548210144043,2.401984453201294
2023-01-10 02:51:15.859000,-0.44788411259651184,2.4022068977355957
2023-01-10 02:52:15.798000,-0.5075384378433228,2.4141907691955566
2023-01-10 02:53:15.885000,-0.4002544581890106,2.4059085845947266
2023-01-10 02:54:15.680000,-0.3522166311740875,2.416242837905884
2023-01-10 02:55:15.810000,-0.38162410259246826,2.4164645671844482
2023-01-10 02:56:15.843000,-0.3740219175815582,2.4233429431915283
2023-01-10 02:57:15.787000,-0.3256179094314575,2.426135301589966
2023-01-10 02:58:15.869000,-0.3555852174758911,2.4229633808135986
2023-01-10 02:59:15.870000,-0.30660495162010193,2.414417028427124
2023-01-10 03:00:15.812000,-0.36909782886505127,2.42006254196167
2023-01-10 03:01:15.890000,-0.3131326735019684,2.4362025260925293
2023-01-10 03:02:15.825000,-0.5551002025604248,2.426313638687134
2023-01-10 03:03:15.874000,-0.5305456519126892,2.4273838996887207
2023-01-10 03:04:15.806000,-0.44576409459114075,2.4417781829833984
2023-01-10 03:05:16.053000,-0.3633171617984772,2.449009895324707
2023-01-10 03:06:15.750000,-0.2972908020019531,2.4564433097839355
2023-01-10 03:07:15.836000,-0.2648847997188568,2.448167085647583
2023-01-10 03:08:15.788000,-0.2682933211326599,2.4522738456726074
2023-01-10 03:09:15.790000,-0.2524723708629608,2.461108922958374
2023-01-10 03:10:15.815000,-0.21959981322288513,2.4556121826171875
2023-01-10 03:11:15.905000,-0.31899112462997437,2.4599170684814453
2023-01-10 03:12:15.831000,-0.2703295350074768,2.4543569087982178
2023-01-10 03:13:15.714000,-0.30177685618400574,2.4548826217651367
2023-01-10 03:14:15.824000,-0.3020259141921997,2.4556472301483154
2023-01-10 03:15:15.773000,-0.23464266955852509,2.4552831649780273
2023-01-10 03:16:15.931000,-0.23225386440753937,2.454902410507202
2023-01-10 03:17:15.819000,-0.21985508501529694,2.4479801654815674
2023-01-10 03:18:15.855000,-0.22943797707557678,2.459249973297119
2023-01-10 03:19:15.756000,-0.2545861005783081,2.4642114639282227
2023-01-10 03:20:15.859000,-0.44392862915992737,2.476278305053711
2023-01-10 03:21:15.798000,-0.5991854071617126,2.467231035232544
2023-01-10 03:22:15.821000,-0.5006197094917297,2.4713516235351562
2023-01-10 03:23:15.720000,-0.3673180043697357,2.4695990085601807
2023-01-10 03:24:15.867000,-0.3609606921672821,2.476072311401367
2023-01-10 03:25:15.649000,-0.3597548305988312,2.478745937347412
2023-01-10 03:26:15.707000,-0.3468153774738312,2.490187168121338
2023-01-10 03:27:16.299000,-0.365324467420578,2.477358102798462
2023-01-10 03:28:15.919000,-0.38200128078460693,2.4768288135528564
2023-01-10 03:29:16.191000,-0.43096256256103516,2.4791104793548584
2023-01-10 03:30:15.765000,-0.4449482560157776,2.472486734390259
2023-01-10 03:31:15.675000,-0.5024283528327942,2.4736576080322266
2023-01-10 03:32:15.830000,-0.4784142076969147,2.489816904067993
2023-01-10 03:33:15.770000,-0.5857750177383423,2.4885590076446533
2023-01-10 03:34:15.697000,-0.5926734805107117,2.4982199668884277
2023-01-10 03:35:15.695000,-0.5752251744270325,2.4915263652801514
2023-01-10 03:36:15.748000,-0.34123003482818604,2.4976916313171387
2023-01-10 03:37:15.717000,-0.31621116399765015,2.5030016899108887
2023-01-10 03:38:15.787000,-0.3885636031627655,2.507214307785034
2023-01-10 03:39:15.903000,-0.37351664900779724,2.5094692707061768
2023-01-10 03:40:15.859000,-0.39035481214523315,2.504978895187378
2023-01-10 03:41:15.826000,-0.430620938539505,2.5021557807922363
2023-01-10 03:42:15.718000,-0.5502336621284485,2.504755735397339
2023-01-10 03:43:15.664000,-0.4945529103279114,2.513075351715088
2023-01-10 03:44:15.777000,-0.46336105465888977,2.5125739574432373
2023-01-10 03:45:15.714000,-0.41036343574523926,2.5185976028442383
2023-01-10 03:46:15.816000,-0.44880935549736023,2.500523090362549
2023-01-10 03:47:15.820000,-0.42189377546310425,2.487604856491089
2023-01-10 03:48:15.792000,-0.3889065086841583,2.4987947940826416
2023-01-10 03:49:15.859000,-0.370205283164978,2.503722667694092
2023-01-10 03:50:15.673000,-0.3156530559062958,2.509528875350952
2023-01-10 03:51:15.681000,-0.597140908241272,2.4959166049957275
2023-01-10 03:52:15.760000,-0.5253075361251831,2.481367349624634
2023-01-10 03:53:15.826000,-0.3583298921585083,2.4770212173461914
2023-01-10 03:54:15.756000,-0.32178041338920593,2.4815688133239746
2023-01-10 03:55:15.825000,-0.335541695356369,2.476644515991211
2023-01-10 03:56:15.732000,-0.24948225915431976,2.4794797897338867
2023-01-10 03:57:15.780000,-0.4068807363510132,2.4814906120300293
2023-01-10 03:58:15.763000,-0.4346614181995392,2.468294620513916
2023-01-10 03:59:15.684000,-0.43571922183036804,2.46323299407959
2023-01-10 04:00:15.697000,-0.4519881010055542,2.479678153991699
2023-01-10 04:01:15.802000,-0.32935312390327454,2.461796522140503
2023-01-10 04:02:15.756000,-0.28998279571533203,2.4693350791931152
2023-01-10 04:03:15.863000,-0.35093820095062256,2.46943998336792
2023-01-10 04:04:15.752000,-0.3992408514022827,2.4723312854766846
2023-01-10 04:05:15.584000,-0.3928680121898651,2.468580961227417
2023-01-10 04:06:15.754000,-0.3860146403312683,2.4603443145751953
2023-01-10 04:07:15.714000,-0.34340959787368774,2.4546332359313965
2023-01-10 04:08:15.670000,-0.44523629546165466,2.4518513679504395
2023-01-10 04:09:15.706000,-0.508083701133728,2.450754165649414
2023-01-10 04:10:15.727000,-0.7004598379135132,2.4657938480377197
2023-01-10 04:11:15.730000,-0.5905941724777222,2.465296983718872
2023-01-10 04:12:15.660000,-0.5331991910934448,2.4811744689941406
2023-01-10 04:13:15.885000,-0.5477486848831177,2.474246025085449
2023-01-10 04:14:15.628000,-0.517365574836731,2.4476239681243896
2023-01-10 04:15:15.853000,-0.5164150595664978,2.450808048248291
2023-01-10 04:16:15.642000,-0.5018393397331238,2.4528563022613525
2023-01-10 04:17:15.762000,-0.44697239995002747,2.447237491607666
2023-01-10 04:18:15.774000,-0.3120957911014557,2.4407334327697754
2023-01-10 04:19:15.655000,-0.377102255821228,2.447908401489258
2023-01-10 04:20:15.745000,-0.2502257823944092,2.455390453338623
2023-01-10 04:21:15.738000,-0.24112126231193542,2.4551804065704346
2023-01-10 04:22:15.665000,-0.3310617208480835,2.4409947395324707
2023-01-10 04:23:15.695000,-0.32670995593070984,2.428297758102417
2023-01-10 04:24:15.747000,-0.37270963191986084,2.4435369968414307
2023-01-10 04:25:15.621000,-0.2960279881954193,2.4328596591949463
2023-01-10 04:26:15.670000,-0.3234151303768158,2.4199702739715576
2023-01-10 04:27:15.786000,-0.3571229875087738,2.421967029571533
2023-01-10 04:28:15.667000,-0.4120175242424011,2.427619218826294
2023-01-10 04:29:15.722000,-0.392113596200943,2.4355905055999756
2023-01-10 04:30:15.635000,-0.38908547163009644,2.435576915740967
2023-01-10 04:31:15.760000,-0.37274813652038574,2.418670415878296
2023-01-10 04:32:15.750000,-0.32166388630867004,2.420166254043579
2023-01-10 04:33:15.770000,-0.36561277508735657,2.413076400756836
2023-01-10 04:34:15.675000,-0.3533019423484802,2.404686212539673
2023-01-10 04:35:15.679000,-0.4167819321155548,2.4075236320495605
2023-01-10 04:36:15.795000,-0.5672854781150818,2.4124813079833984
2023-01-10 04:37:15.710000,-0.6085681319236755,2.4161643981933594
2023-01-10 04:38:15.729000,-0.551297128200531,2.402071475982666
2023-01-10 04:39:15.604000,-0.6245082020759583,2.3889706134796143
2023-01-10 04:40:15.483000,-0.7329778671264648,2.381967067718506
2023-01-10 04:41:15.681000,-0.628940761089325,2.40101957321167
2023-01-10 04:42:15.636000,-0.5516623258590698,2.4042115211486816
2023-01-10 04:43:15.705000,-0.5367133617401123,2.401798963546753
2023-01-10 04:44:15.740000,-0.6117108464241028,2.4031054973602295
2023-01-10 04:45:15.693000,-0.5122370719909668,2.3792202472686768
2023-01-10 04:46:15.591000,-0.597952663898468,2.4012231826782227
2023-01-10 04:47:15.649000,-0.6219726204872131,2.40195894241333
2023-01-10 04:48:15.760000,-0.653510570526123,2.391080856323242
2023-01-10 04:49:15.706000,-0.6355065703392029,2.389432430267334
2023-01-10 04:50:15.600000,-0.6678860187530518,2.3878443241119385
2023-01-10 04:51:15.697000,-0.6181647777557373,2.3828701972961426
2023-01-10 04:52:15.780000,-0.6152551174163818,2.3738784790039062
2023-01-10 04:53:15.720000,-0.37451204657554626,2.3594913482666016
2023-01-10 04:54:15.710000,-0.35969117283821106,2.3555150032043457
2023-01-10 04:55:15.674000,-0.3743589520454407,2.348536968231201
2023-01-10 04:56:15.614000,-0.23793673515319824,2.360267162322998
2023-01-10 04:57:15.659000,-0.29131144285202026,2.356394052505493
2023-01-10 04:58:15.722000,-0.3383094072341919,2.3391027450561523
2023-01-10 04:59:15.560000,-0.36501196026802063,2.334862470626831
2023-01-10 05:00:15.727000,-0.32993844151496887,2.3297078609466553
2023-01-10 05:01:15.622000,-0.26761549711227417,2.3264331817626953
2023-01-10 05:02:15.637000,-0.22496144473552704,2.3211052417755127
2023-01-10 05:03:15.666000,-0.24081368744373322,2.3276631832122803
2023-01-10 05:04:15.547000,-0.22214756906032562,2.314913034439087
2023-01-10 05:05:15.625000,-0.21593834459781647,2.296670436859131
2023-01-10 05:06:15.647000,-0.2511478364467621,2.295421838760376
2023-01-10 05:07:15.687000,-0.21816213428974152,2.2850356101989746
2023-01-10 05:08:15.664000,-0.3310273587703705,2.2775626182556152
2023-01-10 05:09:15.624000,-0.30127161741256714,2.2780864238739014
2023-01-10 05:10:15.621000,-0.32746633887290955,2.277387857437134
2023-01-10 05:11:15.589000,-0.4311201274394989,2.2778584957122803
2023-01-10 05:12:15.667000,-0.46394121646881104,2.2718539237976074
2023-01-10 05:13:15.641000,-0.40444085001945496,2.2653069496154785
2023-01-10 05:14:15.646000,-0.2595812678337097,2.248631000518799
2023-01-10 05:15:15.426000,-0.2832174599170685,2.2331111431121826
2023-01-10 05:16:15.597000,-0.2762688398361206,2.2321317195892334
2023-01-10 05:17:15.600000,-0.25241619348526,2.2253434658050537
2023-01-10 05:18:15.595000,-0.29105767607688904,2.2177622318267822
2023-01-10 05:19:15.643000,-0.3299499452114105,2.213576078414917
2023-01-10 05:20:15.526000,-0.3197055757045746,2.213451862335205
2023-01-10 05:21:15.790000,-0.3782815635204315,2.204145908355713
2023-01-10 05:22:15.628000,-0.28034427762031555,2.198699474334717
2023-01-10 05:23:15.633000,-0.2662900388240814,2.1838839054107666
2023-01-10 05:24:15.621000,-0.36789828538894653,2.182392120361328
2023-01-10 05:25:15.627000,-0.2956191301345825,2.1912755966186523
2023-01-10 05:26:15.590000,-0.34783750772476196,2.1847076416015625
2023-01-10 05:27:15.654000,-0.36139100790023804,2.1780025959014893
2023-01-10 05:28:15.635000,-0.4430844187736511,2.16736102104187
2023-01-10 05:29:15.610000,-0.5534908175468445,2.1615498065948486
2023-01-10 05:30:15.628000,-0.42833390831947327,2.1617188453674316
2023-01-10 05:31:15.603000,-0.30312925577163696,2.1572821140289307
2023-01-10 05:32:15.640000,-0.3274143636226654,2.154179096221924
2023-01-10 05:33:15.612000,-0.3124975562095642,2.143620252609253
2023-01-10 05:34:15.707000,-0.2966299057006836,2.128687620162964
2023-01-10 05:35:15.670000,-0.32232388854026794,2.132108449935913
2023-01-10 05:36:15.607000,-0.25427839159965515,2.1311404705047607
2023-01-10 05:37:15.619000,-0.3078785836696625,2.1280035972595215
2023-01-10 05:38:16.059000,-0.22246044874191284,2.118239402770996
2023-01-10 05:39:15.665000,-0.26107144355773926,2.1118507385253906
2023-01-10 05:40:15.783000,-0.2074308842420578,2.0931339263916016
2023-01-10 05:41:15.599000,-0.2496512532234192,2.0874974727630615
2023-01-10 05:42:15.576000,-0.29768356680870056,2.09832501411438
2023-01-10 05:43:15.535000,-0.360219806432724,2.090723991394043
2023-01-10 05:44:15.504000,-0.4015432596206665,2.062612295150757
2023-01-10 05:45:15.613000,-0.4093917906284332,2.041038751602173
2023-01-10 05:46:15.600000,-0.40805548429489136,2.042471408843994
2023-01-10 05:47:15.515000,-0.38115498423576355,2.041530132293701
2023-01-10 05:48:15.519000,-0.4897184669971466,2.034238815307617
2023-01-10 05:49:15.629000,-0.31486940383911133,2.029496192932129
2023-01-10 05:50:15.373000,-0.37226396799087524,2.020392894744873
2023-01-10 05:51:16.057000,-0.34835609793663025,2.012509822845459
2023-01-10 05:52:16.057000,-0.4907311201095581,2.0026042461395264
2023-01-10 05:53:16.016000,-0.5562805533409119,1.9934693574905396
2023-01-10 05:54:16.187000,-0.36973243951797485,1.988039255142212
2023-01-10 05:55:15.952000,-0.32917478680610657,1.9860414266586304
2023-01-10 05:56:15.770000,-0.4533334970474243,1.9883697032928467
2023-01-10 05:57:15.726000,-0.49485087394714355,1.9818878173828125
2023-01-10 05:58:15.748000,-0.48414146900177,1.9808684587478638
2023-01-10 05:59:15.925000,-0.6306652426719666,1.9826514720916748
2023-01-10 06:00:15.507000,-0.7776066064834595,1.9675545692443848
2023-01-10 06:01:16.063000,-0.9799946546554565,1.958746075630188
2023-01-10 06:02:15.524000,-0.8777424693107605,1.9487825632095337
2023-01-10 06:03:15.752000,-0.627780020236969,1.9419496059417725
2023-01-10 06:04:15.516000,-0.5285249948501587,1.9343276023864746
2023-01-10 06:05:15.999000,-0.4645959436893463,1.9333080053329468
2023-01-10 06:06:15.503000,-0.5266356468200684,1.925266981124878
2023-01-10 06:07:15.797000,-0.43198415637016296,1.9162639379501343
2023-01-10 06:08:15.863000,-0.4812822937965393,1.8907349109649658
2023-01-10 06:09:15.465000,-0.4745635688304901,1.8582040071487427
2023-01-10 06:10:15.732000,-0.5409646034240723,1.8138619661331177
2023-01-10 06:11:15.730000,-0.4818643629550934,1.7929364442825317
2023-01-10 06:12:15.673000,-0.3869427740573883,1.726904034614563
2023-01-10 06:13:15.737000,-0.3858455419540405,1.7133917808532715
2023-01-10 06:14:15.710000,-0.3062974810600281,1.7057641744613647
2023-01-10 06:15:15.735000,-0.323615700006485,1.6868784427642822
2023-01-10 06:16:15.725000,-0.3321472406387329,1.623891830444336
2023-01-10 06:17:15.759000,-0.36113637685775757,1.5950275659561157
2023-01-10 06:18:15.729000,-0.46668222546577454,1.5656459331512451
2023-01-10 06:19:15.673000,-0.5068707466125488,1.5473045110702515
2023-01-10 06:20:15.717000,-0.36552003026008606,1.507204532623291
2023-01-10 06:21:15.736000,-0.42117810249328613,1.4658719301223755
2023-01-10 06:22:15.735000,-0.4067211449146271,1.452103853225708
2023-01-10 06:23:15.757000,-0.3147134482860565,1.390702247619629
2023-01-10 06:24:15.722000,-0.23680272698402405,1.4179226160049438
2023-01-10 06:25:15.899000,-0.19780787825584412,1.3467532396316528
2023-01-10 06:26:15.799000,-0.18264944851398468,1.3535524606704712
2023-01-10 06:27:15.711000,-0.16526778042316437,1.3671990633010864
2023-01-10 06:28:15.768000,-0.170075923204422,1.2514177560806274
2023-01-10 06:29:15.712000,-0.18064570426940918,1.2024528980255127
2023-01-10 06:30:15.639000,-0.5283680558204651,1.2487401962280273
2023-01-10 06:31:15.723000,-0.49404415488243103,1.3255720138549805
2023-01-10 06:32:15.654000,-0.5295085906982422,1.3731495141983032
2023-01-10 06:33:15.754000,-0.5258376002311707,1.4744492769241333
2023-01-10 06:34:15.704000,-0.4994622468948364,1.5374380350112915
2023-01-10 06:35:15.554000,-0.5051864385604858,1.544169306755066
2023-01-10 06:36:15.746000,-0.4791039228439331,1.501879334449768
2023-01-10 06:37:15.693000,-0.6590462923049927,1.3094499111175537
2023-01-10 06:38:15.839000,-0.5035679936408997,1.2866032123565674
2023-01-10 06:39:15.710000,-0.5039953589439392,1.3384528160095215
2023-01-10 06:40:15.742000,-0.5001967549324036,1.3846808671951294
2023-01-10 06:41:15.641000,-0.5861122608184814,1.4487590789794922
2023-01-10 06:42:15.665000,-0.5478826761245728,1.4544408321380615
2023-01-10 06:43:15.698000,-0.6049711108207703,1.3679494857788086
2023-01-10 06:44:15.661000,-0.6099528074264526,1.2721160650253296
2023-01-10 06:45:15.650000,-0.5939908623695374,1.26116943359375
2023-01-10 06:46:15.667000,-0.5668675899505615,1.2318594455718994
2023-01-10 06:47:15.692000,-0.5041183829307556,1.2287049293518066
2023-01-10 06:48:15.740000,-0.5555878281593323,1.2157708406448364
2023-01-10 06:49:15.681000,-0.3261095881462097,1.2126609086990356
2023-01-10 06:50:15.645000,-0.4013090431690216,1.2234934568405151
2023-01-10 06:51:15.711000,-0.37822479009628296,1.1853736639022827
2023-01-10 06:52:15.716000,-0.2791021466255188,1.105942964553833
2023-01-10 06:53:15.606000,-0.296450138092041,1.0254735946655273
2023-01-10 06:54:15.732000,-0.3364265561103821,0.9742973446846008
2023-01-10 06:55:15.848000,-0.352893590927124,0.9681198596954346
2023-01-10 06:56:15.930000,-0.3132392466068268,0.9750911593437195
2023-01-10 06:57:15.650000,-0.3179207444190979,0.9687440991401672
2023-01-10 06:58:15.775000,-0.28793075680732727,0.9257097840309143
2023-01-10 06:59:15.675000,-0.360302209854126,0.8521266579627991
2023-01-10 07:00:15.741000,-0.34165260195732117,0.8481712341308594
2023-01-10 07:01:15.712000,-0.3507997393608093,0.8613054752349854
2023-01-10 07:02:15.703000,-0.44113418459892273,0.8705075979232788
2023-01-10 07:03:15.639000,-0.38585907220840454,0.8509183526039124
2023-01-10 07:04:15.676000,-0.3820649981498718,0.8413932919502258
2023-01-10 07:05:15.739000,-0.3937937021255493,0.7429757118225098
2023-01-10 07:06:15.627000,-0.32874658703804016,0.6388601064682007
2023-01-10 07:07:15.641000,-0.4247067868709564,0.5999969840049744
2023-01-10 07:08:15.647000,-0.43019017577171326,0.5423912405967712
2023-01-10 07:09:15.627000,-0.29858338832855225,0.556035578250885
2023-01-10 07:10:15.502000,-0.3539835512638092,0.5219372510910034
2023-01-10 07:11:15.639000,-0.47052067518234253,0.49559009075164795
2023-01-10 07:12:15.673000,-0.5079182386398315,0.4563165009021759
2023-01-10 07:13:15.678000,-0.563567578792572,0.4497467875480652
2023-01-10 07:14:15.609000,-0.48413410782814026,0.4315805435180664
2023-01-10 07:15:15.673000,-0.449930876493454,0.4329015016555786
2023-01-10 07:16:15.632000,-0.42868518829345703,0.4506920576095581
2023-01-10 07:17:15.653000,-0.4280877113342285,0.4071758985519409
2023-01-10 07:18:15.685000,-0.4053354561328888,0.4564000070095062
2023-01-10 07:19:15.636000,-0.43972891569137573,0.5557247400283813
2023-01-10 07:20:15.655000,-0.48447132110595703,0.584443211555481
2023-01-10 07:21:15.608000,-0.49211207032203674,0.5911484360694885
2023-01-10 07:22:15.638000,-0.47575804591178894,0.6044737696647644
2023-01-10 07:23:15.567000,-0.4537798762321472,0.6834654211997986
2023-01-10 07:24:15.606000,-0.44602394104003906,0.6643351912498474
2023-01-10 07:25:15.581000,-0.38438743352890015,0.6035980582237244
2023-01-10 07:26:15.688000,-0.5544015765190125,0.5657910108566284
2023-01-10 07:27:15.598000,-0.33702990412712097,0.5538536906242371
2023-01-10 07:28:15.644000,-0.2863318920135498,0.4735983610153198
2023-01-10 07:29:15.525000,-0.3517066240310669,0.4834141135215759
2023-01-10 07:30:15.638000,-0.3612140715122223,0.44911423325538635
2023-01-10 07:31:15.840000,-0.3353203237056732,0.3953854739665985
2023-01-10 07:32:15.707000,-0.3489598035812378,0.34796738624572754
2023-01-10 07:33:15.638000,-0.35718297958374023,0.30169788002967834
2023-01-10 07:34:15.622000,-0.3141167163848877,0.2754005193710327
2023-01-10 07:35:15.582000,-0.3750400245189667,0.2649533450603485
2023-01-10 07:36:15.675000,-0.25794556736946106,0.2575055658817291
2023-01-10 07:37:15.674000,-0.387736976146698,0.2593904435634613
2023-01-10 07:38:15.587000,-0.4380292594432831,0.2405051589012146
2023-01-10 07:39:15.548000,-0.4144623875617981,0.22290191054344177
2023-01-10 07:40:15.622000,-0.3700348436832428,0.21126848459243774
2023-01-10 07:41:15.626000,-0.3311416208744049,0.19989973306655884
2023-01-10 07:42:15.601000,-0.34885209798812866,0.19102421402931213
2023-01-10 07:43:15.623000,-0.33045417070388794,0.18298982083797455
2023-01-10 07:44:15.578000,-0.335769385099411,0.177728533744812
2023-01-10 07:45:15.431000,-0.29644134640693665,0.17307396233081818
2023-01-10 07:46:15.671000,-0.3307778835296631,0.17040933668613434
2023-01-10 07:47:15.579000,-0.3052619397640228,0.16852009296417236
2023-01-10 07:48:15.589000,-0.35185369849205017,0.1668158918619156
2023-01-10 07:49:15.652000,-0.45660004019737244,0.16600874066352844
2023-01-10 07:50:15.596000,-0.513006865978241,0.1644904762506485
2023-01-10 07:51:15.635000,-0.4562283456325531,0.16186216473579407
2023-01-10 07:52:15.592000,-0.34787824749946594,0.15901516377925873
2023-01-10 07:53:15.544000,-0.3554937541484833,0.15399736166000366
2023-01-10 07:54:15.629000,-0.2562664747238159,0.14795120060443878
2023-01-10 07:55:15.576000,-0.36668699979782104,0.14003992080688477
2023-01-10 07:56:15.622000,-0.41247954964637756,0.13159438967704773
2023-01-10 07:57:15.640000,-0.3137357532978058,0.12272804975509644
2023-01-10 07:58:15.617000,-0.2889583706855774,0.11325135082006454
2023-01-10 07:59:15.564000,-0.32654717564582825,0.10507211834192276
2023-01-10 08:00:15.512000,-0.3645738363265991,0.09758999943733215
2023-01-10 08:01:15.708000,-0.35405945777893066,0.08881621062755585
2023-01-10 08:02:15.551000,-0.4191816747188568,0.08031187206506729
2023-01-10 08:03:15.572000,-0.32009708881378174,0.0738523006439209
2023-01-10 08:04:15.543000,-0.3540847897529602,0.06707192212343216
2023-01-10 08:05:15.583000,-0.2679287791252136,0.06109974905848503
2023-01-10 08:06:15.684000,-0.26932790875434875,0.05513337254524231
2023-01-10 08:07:15.792000,-0.3161461353302002,0.05054206773638725
2023-01-10 08:08:15.618000,-0.2727530002593994,0.0457717627286911
2023-01-10 08:09:15.568000,-0.29036810994148254,0.025346878916025162
2023-01-10 08:10:15.702000,-0.2641710042953491,0.00974361877888441
2023-01-10 08:11:15.578000,-0.2660152018070221,0.007830675691366196
2023-01-10 08:12:15.583000,-0.24561235308647156,0.006027051247656345
2023-01-10 08:13:15.621000,-0.23542079329490662,0.003973581362515688
2023-01-10 08:14:15.583000,-0.1999378651380539,0.0019962682854384184
2023-01-10 08:15:15.522000,-0.30248185992240906,0.0003272439062129706
2023-01-10 08:16:15.545000,-0.16326101124286652,-0.0013036249438300729
2023-01-10 08:17:15.493000,-0.15968090295791626,-0.002364847809076309
2023-01-10 08:18:15.584000,-0.2506665289402008,-0.0036876529920846224
2023-01-10 08:19:15.577000,-0.25306886434555054,-0.003886230755597353
2023-01-10 08:20:15.381000,-0.35105809569358826,-0.004682285711169243
2023-01-10 08:21:15.549000,-0.2645139992237091,-0.005260952282696962
2023-01-10 08:22:15.614000,-0.27155134081840515,-0.005808799993246794
2023-01-10 08:23:15.550000,-0.22429394721984863,-0.004097930155694485
2023-01-10 08:24:15.530000,-0.21038395166397095,-0.00504676066339016
2023-01-10 08:25:15.620000,-0.2848000228404999,-0.005198489874601364
2023-01-10 08:26:15.634000,-0.44048789143562317,-0.0034917953889817
2023-01-10 08:27:15.599000,-0.5706577897071838,-0.002306288806721568
2023-01-10 08:28:15.540000,-0.4674232006072998,-0.0023799333721399307
2023-01-10 08:29:15.581000,-0.4810054898262024,-0.00232444005087018
2023-01-10 08:30:15.616000,-0.5368533134460449,-0.002359509700909257
2023-01-10 08:31:15.589000,-0.5554115772247314,-0.002315340330824256
2023-01-10 08:32:15.594000,-0.5074220299720764,-0.0022585897240787745
2023-01-10 08:33:15.615000,-0.5367444753646851,-0.0021759781520813704
2023-01-10 08:34:15.492000,-0.49553173780441284,-0.0022538260091096163
2023-01-10 08:35:15.598000,-0.43449386954307556,-0.002191999927163124
2023-01-10 08:36:15.542000,-0.48812514543533325,-0.0023454884067177773
2023-01-10 08:37:15.584000,-0.4348728358745575,-0.0024023414589464664
2023-01-10 08:38:15.642000,-0.4616072177886963,-0.0023428371641784906
2023-01-10 08:39:15.703000,-0.4395829141139984,-0.0020889362785965204
2023-01-10 08:40:15.652000,-0.4779064357280731,-0.0023217617999762297
2023-01-10 08:41:15.636000,-0.47605079412460327,-0.002284787129610777
2023-01-10 08:42:15.871000,-0.3749825060367584,-0.00231760460883379
2023-01-10 08:43:15.520000,-0.34770455956459045,-0.0022386121563613415
2023-01-10 08:44:15.513000,-0.4597840905189514,-0.0023147715255618095
2023-01-10 08:45:15.563000,-0.4670449495315552,-0.0023612692020833492
2023-01-10 08:46:15.492000,-0.3642007112503052,-0.0023544488940387964
2023-01-10 08:47:15.563000,-0.3746531307697296,-0.0023151428904384375
2023-01-10 08:48:15.549000,-0.358569473028183,-0.00225977785885334
2023-01-10 08:49:15.566000,-0.5556199550628662,-0.0023034634068608284
2023-01-10 08:50:15.451000,-0.5520764589309692,-0.002347347792237997
2023-01-10 08:51:15.612000,-0.5784319043159485,-0.002274092985317111
2023-01-10 08:52:15.672000,-0.6865421533584595,-0.002340743551030755
2023-01-10 08:53:15.601000,-0.8218516111373901,-0.0022859512828290462
2023-01-10 08:54:15.464000,-0.8087929487228394,-0.002405955456197262
2023-01-10 08:55:15.324000,-0.7366493940353394,-0.002420785604044795
2023-01-10 08:56:15.504000,-0.6930890679359436,-0.002276066690683365
2023-01-10 08:57:15.600000,-0.7207639217376709,-0.0023781219497323036
2023-01-10 08:58:15.588000,-0.7268595099449158,-0.0023275676649063826
2023-01-10 08:59:15.450000,-0.7579442262649536,-0.0023065453860908747
2023-01-10 09:00:15.485000,-0.8487334847450256,-0.00230459519661963
2023-01-10 09:01:15.617000,-0.7786977291107178,-0.0024362041149288416
2023-01-10 09:02:15.494000,-0.7985754013061523,-0.002310545416548848
2023-01-10 09:03:15.505000,-0.7783610820770264,-0.0022939301561564207
2023-01-10 09:04:15.538000,-0.8760425448417664,-0.002377829747274518
2023-01-10 09:05:15.436000,-0.8842797875404358,-0.0023948694579303265
2023-01-10 09:06:15.529000,-1.0123884677886963,-0.002189545426517725
2023-01-10 09:07:15.565000,-0.8205487728118896,-0.0024008462205529213
2023-01-10 09:08:15.515000,-0.777973473072052,-0.0023655227851122618
2023-01-10 09:09:15.589000,-0.8149045705795288,-0.0023448627907782793
2023-01-10 09:10:15.615000,-0.7502322793006897,-0.002334489719942212
2023-01-10 09:11:15.459000,-0.7596936225891113,-0.0023345581721514463
2023-01-10 09:12:15.574000,-0.7713603377342224,-0.0023422162048518658
2023-01-10 09:13:15.496000,-0.6883670687675476,-0.00223966664634645
2023-01-10 09:14:15.496000,-0.6992821097373962,-0.002355428645387292
2023-01-10 09:15:15.708000,-0.6932883858680725,-0.0024620555341243744
2023-01-10 09:16:15.728000,-0.7375926375389099,-0.002073880983516574
2023-01-10 09:17:15.512000,-0.7342854142189026,-0.0025004721246659756
2023-01-10 09:18:15.417000,-0.7545787692070007,-0.002088549081236124
2023-01-10 09:19:15.522000,-0.7498858571052551,-0.0021115094423294067
2023-01-10 09:20:15.532000,-0.8309041261672974,-0.0023594528902322054
2023-01-10 09:21:15.521000,-0.8361834287643433,-0.002518000081181526
2023-01-10 09:22:15.465000,-0.8654637932777405,-0.0021712682209908962
2023-01-10 09:23:15.509000,-0.7868125438690186,-0.002288700081408024
2023-01-10 09:24:15.469000,-0.9154872298240662,-0.002416535746306181
2023-01-10 09:25:15.467000,-1.1484768390655518,-0.002298675011843443
2023-01-10 09:26:15.564000,-1.191523551940918,-0.0023627178743481636
2023-01-10 09:27:15.510000,-1.246472716331482,-0.002415450057014823
2023-01-10 09:28:15.556000,-1.2110342979431152,-0.0023072438780218363
2023-01-10 09:29:15.479000,-0.8380478620529175,-0.002338550053536892
2023-01-10 09:30:15.323000,-0.7732849717140198,-0.0024169269017875195
2023-01-10 09:31:15.493000,-0.6185939311981201,-0.0023685263004153967
2023-01-10 09:32:15.602000,-0.551190972328186,-0.002442324301227927
2023-01-10 09:33:15.561000,-0.5979312062263489,-0.002383478218689561
2023-01-10 09:34:15.661000,-0.6152381300926208,-0.0024158665910363197
2023-01-10 09:35:15.521000,-0.625076413154602,-0.0022199165541678667
2023-01-10 09:36:15.407000,-0.5039318203926086,-0.0024133999831974506
2023-01-10 09:37:15.446000,-0.5052830576896667,-0.002420727163553238
2023-01-10 09:38:15.563000,-0.7084845900535583,-0.0024993158876895905
2023-01-10 09:39:15.537000,-0.6746991276741028,-0.002437500050291419
2023-01-10 09:40:15.438000,-0.7346629500389099,-0.0022698610555380583
2023-01-10 09:41:15.388000,-0.7672411799430847,-0.002421738114207983
2023-01-10 09:42:15.497000,-0.8613665699958801,-0.002335937460884452
2023-01-10 09:43:15.507000,-0.8526132106781006,-0.0022923455107957125
2023-01-10 09:44:15.465000,-0.9328579306602478,-0.0023438138887286186
2023-01-10 09:45:15.479000,-0.8457658886909485,-0.0024493946693837643
2023-01-10 09:46:15.487000,-0.6030352115631104,-0.0022540930658578873
2023-01-10 09:47:15.476000,-0.6289088129997253,-0.0021541020832955837
2023-01-10 09:48:15.404000,-0.6758013367652893,-0.0023560416884720325
2023-01-10 09:49:15.489000,-0.6938681602478027,-0.0024162381887435913
2023-01-10 09:50:15.412000,-0.6961107850074768,-0.002284409012645483
2023-01-10 09:51:15.552000,-0.8105763792991638,-0.0024945116601884365
2023-01-10 09:52:15.465000,-0.5850031971931458,-0.0024627805687487125
2023-01-10 09:53:15.385000,-0.5550311803817749,-0.002457977272570133
2023-01-10 09:54:15.341000,-0.49367812275886536,-0.002451641485095024
2023-01-10 09:55:15.483000,-0.5287109017372131,-0.0023074999917298555
2023-01-10 09:56:15.667000,-0.5443350672721863,-0.0024516326375305653
2023-01-10 09:57:15.389000,-0.6115543842315674,-0.00242311111651361
2023-01-10 09:58:15.457000,-0.5870069861412048,-0.0023981714621186256
2023-01-10 09:59:15.535000,-0.5114176273345947,-0.002440255368128419
2023-01-10 10:00:15.465000,-0.5452022552490234,-0.002441979479044676
2023-01-10 10:01:15.365000,-0.5496801733970642,-0.0024920227006077766
2023-01-10 10:02:15.458000,-0.5850885510444641,-0.0023203061427921057
2023-01-10 10:03:15.328000,-0.659938395023346,-0.0023700199089944363
2023-01-10 10:04:15.466000,-0.7998585104942322,-0.002362234052270651
2023-01-10 10:05:15.222000,-0.6626601219177246,-0.002515127183869481
2023-01-10 10:06:15.444000,-0.6469777226448059,-0.0023475531488656998
2023-01-10 10:07:15.426000,-0.6285271048545837,-0.0024098223075270653
2023-01-10 10:08:15.348000,-0.6365776062011719,-0.002441979246214032
2023-01-10 10:09:15.463000,-0.7254236340522766,-0.002465324243530631
2023-01-10 10:10:15.443000,-0.6559913158416748,-0.0024154665879905224
2023-01-10 10:11:15.398000,-0.6991615891456604,-0.002525942400097847
2023-01-10 10:12:15.335000,-0.7369832396507263,-0.0023652499075978994
2023-01-10 10:13:15.380000,-0.6398547887802124,-0.002398804761469364
2023-01-10 10:14:15.368000,-0.567038357257843,-0.0024211620911955833
2023-01-10 10:15:15.439000,-0.5753451585769653,-0.002297879895195365
2023-01-10 10:16:15.425000,-0.5385289192199707,-0.0023939511738717556
2023-01-10 10:17:15.415000,-0.551545262336731,-0.00229814276099205
2023-01-10 10:18:15.353000,-0.5802224278450012,-0.002458099974319339
2023-01-10 10:19:15.572000,-0.6423806548118591,-0.002375358482822776
2023-01-10 10:20:15.542000,-0.6831686496734619,-0.002312254859134555
2023-01-10 10:21:15.443000,-0.6781697869300842,-0.0024697105400264263
2023-01-10 10:22:15.411000,-0.7198047637939453,-0.002343809464946389
2023-01-10 10:23:15.383000,-0.7227288484573364,-0.002496204571798444
2023-01-10 10:24:15.455000,-0.7163657546043396,-0.0023176863323897123
2023-01-10 10:25:15.612000,-0.5985836386680603,-0.0023195897229015827
2023-01-10 10:26:15.398000,-0.5513445138931274,-0.0023050832096487284
2023-01-10 10:27:15.413000,-0.5529769062995911,-0.002344673965126276
2023-01-10 10:28:15.308000,-0.5792834758758545,-0.0022502709180116653
2023-01-10 10:29:15.431000,-0.5964858531951904,-0.002331904834136367
2023-01-10 10:30:15.184000,-0.5956684947013855,-0.002203784417361021
2023-01-10 10:31:15.425000,-0.6721318960189819,-0.002362750004976988
2023-01-10 10:32:15.414000,-2.3402953147888184,-0.0022966968826949596
2023-01-10 10:33:15.416000,-0.5919100046157837,-0.002351514296606183
2023-01-10 10:34:15.319000,-0.48823240399360657,-0.0023254870902746916
2023-01-10 10:35:15.418000,-0.5028535723686218,-0.002460918389260769
2023-01-10 10:36:15.374000,-0.5356496572494507,-0.002460479037836194
2023-01-10 10:37:15.429000,-0.5626369714736938,-0.002461775438860059
2023-01-10 10:38:15.272000,-0.6181265115737915,-0.002382999984547496
2023-01-10 10:39:15.267000,-0.5569499731063843,-0.002496750093996525
2023-01-10 10:40:15.400000,-0.5572586059570312,-0.0025110868737101555
2023-01-10 10:41:15.355000,-0.5485477447509766,-0.0024481136351823807
2023-01-10 10:42:15.374000,-0.550216794013977,-0.0023256249260157347
2023-01-10 10:43:15.308000,-0.6761760115623474,-0.0023405305109918118
2023-01-10 10:44:15.284000,-0.7736631631851196,-0.002436199923977256
2023-01-10 10:45:15.150000,-0.5606061816215515,-0.002585700014606118
2023-01-10 10:46:15.258000,-0.6718289256095886,-0.002304702065885067
2023-01-10 10:47:15.409000,-0.6303630471229553,-0.0023941730614751577
2023-01-10 10:48:15.250000,-0.576064944267273,-0.002403526334092021
2023-01-10 10:49:15.293000,-0.5235726237297058,-0.0023300349712371826
2023-01-10 10:50:15.348000,-0.4066708981990814,-0.002476283349096775
2023-01-10 10:51:15.428000,-0.38137996196746826,-0.002333766547963023
2023-01-10 10:52:15.359000,-0.4506421387195587,-0.0024453389924019575
2023-01-10 10:53:15.627000,-0.5525043606758118,-0.0023453834000974894
2023-01-10 10:54:15.609000,-0.624235987663269,-0.0024619167670607567
2023-01-10 10:55:15.341000,-0.6403443813323975,-0.0025215833447873592
2023-01-10 10:56:15.164000,-0.6697877049446106,-0.0023956834338605404
2023-01-10 10:57:15.357000,-0.6686949729919434,-0.002498220419511199
2023-01-10 10:58:15.339000,-0.5889555811882019,-0.0024562834296375513
2023-01-10 10:59:15.397000,-0.5759646892547607,-0.0023659500293433666
2023-01-10 11:00:15.394000,-0.5797680616378784,-0.0023586999159306288
2023-01-10 11:01:15.234000,-0.5381581783294678,-0.0023245690390467644
2023-01-10 11:02:15.397000,-0.6027119755744934,-0.0023331500124186277
2023-01-10 11:03:15.362000,-0.6967685222625732,-0.002357054501771927
2023-01-10 11:04:15.272000,-0.7196449041366577,-0.0023763817735016346
2023-01-10 11:05:15.360000,-0.720553994178772,-0.0023970166221261024
2023-01-10 11:06:15.264000,-0.6808562874794006,-0.0023788167163729668
2023-01-10 11:07:15.299000,-0.599774181842804,-0.0023569492623209953
2023-01-10 11:08:15.350000,-0.538108766078949,-0.0024270385038107634
2023-01-10 11:09:15.333000,-0.4413824677467346,-0.0024074814282357693
2023-01-10 11:10:15.262000,-0.44997438788414,-0.0024160195607692003
2023-01-10 11:11:15.372000,-0.45958882570266724,-0.002422869671136141
2023-01-10 11:12:15.272000,-0.4976915717124939,-0.002398732118308544
2023-01-10 11:13:15.157000,-0.5399921536445618,-0.0024653333239257336
2023-01-10 11:14:15.422000,-0.5649712681770325,-0.002464394783601165
2023-01-10 11:15:15.341000,-0.8424298763275146,-0.002437999937683344
2023-01-10 11:16:15.268000,-0.7707706689834595,-0.0024227735120803118
2023-01-10 11:17:15.229000,-0.662757158279419,-0.0023959737736731768
2023-01-10 11:18:15.483000,-0.6620940566062927,-0.002384365303441882
2023-01-10 11:19:15.305000,-0.7499099373817444,-0.0024455334059894085
2023-01-10 11:20:15.464000,-0.6854549646377563,-0.0024091345258057117
2023-01-10 11:21:15.238000,-0.6596292853355408,-0.0023935134522616863
2023-01-10 11:22:15.481000,-0.5849801301956177,-0.0024389736354351044
2023-01-10 11:23:15.488000,-0.5404017567634583,-0.002429909072816372
2023-01-10 11:24:15.341000,-0.5512056350708008,-0.002551592653617263
2023-01-10 11:25:15.143000,-0.5932786464691162,-0.0023828845005482435
2023-01-10 11:26:15.266000,-0.6417590975761414,-0.0024131142999976873
2023-01-10 11:27:15.347000,-0.6053444743156433,-0.0024748460855334997
2023-01-10 11:28:15.413000,-0.6472986936569214,-0.002460052724927664
2023-01-10 11:29:15.254000,-0.5716989636421204,-0.002233153907582164
2023-01-10 11:30:15.292000,-0.6110928058624268,-0.002454400062561035
2023-01-10 11:31:15.245000,-0.5928122401237488,-0.002333895768970251
2023-01-10 11:32:15.613000,-0.567376971244812,-0.0024128167424350977
2023-01-10 11:33:15.322000,-0.837565541267395,-0.002592730801552534
2023-01-10 11:34:15.332000,-0.7208006381988525,-0.0024250182323157787
2023-01-10 11:35:15.372000,-0.6714955568313599,-0.002609583316370845
2023-01-10 11:36:15.168000,-0.6529253721237183,-0.0025753050576895475
2023-01-10 11:37:15.215000,-0.6431869268417358,-0.0024164782371371984
2023-01-10 11:38:15.303000,-0.6755423545837402,-0.002529869554564357
2023-01-10 11:39:15.348000,-0.692876398563385,-0.002437717281281948
2023-01-10 11:40:15.221000,-0.695183515548706,-0.0024114318657666445
2023-01-10 11:41:15.322000,-0.8357537984848022,-0.00237186043523252
2023-01-10 11:42:15.325000,-0.9842048287391663,-0.002406659070402384
2023-01-10 11:43:15.218000,-1.0778745412826538,-0.002608454553410411
2023-01-10 11:44:15.551000,-1.0830127000808716,-0.00228657154366374
2023-01-10 11:45:15.203000,-0.9910848140716553,-0.0026106250006705523
2023-01-10 11:46:15.359000,-0.9256845712661743,-0.0023822856601327658
2023-01-10 11:47:15.262000,-0.8521038293838501,-0.0024115554988384247
2023-01-10 11:48:15.059000,-0.8466039896011353,-0.0025578364729881287
2023-01-10 11:49:15.185000,-0.8581317067146301,-0.0022844229824841022
2023-01-10 11:50:15.245000,-0.8229963779449463,-0.002217270899564028
2023-01-10 11:51:15.676000,-0.8313080072402954,-0.00243449117988348
2023-01-10 11:52:15.446000,-0.8755307793617249,-0.0025630199816077948
2023-01-10 11:53:15.202000,-1.004417896270752,-0.0026548157911747694
2023-01-10 11:54:15.219000,-2.138047218322754,-0.002564487047493458
2023-01-10 11:55:15.191000,-2.7572152614593506,-0.0025231388863176107
2023-01-10 11:56:15.460000,-2.5046534538269043,-0.0024303332902491093
2023-01-10 11:57:15.231000,-2.95259165763855,-0.002792069688439369
2023-01-10 11:58:15.275000,-2.9883432388305664,-0.002424490638077259
2023-01-10 11:59:15.172000,-3.037552833557129,-0.002429780550301075
2023-01-10 12:00:15.157000,-2.8038697242736816,-0.002425157930701971
2023-01-10 12:01:15.318000,-2.652653932571411,-0.002343272790312767
2023-01-10 12:02:15.318000,-3.098552703857422,-0.0024822051636874676
2023-01-10 12:03:15.152000,-3.125549793243408,-0.002337612211704254
2023-01-10 12:04:15.203000,-3.25730562210083,-0.002431419910863042
2023-01-10 12:05:14.915000,-3.3450872898101807,-0.002514173975214362
2023-01-10 12:06:15.287000,-3.405792474746704,-0.002387362066656351
2023-01-10 12:07:14.999000,-3.230595588684082,-0.002456040820106864
2023-01-10 12:08:15.276000,-2.792327404022217,-0.002450490603223443
2023-01-10 12:09:15.331000,-2.3642234802246094,-0.002354936208575964
2023-01-10 12:10:15.298000,-2.3168373107910156,-0.0024011998903006315
2023-01-10 12:11:15.333000,-2.133976697921753,-0.00250073685310781
2023-01-10 12:12:15.099000,-2.2184648513793945,-0.002156500006094575
2023-01-10 12:13:15.244000,-2.2781050205230713,-0.00233462848700583
2023-01-10 12:14:15.207000,-2.1833693981170654,-0.0023839310742914677
2023-01-10 12:15:15.309000,-2.2161688804626465,-0.0023127058520913124
2023-01-10 12:16:15.300000,-2.0443458557128906,-0.0025621249806135893
2023-01-10 12:17:15.330000,-2.2357466220855713,-0.002450689673423767
2023-01-10 12:18:15.237000,-2.1792550086975098,-0.002263000002130866
2023-01-10 12:19:15.276000,-2.1205811500549316,-0.002627552719786763
2023-01-10 12:20:15.216000,-2.093657970428467,-0.002442548982799053
2023-01-10 12:21:15.195000,-2.0758683681488037,-0.0025758377742022276
2023-01-10 12:22:15.233000,-2.1524453163146973,-0.002649923088029027
2023-01-10 12:23:15.386000,-2.257009983062744,-0.0027670476119965315
2023-01-10 12:24:15.559000,-2.2039589881896973,-0.002385219559073448
2023-01-10 12:25:15.141000,-1.8193445205688477,-0.0024809332098811865
2023-01-10 12:26:15.156000,-2.12258243560791,-0.0025560185313224792
2023-01-10 12:27:15.119000,-2.063756227493286,-0.0023589564952999353
2023-01-10 12:28:15.173000,-2.197657346725464,-0.0022301110439002514
2023-01-10 12:29:15.481000,-2.1361873149871826,-0.002406348939985037
2023-01-10 12:30:15.168000,-2.269969940185547,-0.002483622170984745
2023-01-10 12:31:15.183000,-2.0795669555664062,-0.0025845582131296396
2023-01-10 12:32:15.444000,-1.8955681324005127,-0.0025727879256010056
2023-01-10 12:33:15.155000,-2.001229763031006,-0.002446673810482025
2023-01-10 12:34:15.544000,-1.9034968614578247,-0.002581039909273386
2023-01-10 12:35:15.175000,-1.0358108282089233,-0.002460666699334979
2023-01-10 12:36:15.392000,-0.9466356635093689,-0.002339035738259554
2023-01-10 12:37:15.189000,-1.0981158018112183,-0.0025227179285138845
2023-01-10 12:38:15.149000,-1.180030107498169,-0.002440285636112094
2023-01-10 12:39:15.170000,-1.1151387691497803,-0.0023690713569521904
2023-01-10 12:40:15.114000,-1.0624586343765259,-0.0022951250430196524
2023-01-10 12:41:15.390000,-1.201035976409912,-0.0024131599348038435
2023-01-10 12:42:15.478000,-1.00223708152771,-0.002509850077331066
2023-01-10 12:43:15.312000,-1.0182740688323975,-0.0023507436271756887
2023-01-10 12:44:15.166000,-0.9996211528778076,-0.0024726169649511576
2023-01-10 12:45:15.056000,-0.8156778216362,-0.0022805475164204836
2023-01-10 12:46:15.161000,-0.9483006000518799,-0.0025583654642105103
2023-01-10 12:47:15.290000,-0.9856764078140259,-0.0025243249256163836
2023-01-10 12:48:15.109000,-0.886414110660553,-0.00272320001386106
2023-01-10 12:49:15.589000,-0.849538266658783,-0.0025538750924170017
2023-01-10 12:50:15.119000,-0.8509224057197571,-0.002740217372775078
2023-01-10 12:51:15.164000,-0.820431649684906,-0.002483749995008111
2023-01-10 12:52:15.184000,-0.6935847997665405,-0.002295860555022955
2023-01-10 12:53:15.149000,-0.7107388377189636,-0.0022636563517153263
2023-01-10 12:54:15.205000,-0.8128606081008911,-0.0022392221726477146
2023-01-10 12:55:15.415000,-0.9941999912261963,-0.002447552513331175
2023-01-10 12:56:14.965000,-0.876187801361084,-0.0021820487454533577
2023-01-10 12:57:15.125000,-0.833189845085144,-0.002373575000092387
2023-01-10 12:58:15.255000,-0.7919847369194031,-0.0023461224045604467
2023-01-10 12:59:15.058000,-0.9128650426864624,-0.0024066511541604996
2023-01-10 13:00:15.371000,-0.7977892756462097,-0.002276113722473383
2023-01-10 13:01:15.112000,-0.7787692546844482,-0.0024709037970751524
2023-01-10 13:02:15.123000,-0.888403594493866,-0.0023645199835300446
2023-01-10 13:03:15.215000,-0.7819995880126953,-0.0023890200536698103
2023-01-10 13:04:15.463000,-0.9020758867263794,-0.0023485946003347635
2023-01-10 13:05:15.065000,-0.9262537956237793,-0.002350085647776723
2023-01-10 13:06:15.087000,-0.9000642895698547,-0.0026265510823577642
2023-01-10 13:07:15.269000,-0.8023396730422974,-0.0025082433130592108
2023-01-10 13:08:15.137000,-0.8432114720344543,-0.0024353584740310907
2023-01-10 13:09:15.164000,-0.8932945728302002,-0.002627283101901412
2023-01-10 13:10:15.110000,-0.8291850090026855,-0.0023387435358017683
2023-01-10 13:11:15.139000,-0.8198913931846619,-0.002495627151802182
2023-01-10 13:12:15.094000,-0.7876121997833252,-0.0025161635130643845
2023-01-10 13:13:15.146000,-1.0092843770980835,-0.002448171377182007
2023-01-10 13:14:15.136000,-1.071540355682373,-0.002398124895989895
2023-01-10 13:15:15.004000,-0.8748188018798828,-0.00258386367931962
2023-01-10 13:16:15.199000,-0.7852592468261719,-0.002655576914548874
2023-01-10 13:17:15.084000,-0.8928101062774658,-0.0023816097527742386
2023-01-10 13:18:15.251000,-0.772782564163208,-0.002381390193477273
2023-01-10 13:19:15.122000,-0.7409154176712036,-0.0023103817366063595
2023-01-10 13:20:15.315000,-0.972854733467102,-0.002577020088210702
2023-01-10 13:21:15.165000,-0.988199770450592,-0.00275089661590755
2023-01-10 13:22:15.168000,-0.9168513417243958,-0.0025192308239638805
2023-01-10 13:23:15.457000,-0.9505124688148499,-0.002510302234441042
2023-01-10 13:24:15.187000,-1.0304045677185059,-0.002496894681826234
2023-01-10 13:25:15.021000,-0.978831946849823,-0.0026858248747885227
2023-01-10 13:26:15.023000,-0.8138527870178223,-0.0023789808619767427
2023-01-10 13:27:15.292000,-0.8864771723747253,-0.0025327561888843775
2023-01-10 13:28:15.082000,-1.0009093284606934,-0.0024753042962402105
2023-01-10 13:29:15.137000,-0.925620436668396,-0.0025299149565398693
2023-01-10 13:30:15.231000,-0.9359191060066223,-0.002321979496628046
2023-01-10 13:31:15.046000,-0.9114862084388733,-0.0024922750890254974
2023-01-10 13:32:15.095000,-1.055038571357727,-0.0023975714575499296
2023-01-10 13:33:15.159000,-1.058091640472412,-0.0026087271980941296
2023-01-10 13:34:15.221000,-0.9269406795501709,-0.0022116578184068203
2023-01-10 13:35:15.062000,-1.0323638916015625,-0.0025530527345836163
2023-01-10 13:36:15.065000,-1.0485129356384277,-0.0023768064565956593
2023-01-10 13:37:15.136000,-0.937401294708252,-0.0027021111454814672
2023-01-10 13:38:15.036000,-1.0560215711593628,-0.0024232161231338978
2023-01-10 13:39:15.006000,-1.0415830612182617,-0.0024656152818351984
2023-01-10 13:40:15.504000,-0.8728024363517761,-0.0024213220458477736
2023-01-10 13:41:14.940000,-0.9725261926651001,-0.0023572174832224846
2023-01-10 13:42:15.098000,-1.1034950017929077,-0.002616928657516837
2023-01-10 13:43:15.089000,-1.2472336292266846,-0.002433421090245247
2023-01-10 13:44:15.146000,-1.12002694606781,-0.0023928529117256403
2023-01-10 13:45:15.118000,-1.0500123500823975,-0.002550810808315873
2023-01-10 13:46:15.094000,-1.1834454536437988,-0.0024567111395299435
2023-01-10 13:47:14.874000,-1.058573842048645,-0.002300473628565669
2023-01-10 13:48:15.016000,-1.17763352394104,-0.0026081514079123735
2023-01-10 13:49:15.264000,-1.0193133354187012,-0.0026005366817116737
2023-01-10 13:50:15.121000,-1.334436058998108,-0.002658568089827895
2023-01-10 13:51:15.064000,-1.1577931642532349,-0.0023065749555826187
2023-01-10 13:52:15.015000,-1.1961671113967896,-0.002153176348656416
2023-01-10 13:53:15.129000,-1.3962403535842896,-0.002664666622877121
2023-01-10 13:54:15.067000,-1.216363549232483,-0.0026372727006673813
2023-01-10 13:55:15.110000,-1.1451410055160522,-0.0021984600462019444
2023-01-10 13:56:15.127000,-1.0985352993011475,-0.0021608443930745125
2023-01-10 13:57:15.053000,-1.4520632028579712,-0.002369232475757599
2023-01-10 13:58:15.133000,-1.3369839191436768,-0.0023391633294522762
2023-01-10 13:59:15.052000,-1.5179598331451416,-0.002501226495951414
2023-01-10 14:00:15.106000,-1.1748249530792236,-0.0026060754898935556
2023-01-10 14:01:15.154000,-0.9336021542549133,-0.002562441863119602
2023-01-10 14:02:15.021000,-1.0242409706115723,-0.002355347853153944
2023-01-10 14:03:15.089000,-1.0439094305038452,-0.0026963541749864817
2023-01-10 14:04:15.280000,-1.226178526878357,-0.0026128054596483707
2023-01-10 14:05:14.746000,-1.2484314441680908,-0.002810874953866005
2023-01-10 14:06:15.138000,-1.4802050590515137,-0.002478000009432435
2023-01-10 14:07:15.010000,-1.432468295097351,-0.0025607317220419645
2023-01-10 14:08:15.007000,-1.3785343170166016,-0.0026181628927588463
2023-01-10 14:09:14.982000,-1.2322652339935303,-0.002514897845685482
2023-01-10 14:10:15.209000,-1.172886848449707,-0.0024772142060101032
2023-01-10 14:11:15.077000,-1.3555923700332642,-0.0022921052295714617
2023-01-10 14:12:15.128000,-1.1656922101974487,-0.0023655262775719166
2023-01-10 14:13:15.068000,-1.08827805519104,-0.0022235121577978134
2023-01-10 14:14:15.085000,-0.8346471190452576,-0.002750534564256668
2023-01-10 14:15:14.919000,-0.85526043176651,-0.0026106040459126234
2023-01-10 14:16:15.100000,-0.8814173936843872,-0.002816916676238179
2023-01-10 14:17:15.384000,-0.7899231910705566,-0.0022653250489383936
2023-01-10 14:18:15.138000,-1.0829956531524658,-0.0023457948118448257
2023-01-10 14:19:15.091000,-0.8784902691841125,-0.0027260882779955864
2023-01-10 14:20:15.050000,-0.6949986219406128,-0.0024935142137110233
2023-01-10 14:21:14.844000,-0.93157559633255,-0.0024262324441224337
2023-01-10 14:22:15.029000,-0.8091895580291748,-0.0024686362594366074
2023-01-10 14:23:14.887000,-0.7966305017471313,-0.0025583889801055193
2023-01-10 14:24:15.433000,-0.930748462677002,-0.002566942246630788
2023-01-10 14:25:14.961000,-0.7405779361724854,-0.0023661458399146795
2023-01-10 14:26:15.026000,-0.7308369874954224,-0.002351480070501566
2023-01-10 14:27:14.966000,-0.7970235347747803,-0.002320916624739766
2023-01-10 14:28:14.873000,-0.6332272887229919,-0.0026660377625375986
2023-01-10 14:29:15.138000,-1.4314595460891724,-0.002461166586726904
2023-01-10 14:30:15.054000,-1.6278834342956543,-0.0022524073719978333
2023-01-10 14:31:15.005000,-1.6751888990402222,-0.002650023205205798
2023-01-10 14:32:15.102000,-1.798452377319336,-0.0026124680880457163
2023-01-10 14:33:15.048000,-1.6094814538955688,-0.0025644705165177584
2023-01-10 14:34:15.021000,-1.5085257291793823,-0.0024689778219908476
2023-01-10 14:35:15.274000,-1.6632813215255737,-0.0027193499263375998
2023-01-10 14:36:15.004000,-0.8758414387702942,-0.002452306216582656
2023-01-10 14:37:15.008000,-0.6616054177284241,-0.0025652926415205
2023-01-10 14:38:15.336000,-0.8659441471099854,-0.0025357778649777174
2023-01-10 14:39:15.031000,-0.9332184791564941,-0.0025206785649061203
2023-01-10 14:40:15.011000,-0.6546421647071838,-0.0024763846304267645
2023-01-10 14:41:15.070000,-0.7862603664398193,-0.002483666641637683
2023-01-10 14:42:14.927000,-0.7426906228065491,-0.002440789481624961
2023-01-10 14:43:14.911000,-0.6578577160835266,-0.0023849818389862776
2023-01-10 14:44:14.979000,-0.8659921884536743,-0.0023700487799942493
2023-01-10 14:45:14.785000,-0.7635014057159424,-0.002497042529284954
2023-01-10 14:46:15.008000,-0.7972040772438049,-0.0025536154862493277
2023-01-10 14:47:15.001000,-0.8465766310691833,-0.002714030211791396
2023-01-10 14:48:14.843000,-0.690191388130188,-0.0025042248889803886
2023-01-10 14:49:15.124000,-0.7092640399932861,-0.002404490252956748
2023-01-10 14:50:14.930000,-0.8459951281547546,-0.002088528359308839
2023-01-10 14:51:14.925000,-0.40248316526412964,-0.002609745366498828
2023-01-10 14:52:15.060000,-0.5723341107368469,-0.002570295473560691
2023-01-10 14:53:14.834000,-0.6061475872993469,-0.0025397585704922676
2023-01-10 14:54:14.951000,-0.4731103777885437,-0.0025348912458866835
2023-01-10 14:55:14.965000,-0.6719873547554016,-0.0022437777370214462
2023-01-10 14:56:14.990000,-0.6039544343948364,-0.002634648699313402
2023-01-10 14:57:15.001000,-0.602151095867157,-0.0025396316777914762
2023-01-10 14:58:15.013000,-0.665770947933197,-0.0026417714543640614
2023-01-10 14:59:14.899000,-0.7122361063957214,-0.0023692334070801735
2023-01-10 15:00:14.967000,-0.6251081824302673,-0.0023574375081807375
2023-01-10 15:01:14.798000,-0.7666074633598328,-0.002764833392575383
2023-01-10 15:02:15.051000,-0.690461277961731,-0.0023735908325761557
2023-01-10 15:03:14.925000,-0.5851048231124878,-0.0024212973657995462
2023-01-10 15:04:14.960000,-0.8300824761390686,-0.002649452304467559
2023-01-10 15:05:14.915000,-0.7665585875511169,-0.002506173914298415
2023-01-10 15:06:15.060000,-0.6860352754592896,-0.0023999735713005066
2023-01-10 15:07:14.816000,-0.8034745454788208,-0.002585750073194504
2023-01-10 15:08:15.020000,-0.8077974915504456,-0.0026388808619230986
2023-01-10 15:09:15.043000,-0.77977055311203,-0.002538195112720132
2023-01-10 15:10:15.004000,-0.8334132432937622,-0.002381680067628622
2023-01-10 15:11:14.982000,-0.6033750772476196,-0.002867860021069646
2023-01-10 15:12:14.885000,-0.6861880421638489,-0.002548872260376811
2023-01-10 15:13:14.900000,-0.7655198574066162,-0.002426800085231662
2023-01-10 15:14:14.938000,-0.6384557485580444,-0.0027349444571882486
2023-01-10 15:15:15.051000,-0.7344870567321777,-0.002641203347593546
2023-01-10 15:16:14.884000,-0.6872038841247559,-0.002707170322537422
2023-01-10 15:17:14.980000,-0.49174660444259644,-0.002482763258740306
2023-01-10 15:18:14.871000,-0.607873260974884,-0.0025971250142902136
2023-01-10 15:19:14.983000,-0.5788928270339966,-0.0025965434033423662
2023-01-10 15:20:14.959000,-0.45927587151527405,-0.002516200067475438
2023-01-10 15:21:15.223000,-0.6508774161338806,-0.002417568117380142
2023-01-10 15:22:14.872000,-0.6406551003456116,-0.0024864082224667072
2023-01-10 15:23:14.793000,-0.4380655288696289,-0.0021371589973568916
2023-01-10 15:24:14.860000,-0.6451108455657959,-0.0024371538311243057
2023-01-10 15:25:14.736000,-0.6052135229110718,-0.002239488298073411
2023-01-10 15:26:15.033000,-0.7218838930130005,-0.0023568696342408657
2023-01-10 15:27:15.189000,-0.7854592204093933,-0.001830575754866004
2023-01-10 15:28:14.913000,-0.7613875865936279,-0.0026342940982431173
2023-01-10 15:29:15.036000,-0.4510163366794586,-0.0023665681947022676
2023-01-10 15:30:14.762000,-0.6106990575790405,-0.0022988864220678806
2023-01-10 15:31:14.917000,-0.5653377771377563,-0.0024303810205310583
2023-01-10 15:32:14.877000,-0.44948169589042664,-0.002757926704362035
2023-01-10 15:33:14.828000,-0.758550763130188,-0.00228119152598083
2023-01-10 15:34:14.854000,-0.5570144653320312,-0.002578044543042779
2023-01-10 15:35:14.919000,-0.7207611203193665,-0.002702069701626897
2023-01-10 15:36:15.030000,-0.7254780530929565,-0.002502745483070612
2023-01-10 15:37:15.408000,-0.6268848776817322,-0.002526360098272562
2023-01-10 15:38:14.935000,-0.6262840628623962,-0.002424261998385191
2023-01-10 15:39:14.910000,-0.7281632423400879,-0.0023088958114385605
2023-01-10 15:40:14.794000,-0.4811074137687683,-0.0025984884705394506
2023-01-10 15:41:14.929000,-0.5658997297286987,-0.0024849167093634605
2023-01-10 15:42:14.843000,-0.652550995349884,-0.002497619017958641
2023-01-10 15:43:14.730000,-0.4417467415332794,-0.002247750060632825
2023-01-10 15:44:15.300000,-0.5651887059211731,-0.002500266768038273
2023-01-10 15:45:14.841000,-0.7579342126846313,-0.002679782686755061
2023-01-10 15:46:15.127000,-0.6486037969589233,-0.002274156315252185
2023-01-10 15:47:14.801000,-0.6125746369361877,-0.0025112652219831944
2023-01-10 15:48:14.812000,-0.6613855957984924,-0.0024366595316678286
2023-01-10 15:49:14.748000,-0.432267427444458,-0.002555618993937969
2023-01-10 15:50:14.848000,-0.5341104865074158,-0.002442341996356845
2023-01-10 15:51:14.938000,-0.5849957466125488,-0.002481946023181081
2023-01-10 15:52:14.937000,-0.4081304669380188,-0.0025108095724135637
2023-01-10 15:53:14.933000,-0.5584049820899963,-0.002444551093503833
2023-01-10 15:54:14.893000,-0.6145240664482117,-0.0026083269622176886
2023-01-10 15:55:15.248000,-0.43666213750839233,-0.0025345527101308107
2023-01-10 15:56:14.817000,-0.6613094210624695,-0.002590563613921404
2023-01-10 15:57:15.172000,-0.6149258613586426,-0.0027418704703450203
2023-01-10 15:58:15.209000,-0.4766696095466614,-0.0021437406539916992
2023-01-10 15:59:14.742000,-0.5834066867828369,-0.002329236827790737
2023-01-10 16:00:14.832000,-0.42473334074020386,-0.0026118599344044924
2023-01-10 16:01:14.681000,-0.3932773172855377,-0.0022894565481692553
2023-01-10 16:02:14.920000,-0.5766302347183228,-0.0026617273688316345
2023-01-10 16:03:14.935000,-0.5953775644302368,-0.002448395825922489
2023-01-10 16:04:14.801000,-0.6892354488372803,-0.002164229052141309
2023-01-10 16:05:14.544000,-0.7223058342933655,-0.002475951099768281
2023-01-10 16:06:14.640000,-0.5900680422782898,-0.002386882435530424
2023-01-10 16:07:14.820000,-0.5899540781974792,-0.0030048333574086428
2023-01-10 16:08:14.829000,-0.587131679058075,-0.0030423610005527735
2023-01-10 16:09:14.971000,-0.6118972897529602,-0.0025984749663621187
2023-01-10 16:10:14.880000,-0.5988991856575012,-0.002988791558891535
2023-01-10 16:11:15.224000,-0.5321617722511292,-0.002588645089417696
2023-01-10 16:12:15.223000,-0.718627393245697,-0.002441828604787588
2023-01-10 16:13:14.873000,-0.6034377217292786,-0.0025515907909721136
2023-01-10 16:14:14.683000,-0.6163340210914612,-0.002396186115220189
2023-01-10 16:15:14.759000,-0.7619186043739319,-0.0025914167053997517
2023-01-10 16:16:15.117000,-0.5052458047866821,-0.0026161859277635813
2023-01-10 16:17:14.786000,-0.6986211538314819,-0.002520282519981265
2023-01-10 16:18:14.907000,-0.639786422252655,-0.002645341446623206
2023-01-10 16:19:14.730000,-0.5712453126907349,-0.002502261893823743
2023-01-10 16:20:14.735000,-0.6819787621498108,-0.0025346819311380386
2023-01-10 16:21:15.696000,-0.5918703079223633,-0.0023423461243510246
2023-01-10 16:22:15.195000,-0.8810111284255981,-0.002593410201370716
2023-01-10 16:23:14.860000,-0.9912142753601074,-0.0028454614803195
2023-01-10 16:24:14.804000,-0.7566553354263306,-0.002772090956568718
2023-01-10 16:25:14.793000,-0.7535786032676697,-0.0025795348919928074
2023-01-10 16:26:14.764000,-0.7311221361160278,-0.0024248140398412943
2023-01-10 16:27:14.731000,-0.5735605359077454,-0.0026565713342279196
2023-01-10 16:28:14.894000,-0.8061805963516235,-0.0024355293717235327
2023-01-10 16:29:14.868000,-0.6613069176673889,-0.0022784091997891665
2023-01-10 16:30:15.065000,-0.6378178596496582,-0.0025366363115608692
2023-01-10 16:31:14.871000,-0.7639092206954956,-0.0024702500086277723
2023-01-10 16:32:14.841000,-0.5839841365814209,-0.0024923800956457853
2023-01-10 16:33:14.879000,-0.748816192150116,-0.0026230942457914352
2023-01-10 16:34:14.773000,-0.6927796006202698,-0.0022250236943364143
2023-01-10 16:35:15.114000,-0.6188153028488159,-0.002540446352213621
2023-01-10 16:36:14.845000,-0.7509903311729431,-0.0025977555196732283
2023-01-10 16:37:14.749000,-0.5637804269790649,-0.0022202369291335344
2023-01-10 16:38:15.089000,-0.4956137239933014,-0.0026522825937718153
2023-01-10 16:39:14.777000,-0.7698644995689392,-0.002564959926530719
2023-01-10 16:40:14.690000,-0.6348466873168945,-0.0026547955349087715
2023-01-10 16:41:14.831000,-0.5524758696556091,-0.0027019749395549297
2023-01-10 16:42:14.850000,-1.0060750246047974,-0.0023726096842437983
2023-01-10 16:43:14.885000,-0.73996502161026,-0.002460590796545148
2023-01-10 16:44:14.706000,-0.9738341569900513,-0.002696162788197398
2023-01-10 16:45:14.612000,-0.9159495234489441,-0.0025175227783620358
2023-01-10 16:46:14.859000,-0.7624842524528503,-0.0028929023537784815
2023-01-10 16:47:14.912000,-0.864781379699707,-0.0027143273036926985
2023-01-10 16:48:14.805000,-0.6576560735702515,-0.0027378182858228683
2023-01-10 16:49:14.965000,-0.9356047511100769,-0.0028130444698035717
2023-01-10 16:50:14.751000,-0.9415253400802612,-0.0025646286085247993
2023-01-10 16:51:14.708000,-0.6397555470466614,-0.002446022816002369
2023-01-10 16:52:14.815000,-0.8984858393669128,-0.002626138972118497
2023-01-10 16:53:14.669000,-0.8381227254867554,-0.002601171378046274
2023-01-10 16:54:14.779000,-0.7524795532226562,-0.00283945444971323
2023-01-10 16:55:14.974000,-0.9609237313270569,-0.0026996738743036985
2023-01-10 16:56:14.828000,-0.5077778100967407,-0.002757656155154109
2023-01-10 16:57:14.736000,-0.6529960632324219,-0.0027747750282287598
2023-01-10 16:58:14.673000,-0.6319531202316284,-0.0027210526168346405
2023-01-10 16:59:14.810000,-0.4665586054325104,-0.0022363264579325914
2023-01-10 17:00:14.789000,-0.7320981025695801,-0.0024917800910770893
2023-01-10 17:01:14.634000,-0.5770602822303772,-0.0025089068803936243
2023-01-10 17:02:14.790000,-0.6453052163124084,-0.0025272280909121037
2023-01-10 17:03:15.228000,-0.7667837142944336,-0.002265666611492634
2023-01-10 17:04:14.807000,-0.5893123149871826,-0.002578738145530224
2023-01-10 17:05:14.859000,-0.6130608320236206,-0.002430285792797804
2023-01-10 17:06:14.705000,-0.88625568151474,-0.0024309998843818903
2023-01-10 17:07:14.631000,-0.5612592101097107,-0.0025393636897206306
2023-01-10 17:08:14.804000,-0.6694424152374268,-0.002808324294164777
2023-01-10 17:09:14.763000,-0.6022936105728149,-0.0025784848257899284
2023-01-10 17:10:14.618000,-0.5752897262573242,-0.0025563023518770933
2023-01-10 17:11:14.677000,-0.6987220644950867,-0.0024199606850743294
2023-01-10 17:12:14.773000,-0.39434534311294556,-0.0025793954264372587
2023-01-10 17:13:14.855000,-0.5718482136726379,-0.002670649904757738
2023-01-10 17:14:14.644000,-0.4635190963745117,-0.0028784864116460085
2023-01-10 17:15:14.982000,-0.3308958113193512,-0.002504725009202957
2023-01-10 17:16:14.634000,-0.4534589946269989,-0.0024988222867250443
2023-01-10 17:17:14.769000,-0.4237144887447357,-0.002142413053661585
2023-01-10 17:18:14.774000,-0.34062081575393677,-0.0025794643443077803
2023-01-10 17:19:14.787000,-0.47003069519996643,-0.0025358907878398895
2023-01-10 17:20:14.730000,-0.5026139616966248,-0.0027045956812798977
2023-01-10 17:21:14.965000,-0.5475280284881592,-0.0024636341258883476
2023-01-10 17:22:14.759000,-0.7093266844749451,-0.002615360077470541
2023-01-10 17:23:14.717000,-0.5507422685623169,-0.002503579016774893
2023-01-10 17:24:14.796000,-0.7054780125617981,-0.0023602438159286976
2023-01-10 17:25:14.423000,-0.5279924273490906,-0.0025851395912468433
2023-01-10 17:26:14.838000,-0.5504941940307617,-0.0027078408747911453
2023-01-10 17:27:14.606000,-0.6776405572891235,-0.002553341444581747
2023-01-10 17:28:15.288000,-0.5008359551429749,-0.0022306342143565416
2023-01-10 17:29:14.670000,-0.7999668717384338,-0.002283078385517001
2023-01-10 17:30:14.687000,-0.5932157635688782,-0.002786187455058098
2023-01-10 17:31:14.729000,-0.6874677538871765,-0.002885000081732869
2023-01-10 17:32:14.662000,-0.7696613669395447,-0.0023844230454415083
2023-01-10 17:33:14.766000,-0.6079275012016296,-0.0025677871890366077
2023-01-10 17:34:15.078000,-0.9068537354469299,-0.002730305539444089
2023-01-10 17:35:15.146000,-0.744494616985321,-0.0023060000967234373
2023-01-10 17:36:14.968000,-0.534443736076355,-0.0023244735784828663
2023-01-10 17:37:14.718000,-0.7323166131973267,-0.002471975516527891
2023-01-10 17:38:14.566000,-0.535063624382019,-0.0025598108768463135
2023-01-10 17:39:14.569000,-0.5724480748176575,-0.002595764584839344
2023-01-10 17:40:14.673000,-0.721636950969696,-0.002558742882683873
2023-01-10 17:41:14.615000,-0.6221041083335876,-0.0026962647680193186
2023-01-10 17:42:14.751000,-0.7366073727607727,-0.0024632380809634924
2023-01-10 17:43:14.605000,-0.891355574131012,-0.0022895000874996185
2023-01-10 17:44:14.992000,-1.0010508298873901,-0.0024208619724959135
2023-01-10 17:45:14.619000,-0.8581407070159912,-0.002684999955818057
2023-01-10 17:46:15.173000,-0.9915955066680908,-0.0026724583003669977
2023-01-10 17:47:14.907000,-0.8617496490478516,-0.002510485704988241
2023-01-10 17:48:14.762000,-0.6809386014938354,-0.002530083293095231
2023-01-10 17:49:14.883000,-0.8496639132499695,-0.002637952333316207
2023-01-10 17:50:14.618000,-0.8787797689437866,-0.002504422329366207
2023-01-10 17:51:14.753000,-0.8237826824188232,-0.002371411770582199
2023-01-10 17:52:15.030000,-0.8920468091964722,-0.0025534762535244226
2023-01-10 17:53:14.666000,-0.9515902400016785,-0.0026698049623519182
2023-01-10 17:54:14.638000,-0.7499086856842041,-0.002693030284717679
2023-01-10 17:55:14.907000,-0.8586769700050354,-0.002562019508332014
2023-01-10 17:56:14.772000,-0.7735428810119629,-0.002785490592941642
2023-01-10 17:57:14.741000,-0.7693414092063904,-0.0025920209009200335
2023-01-10 17:58:14.670000,-0.8102862238883972,-0.002675022231414914
2023-01-10 17:59:14.679000,-0.9164178967475891,-0.0023328373208642006
2023-01-10 18:00:14.705000,-0.5802038311958313,-0.002893263241276145
2023-01-10 18:01:14.738000,-0.6279371380805969,-0.002652199938893318
2023-01-10 18:02:14.625000,-0.7309580445289612,-0.0027317272033542395
2023-01-10 18:03:14.603000,-0.7346338629722595,-0.0022678221575915813
2023-01-10 18:04:14.498000,-0.6488586664199829,-0.002208949998021126
2023-01-10 18:05:14.528000,-0.6574602723121643,-0.002816024934872985
2023-01-10 18:06:14.707000,-0.8124913573265076,-0.0024593414273113012
2023-01-10 18:07:14.657000,-0.6586897373199463,-0.0028595896437764168
2023-01-10 18:08:15.044000,-0.7997164130210876,-0.002505216281861067
2023-01-10 18:09:14.990000,-0.7554810643196106,-0.0029619582928717136
2023-01-10 18:10:14.734000,-0.459398478269577,-0.002554545411840081
2023-01-10 18:11:14.606000,-0.6360746026039124,-0.0026082820259034634
2023-01-10 18:12:14.551000,-0.6903970837593079,-0.0027182972989976406
2023-01-10 18:13:14.522000,-0.5394613146781921,-0.002446976723149419
2023-01-10 18:14:14.728000,-0.7091924548149109,-0.002132744062691927
2023-01-10 18:15:15.021000,-0.8379424214363098,-0.0029189486522227526
2023-01-10 18:16:14.687000,-0.7122910618782043,-0.002725624945014715
2023-01-10 18:17:14.885000,-0.9486086368560791,-0.0027146036736667156
2023-01-10 18:18:14.585000,-0.8706281185150146,-0.002461717464029789
2023-01-10 18:19:14.693000,-0.6397169232368469,-0.002460654592141509
2023-01-10 18:20:14.762000,-0.5778264403343201,-0.002334092976525426
2023-01-10 18:21:14.562000,-0.7656463384628296,-0.0023925453424453735
2023-01-10 18:22:15.123000,-0.5613031387329102,-0.002465825993567705
2023-01-10 18:23:14.730000,-0.5504315495491028,-0.0026563487481325865
2023-01-10 18:24:14.740000,-0.7331451177597046,-0.002724309451878071
2023-01-10 18:25:14.773000,-0.4240693747997284,-0.0025677941739559174
2023-01-10 18:26:14.627000,-0.49258479475975037,-0.002473261905834079
2023-01-10 18:27:14.674000,-0.45237135887145996,-0.002558999927714467
2023-01-10 18:28:14.490000,-0.3993697464466095,-0.002579139545559883
2023-01-10 18:29:14.558000,-0.571523904800415,-0.002545916708186269
2023-01-10 18:30:14.976000,-0.5754207968711853,-0.0025294781662523746
2023-01-10 18:31:14.411000,-0.44679442048072815,-0.0025391282979398966
2023-01-10 18:32:14.656000,-0.5670843720436096,-0.0025547451805323362
2023-01-10 18:33:14.467000,-0.6695473790168762,-0.002459441777318716
2023-01-10 18:34:14.776000,-0.6174924373626709,-0.002498391317203641
2023-01-10 18:35:14.519000,-0.7711687088012695,-0.002523924922570586
2023-01-10 18:36:14.551000,-0.6201893091201782,-0.002587652998045087
2023-01-10 18:37:15.016000,-0.514844536781311,-0.0025090589188039303
2023-01-10 18:38:14.813000,-0.6378257274627686,-0.0025717318058013916
2023-01-10 18:39:14.721000,-0.7188176512718201,-0.0025487879756838083
2023-01-10 18:40:14.456000,-0.5911701917648315,-0.002471727319061756
2023-01-10 18:41:14.550000,-0.7966070771217346,-0.0025903109926730394
2023-01-10 18:42:14.510000,-0.6723238825798035,-0.0026040850207209587
2023-01-10 18:43:15.028000,-0.7060226798057556,-0.0025502173230051994
2023-01-10 18:44:14.577000,-0.8986218571662903,-0.0026355532463639975
2023-01-10 18:45:14.391000,-0.6322726011276245,-0.0029319573659449816
2023-01-10 18:46:14.633000,-0.7155574560165405,-0.0024642045609652996
2023-01-10 18:47:14.781000,-0.7703269720077515,-0.002256827661767602
2023-01-10 18:48:14.843000,-0.6071675419807434,-0.002601874992251396
2023-01-10 18:49:14.489000,-0.8404342532157898,-0.002103717066347599
2023-01-10 18:50:14.548000,-0.8854758143424988,-0.00255229277536273
2023-01-10 18:51:14.958000,-0.8887396454811096,-0.002549024298787117
2023-01-10 18:52:14.464000,-1.1092848777770996,-0.0024530566297471523
2023-01-10 18:53:14.947000,-0.7095652222633362,-0.002458489267155528
2023-01-10 18:54:15.070000,-0.814659059047699,-0.002403780585154891
2023-01-10 18:55:14.383000,-0.7395599484443665,-0.002382454462349415
2023-01-10 18:56:14.541000,-0.48093879222869873,-0.0024406586308032274
2023-01-10 18:57:14.691000,-0.7254999279975891,-0.002574790734797716
2023-01-10 18:58:14.408000,-0.46140816807746887,-0.002709551015868783
2023-01-10 18:59:15.015000,-0.5500407814979553,-0.002495931927114725
2023-01-10 19:00:14.507000,-0.6484290361404419,-0.0024835101794451475
2023-01-10 19:01:14.496000,-0.5505690574645996,-0.0024637917522341013
2023-01-10 19:02:14.475000,-0.44114553928375244,-0.002379040000960231
2023-01-10 19:03:14.548000,-0.5842458009719849,-0.0026949024759233
2023-01-10 19:04:14.977000,-0.41152796149253845,-0.002586750080808997
2023-01-10 19:05:14.737000,-0.3225304186344147,-0.002613652963191271
2023-01-10 19:06:14.632000,-0.37361419200897217,-0.002614756114780903
2023-01-10 19:07:15.026000,-0.41448983550071716,-0.002549863653257489
2023-01-10 19:08:14.527000,-0.47153329849243164,-0.0025557619519531727
2023-01-10 19:09:14.608000,-0.7124340534210205,-0.002555888844653964
2023-01-10 19:10:14.469000,-0.9093767404556274,-0.0025718077085912228
2023-01-10 19:11:14.647000,-0.6174120903015137,-0.0025015207938849926
2023-01-10 19:12:14.608000,-0.7410491704940796,-0.002474595792591572
2023-01-10 19:13:14.938000,-0.7937926054000854,-0.0025301401037722826
2023-01-10 19:14:14.490000,-0.650330126285553,-0.0027487692423164845
2023-01-10 19:15:14.375000,-0.6997818350791931,-0.00258982228115201
2023-01-10 19:16:14.738000,-0.771973729133606,-0.002614756114780903
2023-01-10 19:17:14.667000,-0.7593799829483032,-0.002595470519736409
2023-01-10 19:18:14.757000,-0.6474199891090393,-0.0024851521011441946
2023-01-10 19:19:14.859000,-0.8335024118423462,-0.002633428666740656
2023-01-10 19:20:14.837000,-0.8452191352844238,-0.0025127551052719355
2023-01-10 19:21:14.460000,-0.7372110486030579,-0.002353947376832366
2023-01-10 19:22:14.426000,-0.6873670220375061,-0.0026276842691004276
2023-01-10 19:23:14.518000,-0.8312969207763672,-0.0025513959117233753
2023-01-10 19:24:14.605000,-0.7043077349662781,-0.0025693061761558056
2023-01-10 19:25:14.577000,-0.82054603099823,-0.002577456645667553
2023-01-10 19:26:14.624000,-1.0053211450576782,-0.0025289792101830244
2023-01-10 19:27:14.624000,-0.8681408166885376,-0.0024101086892187595
2023-01-10 19:28:14.492000,-0.7418779134750366,-0.0026228774804621935
2023-01-10 19:29:14.894000,-0.8520228266716003,-0.0025184599217027426
2023-01-10 19:30:14.666000,-0.9199972748756409,-0.002459239913150668
2023-01-10 19:31:14.571000,-0.7423145174980164,-0.0026072172913700342
2023-01-10 19:32:14.479000,-0.7495274543762207,-0.00251427898183465
2023-01-10 19:33:14.508000,-0.7546933889389038,-0.0025266590528190136
2023-01-10 19:34:14.464000,-0.5474556684494019,-0.0026707255747169256
2023-01-10 19:35:14.863000,-0.49304917454719543,-0.002517160028219223
2023-01-10 19:36:14.589000,-0.6368220448493958,-0.002361446851864457
2023-01-10 19:37:14.868000,-0.5386086106300354,-0.002595195546746254
2023-01-10 19:38:14.616000,-0.3611166775226593,-0.0026055416092276573
2023-01-10 19:39:14.801000,-0.5747376680374146,-0.0024308781139552593
2023-01-10 19:40:14.451000,-0.5084432363510132,-0.0025121960788965225
2023-01-10 19:41:14.890000,-0.46348071098327637,-0.0025084614753723145
2023-01-10 19:42:14.562000,-0.3625030219554901,-0.002521617105230689
2023-01-10 19:43:14.426000,-0.5091416835784912,-0.0025649091694504023
2023-01-10 19:44:14.438000,-0.6468042135238647,-0.002487837104126811
2023-01-10 19:45:14.828000,-0.4565621316432953,-0.002541565103456378
2023-01-10 19:46:14.473000,-0.5145737528800964,-0.0027278626803308725
2023-01-10 19:47:14.484000,-0.5063610076904297,-0.0027946222107857466
2023-01-10 19:48:14.536000,-0.5740089416503906,-0.0026085209101438522
2023-01-10 19:49:14.596000,-0.4808133542537689,-0.002543638925999403
2023-01-10 19:50:14.374000,-0.6451451182365417,-0.002227799966931343
2023-01-10 19:51:14.533000,-0.557818591594696,-0.0024287174455821514
2023-01-10 19:52:14.450000,-0.5196089744567871,-0.0026517179794609547
2023-01-10 19:53:14.445000,-0.5930321216583252,-0.002635545562952757
2023-01-10 19:54:14.351000,-0.5089535713195801,-0.002486461540684104
2023-01-10 19:55:14.500000,-0.525483250617981,-0.002545521827414632
2023-01-10 19:56:14.341000,-0.7023251056671143,-0.0023258838336914778
2023-01-10 19:57:14.445000,-0.5607067346572876,-0.0023422499652951956
2023-01-10 19:58:14.916000,-0.5639310479164124,-0.0024836109951138496
2023-01-10 19:59:14.415000,-0.7185728549957275,-0.002769648563116789
2023-01-10 20:00:14.300000,-0.8064792156219482,-0.0026493750046938658
2023-01-10 20:01:14.579000,-0.6693501472473145,-0.002383090788498521
2023-01-10 20:02:14.409000,-0.7250387668609619,-0.0026308600790798664
2023-01-10 20:03:14.390000,-0.6128076910972595,-0.0025977499317377806
2023-01-10 20:04:14.417000,-0.4490469694137573,-0.00244794599711895
2023-01-10 20:05:14.563000,-0.6068256497383118,-0.0023641749285161495
2023-01-10 20:06:14.335000,-0.6722308397293091,-0.0025590783916413784
2023-01-10 20:07:14.453000,-0.5271910429000854,-0.0026013334281742573
2023-01-10 20:08:14.418000,-0.7624125480651855,-0.002633359981700778
2023-01-10 20:09:14.424000,-0.8567997813224792,-0.0026362887583673
2023-01-10 20:10:14.751000,-0.6629374027252197,-0.002538485685363412
2023-01-10 20:11:14.747000,-0.7541090846061707,-0.0026157174725085497
2023-01-10 20:12:14.754000,-0.7316685318946838,-0.0025889130774885416
2023-01-10 20:13:14.504000,-0.5424010753631592,-0.0025155332405120134
2023-01-10 20:14:14.883000,-0.5154992938041687,-0.002578740706667304
2023-01-10 20:15:14.397000,-0.6174019575119019,-0.0025565854739397764
2023-01-10 20:16:14.463000,-0.5952187776565552,-0.0025065881200134754
2023-01-10 20:17:14.362000,-0.6200804114341736,-0.002662499900907278
2023-01-10 20:18:14.392000,-0.7329924702644348,-0.002611846197396517
2023-01-10 20:19:14.409000,-0.6103861927986145,-0.002571187447756529
2023-01-10 20:20:14.691000,-0.5350005030632019,-0.0025798887945711613
2023-01-10 20:21:14.331000,-0.5296823382377625,-0.002497072797268629
2023-01-10 20:22:14.874000,-0.5426521301269531,-0.0025765898171812296
2023-01-10 20:23:14.408000,-0.4669908583164215,-0.002555500017479062
2023-01-10 20:24:14.543000,-0.5126382112503052,-0.002563358983024955
2023-01-10 20:25:14.230000,-0.5936253070831299,-0.002427193569019437
2023-01-10 20:26:14.434000,-0.4752625823020935,-0.0025403571780771017
2023-01-10 20:27:14.590000,-0.36375272274017334,-0.002487999852746725
2023-01-10 20:28:14.848000,-0.5634444952011108,-0.0025573999155312777
2023-01-10 20:29:14.827000,-0.4816678464412689,-0.002600558800622821
2023-01-10 20:30:14.293000,-0.47891294956207275,-0.0022906551603227854
2023-01-10 20:31:14.808000,-0.64665687084198,-0.0025200464297086
2023-01-10 20:32:14.483000,-0.5438750982284546,-0.00266462005674839
2023-01-10 20:33:14.774000,-0.6545738577842712,-0.0025927620008587837
2023-01-10 20:34:14.311000,-0.8484119176864624,-0.002547442214563489
2023-01-10 20:35:14.759000,-0.881901204586029,-0.0026677618734538555
2023-01-10 20:36:14.368000,-0.715129554271698,-0.0029567291494458914
2023-01-10 20:37:14.354000,-0.7669895887374878,-0.002492434810847044
2023-01-10 20:38:14.756000,-0.784400463104248,-0.002566365757957101
2023-01-10 20:39:14.435000,-0.7355692982673645,-0.002687073079869151
2023-01-10 20:40:14.391000,-0.8056129813194275,-0.002786374883726239
2023-01-10 20:41:14.330000,-0.9380956888198853,-0.00245536956936121
2023-01-10 20:42:14.334000,-0.7591310739517212,-0.0025002830661833286
2023-01-10 20:43:14.658000,-0.9087356328964233,-0.0028343750163912773
2023-01-10 20:44:14.419000,-0.9801833033561707,-0.002650999929755926
2023-01-10 20:45:14.314000,-0.8435560464859009,-0.0025473530404269695
2023-01-10 20:46:14.763000,-0.771756112575531,-0.002542361617088318
2023-01-10 20:47:14.856000,-0.8718038201332092,-0.002429461572319269
2023-01-10 20:48:14.651000,-0.85942542552948,-0.0025759267155081034
2023-01-10 20:49:14.480000,-0.5281270742416382,-0.0027408518362790346
2023-01-10 20:50:14.300000,-0.7470852136611938,-0.0026719782035797834
2023-01-10 20:51:14.409000,-0.8193894624710083,-0.0025176957715302706
2023-01-10 20:52:14.343000,-0.7385586500167847,-0.0022660682443529367
2023-01-10 20:53:14.553000,-0.7616474032402039,-0.002458305563777685
2023-01-10 20:54:14.534000,-0.8028002977371216,-0.002267108764499426
2023-01-10 20:55:14.274000,-0.6967047452926636,-0.0025481251068413258
2023-01-10 20:56:14.655000,-0.6816521883010864,-0.0025569614954292774
2023-01-10 20:57:14.442000,-0.6735142469406128,-0.0023451223969459534
2023-01-10 20:58:14.252000,-0.7770780920982361,-0.0024866873864084482
2023-01-10 20:59:14.732000,-0.5435743927955627,-0.0025429362431168556
2023-01-10 21:00:14.123000,-0.6171269416809082,-0.002371658571064472
2023-01-10 21:01:14.325000,-0.6991967558860779,-0.002595560858026147
2023-01-10 21:02:14.345000,-0.5515464544296265,-0.002575488993898034
2023-01-10 21:03:14.446000,-0.5685675740242004,-0.0025800680741667747
2023-01-10 21:04:14.800000,-0.6540505886077881,-0.0026193938683718443
2023-01-10 21:05:14.378000,-0.4156627058982849,-0.002517875051125884
2023-01-10 21:06:14.533000,-0.623705267906189,-0.002538439119234681
2023-01-10 21:07:14.344000,-0.7247142791748047,-0.002543136477470398
2023-01-10 21:08:14.390000,-0.7965824007987976,-0.0026122438721358776
2023-01-10 21:09:14.748000,-0.6915947198867798,-0.002446981845423579
2023-01-10 21:10:14.193000,-0.8197963833808899,-0.0026775917503982782
2023-01-10 21:11:14.247000,-0.6533052921295166,-0.00256091495975852
2023-01-10 21:12:14.250000,-0.6516587734222412,-0.002464404795318842
2023-01-10 21:13:14.180000,-1.1930782794952393,-0.002455142792314291
2023-01-10 21:14:14.359000,-1.3147908449172974,-0.0023726215586066246
2023-01-10 21:15:14.283000,-0.627295970916748,-0.0026093500200659037
2023-01-10 21:16:14.724000,-0.6738251447677612,-0.0025643999688327312
2023-01-10 21:17:14.301000,-0.7821695804595947,-0.002544717863202095
2023-01-10 21:18:14.310000,-0.852738618850708,-0.0022943182848393917
2023-01-10 21:19:14.281000,-0.8012654781341553,-0.00311302044428885
2023-01-10 21:20:14.682000,-0.7414373159408569,-0.002644583350047469
2023-01-10 21:21:14.180000,-0.7717915177345276,-0.002052843105047941
2023-01-10 21:22:14.242000,-0.8278158903121948,-0.0028934546280652285
2023-01-10 21:23:14.782000,-1.1641055345535278,-0.002637536497786641
2023-01-10 21:24:14.451000,-1.0676202774047852,-0.002879511099308729
2023-01-10 21:25:14.313000,-0.9035937190055847,-0.0027040999848395586
2023-01-10 21:26:14.237000,-0.8884117603302002,-0.0024862682912498713
2023-01-10 21:27:14.291000,-0.904413104057312,-0.002690666588023305
2023-01-10 21:28:14.312000,-0.789519727230072,-0.002635473618283868
2023-01-10 21:29:15.008000,-0.8265466094017029,-0.0024037209805101156
2023-01-10 21:30:14.214000,-0.7601208090782166,-0.0026331304106861353
2023-01-10 21:31:14.931000,-0.8380714058876038,-0.0023782618809491396
2023-01-10 21:32:14.689000,-0.6553210020065308,-0.002340387785807252
2023-01-10 21:33:14.563000,-0.6971789002418518,-0.002508844481781125
2023-01-10 21:34:14.903000,-0.7114277482032776,-0.0022951250430196524
2023-01-10 21:35:14.133000,-0.7866056561470032,-0.002503063762560487
2023-01-10 21:36:14.806000,-0.7838342189788818,-0.0024605849757790565
2023-01-10 21:37:15.221000,-0.7204068303108215,-0.002465184312313795
2023-01-10 21:38:15.170000,-0.6958805322647095,-0.0025738724507391453
2023-01-10 21:39:14.610000,-0.7669448852539062,-0.0023654878605157137
2023-01-10 21:40:15.129000,-0.7128311991691589,-0.002359916688874364
2023-01-10 21:41:14.602000,-0.5992215275764465,-0.002485794946551323
2023-01-10 21:42:14.407000,-0.554073691368103,-0.0026580870617181063
2023-01-10 21:43:14.565000,-0.7713766098022461,-0.0025013636332005262
2023-01-10 21:44:14.246000,-0.7740837931632996,-0.002493104198947549
2023-01-10 21:45:14.276000,-0.6168874502182007,-0.002575142774730921
2023-01-10 21:46:14.297000,-0.5404787659645081,-0.002469999948516488
2023-01-10 21:47:14.253000,-0.5681215524673462,-0.0026032039895653725
2023-01-10 21:48:14.448000,-0.6260444521903992,-0.0025082326028496027
2023-01-10 21:49:14.330000,-0.6696245670318604,-0.002414250047877431
2023-01-10 21:50:14.159000,-0.5804463624954224,-0.002480586990714073
2023-01-10 21:51:14.597000,-0.5926135182380676,-0.0024452221114188433
2023-01-10 21:52:14.645000,-0.7752841711044312,-0.0025818084832280874
2023-01-10 21:53:14.474000,-0.7446955442428589,-0.002578644547611475
2023-01-10 21:54:14.223000,-0.763516366481781,-0.0024913260713219643
2023-01-10 21:55:14.839000,-0.8939781188964844,-0.0023673095274716616
2023-01-10 21:56:15.161000,-0.698743999004364,-0.002394767478108406
2023-01-10 21:57:15.291000,-0.6927870512008667,-0.002445458434522152
2023-01-10 21:58:15.537000,-0.7714937329292297,-0.0024794000200927258
2023-01-10 21:59:14.566000,-0.8325393795967102,-0.0025866739451885223
2023-01-10 22:00:14.641000,-0.7199606895446777,-0.002525044372305274
2023-01-10 22:01:14.693000,-0.708154559135437,-0.0024430465418845415
2023-01-10 22:02:14.159000,-0.7783417105674744,-0.0025500613264739513
2023-01-10 22:03:14.254000,-0.6125194430351257,-0.0024607607629150152
2023-01-10 22:04:14.398000,-0.6398236751556396,-0.0023818695917725563
2023-01-10 22:05:14.293000,-0.987197756767273,-0.00277885003015399
2023-01-10 22:06:14.283000,-0.8789002299308777,-0.002475826069712639
2023-01-10 22:07:14.686000,-0.6425261497497559,-0.0023918808437883854
2023-01-10 22:08:14.179000,-0.8391450643539429,-0.0024239523336291313
2023-01-10 22:09:14.176000,-0.8271637558937073,-0.0024583672638982534
2023-01-10 22:10:14.293000,-0.7388319969177246,-0.0025081599596887827
2023-01-10 22:11:14.194000,-0.8060882091522217,-0.002447912935167551
2023-01-10 22:12:14.714000,-0.9028939604759216,-0.0025456666480749846
2023-01-10 22:13:14.429000,-0.8917262554168701,-0.002540239132940769
2023-01-10 22:14:14.269000,-0.8420102000236511,-0.0024321633391082287
2023-01-10 22:15:14.558000,-0.8383951783180237,-0.0021238205954432487
2023-01-10 22:16:14.217000,-1.0500421524047852,-0.002429957501590252
2023-01-10 22:17:14.185000,-0.8598255515098572,-0.0024572552647441626
2023-01-10 22:18:14.556000,-0.8293293118476868,-0.002431534929201007
2023-01-10 22:19:14.238000,-0.8184707164764404,-0.002399367280304432
2023-01-10 22:20:14.747000,-0.8097981214523315,-0.002131022745743394
2023-01-10 22:21:14.558000,-0.8585873246192932,-0.002311255317181349
2023-01-10 22:22:14.255000,-0.7228552103042603,-0.002372787334024906
2023-01-10 22:23:14.555000,-0.8093984723091125,-0.002462651114910841
2023-01-10 22:24:14.591000,-0.8384799361228943,-0.0024093901738524437
2023-01-10 22:25:14.246000,-0.8740825653076172,-0.002548574935644865
2023-01-10 22:26:14.205000,-0.7597290277481079,-0.0026577115058898926
2023-01-10 22:27:14.143000,-0.840273380279541,-0.002555613638833165
2023-01-10 22:28:14.815000,-0.7380262017250061,-0.0026469582226127386
2023-01-10 22:29:14.527000,-0.5835479497909546,-0.002583227353170514
2023-01-10 22:30:14.549000,-0.5431113243103027,-0.002381209284067154
2023-01-10 22:31:14.657000,-0.5199575424194336,-0.0024539500009268522
2023-01-10 22:32:14.433000,-0.6686754822731018,-0.0025087022222578526
2023-01-10 22:33:14.251000,-0.6114934682846069,-0.002403363585472107
2023-01-10 22:34:14.178000,-0.6205450296401978,-0.0024468956980854273
2023-01-10 22:35:14.541000,-0.5900943875312805,-0.0025007857475429773
2023-01-10 22:36:14.199000,-0.720197319984436,-0.002478871727362275
2023-01-10 22:37:14.581000,-0.645940899848938,-0.002461511641740799
2023-01-10 22:38:14.162000,-0.5357787013053894,-0.0024675768800079823
2023-01-10 22:39:14.606000,-0.659883439540863,-0.002508260076865554
2023-01-10 22:40:14.112000,-0.7801193594932556,-0.002438627416267991
2023-01-10 22:41:14.164000,-0.6445722579956055,-0.002265600021928549
2023-01-10 22:42:14.131000,-0.501577615737915,-0.0024919998832046986
2023-01-10 22:43:14.154000,-0.7173531651496887,-0.0023829792626202106
2023-01-10 22:44:14.081000,-0.6374819278717041,-0.002507854253053665
2023-01-10 22:45:14.035000,-0.529334545135498,-0.002387099899351597
2023-01-10 22:46:14.189000,-0.7513521909713745,-0.002566333394497633
2023-01-10 22:47:14.151000,-0.7262863516807556,-0.0024621132761240005
2023-01-10 22:48:14.500000,-0.6388731002807617,-0.002564391354098916
2023-01-10 22:49:14.140000,-0.7291505336761475,-0.0024211599957197905
2023-01-10 22:50:14.179000,-0.7358338236808777,-0.0024771224707365036
2023-01-10 22:51:14.587000,-0.6754932403564453,-0.002351469360291958
2023-01-10 22:52:14.166000,-0.8132317066192627,-0.002443104051053524
2023-01-10 22:53:14.321000,-0.7772629857063293,0.000609434733632952
2023-01-10 22:54:14.206000,-0.7376883625984192,0.0035189776681363583
2023-01-10 22:55:14.503000,-0.6108096837997437,0.000441692303866148
2023-01-10 22:56:14.244000,-0.7051014304161072,0.00015102325414773077
2023-01-10 22:57:14.580000,-0.8188832402229309,0.00037045832141302526
2023-01-10 22:58:14.098000,-0.6415490508079529,0.002010540571063757
2023-01-10 22:59:14.117000,-0.6108761429786682,0.001715813996270299
2023-01-10 23:00:14.318000,-0.7492638826370239,0.0029976286459714174
2023-01-10 23:01:14.062000,-0.7241618037223816,0.004403133410960436
2023-01-10 23:02:14.142000,-0.6132590770721436,0.005526843015104532
2023-01-10 23:03:14.652000,-0.8956498503684998,0.006460824981331825
2023-01-10 23:04:14.333000,-0.8766915202140808,0.007472694385796785
2023-01-10 23:05:14.518000,-0.6171501874923706,0.008845499716699123
2023-01-10 23:06:14.187000,-0.6221256852149963,0.009865937754511833
2023-01-10 23:07:14.623000,-0.7681707739830017,0.010951565578579903
2023-01-10 23:08:14.543000,-0.6153954267501831,0.011256282217800617
2023-01-10 23:09:14.380000,-0.5896925926208496,0.012156486511230469
2023-01-10 23:10:14.022000,-0.7174941301345825,0.013307477347552776
2023-01-10 23:11:14.149000,-0.5520501136779785,0.014424318447709084
2023-01-10 23:12:14.149000,-0.6303482055664062,0.015271725133061409
2023-01-10 23:13:14.128000,-0.788800835609436,0.016069460660219193
2023-01-10 23:14:14.519000,-0.5888169407844543,0.017328333109617233
2023-01-10 23:15:14.634000,-0.644573450088501,0.018587620928883553
2023-01-10 23:16:14.161000,-0.49345773458480835,0.019871000200510025
2023-01-10 23:17:14.440000,-0.5509000420570374,0.02136818692088127
2023-01-10 23:18:14.481000,-0.47248706221580505,0.02287878468632698
2023-01-10 23:19:14.511000,-0.5919198989868164,0.02429678849875927
2023-01-10 23:20:14.333000,-0.6674367785453796,0.025493472814559937
2023-01-10 23:21:14.024000,-0.5548604130744934,0.026895133778452873
2023-01-10 23:22:14.657000,-0.6553690433502197,0.02872326225042343
2023-01-10 23:23:14.095000,-0.8163875937461853,0.030208349227905273
2023-01-10 23:24:14.536000,-0.753844141960144,0.030728811398148537
2023-01-10 23:25:14.450000,-0.6198286414146423,0.0319695919752121
2023-01-10 23:26:14.144000,-0.7933955192565918,0.03421035781502724
2023-01-10 23:27:14.671000,-0.9220198392868042,0.035291850566864014
2023-01-10 23:28:14.087000,-0.8194211721420288,0.0365612730383873
2023-01-10 23:29:14.118000,-0.6854640245437622,0.03881997615098953
2023-01-10 23:30:14.122000,-0.7740898132324219,0.04107780009508133
2023-01-10 23:31:14.135000,-0.8152677416801453,0.044399186968803406
2023-01-10 23:32:14.647000,-0.621703028678894,0.04800625145435333
2023-01-10 23:33:14.129000,-0.7233343124389648,0.0520695224404335
2023-01-10 23:34:14.102000,-0.8862032294273376,0.055568110197782516
2023-01-10 23:35:14.139000,-0.9057608246803284,0.05833681672811508
2023-01-10 23:36:14.564000,-0.8248955607414246,0.0615786537528038
2023-01-10 23:37:14.120000,-0.8692834377288818,0.06496982276439667
2023-01-10 23:38:14.084000,-0.9083156585693359,0.06913673877716064
2023-01-10 23:39:14.313000,-1.0183032751083374,0.06956017017364502
2023-01-10 23:40:14.111000,-1.0529536008834839,0.06869153678417206
2023-01-10 23:41:14.629000,-0.8944721817970276,0.06788961589336395
2023-01-10 23:42:14.161000,-0.975336492061615,0.06823726743459702
2023-01-10 23:43:14.535000,-0.9929401874542236,0.06888782232999802
2023-01-10 23:44:14.047000,-1.0477378368377686,0.06930065900087357
2023-01-10 23:45:14.528000,-1.2273319959640503,0.06870745122432709
2023-01-10 23:46:13.999000,-0.9273114204406738,0.06822464615106583
2023-01-10 23:47:14.486000,-0.9593430757522583,0.06821786612272263
2023-01-10 23:48:14.083000,-1.0019160509109497,0.06985017657279968
2023-01-10 23:49:14.165000,-0.9324809312820435,0.07041486352682114
2023-01-10 23:50:14.104000,-0.7476763129234314,0.07188308984041214
2023-01-10 23:51:14.102000,-0.857948899269104,0.07458966970443726
2023-01-10 23:52:14.452000,-0.8758106827735901,0.07553905993700027
2023-01-10 23:53:14.080000,-0.8417863845825195,0.16936978697776794
2023-01-10 23:54:14.088000,-0.7459872961044312,0.22337807714939117
2023-01-10 23:55:14.279000,-0.8760841488838196,0.23638734221458435
2023-01-10 23:56:14.105000,-2.820535898208618,0.2383381724357605
2023-01-10 23:57:14.302000,-2.8814454078674316,0.23114369809627533
2023-01-10 23:58:14.472000,-3.4916820526123047,0.213823601603508
2023-01-10 23:59:14.606000,-3.026426315307617,0.1958649605512619
2023-01-11 00:00:14.397000,-3.0113937854766846,0.19047680497169495
2023-01-11 00:01:14.057000,-2.9883947372436523,0.18851172924041748
2023-01-11 00:02:14.499000,-2.9443092346191406,0.1877339631319046
2023-01-11 00:03:14.387000,-2.2821927070617676,0.18997587263584137
2023-01-11 00:04:14.419000,-0.8694828152656555,0.19345036149024963
2023-01-11 00:05:14.011000,-1.1115304231643677,0.19693271815776825
2023-01-11 00:06:14.450000,-1.102324366569519,0.20052006840705872
2023-01-11 00:07:14.099000,-1.1345815658569336,0.20575374364852905
2023-01-11 00:08:14.430000,-1.0586527585983276,0.20981809496879578
2023-01-11 00:09:13.928000,-0.8755341172218323,0.21204891800880432
2023-01-11 00:10:14.506000,-1.049867868423462,0.2225348800420761
2023-01-11 00:11:14.037000,-0.9493952989578247,0.23455050587654114
2023-01-11 00:12:14.582000,-0.9647207260131836,0.24423183500766754
2023-01-11 00:13:14.591000,-0.9945527911186218,0.24735459685325623
2023-01-11 00:14:14.080000,-0.9561580419540405,0.24883000552654266
2023-01-11 00:15:13.900000,-1.2438321113586426,0.2398657351732254
2023-01-11 00:16:14.398000,-1.3095945119857788,0.22906486690044403
2023-01-11 00:17:14.522000,-1.2436647415161133,0.2203989326953888
2023-01-11 00:18:14.400000,-1.402843952178955,0.21739818155765533
2023-01-11 00:19:14.049000,-1.21195387840271,0.22109590470790863
2023-01-11 00:20:14.427000,-0.9831231832504272,0.22814567387104034
2023-01-11 00:21:14.456000,-0.6187489628791809,0.2348611056804657
2023-01-11 00:22:14.533000,-0.7581382989883423,0.24047034978866577
2023-01-11 00:23:14.099000,-0.723544180393219,0.25501352548599243
2023-01-11 00:24:14.139000,-0.739983856678009,0.2765422463417053
2023-01-11 00:25:14.118000,-0.8795961737632751,0.3043411374092102
2023-01-11 00:26:14.062000,-0.853568434715271,0.32418572902679443
2023-01-11 00:27:13.973000,-0.8605378270149231,0.33299481868743896
2023-01-11 00:28:14.046000,-0.920052170753479,0.3363146185874939
2023-01-11 00:29:14.067000,-0.9612994194030762,0.3400264382362366
2023-01-11 00:30:13.982000,-1.282461404800415,0.33215758204460144
2023-01-11 00:31:14.387000,-1.2056550979614258,0.30315101146698
2023-01-11 00:32:13.987000,-1.3166847229003906,0.3037422001361847
2023-01-11 00:33:14.382000,-0.9970625638961792,0.3088187277317047
2023-01-11 00:34:14.050000,-0.9694575071334839,0.31048327684402466
2023-01-11 00:35:14.292000,-0.873392641544342,0.3042987585067749
2023-01-11 00:36:14.674000,-0.8503280878067017,0.30333536863327026
2023-01-11 00:37:13.971000,-0.7692903876304626,0.30721187591552734
2023-01-11 00:38:14.047000,-0.7912366390228271,0.3156209886074066
2023-01-11 00:39:14.085000,-0.9361922144889832,0.32702672481536865
2023-01-11 00:40:13.984000,-0.9194667935371399,0.33508628606796265
2023-01-11 00:41:14.408000,-0.8750098943710327,0.3412752151489258
2023-01-11 00:42:14.074000,-1.0113519430160522,0.3491898775100708
2023-01-11 00:43:14.362000,-1.1929974555969238,0.35735082626342773
2023-01-11 00:44:14.123000,-0.86681067943573,0.36704564094543457
2023-01-11 00:45:14.550000,-1.0548893213272095,0.37561121582984924
2023-01-11 00:46:13.905000,-0.9673199653625488,0.38591286540031433
2023-01-11 00:47:14.010000,-1.0545809268951416,0.4923379719257355
2023-01-11 00:48:14.410000,-1.2353789806365967,0.6499814391136169
2023-01-11 00:49:14.448000,-1.3866612911224365,0.7240577340126038
2023-01-11 00:50:14.381000,-1.4725265502929688,0.773569643497467
2023-01-11 00:51:14.154000,-1.2312932014465332,0.8032512664794922
2023-01-11 00:52:13.954000,-1.2650079727172852,0.8593812584877014
2023-01-11 00:53:14.034000,-1.2138787508010864,1.005479097366333
2023-01-11 00:54:13.994000,-1.359236478805542,1.0354031324386597
2023-01-11 00:55:13.963000,-1.4919005632400513,0.986780047416687
2023-01-11 00:56:14.023000,-1.4687916040420532,0.9902276396751404
2023-01-11 00:57:14.295000,-1.1817198991775513,1.0208303928375244
2023-01-11 00:58:13.967000,-0.8561631441116333,0.9670771360397339
2023-01-11 00:59:14.369000,-0.8850282430648804,1.0233008861541748
2023-01-11 01:00:14.475000,-0.9070402383804321,1.1280741691589355
2023-01-11 01:01:13.828000,-0.969469428062439,1.1696770191192627
2023-01-11 01:02:13.992000,-0.8967522978782654,1.1946665048599243
2023-01-11 01:03:13.994000,-0.8986490964889526,1.2087403535842896
2023-01-11 01:04:14.426000,-0.9630414247512817,1.221798300743103
2023-01-11 01:05:14.361000,-1.049261212348938,1.2347394227981567
2023-01-11 01:06:14.105000,-1.161513328552246,1.2838548421859741
2023-01-11 01:07:13.982000,-1.0695116519927979,1.3899003267288208
2023-01-11 01:08:13.909000,-0.9740909337997437,1.4295711517333984
2023-01-11 01:09:13.927000,-1.0533548593521118,1.429057240486145
2023-01-11 01:10:13.839000,-1.0538767576217651,1.4389972686767578
2023-01-11 01:11:13.946000,-1.0112911462783813,1.4464401006698608
2023-01-11 01:12:13.895000,-1.007537841796875,1.4537982940673828
2023-01-11 01:13:14.033000,-0.8583484888076782,1.4652982950210571
2023-01-11 01:14:13.897000,-0.9836899638175964,1.466167688369751
2023-01-11 01:15:13.950000,-0.9984286427497864,1.4651775360107422
2023-01-11 01:16:14.375000,-0.9710384607315063,1.4590517282485962
2023-01-11 01:17:13.990000,-0.9685755968093872,1.470619559288025
2023-01-11 01:18:13.926000,-0.8891607522964478,1.489475965499878
2023-01-11 01:19:13.961000,-0.9884108901023865,1.4583135843276978
2023-01-11 01:20:14.340000,-1.10867178440094,1.3953789472579956
2023-01-11 01:21:13.996000,-1.1102911233901978,1.459556221961975
2023-01-11 01:22:13.960000,-1.0409724712371826,1.4681257009506226
2023-01-11 01:23:14.301000,-0.9854301810264587,1.443099021911621
2023-01-11 01:24:14.044000,-1.6394375562667847,1.1417114734649658
2023-01-11 01:25:14.385000,-1.1224209070205688,1.1451220512390137
2023-01-11 01:26:14.016000,-1.0833427906036377,1.1778788566589355
2023-01-11 01:27:13.978000,-2.350053310394287,1.1945981979370117
2023-01-11 01:28:14.304000,-2.4778380393981934,1.2856956720352173
2023-01-11 01:29:13.904000,-2.317521333694458,1.1978216171264648
2023-01-11 01:30:13.864000,-2.425494909286499,1.1789628267288208
2023-01-11 01:31:13.943000,-2.4478611946105957,1.2597218751907349
2023-01-11 01:32:14.413000,-2.5355401039123535,1.2711013555526733
2023-01-11 01:33:13.892000,-2.713759660720825,1.2230130434036255
2023-01-11 01:34:13.904000,-2.590116262435913,1.2083845138549805
2023-01-11 01:35:13.956000,-2.6312105655670166,1.2876150608062744
2023-01-11 01:36:13.885000,-2.633455514907837,1.3804142475128174
2023-01-11 01:37:13.980000,-2.717134714126587,1.480307698249817
2023-01-11 01:38:14.103000,-2.656797170639038,1.6371246576309204
2023-01-11 01:39:14.214000,-2.7521133422851562,1.6953010559082031
2023-01-11 01:40:13.923000,-2.5453784465789795,1.6957969665527344
2023-01-11 01:41:13.848000,-2.5586917400360107,1.6862188577651978
2023-01-11 01:42:13.901000,-1.293874979019165,1.6862804889678955
2023-01-11 01:43:13.998000,-1.1990898847579956,1.5801641941070557
2023-01-11 01:44:13.933000,-1.2397551536560059,1.5594300031661987
2023-01-11 01:45:13.733000,-1.2012343406677246,1.4702637195587158
2023-01-11 01:46:14.009000,-1.2262208461761475,1.4219032526016235
2023-01-11 01:47:13.983000,-1.110264778137207,1.5696114301681519
2023-01-11 01:48:13.960000,-1.0306248664855957,1.5549070835113525
2023-01-11 01:49:13.878000,-0.9830654263496399,1.8090248107910156
2023-01-11 01:50:13.858000,-0.8148869872093201,1.841922640800476
2023-01-11 01:51:13.940000,-0.8211124539375305,1.8374485969543457
2023-01-11 01:52:13.855000,-0.8044674396514893,1.8335514068603516
2023-01-11 01:53:13.842000,-0.785399317741394,1.823274850845337
2023-01-11 01:54:13.922000,-0.7778535485267639,1.8266510963439941
2023-01-11 01:55:13.888000,-0.7757017612457275,1.8301109075546265
2023-01-11 01:56:13.843000,-0.7363911867141724,1.8476059436798096
2023-01-11 01:57:13.876000,-0.7715378999710083,1.8508282899856567
2023-01-11 01:58:13.848000,-0.7330850958824158,1.8370227813720703
2023-01-11 01:59:13.800000,-0.883101224899292,1.8931852579116821
2023-01-11 02:00:13.809000,-0.870467483997345,1.9213494062423706
2023-01-11 02:01:14.044000,-0.6973919868469238,1.8869315385818481
2023-01-11 02:02:13.832000,-0.7320148348808289,1.7850509881973267
2023-01-11 02:03:13.977000,-0.7065824866294861,1.7326616048812866
2023-01-11 02:04:13.888000,-0.7081444263458252,1.5185374021530151
2023-01-11 02:05:13.846000,-0.6863757371902466,1.2995949983596802
2023-01-11 02:06:13.943000,-0.6801878809928894,1.1958305835723877
2023-01-11 02:07:13.901000,-0.7160882949829102,1.2137439250946045
2023-01-11 02:08:13.858000,-0.7812359929084778,1.0720659494400024
2023-01-11 02:09:13.807000,-0.785061776638031,1.0221590995788574
2023-01-11 02:10:14.051000,-0.8357810378074646,1.132290005683899
2023-01-11 02:11:13.824000,-0.8214407563209534,1.3661737442016602
2023-01-11 02:12:13.852000,-0.9113312363624573,1.48358154296875
2023-01-11 02:13:13.895000,-0.8215131759643555,1.6794394254684448
2023-01-11 02:14:13.913000,-0.7593044638633728,1.6966745853424072
2023-01-11 02:15:13.945000,-0.8107342720031738,1.4393227100372314
2023-01-11 02:16:13.902000,-0.7585535645484924,1.377855658531189
2023-01-11 02:17:13.810000,-0.7238138914108276,1.3478271961212158
2023-01-11 02:18:13.930000,-0.7655000686645508,1.2849348783493042
2023-01-11 02:19:13.946000,-0.31942564249038696,1.308178424835205
2023-01-11 02:20:13.717000,-0.28534555435180664,1.4716863632202148
2023-01-11 02:21:13.894000,-0.28560927510261536,1.3330888748168945
2023-01-11 02:22:13.801000,-0.28967586159706116,1.162824273109436
2023-01-11 02:23:13.831000,-0.363371342420578,1.2835811376571655
2023-01-11 02:24:13.815000,-0.6573564410209656,1.306667685508728
2023-01-11 02:25:13.874000,-0.5453147888183594,1.5429586172103882
2023-01-11 02:26:13.947000,-0.602778434753418,1.679210901260376
2023-01-11 02:27:13.856000,-0.5624317526817322,1.5591390132904053
2023-01-11 02:28:13.809000,-0.626118540763855,1.724999189376831
2023-01-11 02:29:13.871000,-0.6819671392440796,1.894478678703308
2023-01-11 02:30:13.888000,-0.6883313655853271,2.0799009799957275
2023-01-11 02:31:13.951000,-0.8976609706878662,2.0790488719940186
2023-01-11 02:32:13.807000,-0.8355648517608643,2.1032111644744873
2023-01-11 02:33:13.810000,-0.9567539691925049,2.1272525787353516
2023-01-11 02:34:13.788000,-0.980303943157196,2.1358444690704346
2023-01-11 02:35:13.796000,-1.018907904624939,2.142305612564087
2023-01-11 02:36:13.827000,-0.7763077616691589,2.142171621322632
2023-01-11 02:37:13.883000,-0.7695276141166687,2.147526502609253
2023-01-11 02:38:13.799000,-0.753760576248169,2.1567270755767822
2023-01-11 02:39:13.883000,-0.8446318507194519,2.165344476699829
2023-01-11 02:40:13.979000,-0.8154407739639282,2.171351194381714
2023-01-11 02:41:14.112000,-0.7456125617027283,2.170647621154785
2023-01-11 02:42:13.767000,-0.5406535863876343,2.1677732467651367
2023-01-11 02:43:13.755000,-0.3251132369041443,2.1721644401550293
2023-01-11 02:44:13.906000,-0.3915519416332245,2.174307346343994
2023-01-11 02:45:13.785000,-0.3979213833808899,2.185227870941162
2023-01-11 02:46:13.956000,-0.45399200916290283,2.1908698081970215
2023-01-11 02:47:13.789000,-0.31108370423316956,2.19978928565979
2023-01-11 02:48:13.835000,-0.22032196819782257,2.206455945968628
2023-01-11 02:49:13.809000,-0.2157306969165802,2.2106540203094482
2023-01-11 02:50:13.793000,-0.24947723746299744,2.2104029655456543
2023-01-11 02:51:13.751000,-0.2462138533592224,2.205536365509033
2023-01-11 02:52:13.858000,-0.287258505821228,2.2164833545684814
2023-01-11 02:53:14.249000,-0.30526307225227356,2.2172412872314453
2023-01-11 02:54:13.849000,-0.29425695538520813,2.2100250720977783
2023-01-11 02:55:13.637000,-0.4072445034980774,2.2126615047454834
2023-01-11 02:56:13.775000,-0.372615784406662,2.2258613109588623
2023-01-11 02:57:13.754000,-0.4247254431247711,2.2397124767303467
2023-01-11 02:58:13.939000,-0.3862723112106323,2.24389386177063
2023-01-11 02:59:13.895000,-0.35283538699150085,2.251856565475464
2023-01-11 03:00:13.838000,-0.3450912535190582,2.250826358795166
2023-01-11 03:01:13.727000,-0.34161239862442017,2.2427237033843994
2023-01-11 03:02:13.770000,-0.3279494345188141,2.2507874965667725
2023-01-11 03:03:13.860000,-0.33750659227371216,2.2597439289093018
2023-01-11 03:04:13.835000,-0.319448858499527,2.2518978118896484
2023-01-11 03:05:13.738000,-0.31715843081474304,2.2446210384368896
2023-01-11 03:06:13.738000,-0.6298595666885376,2.2309329509735107
2023-01-11 03:07:13.848000,-0.621166467666626,2.2204151153564453
2023-01-11 03:08:13.875000,-0.6344109773635864,2.2173378467559814
2023-01-11 03:09:13.762000,-0.5022287368774414,2.222987174987793
2023-01-11 03:10:13.801000,-0.3625738322734833,2.226193904876709
2023-01-11 03:11:13.847000,-0.37644585967063904,2.2434322834014893
2023-01-11 03:12:13.737000,-0.33350667357444763,2.253471851348877
2023-01-11 03:13:13.780000,-0.34953245520591736,2.2644760608673096
2023-01-11 03:14:13.759000,-0.37516188621520996,2.2770471572875977
2023-01-11 03:15:13.814000,-0.40071719884872437,2.2801668643951416
2023-01-11 03:16:13.833000,-0.382965624332428,2.287782669067383
2023-01-11 03:17:13.790000,-0.3688912093639374,2.2816479206085205
2023-01-11 03:18:14.120000,-0.3410082757472992,2.3028275966644287
2023-01-11 03:19:13.753000,-0.3538077771663666,2.2884438037872314
2023-01-11 03:20:13.718000,-0.34328463673591614,2.2834408283233643
2023-01-11 03:21:14.016000,-0.336489200592041,2.282609701156616
2023-01-11 03:22:13.779000,-0.3424499034881592,2.2904796600341797
2023-01-11 03:23:13.833000,-0.3312261998653412,2.3108859062194824
2023-01-11 03:24:13.838000,-0.35270464420318604,2.3242287635803223
2023-01-11 03:25:13.719000,-0.32083526253700256,2.3161089420318604
2023-01-11 03:26:13.780000,-0.3962727189064026,2.325456380844116
2023-01-11 03:27:13.784000,-0.3966975212097168,2.341290235519409
2023-01-11 03:28:13.756000,-0.5360009670257568,2.3148393630981445
2023-01-11 03:29:13.759000,-0.44238877296447754,2.3187289237976074
2023-01-11 03:30:13.742000,-0.5003570318222046,2.321720600128174
2023-01-11 03:31:13.718000,-0.4997796416282654,2.312985897064209
2023-01-11 03:32:13.747000,-0.43697112798690796,2.3104870319366455
2023-01-11 03:33:13.786000,-0.4704437553882599,2.316422700881958
2023-01-11 03:34:14.153000,-0.4706819951534271,2.3180389404296875
2023-01-11 03:35:13.615000,-0.472429484128952,2.3170013427734375
2023-01-11 03:36:13.819000,-0.4793650209903717,2.3334238529205322
2023-01-11 03:37:13.709000,-0.4797143340110779,2.340353012084961
2023-01-11 03:38:13.821000,-0.44686761498451233,2.3523635864257812
2023-01-11 03:39:14.228000,-0.5499199628829956,2.3545730113983154
2023-01-11 03:40:14.238000,-0.5227123498916626,2.3320248126983643
2023-01-11 03:41:14.318000,-0.5043337941169739,2.3223750591278076
2023-01-11 03:42:14.100000,-0.5130664706230164,2.325352907180786
2023-01-11 03:43:13.709000,-0.40636247396469116,2.3588707447052
2023-01-11 03:44:13.807000,-0.4612409472465515,2.3384900093078613
2023-01-11 03:45:13.767000,-0.5524784326553345,2.3277344703674316
2023-01-11 03:46:13.708000,-0.5737184286117554,2.3214776515960693
2023-01-11 03:47:13.699000,-0.43692639470100403,2.338019371032715
2023-01-11 03:48:13.688000,-0.4176085591316223,2.3545119762420654
2023-01-11 03:49:13.705000,-0.4639168679714203,2.3650004863739014
2023-01-11 03:50:13.683000,-0.4439283013343811,2.3297221660614014
2023-01-11 03:51:13.790000,-0.4253937005996704,2.3335447311401367
2023-01-11 03:52:14.157000,-0.4298749268054962,2.3467323780059814
2023-01-11 03:53:13.741000,-0.6532443165779114,2.354295015335083
2023-01-11 03:54:13.663000,-0.6424660086631775,2.352414608001709
2023-01-11 03:55:13.698000,-0.6516804099082947,2.3174216747283936
2023-01-11 03:56:13.793000,-0.47666749358177185,2.32755446434021
2023-01-11 03:57:13.723000,-0.4463580250740051,2.338797092437744
2023-01-11 03:58:13.683000,-0.4860002398490906,2.355868339538574
2023-01-11 03:59:13.866000,-0.4780900180339813,2.3477954864501953
2023-01-11 04:00:13.701000,-0.4002090394496918,2.3417038917541504
2023-01-11 04:01:13.675000,-0.3861455023288727,2.3466622829437256
2023-01-11 04:02:13.693000,-0.4230492413043976,2.349120616912842
2023-01-11 04:03:13.825000,-0.7304450273513794,2.3669955730438232
2023-01-11 04:04:13.717000,-0.747283935546875,2.383409023284912
2023-01-11 04:05:13.801000,-0.6287394762039185,2.3763489723205566
2023-01-11 04:06:13.691000,-0.6817319393157959,2.377098321914673
2023-01-11 04:07:13.799000,-0.6316434741020203,2.3830060958862305
2023-01-11 04:08:13.661000,-0.6351158618927002,2.3935065269470215
2023-01-11 04:09:13.655000,-0.6225371956825256,2.386742353439331
2023-01-11 04:10:13.542000,-0.5807963609695435,2.376133918762207
2023-01-11 04:11:13.864000,-0.7199278473854065,2.374044179916382
2023-01-11 04:12:14.221000,-0.7036082744598389,2.381070613861084
2023-01-11 04:13:13.750000,-0.6994706988334656,2.3805766105651855
2023-01-11 04:14:13.790000,-0.6710941791534424,2.380148410797119
2023-01-11 04:15:13.640000,-0.5668526887893677,2.378549575805664
2023-01-11 04:16:13.767000,-0.6924635767936707,2.373403787612915
2023-01-11 04:17:13.817000,-0.7295784950256348,2.379628896713257
2023-01-11 04:18:13.686000,-0.6868589520454407,2.3853211402893066
2023-01-11 04:19:13.656000,-0.6950303912162781,2.3982253074645996
2023-01-11 04:20:13.667000,-0.7478534579277039,2.388209581375122
2023-01-11 04:21:13.697000,-0.8144580721855164,2.388167142868042
2023-01-11 04:22:13.657000,-0.899840235710144,2.387089490890503
2023-01-11 04:23:13.650000,-0.5888990759849548,2.378749370574951
2023-01-11 04:24:13.686000,-1.0263160467147827,2.3780617713928223
2023-01-11 04:25:13.642000,-0.7982717752456665,2.378844976425171
2023-01-11 04:26:13.707000,-0.668765127658844,2.3714280128479004
2023-01-11 04:27:13.669000,-0.3914502263069153,2.3511714935302734
2023-01-11 04:28:13.665000,-0.4815235733985901,2.3414740562438965
2023-01-11 04:29:13.641000,-2.077399969100952,2.3476006984710693
2023-01-11 04:30:13.666000,-2.7155776023864746,2.3498361110687256
2023-01-11 04:31:13.638000,-2.765392541885376,2.3485255241394043
2023-01-11 04:32:13.870000,-2.8799831867218018,2.353976011276245
2023-01-11 04:33:13.673000,-3.2945761680603027,2.349113702774048
2023-01-11 04:34:13.791000,-3.224586248397827,2.3403563499450684
2023-01-11 04:35:13.642000,-3.2178897857666016,2.338846206665039
2023-01-11 04:36:13.654000,-3.2621302604675293,2.3338985443115234
2023-01-11 04:37:13.631000,-2.844804286956787,2.3308701515197754
2023-01-11 04:38:13.689000,-2.838700532913208,2.330864429473877
2023-01-11 04:39:13.644000,-2.6282520294189453,2.329118013381958
2023-01-11 04:40:13.868000,-2.626512050628662,2.327516555786133
2023-01-11 04:41:13.590000,-2.644059896469116,2.3172974586486816
2023-01-11 04:42:13.707000,-2.623582124710083,2.322641611099243
2023-01-11 04:43:13.672000,-3.015373945236206,2.3252406120300293
2023-01-11 04:44:13.655000,-2.8564934730529785,2.3295440673828125
2023-01-11 04:45:13.954000,-2.6072301864624023,2.3320131301879883
2023-01-11 04:46:14.059000,-2.547123908996582,2.3244638442993164
2023-01-11 04:47:13.656000,-2.550480842590332,2.324845552444458
2023-01-11 04:48:14.065000,-0.815002977848053,2.324061393737793
2023-01-11 04:49:13.791000,-0.5580553412437439,2.315467596054077
2023-01-11 04:50:13.647000,-0.5101443529129028,2.3070566654205322
2023-01-11 04:51:14.108000,-0.7098721265792847,2.305304527282715
2023-01-11 04:52:13.650000,-0.5299118757247925,2.3026061058044434
2023-01-11 04:53:14.141000,-0.727438747882843,2.290043592453003
2023-01-11 04:54:14.089000,-0.5559245347976685,2.288543701171875
2023-01-11 04:55:13.715000,-0.5433931350708008,2.291189432144165
2023-01-11 04:56:14.043000,-0.5780385732650757,2.2875444889068604
2023-01-11 04:57:14.116000,-0.5642335414886475,2.2745416164398193
2023-01-11 04:58:13.595000,-0.9565489292144775,2.278272867202759
2023-01-11 04:59:14.003000,-0.5317004323005676,2.2877066135406494
2023-01-11 05:00:13.681000,-0.5837376117706299,2.287158727645874
2023-01-11 05:01:13.983000,-0.5545641183853149,2.2870285511016846
2023-01-11 05:02:13.601000,-0.5676755309104919,2.280538320541382
2023-01-11 05:03:13.598000,-0.8420530557632446,2.275160789489746
2023-01-11 05:04:14.052000,-0.5799978375434875,2.2674849033355713
2023-01-11 05:05:14.055000,-0.5494888424873352,2.2641890048980713
2023-01-11 05:06:13.710000,-0.5990964770317078,2.2511396408081055
2023-01-11 05:07:13.897000,-0.6006550192832947,2.2542154788970947
2023-01-11 05:08:13.586000,-0.737824022769928,2.254024028778076
2023-01-11 05:09:14.049000,-0.7572318911552429,2.2519047260284424
2023-01-11 05:10:13.686000,-0.7482250332832336,2.2409565448760986
2023-01-11 05:11:13.572000,-0.7486661672592163,2.2393243312835693
2023-01-11 05:12:13.771000,-0.7704787850379944,2.2349281311035156
2023-01-11 05:13:13.587000,-0.9662195444107056,2.2215640544891357
2023-01-11 05:14:13.661000,-0.8425066471099854,2.2143704891204834
2023-01-11 05:15:14.002000,-0.7445819973945618,2.215007781982422
2023-01-11 05:16:14.055000,-0.6441044211387634,2.2107954025268555
2023-01-11 05:17:14.201000,-0.7842991352081299,2.190305471420288
2023-01-11 05:18:13.575000,-0.7246412038803101,2.1918301582336426
2023-01-11 05:19:13.616000,-0.7531633377075195,2.1963024139404297
2023-01-11 05:20:13.550000,-0.7988380789756775,2.190626621246338
2023-01-11 05:21:13.572000,-0.8684408068656921,2.181502103805542
2023-01-11 05:22:14.012000,-0.6621080040931702,2.1783196926116943
2023-01-11 05:23:13.651000,-0.7171560525894165,2.182176113128662
2023-01-11 05:24:13.709000,-0.7475441098213196,2.178389310836792
2023-01-11 05:25:13.464000,-0.5395554304122925,2.1610217094421387
2023-01-11 05:26:13.526000,-0.5194515585899353,2.1603035926818848
2023-01-11 05:27:13.626000,-0.6585378050804138,2.157090663909912
2023-01-11 05:28:13.670000,-0.6204363703727722,2.1402571201324463
2023-01-11 05:29:13.536000,-0.5320745706558228,2.139035701751709
2023-01-11 05:30:13.649000,-0.6250719428062439,2.128906726837158
2023-01-11 05:31:13.762000,-0.7323873043060303,2.1207125186920166
2023-01-11 05:32:13.573000,-0.804256021976471,2.121257781982422
2023-01-11 05:33:13.649000,-0.7969974875450134,2.1165788173675537
2023-01-11 05:34:13.630000,-0.8054088950157166,2.1084375381469727
2023-01-11 05:35:13.650000,-0.7753443717956543,2.1069107055664062
2023-01-11 05:36:13.595000,-0.7982304096221924,2.107908248901367
2023-01-11 05:37:13.483000,-1.0205270051956177,2.1072301864624023
2023-01-11 05:38:13.699000,-1.132213830947876,2.0984365940093994
2023-01-11 05:39:13.560000,-1.1408412456512451,2.095914602279663
2023-01-11 05:40:13.557000,-0.7832578420639038,2.0841310024261475
2023-01-11 05:41:13.607000,-0.700911283493042,2.0792553424835205
2023-01-11 05:42:13.626000,-0.8169422745704651,2.0636203289031982
2023-01-11 05:43:13.639000,-0.87139892578125,2.0557868480682373
2023-01-11 05:44:13.703000,-0.7463954091072083,2.0500388145446777
2023-01-11 05:45:13.543000,-0.76190584897995,2.0479462146759033
2023-01-11 05:46:13.576000,-0.7374580502510071,2.037348985671997
2023-01-11 05:47:13.583000,-0.6322229504585266,2.0369296073913574
2023-01-11 05:48:13.541000,-0.3864891827106476,2.0355710983276367
2023-01-11 05:49:13.614000,-0.3823213279247284,2.0325357913970947
2023-01-11 05:51:13.638000,-0.553057849407196,1.9816280603408813
2023-01-11 05:52:13.537000,-0.354133278131485,1.9474380016326904
2023-01-11 05:53:13.537000,-0.5369162559509277,1.9662482738494873
2023-01-11 05:54:13.611000,-0.3913781940937042,1.988031268119812
2023-01-11 05:55:14.044000,-0.40365955233573914,1.98129141330719
2023-01-11 05:56:13.944000,-0.6167996525764465,1.981689453125
2023-01-11 05:57:13.941000,-0.7086883783340454,1.984928011894226
2023-01-11 05:58:13.602000,-0.80031818151474,1.9665117263793945
2023-01-11 05:59:14.043000,-0.8979260921478271,1.9530311822891235
2023-01-11 06:00:13.524000,-0.873467206954956,1.9427112340927124
2023-01-11 06:01:13.507000,-0.554470956325531,1.9299639463424683
2023-01-11 06:02:13.524000,-0.5600193738937378,1.9126501083374023
2023-01-11 06:03:13.464000,-0.594244658946991,1.8912439346313477
2023-01-11 06:04:13.569000,-0.6274317502975464,1.8808097839355469
2023-01-11 06:05:13.644000,-0.5910632610321045,1.8739044666290283
2023-01-11 06:06:13.929000,-0.5666986107826233,1.8569430112838745
2023-01-11 06:07:13.532000,-0.5563634634017944,1.8418262004852295
2023-01-11 06:08:13.627000,-0.8300976753234863,1.8296862840652466
2023-01-11 06:09:13.500000,-0.6557242274284363,1.8120204210281372
2023-01-11 06:10:13.459000,-0.6795657277107239,1.7940634489059448
2023-01-11 06:11:13.533000,-0.8650462031364441,1.7897956371307373
2023-01-11 06:12:13.476000,-0.9119294285774231,1.7797772884368896
2023-01-11 06:13:13.670000,-0.9579882025718689,1.7661808729171753
2023-01-11 06:14:13.575000,-0.9034790396690369,1.7514206171035767
2023-01-11 06:15:13.472000,-0.7899190187454224,1.7446986436843872
2023-01-11 06:16:13.510000,-0.8056142926216125,1.7277698516845703
2023-01-11 06:17:14.023000,-0.7574625611305237,1.715851902961731
2023-01-11 06:18:13.455000,-0.8637192845344543,1.7049051523208618
2023-01-11 06:19:14.010000,-0.9196181893348694,1.6971745491027832
2023-01-11 06:20:13.468000,-0.9551270008087158,1.6866809129714966
2023-01-11 06:21:13.483000,-0.9504188895225525,1.6778825521469116
2023-01-11 06:22:13.470000,-0.8943656086921692,1.6706076860427856
2023-01-11 06:23:13.582000,-0.8664255738258362,1.661897897720337
2023-01-11 06:24:13.536000,-0.8826965689659119,1.6517447233200073
2023-01-11 06:25:13.617000,-0.5968290567398071,1.637763500213623
2023-01-11 06:26:13.558000,-0.5804492831230164,1.6294986009597778
2023-01-11 06:27:13.575000,-0.6028777360916138,1.6074775457382202
2023-01-11 06:28:13.495000,-0.5706190466880798,1.5998516082763672
2023-01-11 06:29:13.472000,-0.6259167194366455,1.5856250524520874
2023-01-11 06:30:13.456000,-0.647529661655426,1.5824750661849976
2023-01-11 06:31:13.508000,-0.6108031868934631,1.5746647119522095
2023-01-11 06:32:13.485000,-0.5959266424179077,1.5636104345321655
2023-01-11 06:33:13.919000,-0.6670552492141724,1.5556358098983765
2023-01-11 06:34:13.492000,-0.6082761883735657,1.549748182296753
2023-01-11 06:35:13.443000,-0.41077038645744324,1.5314041376113892
2023-01-11 06:36:13.892000,-0.4172170162200928,1.5251001119613647
2023-01-11 06:37:13.506000,-0.36327895522117615,1.5117794275283813
2023-01-11 06:38:13.471000,-0.3988167643547058,1.4959653615951538
2023-01-11 06:39:13.489000,-0.41595131158828735,1.4833775758743286
2023-01-11 06:40:13.585000,-0.4277975559234619,1.4751962423324585
2023-01-11 06:41:13.467000,-0.43251001834869385,1.4637519121170044
2023-01-11 06:42:13.423000,-0.4195493459701538,1.4513188600540161
2023-01-11 06:43:13.518000,-0.4133940041065216,1.441599726676941
2023-01-11 06:44:13.447000,-0.41751042008399963,1.4281336069107056
2023-01-11 06:45:13.325000,-0.3896230459213257,1.406078815460205
2023-01-11 06:46:13.483000,-0.36144569516181946,1.3826628923416138
2023-01-11 06:47:13.397000,-0.4013162851333618,1.3640060424804688
2023-01-11 06:48:13.578000,-0.9182281494140625,1.3554588556289673
2023-01-11 06:49:13.534000,-1.1783829927444458,1.3601824045181274
2023-01-11 06:50:13.541000,-0.5486495494842529,1.3556430339813232
2023-01-11 06:51:13.561000,-0.4414021074771881,1.3465936183929443
2023-01-11 06:52:14.047000,-0.4252779185771942,1.3407212495803833
2023-01-11 06:53:13.851000,-0.418961763381958,1.327372670173645
2023-01-11 06:54:13.489000,-0.46067312359809875,1.3159643411636353
2023-01-11 06:55:13.463000,-0.4260093569755554,1.3009198904037476
2023-01-11 06:56:13.525000,-0.4952102601528168,1.2847514152526855
2023-01-11 06:57:13.543000,-0.45041149854660034,1.264684796333313
2023-01-11 06:58:13.541000,-0.46129417419433594,1.2399249076843262
2023-01-11 06:59:13.483000,-0.4644654095172882,1.2277833223342896
2023-01-11 07:00:13.470000,-0.6678919196128845,1.2128819227218628
2023-01-11 07:01:13.416000,-0.42788946628570557,1.1994479894638062
2023-01-11 07:02:13.587000,-0.4692803621292114,1.1919186115264893
2023-01-11 07:03:13.659000,-0.43245750665664673,1.181371808052063
2023-01-11 07:04:13.470000,-0.4640026092529297,1.1533163785934448
2023-01-11 07:05:13.483000,-0.47580841183662415,1.124047040939331
2023-01-11 07:06:13.481000,-0.4213148355484009,1.1039129495620728
2023-01-11 07:07:13.496000,-0.4712051749229431,1.0831729173660278
2023-01-11 07:08:13.534000,-0.43430039286613464,1.0687170028686523
2023-01-11 07:09:13.842000,-0.7582080960273743,1.0724941492080688
2023-01-11 07:10:13.482000,-0.5772963762283325,1.0714975595474243
2023-01-11 07:11:13.396000,-0.4546663761138916,1.0479605197906494
2023-01-11 07:12:13.552000,-0.445708692073822,1.054419994354248
2023-01-11 07:13:13.433000,-0.4437452554702759,1.0565142631530762
2023-01-11 07:14:13.528000,-0.4932359457015991,1.0477827787399292
2023-01-11 07:15:13.457000,-0.5079634189605713,1.0334274768829346
2023-01-11 07:16:13.493000,-0.4737039804458618,0.9917519688606262
2023-01-11 07:17:13.508000,-0.4622628390789032,0.959377646446228
2023-01-11 07:18:13.533000,-0.47533097863197327,0.9396160244941711
2023-01-11 07:19:13.484000,-0.4850192964076996,0.9404377341270447
2023-01-11 07:20:13.246000,-0.4629184901714325,0.9432616233825684
2023-01-11 07:21:13.440000,-0.4476776123046875,0.941581666469574
2023-01-11 07:22:13.403000,-0.45978909730911255,0.9364478588104248
2023-01-11 07:23:13.392000,-0.451906681060791,0.9323849678039551
2023-01-11 07:24:13.402000,-0.4493957757949829,0.9232237339019775
2023-01-11 07:25:13.518000,-0.45773816108703613,0.8950608968734741
2023-01-11 07:26:13.442000,-0.5247380137443542,0.8613503575325012
2023-01-11 07:27:13.612000,-0.6341809630393982,0.8340853452682495
2023-01-11 07:28:13.457000,-0.5841295719146729,0.8066377639770508
2023-01-11 07:29:13.485000,-0.5048471093177795,0.7763584852218628
2023-01-11 07:30:13.468000,-0.38441115617752075,0.7560266852378845
2023-01-11 07:31:13.371000,-0.40498092770576477,0.7432405948638916
2023-01-11 07:32:13.394000,-0.606382429599762,0.7481498718261719
2023-01-11 07:33:13.402000,-0.5475121140480042,0.7450906038284302
2023-01-11 07:34:13.378000,-0.6230517029762268,0.7157034873962402
2023-01-11 07:35:13.489000,-0.5833055973052979,0.6902703642845154
2023-01-11 07:36:13.631000,-0.7888692021369934,0.6673370003700256
2023-01-11 07:37:13.339000,-1.3860676288604736,0.6521591544151306
2023-01-11 07:38:13.574000,-0.783405065536499,0.6428894996643066
2023-01-11 07:39:13.400000,-0.8254497051239014,0.6352028846740723
2023-01-11 07:40:13.360000,-0.7777508497238159,0.6137035489082336
2023-01-11 07:41:13.474000,-0.8344878554344177,0.5963553786277771
2023-01-11 07:42:13.441000,-1.0428876876831055,0.5864430069923401
2023-01-11 07:43:13.403000,-2.0867254734039307,0.5820397734642029
2023-01-11 07:44:13.486000,-2.772209882736206,0.5844689607620239
2023-01-11 07:45:13.526000,-2.8493056297302246,0.581505537033081
2023-01-11 07:46:13.444000,-2.474787950515747,0.5632579326629639
2023-01-11 07:47:13.432000,-2.480642318725586,0.5458599328994751
2023-01-11 07:48:13.356000,-1.9191184043884277,0.5266891717910767
2023-01-11 07:49:13.378000,-1.3735920190811157,0.511385440826416
2023-01-11 07:50:13.406000,-1.309403896331787,0.4921061098575592
2023-01-11 07:51:13.435000,-1.4585434198379517,0.47082090377807617
2023-01-11 07:52:13.339000,-1.7874711751937866,0.4505816102027893
2023-01-11 07:53:13.442000,-1.4455934762954712,0.42899996042251587
2023-01-11 07:54:13.510000,-1.2557932138442993,0.40063562989234924
2023-01-11 07:55:13.224000,-1.1357612609863281,0.35447633266448975
2023-01-11 07:56:13.368000,-1.1372079849243164,0.3107142448425293
2023-01-11 07:57:13.391000,-1.0926262140274048,0.28015169501304626
2023-01-11 07:58:13.386000,-1.1279326677322388,0.21104921400547028
2023-01-11 07:59:13.385000,-1.069004774093628,0.16427123546600342
2023-01-11 08:00:13.386000,-1.2384231090545654,0.1497684270143509
2023-01-11 08:01:13.359000,-1.2235440015792847,0.13861848413944244
2023-01-11 08:02:13.329000,-1.1406817436218262,0.1330026239156723
2023-01-11 08:03:13.309000,-1.172086477279663,0.12820421159267426
2023-01-11 08:04:13.376000,-1.1644498109817505,0.12415482103824615
2023-01-11 08:05:13.457000,-1.3270198106765747,0.11951775848865509
2023-01-11 08:06:13.397000,-1.2839423418045044,0.11528749018907547
2023-01-11 08:07:13.311000,-1.2290685176849365,0.1117449477314949
2023-01-11 08:08:13.499000,-1.108817219734192,0.10723070055246353
2023-01-11 08:09:13.641000,-1.112357258796692,0.10269312560558319
2023-01-11 08:10:13.455000,-1.0916199684143066,0.09905002266168594
2023-01-11 08:11:13.498000,-1.0140947103500366,0.09451016783714294
2023-01-11 08:12:13.351000,-1.042479157447815,0.0902881845831871
2023-01-11 08:13:13.367000,-0.9934782385826111,0.08589904010295868
2023-01-11 08:14:13.417000,-1.0264102220535278,0.0820712298154831
2023-01-11 08:15:13.395000,-0.7925541400909424,0.07783051580190659
2023-01-11 08:16:13.490000,-0.814018189907074,0.07318028807640076
2023-01-11 08:17:13.366000,-0.7909104824066162,0.06952141970396042
2023-01-11 08:18:13.320000,-0.8102990388870239,0.06566179543733597
2023-01-11 08:19:13.645000,-0.7913843989372253,0.06186414137482643
2023-01-11 08:20:13.397000,-0.725031316280365,0.05788208916783333
2023-01-11 08:21:13.324000,-0.8744377493858337,0.053852152079343796
2023-01-11 08:22:13.402000,-0.8881730437278748,0.050455451011657715
2023-01-11 08:23:13.285000,-0.9405372738838196,0.04650859907269478
2023-01-11 08:24:13.287000,-0.9386800527572632,0.039639949798583984
2023-01-11 08:25:13.469000,-0.9592962861061096,0.015621577389538288
2023-01-11 08:26:13.311000,-0.9816113710403442,0.00903058610856533
2023-01-11 08:27:13.287000,-1.0557941198349,0.007430083118379116
2023-01-11 08:28:13.385000,-1.1861186027526855,0.005771722178906202
2023-01-11 08:29:13.336000,-0.999971866607666,0.00413135439157486
2023-01-11 08:30:13.350000,-1.0419601202011108,0.0025925105437636375
2023-01-11 08:31:13.302000,-1.2452118396759033,0.0010547667043283582
2023-01-11 08:32:13.303000,-1.1303752660751343,-0.00035600000410340726
2023-01-11 08:33:13.407000,-1.1156189441680908,-0.0018974102567881346
2023-01-11 08:34:13.375000,-1.108425498008728,-0.003293184097856283
2023-01-11 08:35:13.158000,-0.9996553063392639,-0.0040868110954761505
2023-01-11 08:36:13.268000,-0.7720723152160645,-0.0044181388802826405
2023-01-11 08:37:13.330000,-0.776957094669342,-0.004937794059514999
2023-01-11 08:38:13.393000,-0.829590380191803,-0.005153857171535492
2023-01-11 08:39:13.322000,-0.8051182627677917,-0.006547088734805584
2023-01-11 08:40:13.356000,-0.816670835018158,-0.007535043638199568
2023-01-11 08:41:13.273000,-0.8600531220436096,-0.006309091113507748
2023-01-11 08:42:13.446000,-0.7874463796615601,-0.0021981489844620228
2023-01-11 08:43:13.255000,-0.7450859546661377,-0.0022256041411310434
2023-01-11 08:44:13.389000,-0.9168387055397034,-0.002224049996584654
2023-01-11 08:45:13.288000,-0.8612062931060791,-0.0022747754119336605
2023-01-11 08:46:13.395000,-0.8342695236206055,-0.0021992791444063187
2023-01-11 08:47:13.373000,-0.7148090600967407,-0.0022877026349306107
2023-01-11 08:48:13.288000,-0.7247390151023865,-0.002304187510162592
2023-01-11 08:49:13.375000,-0.714687705039978,-0.0024611777625977993
2023-01-11 08:50:13.300000,-0.7396942973136902,-0.0021979454904794693
2023-01-11 08:51:13.244000,-0.6910332441329956,-0.0021498478017747402
2023-01-11 08:52:13.244000,-0.7225333452224731,-0.002269081072881818
2023-01-11 08:53:13.259000,-0.7437035441398621,-0.002302767476066947
2023-01-11 08:54:13.275000,-0.718246340751648,-0.0022498085163533688
2023-01-11 08:55:13.374000,-0.8224435448646545,-0.002315653022378683
2023-01-11 08:56:13.271000,-0.7678189873695374,-0.002262173919007182
2023-01-11 08:57:13.265000,-0.7862732410430908,-0.002275926759466529
2023-01-11 08:58:13.232000,-0.7304521799087524,-0.0022050400730222464
2023-01-11 08:59:13.320000,-0.6874070763587952,-0.002358256373554468
2023-01-11 09:00:13.284000,-0.6885517239570618,-0.0023631250951439142
2023-01-11 09:01:13.379000,-0.6831983923912048,-0.0023379584308713675
2023-01-11 09:02:13.239000,-0.6822226643562317,-0.002196999965235591
2023-01-11 09:03:13.334000,-0.6945265531539917,-0.0022469412069767714
2023-01-11 09:04:13.265000,-0.7396484017372131,-0.0022763777524232864
2023-01-11 09:05:13.335000,-0.6926940679550171,-0.0024261963553726673
2023-01-11 09:06:13.204000,-0.8303750157356262,-0.0020449182484298944
2023-01-11 09:07:13.272000,-0.7917240262031555,-0.002194214379414916
2023-01-11 09:08:13.375000,-0.8012002110481262,-0.0025135143660008907
2023-01-11 09:09:13.284000,-0.7452213764190674,-0.0021435278467833996
2023-01-11 09:10:13.233000,-0.7252745032310486,-0.0025114889722317457
2023-01-11 09:11:13.254000,-0.8221678733825684,-0.0022147714626044035
2023-01-11 09:12:13.351000,-0.961240291595459,-0.0023557115346193314
2023-01-11 09:13:13.343000,-0.9311734437942505,-0.0024148421362042427
2023-01-11 09:14:13.241000,-0.9679012894630432,-0.0023475000634789467
2023-01-11 09:15:13.322000,-0.9736454486846924,-0.002360179554671049
2023-01-11 09:16:13.236000,-0.9884856939315796,-0.0021956153213977814
2023-01-11 09:17:13.338000,-0.5717224478721619,-0.0024226969107985497
2023-01-11 09:18:13.223000,-0.5840274691581726,-0.0023003111127763987
2023-01-11 09:19:13.351000,-0.6489052772521973,-0.002448710612952709
2023-01-11 09:20:13.092000,-0.6474823951721191,-0.0024258499033749104
2023-01-11 09:21:13.259000,-0.6523739695549011,-0.002363276667892933
2023-01-11 09:22:13.259000,-0.6310781240463257,-0.002243595663458109
2023-01-11 09:23:13.222000,-0.642676591873169,-0.002404645783826709
2023-01-11 09:24:13.227000,-0.7446253895759583,-0.0022584523539990187
2023-01-11 09:25:13.240000,-0.8572996854782104,-0.0023454325273633003
2023-01-11 09:26:13.262000,-1.0013967752456665,-0.0022882367484271526
2023-01-11 09:27:13.222000,-1.0187534093856812,-0.0022884318605065346
2023-01-11 09:28:13.271000,-1.0749430656433105,-0.0023551250342279673
2023-01-11 09:29:13.249000,-1.0566580295562744,-0.002325365785509348
2023-01-11 09:30:13.199000,-1.0418953895568848,-0.0022964375093579292
2023-01-11 09:31:13.284000,-0.938292920589447,-0.002275206847116351
2023-01-11 09:32:13.693000,-0.995771586894989,-0.0023066552821546793
2023-01-11 09:33:13.209000,-1.1633455753326416,-0.002268636366352439
2023-01-11 09:34:13.193000,-2.3941454887390137,-0.0022899615578353405
2023-01-11 09:35:13.793000,-2.9821739196777344,-0.0021839600522071123
2023-01-11 09:36:13.221000,-2.9806275367736816,-0.0024337200447916985
2023-01-11 09:37:13.610000,-2.960874080657959,-0.002431199885904789
2023-01-11 09:38:13.244000,-2.9801504611968994,-0.0024538750294595957
2023-01-11 09:39:13.209000,-2.9728732109069824,-0.002379428595304489
2023-01-11 09:40:13.154000,-3.061621904373169,-0.002381900092586875
2023-01-11 09:41:13.198000,-3.03198504447937,-0.0023192265070974827
2023-01-11 09:42:13.239000,-3.0648934841156006,-0.0023319486062973738
2023-01-11 09:43:13.471000,-3.335519313812256,-0.0023534665815532207
2023-01-11 09:44:13.184000,-3.507397413253784,-0.002324844477698207
2023-01-11 09:45:13.326000,-3.3265552520751953,-0.002228702651336789
2023-01-11 09:46:13.307000,-3.3272950649261475,-0.0022827209904789925
2023-01-11 09:47:13.195000,-3.174790620803833,-0.002431512111797929
2023-01-11 09:48:13.412000,-3.2246041297912598,-0.0023589166812598705
2023-01-11 09:49:13.188000,-3.3243086338043213,-0.0023940391838550568
2023-01-11 09:50:13.305000,-3.3026793003082275,-0.002343769185245037
2023-01-11 09:51:13.224000,-2.1125242710113525,-0.002300027757883072
2023-01-11 09:52:13.510000,-2.021270990371704,-0.0023101086262613535
2023-01-11 09:53:13.149000,-2.0182430744171143,-0.002262454479932785
2023-01-11 09:54:13.164000,-1.9410606622695923,-0.0023899024818092585
2023-01-11 09:55:13.203000,-1.9334946870803833,-0.0023522726260125637
2023-01-11 09:56:13.343000,-1.8935340642929077,-0.0023154872469604015
2023-01-11 09:57:13.352000,-1.7888675928115845,-0.002376155462116003
2023-01-11 09:58:13.191000,-1.726688027381897,-0.0022629511076956987
2023-01-11 09:59:13.231000,-1.6824396848678589,-0.00229814276099205
2023-01-11 10:00:13.193000,-1.6902612447738647,-0.0022842353209853172
2023-01-11 10:01:13.172000,-1.669349193572998,-0.002352803945541382
2023-01-11 10:02:13.252000,-1.643092155456543,-0.0022933529689908028
2023-01-11 10:03:13.126000,-1.7577711343765259,-0.0023328366223722696
2023-01-11 10:04:13.157000,-1.5559523105621338,-0.002356702694669366
2023-01-11 10:05:13.039000,-1.5750192403793335,-0.0023068462032824755
2023-01-11 10:06:13.253000,-1.6078952550888062,-0.002310533309355378
2023-01-11 10:07:13.159000,-1.5360660552978516,-0.0022459118627011776
2023-01-11 10:08:13.238000,-1.6760700941085815,-0.002275567501783371
2023-01-11 10:09:13.136000,-1.5484132766723633,-0.0022174902260303497
2023-01-11 10:10:13.307000,-1.6585091352462769,-0.002343552652746439
2023-01-11 10:11:13.174000,-1.555746078491211,-0.002401533303782344
2023-01-11 10:12:13.154000,-1.652086853981018,-0.0023776586167514324
2023-01-11 10:13:13.179000,-1.574447512626648,-0.0022812439128756523
2023-01-11 10:14:13.121000,-1.8404823541641235,-0.002380077028647065
2023-01-11 10:15:13.251000,-1.8521664142608643,-0.0022481591440737247
2023-01-11 10:16:13.149000,-1.9265007972717285,-0.0022930833511054516
2023-01-11 10:17:13.138000,-1.918579339981079,-0.0023910682648420334
2023-01-11 10:18:13.226000,-1.849464774131775,-0.0023307777009904385
2023-01-11 10:19:13.354000,-1.7588915824890137,-0.002273729769513011
2023-01-11 10:20:13.268000,-1.8663257360458374,-0.002327355556190014
2023-01-11 10:21:13.208000,-1.8312147855758667,-0.0022971457801759243
2023-01-11 10:22:13.194000,-1.7643532752990723,-0.0023264363408088684
2023-01-11 10:23:13.192000,-1.884881854057312,-0.002397162141278386
2023-01-11 10:24:13.103000,-2.069417715072632,-0.002353962976485491
2023-01-11 10:25:13.202000,-1.87000572681427,-0.002360428450629115
2023-01-11 10:26:13.177000,-1.5458052158355713,-0.002374139614403248
2023-01-11 10:27:13.234000,-1.4877302646636963,-0.0025036500301212072
2023-01-11 10:28:13.258000,-1.2710659503936768,-0.0022929799742996693
2023-01-11 10:29:13.201000,-1.2138348817825317,-0.0024243018124252558
2023-01-11 10:30:13.121000,-1.2576956748962402,-0.0025165588594973087
2023-01-11 10:31:13.131000,-1.257106900215149,-0.0024079999420791864
2023-01-11 10:32:13.129000,-1.1847857236862183,-0.002303086221218109
2023-01-11 10:33:13.231000,-1.1864513158798218,-0.0024038536939769983
2023-01-11 10:34:13.260000,-1.1915016174316406,-0.002320999978110194
2023-01-11 10:35:13.161000,-1.03371000289917,-0.0023684417828917503
2023-01-11 10:36:13.177000,-1.0119011402130127,-0.002401139587163925
2023-01-11 10:37:13.244000,-0.9051697850227356,-0.0023721621837466955
2023-01-11 10:38:13.128000,-0.8986921310424805,-0.0023725582286715508
2023-01-11 10:39:13.152000,-0.8726101517677307,-0.0023193962406367064
2023-01-11 10:40:13.158000,-1.0298866033554077,-0.0023527906741946936
2023-01-11 10:41:13.126000,-0.8544830083847046,-0.002345878863707185
2023-01-11 10:42:13.142000,-0.8552215695381165,-0.002368600107729435
2023-01-11 10:43:13.290000,-0.7175423502922058,-0.0022996545303612947
2023-01-11 10:44:13.214000,-0.6726322770118713,-0.002424719976261258
2023-01-11 10:45:13.199000,-0.6670987010002136,-0.002217945409938693
2023-01-11 10:46:13.080000,-0.8423494100570679,-0.0023283171467483044
2023-01-11 10:47:13.115000,-0.8122429251670837,-0.0024191087577492
2023-01-11 10:48:13.398000,-0.7389986515045166,-0.0025236818473786116
2023-01-11 10:49:13.160000,-0.8375431895256042,-0.002417977200821042
2023-01-11 10:50:12.999000,-0.8967114090919495,-0.0023433207534253597
2023-01-11 10:51:13.108000,-0.8066553473472595,-0.0024081578012555838
2023-01-11 10:52:13.296000,-0.7407341599464417,-0.0024263777304440737
2023-01-11 10:53:13.214000,-0.8342474102973938,-0.0022273208014667034
2023-01-11 10:54:13.201000,-0.9460167288780212,-0.0024665200617164373
2023-01-11 10:55:13.091000,-0.7531532049179077,-0.0023747750092297792
2023-01-11 10:56:13.124000,-0.7370414733886719,-0.0023317255545407534
2023-01-11 10:57:13.103000,-0.9064236283302307,-0.0023664000909775496
2023-01-11 10:58:13.491000,-0.9261165261268616,-0.0023116599768400192
2023-01-11 10:59:13.120000,-0.8478212952613831,-0.0023859073407948017
2023-01-11 11:00:13.117000,-0.9780346155166626,-0.0023506428115069866
2023-01-11 11:01:13.114000,-0.9912230372428894,-0.00235886056907475
2023-01-11 11:02:13.136000,-0.9545183181762695,-0.0023445128463208675
2023-01-11 11:03:13.214000,-0.8087043762207031,-0.0024253460578620434
2023-01-11 11:04:13.070000,-0.7458398342132568,-0.0023404909297823906
2023-01-11 11:05:13.154000,-0.849838137626648,-0.00238550896756351
2023-01-11 11:06:13.490000,-0.7301380634307861,-0.002412765985354781
2023-01-11 11:07:13.134000,-0.7224971055984497,-0.002352826064452529
2023-01-11 11:08:13.070000,-0.6902450323104858,-0.0024258140474557877
2023-01-11 11:09:13.090000,-0.833717405796051,-0.002436733338981867
2023-01-11 11:10:13.083000,-0.7816407084465027,-0.0023715305142104626
2023-01-11 11:11:13.382000,-0.6947118043899536,-0.0023586400784552097
2023-01-11 11:12:13.199000,-0.6324005722999573,-0.0023165999446064234
2023-01-11 11:13:13.092000,-0.6670874357223511,-0.0023549399338662624
2023-01-11 11:14:13.080000,-0.7900536060333252,-0.0023332692217081785
2023-01-11 11:15:13.115000,-0.6937553882598877,-0.002302405424416065
2023-01-11 11:16:13.069000,-0.6924160718917847,-0.0024250256828963757
2023-01-11 11:17:13.243000,-0.666130006313324,-0.002312108175829053
2023-01-11 11:18:13.101000,-0.8047439455986023,-0.0023551841732114553
2023-01-11 11:19:13.194000,-0.8403412103652954,-0.002359854057431221
2023-01-11 11:20:13.171000,-0.7514356374740601,-0.0023522856645286083
2023-01-11 11:21:13.173000,-0.7448150515556335,-0.0023984736762940884
2023-01-11 11:22:13.157000,-0.9233337640762329,-0.0023735682480037212
2023-01-11 11:23:13.374000,-1.0710606575012207,-0.002368954475969076
2023-01-11 11:24:13.087000,-1.0744513273239136,-0.0024285276886075735
2023-01-11 11:25:13.094000,-1.3669180870056152,-0.0023965477012097836
2023-01-11 11:26:13.110000,-1.5750916004180908,-0.0024567346554249525
2023-01-11 11:27:13.186000,-1.4305999279022217,-0.002448081038892269
2023-01-11 11:28:13.078000,-1.3701002597808838,-0.0023721999023109674
2023-01-11 11:29:13.089000,-1.2332324981689453,-0.002373133320361376
2023-01-11 11:30:13.078000,-0.9605165719985962,-0.0023872856982052326
2023-01-11 11:31:13.088000,-0.8884662389755249,-0.0024302825331687927
2023-01-11 11:32:13.136000,-1.0376434326171875,-0.0022341350559145212
2023-01-11 11:33:13.195000,-0.9316705465316772,-0.002300739986822009
2023-01-11 11:34:13.090000,-0.9060716032981873,-0.00239869998767972
2023-01-11 11:35:12.941000,-1.1953685283660889,-0.0023847143165767193
2023-01-11 11:36:13.118000,-1.054611086845398,-0.0024067554622888565
2023-01-11 11:37:13.219000,-1.0716776847839355,-0.002496020868420601
2023-01-11 11:38:13.063000,-1.220720887184143,-0.0025639778468757868
2023-01-11 11:39:13.471000,-1.067130446434021,-0.0023950233589857817
2023-01-11 11:40:13.350000,-1.1808100938796997,-0.0024534249678254128
2023-01-11 11:41:13.180000,-1.3547402620315552,-0.0024098604917526245
2023-01-11 11:42:13.111000,-1.1557759046554565,-0.002425804967060685
2023-01-11 11:43:13.080000,-1.0847077369689941,-0.0024755399208515882
2023-01-11 11:44:13.181000,-1.137101173400879,-0.0024262608494609594
2023-01-11 11:45:13.021000,-1.2385817766189575,-0.0023902221582829952
2023-01-11 11:46:13.028000,-0.9638339877128601,-0.002294195583090186
2023-01-11 11:47:13.193000,-0.9494982361793518,-0.002374999923631549
2023-01-11 11:48:13.070000,-1.060205340385437,-0.002493466716259718
2023-01-11 11:49:13.020000,-0.9976138472557068,-0.0024092707317322493
2023-01-11 11:50:13.073000,-0.8996938467025757,-0.002390531823039055
2023-01-11 11:51:13.029000,-0.9425240755081177,-0.002410764805972576
2023-01-11 11:52:13.138000,-0.9665409922599792,-0.0023256170097738504
2023-01-11 11:53:13.082000,-1.0020719766616821,-0.0022918665781617165
2023-01-11 11:54:13.056000,-0.8959940075874329,-0.0024612820707261562
2023-01-11 11:55:13.477000,-0.9474409222602844,-0.0023620377760380507
2023-01-11 11:56:13.041000,-1.038466453552246,-0.002371512120589614
2023-01-11 11:57:13.338000,-0.9262208342552185,-0.0023805624805390835
2023-01-11 11:58:13.040000,-0.9579353332519531,-0.002430326072499156
2023-01-11 11:59:13.111000,-1.0124297142028809,-0.0023931225296109915
2023-01-11 12:00:13.049000,-0.9358929395675659,-0.0024235870223492384
2023-01-11 12:01:13.061000,-0.7652634382247925,-0.0024350816383957863
2023-01-11 12:02:13.051000,-0.7762917876243591,-0.0023828838020563126
2023-01-11 12:03:13.125000,-0.7707207202911377,-0.0024211304262280464
2023-01-11 12:04:13.111000,-0.8855823874473572,-0.002357407473027706
2023-01-11 12:05:13.163000,-0.8087813258171082,-0.0024364048149436712
2023-01-11 12:06:13.102000,-0.7244579792022705,-0.0023822046350687742
2023-01-11 12:07:13.111000,-0.7479150891304016,-0.002366000087931752
2023-01-11 12:08:13.063000,-0.8793229460716248,-0.0023568083997815847
2023-01-11 12:09:13.146000,-0.7896963357925415,-0.002367092529311776
2023-01-11 12:10:13.329000,-0.8993961811065674,-0.0023312894627451897
2023-01-11 12:11:13.033000,-0.8975901007652283,-0.0025061701890081167
2023-01-11 12:12:13.129000,-1.3842639923095703,-0.0023615832906216383
2023-01-11 12:13:13.427000,-1.2841633558273315,-0.0024217749014496803
2023-01-11 12:14:13.145000,-1.3521718978881836,-0.002342674881219864
2023-01-11 12:15:12.883000,-1.1538842916488647,-0.0024392143823206425
2023-01-11 12:16:13.225000,-0.859102189540863,-0.0023611944634467363
2023-01-11 12:17:13.014000,-0.8754002451896667,-0.0024563190527260303
2023-01-11 12:18:13.111000,-1.023837685585022,-0.0024099545553326607
2023-01-11 12:19:13.030000,-1.066357135772705,-0.0023540263064205647
2023-01-11 12:20:13.141000,-0.9794443845748901,-0.0024711471050977707
2023-01-11 12:21:13.186000,-1.1563071012496948,-0.002389000030234456
2023-01-11 12:22:12.991000,-0.8728015422821045,-0.002257838612422347
2023-01-11 12:23:12.978000,-0.7998478412628174,-0.002273884601891041
2023-01-11 12:24:13.064000,-0.7669428586959839,-0.002365000080317259
2023-01-11 12:25:13.047000,-0.8938868641853333,-0.002581222215667367
2023-01-11 12:26:12.980000,-0.674258291721344,-0.0023517499212175608
2023-01-11 12:27:13.204000,-0.841491162776947,-0.0025211817119270563
2023-01-11 12:28:13.090000,-0.8265048861503601,-0.002339227357879281
2023-01-11 12:29:12.955000,-0.7773459553718567,-0.0024119000881910324
2023-01-11 12:30:13.583000,-0.7273269295692444,-0.0023458378855139017
2023-01-11 12:31:13.064000,-0.8199664950370789,-0.0024146500509232283
2023-01-11 12:32:14.009000,-0.8220543265342712,-0.0023848775308579206
2023-01-11 12:33:13.095000,-0.6918842792510986,-0.002418925054371357
2023-01-11 12:34:13.440000,-1.015058994293213,-0.0024107673671096563
2023-01-11 12:35:13.121000,-1.0513445138931274,-0.0024586538784205914
2023-01-11 12:36:13.030000,-0.985944926738739,-0.0023888570722192526
2023-01-11 12:37:13.050000,-1.0170637369155884,-0.002437133342027664
2023-01-11 12:38:13.043000,-1.0951703786849976,-0.002350674942135811
2023-01-11 12:39:13.009000,-0.9512774348258972,-0.0022976347245275974
2023-01-11 12:40:12.945000,-0.9522331953048706,-0.002408222295343876
2023-01-11 12:41:13.031000,-0.9703074097633362,-0.002417902462184429
2023-01-11 12:42:12.973000,-1.043387770652771,-0.0023925609420984983
2023-01-11 12:43:13.549000,-0.9226704835891724,-0.002388938795775175
2023-01-11 12:44:12.936000,-0.8878954648971558,-0.0025466829538345337
2023-01-11 12:45:12.962000,-1.0906591415405273,-0.0024404313880950212
2023-01-11 12:46:12.962000,-0.8625413775444031,-0.0023360587656497955
2023-01-11 12:47:13.028000,-0.9542972445487976,-0.0024352953769266605
2023-01-11 12:48:13.060000,-1.013829231262207,-0.002328860340639949
2023-01-11 12:49:12.985000,-0.8361156582832336,-0.0024045000318437815
2023-01-11 12:50:12.877000,-0.8211766481399536,-0.00240937783382833
2023-01-11 12:51:13.021000,-0.7943832874298096,-0.002392000053077936
2023-01-11 12:52:12.927000,-0.7397352457046509,-0.002390933223068714
2023-01-11 12:53:13.405000,-0.6552682518959045,-0.0023579210974276066
2023-01-11 12:54:13.584000,-0.7320597171783447,-0.0023922857362776995
2023-01-11 12:55:12.988000,-0.7670018672943115,-0.002389526227489114
2023-01-11 12:56:12.926000,-0.7653681635856628,-0.002356761833652854
2023-01-11 12:57:12.913000,-0.6783355474472046,-0.002402540063485503
2023-01-11 12:58:13.149000,-0.899276852607727,-0.0023929388262331486
2023-01-11 12:59:13.091000,-0.8733034133911133,-0.0024005111772567034
2023-01-11 13:00:12.990000,-0.7632202506065369,-0.002394263166934252
2023-01-11 13:01:12.964000,-0.6725522875785828,-0.0023917437065392733
2023-01-11 13:02:13.170000,-1.1001533269882202,-0.0023885262198746204
2023-01-11 13:03:13.406000,-1.2572886943817139,-0.0023926410358399153
2023-01-11 13:04:13.053000,-0.8047465085983276,-0.002396970521658659
2023-01-11 13:05:13.221000,-0.7385016679763794,-0.0024283777456730604
2023-01-11 13:06:12.969000,-0.6176063418388367,-0.0024121457245200872
2023-01-11 13:07:13.123000,-0.7350263595581055,-0.0024384211283177137
2023-01-11 13:08:12.929000,-0.7745882868766785,-0.0023884999100118876
2023-01-11 13:09:13.030000,-0.7529057860374451,-0.0024406248703598976
2023-01-11 13:10:13.058000,-0.7209712862968445,-0.0024306222330778837
2023-01-11 13:11:12.901000,-0.9514434337615967,-0.002429261803627014
2023-01-11 13:12:12.913000,-0.8363296389579773,-0.002409066539257765
2023-01-11 13:13:13.201000,-0.9032567739486694,-0.002443153876811266
2023-01-11 13:14:13.220000,-0.9250649213790894,-0.0024315896444022655
2023-01-11 13:15:12.942000,-0.9229167699813843,-0.00246270839124918
2023-01-11 13:16:13.632000,-0.9711510539054871,-0.002422395395115018
2023-01-11 13:17:12.984000,-0.8341622948646545,-0.002435153815895319
2023-01-11 13:18:12.959000,-0.8795346617698669,-0.0024218647740781307
2023-01-11 13:19:12.967000,-1.0130555629730225,-0.0023671556264162064
2023-01-11 13:20:12.925000,-0.7371337413787842,-0.0024425152223557234
2023-01-11 13:21:13.036000,-0.7786796689033508,-0.0024133999831974506
2023-01-11 13:22:13.024000,-0.8673867583274841,-0.0023083421401679516
2023-01-11 13:23:13.325000,-0.905731201171875,-0.0024198717437684536
2023-01-11 13:24:12.930000,-0.7700127959251404,-0.002411972964182496
2023-01-11 13:25:12.777000,-0.7055911421775818,-0.002424333244562149
2023-01-11 13:26:12.868000,-0.9051019549369812,-0.0024122290778905153
2023-01-11 13:27:13.009000,-0.9040755033493042,-0.0023909786250442266
2023-01-11 13:28:12.974000,-0.6980838179588318,-0.002416584873571992
2023-01-11 13:29:12.934000,-0.7751674056053162,-0.002424099948257208
2023-01-11 13:30:12.972000,-0.8077125549316406,-0.0024657826870679855
2023-01-11 13:31:12.909000,-0.7707529664039612,-0.0024124705232679844
2023-01-11 13:32:13.006000,-0.7467933297157288,-0.0024100476875901222
2023-01-11 13:33:12.900000,-0.7030683755874634,-0.0023907923605293036
2023-01-11 13:34:13.128000,-0.7804365158081055,-0.002453342080116272
2023-01-11 13:35:14.340000,-0.6689313054084778,-0.002451489446684718
2023-01-11 13:36:12.872000,-0.746052086353302,-0.002432702574878931
2023-01-11 13:37:13,-0.8139896988868713,-0.002425395417958498
2023-01-11 13:38:12.881000,-0.8019652366638184,-0.0023874046746641397
2023-01-11 13:39:12.869000,-0.9226537942886353,-0.002418413758277893
2023-01-11 13:40:12.956000,-0.8538034558296204,-0.002510133432224393
2023-01-11 13:41:12.918000,-1.0106472969055176,-0.0024041063152253628
2023-01-11 13:42:13.205000,-1.4286961555480957,-0.0027179999742656946
2023-01-11 13:43:12.878000,-0.8729413747787476,-0.0022633590269833803
2023-01-11 13:44:12.932000,-0.8645392060279846,-0.0025307803880423307
2023-01-11 13:45:12.895000,-0.7800936698913574,-0.002386000007390976
2023-01-11 13:46:12.903000,-0.7859292030334473,-0.0026169545017182827
2023-01-11 13:47:12.832000,-0.8564501404762268,-0.0024047333281487226
2023-01-11 13:48:13.157000,-1.0300254821777344,-0.002447431907057762
2023-01-11 13:49:12.937000,-1.2451704740524292,-0.002393745118752122
2023-01-11 13:50:12.861000,-1.190153956413269,-0.0025048372335731983
2023-01-11 13:51:12.973000,-1.0999255180358887,-0.002419782569631934
2023-01-11 13:52:12.896000,-1.042465090751648,-0.0023834167513996363
2023-01-11 13:53:12.934000,-1.1957457065582275,-0.0023791000712662935
2023-01-11 13:54:12.929000,-1.3018959760665894,-0.0024480612482875586
2023-01-11 13:55:12.915000,-1.2719030380249023,-0.002419229131191969
2023-01-11 13:56:12.886000,-1.1006898880004883,-0.002431093016639352
2023-01-11 13:57:12.877000,-1.0371288061141968,-0.0023808684200048447
2023-01-11 13:58:12.891000,-1.012548565864563,-0.002440962940454483
2023-01-11 13:59:12.876000,-1.0982428789138794,-0.0023709130473434925
2023-01-11 14:00:13.025000,-1.0515985488891602,-0.0024442800786346197
2023-01-11 14:01:12.844000,-0.988338828086853,-0.002397923031821847
2023-01-11 14:02:12.808000,-1.0194796323776245,-0.002435700036585331
2023-01-11 14:03:12.918000,-1.0898464918136597,-0.0024609998799860477
2023-01-11 14:04:12.961000,-0.9718179702758789,-0.0024331628810614347
2023-01-11 14:05:12.759000,-1.0006968975067139,-0.0023878077045083046
2023-01-11 14:06:12.864000,-0.9259500503540039,-0.0024020385462790728
2023-01-11 14:07:12.813000,-0.9766327142715454,-0.002384844468906522
2023-01-11 14:08:13.339000,-0.969002366065979,-0.0024848717730492353
2023-01-11 14:09:13.005000,-0.9165188074111938,-0.0023680212907493114
2023-01-11 14:10:12.857000,-0.894189178943634,-0.00238540000282228
2023-01-11 14:11:13.016000,-0.8582274913787842,-0.00251711905002594
2023-01-11 14:12:13.043000,-1.0195744037628174,-0.0024928683415055275
2023-01-11 14:13:12.818000,-0.7100791931152344,-0.0023521198891103268
2023-01-11 14:14:13.253000,-0.6335558891296387,-0.002531697740778327
2023-01-11 14:15:12.892000,-0.6642462611198425,-0.0024678269401192665
2023-01-11 14:16:13.101000,-0.8340005278587341,-0.002458911156281829
2023-01-11 14:17:12.831000,-0.7298182249069214,-0.0023866749834269285
2023-01-11 14:18:12.934000,-0.6295756101608276,-0.002455843845382333
2023-01-11 14:19:12.801000,-0.6579678058624268,-0.0023931905161589384
2023-01-11 14:20:12.840000,-0.6575103402137756,-0.0023131666239351034
2023-01-11 14:21:12.838000,-0.7019107937812805,-0.0023314200807362795
2023-01-11 14:22:12.940000,-0.8079714179039001,-0.002476295456290245
2023-01-11 14:23:13.260000,-0.8501589298248291,-0.002436687471345067
2023-01-11 14:24:12.785000,-0.8164008259773254,-0.002473843051120639
2023-01-11 14:25:13.113000,-0.8937340974807739,-0.0024054781533777714
2023-01-11 14:26:12.908000,-0.8404521942138672,-0.0024671817664057016
2023-01-11 14:27:12.838000,-0.8618856072425842,-0.0024164130445569754
2023-01-11 14:28:12.867000,-0.9521592259407043,-0.0024143042974174023
2023-01-11 14:29:12.827000,-0.8759980201721191,-0.002407846273854375
2023-01-11 14:30:12.835000,-0.8186451196670532,-0.002372333314269781
2023-01-11 14:31:12.843000,-1.0021401643753052,-0.002415654482319951
2023-01-11 14:32:12.801000,-1.0764546394348145,-0.0024739999789744616
2023-01-11 14:33:13.017000,-1.0157475471496582,-0.0024951277300715446
2023-01-11 14:34:13.210000,-0.864995002746582,-0.002434039255604148
2023-01-11 14:35:13.207000,-0.766542911529541,-0.0023645248729735613
2023-01-11 14:36:12.825000,-0.8605968952178955,-0.0024301905650645494
2023-01-11 14:37:12.830000,-0.9137151837348938,-0.0024169166572391987
2023-01-11 14:38:12.836000,-0.8347877860069275,-0.0024530000519007444
2023-01-11 14:39:12.781000,-0.781774640083313,-0.0024005582090467215
2023-01-11 14:40:12.822000,-0.8721506595611572,-0.0026917380746454
2023-01-11 14:41:12.835000,-0.9008041024208069,-0.0023141708225011826
2023-01-11 14:42:13.007000,-0.7915872931480408,-0.0025121516082435846
2023-01-11 14:43:13.023000,-0.8317846655845642,-0.002335878787562251
2023-01-11 14:44:12.794000,-0.8736374378204346,-0.0026255743578076363
2023-01-11 14:45:12.658000,-0.8624118566513062,-0.002472097519785166
2023-01-11 14:46:12.781000,-0.879787802696228,-0.0024716586340218782
2023-01-11 14:47:13.336000,-0.7841407656669617,-0.002495303051546216
2023-01-11 14:48:12.907000,-0.8149024248123169,-0.002039307728409767
2023-01-11 14:49:12.774000,-0.7409172654151917,-0.002017631661146879
2023-01-11 14:50:12.797000,-0.7591170072555542,-0.002079624915495515
2023-01-11 14:51:12.811000,-0.7624796032905579,-0.002514936262741685
2023-01-11 14:52:12.785000,-0.747513473033905,-0.0022049250546842813
2023-01-11 14:53:12.766000,-0.6014766097068787,-0.0022576937917619944
2023-01-11 14:54:12.845000,-0.7579997777938843,-0.002493550069630146
2023-01-11 14:55:12.850000,-0.7732338905334473,-0.002605862682685256
2023-01-11 14:56:12.806000,-0.7659481167793274,-0.0026286381762474775
2023-01-11 14:57:12.712000,-0.8321059346199036,-0.0025165535043925047
2023-01-11 14:58:12.726000,-0.5273987054824829,-0.0021622292697429657
2023-01-11 14:59:12.782000,-0.6908019185066223,-0.0023392499424517155
2023-01-11 15:00:12.704000,-0.7615672945976257,-0.002359651029109955
2023-01-11 15:01:12.991000,-0.6917756795883179,-0.0025241163093596697
2023-01-11 15:02:12.777000,-0.6623886227607727,-0.0022990526631474495
2023-01-11 15:03:12.730000,-0.8205544352531433,-0.002412025583907962
2023-01-11 15:04:12.752000,-0.987217128276825,-0.002095914911478758
2023-01-11 15:05:12.762000,-1.2391338348388672,-0.002093641087412834
2023-01-11 15:06:12.736000,-1.1687192916870117,-0.0021867346949875355
2023-01-11 15:07:12.838000,-1.9406317472457886,-0.0023707568179816008
2023-01-11 15:08:12.830000,-2.0338642597198486,-0.0026306957006454468
2023-01-11 15:09:12.786000,-1.9528429508209229,-0.0026911951135843992
2023-01-11 15:10:12.708000,-2.248443126678467,-0.0025370244402438402
2023-01-11 15:11:12.790000,-2.1521692276000977,-0.0024524210020899773
2023-01-11 15:12:12.850000,-2.0809409618377686,-0.002822275971993804
2023-01-11 15:13:12.707000,-2.030717372894287,-0.0022213333286345005
2023-01-11 15:14:12.955000,-2.100001811981201,-0.002199999988079071
2023-01-11 15:15:12.832000,-2.0472030639648438,-0.002423624973744154
2023-01-11 15:16:12.705000,-1.941240906715393,-0.002272789366543293
2023-01-11 15:17:12.776000,-1.9946080446243286,-0.0024140384048223495
2023-01-11 15:18:12.779000,-1.7262187004089355,-0.0023672368843108416
2023-01-11 15:19:12.789000,-1.083174705505371,-0.0023789755068719387
2023-01-11 15:20:12.757000,-1.0135856866836548,-0.002453380962833762
2023-01-11 15:21:12.871000,-0.9790887832641602,-0.002424317179247737
2023-01-11 15:22:12.764000,-1.0952330827713013,-0.002570162061601877
2023-01-11 15:23:12.770000,-1.2626646757125854,-0.0025125385727733374
2023-01-11 15:24:12.891000,-2.7632341384887695,-0.0023948648013174534
2023-01-11 15:25:12.590000,-2.6669118404388428,-0.0023792630527168512
2023-01-11 15:26:12.767000,-1.2823741436004639,-0.0024093191605061293
2023-01-11 15:27:12.795000,-0.9603679180145264,-0.0023924782872200012
2023-01-11 15:28:12.751000,-0.9516754150390625,-0.002596046542748809
2023-01-11 15:29:12.755000,-0.9323748350143433,-0.0024237222969532013
2023-01-11 15:30:12.719000,-1.0890241861343384,-0.0026331960689276457
2023-01-11 15:31:12.733000,-1.244033694267273,-0.0026908775325864553
2023-01-11 15:32:12.739000,-1.110235333442688,-0.0022380303125828505
2023-01-11 15:33:12.779000,-1.1663633584976196,-0.002193105174228549
2023-01-11 15:34:12.734000,-1.135765790939331,-0.0024253500159829855
2023-01-11 15:35:12.751000,-1.1622432470321655,-0.0021649347618222237
2023-01-11 15:36:12.749000,-1.0832898616790771,-0.0023772683925926685
2023-01-11 15:37:12.664000,-1.0870410203933716,-0.0024301568046212196
2023-01-11 15:38:12.943000,-1.112566351890564,-0.0025643249973654747
2023-01-11 15:39:12.722000,-1.0693950653076172,-0.0020550850313156843
2023-01-11 15:40:12.720000,-0.8350057601928711,-0.002313704462721944
2023-01-11 15:41:12.804000,-0.9777121543884277,-0.0022454375866800547
2023-01-11 15:42:12.696000,-1.006510615348816,-0.002680688863620162
2023-01-11 15:43:12.689000,-1.0014042854309082,-0.00241011637263
2023-01-11 15:44:12.702000,-0.8882244229316711,-0.002852553268894553
2023-01-11 15:45:12.750000,-0.8889815211296082,-0.0026454150211066008
2023-01-11 15:46:12.842000,-1.2694092988967896,-0.0025588292628526688
2023-01-11 15:47:12.952000,-1.0633927583694458,-0.0022374053951352835
2023-01-11 15:48:12.716000,-1.0465972423553467,-0.0023532307241111994
2023-01-11 15:49:12.702000,-0.8890143632888794,-0.002570301992818713
2023-01-11 15:50:12.746000,-1.011979341506958,-0.0027634999714791775
2023-01-11 15:51:12.746000,-1.0240302085876465,-0.002480592578649521
2023-01-11 15:52:12.653000,-0.9552643895149231,-0.002334734657779336
2023-01-11 15:53:12.701000,-0.8956669569015503,-0.0026836444158107042
2023-01-11 15:54:12.665000,-0.9905209541320801,-0.0026297566946595907
2023-01-11 15:55:12.653000,-0.9768310785293579,-0.0023393777664750814
2023-01-11 15:56:12.733000,-0.9281864166259766,-0.0028499166946858168
2023-01-11 15:57:12.681000,-1.0561397075653076,-0.0021491111256182194
2023-01-11 15:58:12.766000,-1.0434482097625732,-0.002010627882555127
2023-01-11 15:59:12.668000,-1.0249360799789429,-0.0026975227519869804
2023-01-11 16:00:12.562000,-0.9385383129119873,-0.0026202499866485596
2023-01-11 16:01:12.628000,-0.9562683701515198,-0.002520340494811535
2023-01-11 16:02:12.689000,-0.8574283123016357,-0.002649652073159814
2023-01-11 16:03:12.719000,-0.8199236392974854,-0.0026175500825047493
2023-01-11 16:04:12.628000,-0.8463225364685059,-0.002580930246040225
2023-01-11 16:05:12.707000,-0.9031906723976135,-0.00249510002322495
2023-01-11 16:06:12.693000,-0.8942210078239441,-0.0024998048320412636
2023-01-11 16:07:12.706000,-0.9292731285095215,-0.0024462000001221895
2023-01-11 16:08:12.882000,-0.8773878216743469,-0.002383469371125102
2023-01-11 16:09:12.685000,-0.9116623997688293,-0.002659579971805215
2023-01-11 16:10:12.699000,-0.9303836822509766,-0.0027075556572526693
2023-01-11 16:11:12.620000,-0.8543539643287659,-0.0023244665935635567
2023-01-11 16:12:12.639000,-0.7676590085029602,-0.002645153785124421
2023-01-11 16:13:12.668000,-0.8270960450172424,-0.0022683776915073395
2023-01-11 16:14:12.682000,-0.7531991004943848,-0.002518925117328763
2023-01-11 16:15:12.726000,-0.5914208889007568,-0.00206810818053782
2023-01-11 16:16:12.620000,-0.4792585074901581,-0.002289829310029745
2023-01-11 16:17:12.744000,-0.46144363284111023,-0.0027428269386291504
2023-01-11 16:18:12.706000,-0.553065836429596,-0.0022776303812861443
2023-01-11 16:19:12.695000,-0.5520877838134766,-0.0025725713931024075
2023-01-11 16:20:12.618000,-0.48130932450294495,-0.002269522752612829
2023-01-11 16:21:12.860000,-0.4123852252960205,-0.0022998913191258907
2023-01-11 16:22:12.687000,-0.6234318614006042,-0.0025347499176859856
2023-01-11 16:23:12.632000,-0.6115416884422302,-0.002641613595187664
2023-01-11 16:24:12.619000,-0.659082293510437,-0.0026380408089607954
2023-01-11 16:25:12.685000,-0.6077587008476257,-0.002706958446651697
2023-01-11 16:26:12.625000,-0.6988750696182251,-0.002474394626915455
2023-01-11 16:27:12.624000,-0.724763810634613,-0.0020383750088512897
2023-01-11 16:28:12.626000,-0.7699376940727234,-0.0024083000607788563
2023-01-11 16:29:12.654000,-0.6160416603088379,-0.002394600072875619
2023-01-11 16:30:12.640000,-0.6410040855407715,-0.0027036999817937613
2023-01-11 16:31:12.638000,-0.7039991021156311,-0.0024996045976877213
2023-01-11 16:32:12.747000,-0.7823371887207031,-0.002144930185750127
2023-01-11 16:33:12.637000,-0.6342563033103943,-0.002390790730714798
2023-01-11 16:34:12.635000,-0.6091941595077515,-0.0024658748880028725
2023-01-11 16:35:12.661000,-0.6536551117897034,-0.0026612000074237585
2023-01-11 16:36:12.668000,-0.718427836894989,-0.002694196067750454
2023-01-11 16:37:12.699000,-0.6944600343704224,-0.002481687581166625
2023-01-11 16:38:12.780000,-0.7473965883255005,-0.002433819929137826
2023-01-11 16:39:12.693000,-0.7677369713783264,-0.0022009999956935644
2023-01-11 16:40:12.465000,-0.6363964080810547,-0.0028034490533173084
2023-01-11 16:41:12.661000,-0.7115199565887451,-0.0026897958014160395
2023-01-11 16:42:12.732000,-0.7109560370445251,-0.0022886216174811125
2023-01-11 16:43:12.634000,-0.8853427767753601,-0.0026121707633137703
2023-01-11 16:44:12.636000,-1.0249872207641602,-0.00245624384842813
2023-01-11 16:45:12.635000,-0.7487010359764099,-0.0026745384093374014
2023-01-11 16:46:12.569000,-0.7285516858100891,-0.002334233373403549
2023-01-11 16:47:13.085000,-0.8102548122406006,-0.0024156570434570312
2023-01-11 16:48:12.692000,-0.886771023273468,-0.002486510667949915
2023-01-11 16:49:12.568000,-0.5939828753471375,-0.002182428492233157
2023-01-11 16:50:12.606000,-0.5216720104217529,-0.002418729243800044
2023-01-11 16:51:12.620000,-0.5801201462745667,-0.002443166682496667
2023-01-11 16:52:12.883000,-0.5289751887321472,-0.0026018666103482246
2023-01-11 16:53:12.807000,-0.44327521324157715,-0.002726078499108553
2023-01-11 16:54:12.590000,-0.4611094892024994,-0.0024593749549239874
2023-01-11 16:55:12.833000,-0.6140769720077515,-0.0022021429613232613
2023-01-11 16:56:12.776000,-0.43448811769485474,-0.0024602285120636225
2023-01-11 16:57:12.651000,-0.4553075432777405,-0.002203479176387191
2023-01-11 16:58:12.573000,-0.5523543357849121,-0.0024011211935430765
2023-01-11 16:59:12.634000,-0.7237330675125122,-0.002698000054806471
2023-01-11 17:00:12.536000,-0.7197855114936829,-0.0024429999757558107
2023-01-11 17:01:12.619000,-0.47817203402519226,-0.002535666571930051
2023-01-11 17:02:12.618000,-0.5608410239219666,-0.0031502307392656803
2023-01-11 17:03:12.628000,-0.6088834404945374,-0.0023512220941483974
2023-01-11 17:04:12.571000,-0.5663070678710938,-0.002858697669580579
2023-01-11 17:05:12.453000,-0.46739667654037476,-0.0018929361831396818
2023-01-11 17:06:12.584000,-0.6193307638168335,-0.0023950599133968353
2023-01-11 17:07:12.885000,-0.6214684247970581,-0.002610911848023534
2023-01-11 17:08:12.577000,-0.4951164424419403,-0.002920739119872451
2023-01-11 17:09:12.569000,-0.45415186882019043,-0.0026613487862050533
2023-01-11 17:10:12.642000,-0.5634577870368958,-0.002542261965572834
2023-01-11 17:11:12.857000,-0.6054248213768005,-0.0022294255904853344
2023-01-11 17:12:12.573000,-0.539456844329834,-0.0024004667066037655
2023-01-11 17:13:12.579000,-0.5250205397605896,-0.0023537022061645985
2023-01-11 17:14:12.591000,-0.6713452935218811,-0.0028221458196640015
2023-01-11 17:15:12.865000,-0.6295040845870972,-0.002664881059899926
2023-01-11 17:16:12.607000,-0.5214004516601562,-0.0026721786707639694
2023-01-11 17:17:12.584000,-0.533054530620575,-0.002307605231180787
2023-01-11 17:18:12.834000,-0.5812702178955078,-0.002678973600268364
2023-01-11 17:19:12.511000,-0.7676851749420166,-0.0027015956584364176
2023-01-11 17:20:12.610000,-0.6533790230751038,-0.0023035926278680563
2023-01-11 17:21:12.853000,-0.47060438990592957,-0.0026598749682307243
2023-01-11 17:22:12.578000,-0.7490741014480591,-0.0026898363139480352
2023-01-11 17:23:12.996000,-0.4887244701385498,-0.0026575778611004353
2023-01-11 17:24:12.723000,-0.5341242551803589,-0.002475392073392868
2023-01-11 17:25:12.727000,-0.6332073211669922,-0.0023219999857246876
2023-01-11 17:26:12.830000,-0.49757662415504456,-0.00239154533483088
2023-01-11 17:27:12.532000,-0.5226747989654541,-0.002568705938756466
2023-01-11 17:28:12.815000,-0.6216052770614624,-0.0025973774027079344
2023-01-11 17:29:12.541000,-0.6144154667854309,-0.002568652154877782
2023-01-11 17:30:12.529000,-0.442163348197937,-0.0025666342116892338
2023-01-11 17:31:12.550000,-0.5660769939422607,-0.002710311207920313
2023-01-11 17:32:12.642000,-0.4377721846103668,-0.0025643042754381895
2023-01-11 17:33:12.563000,-0.44006651639938354,-0.0025746552273631096
2023-01-11 17:34:12.543000,-0.7196650505065918,-0.002457951195538044
2023-01-11 17:35:12.507000,-0.8474389314651489,-0.002367591019719839
2023-01-11 17:36:12.833000,-0.6354708075523376,-0.0025622728280723095
2023-01-11 17:37:12.571000,-0.711982786655426,-0.00294860010035336
2023-01-11 17:38:12.543000,-0.6005899310112,-0.002725230762735009
2023-01-11 17:39:12.541000,-0.523492157459259,-0.002437999937683344
2023-01-11 17:40:12.386000,-0.7988536357879639,-0.0024304783437401056
2023-01-11 17:41:12.569000,-0.7548949122428894,-0.002692244481295347
2023-01-11 17:42:12.576000,-0.7866522669792175,-0.0026364000514149666
2023-01-11 17:43:12.537000,-0.8478822112083435,-0.0025295191444456577
2023-01-11 17:44:12.488000,-0.861306369304657,-0.0026115200016647577
2023-01-11 17:45:12.762000,-0.7703595757484436,-0.002546414965763688
2023-01-11 17:46:12.550000,-0.9333990812301636,-0.0023436667397618294
2023-01-11 17:47:12.490000,-0.8794441223144531,-0.00177143479231745
2023-01-11 17:48:12.647000,-0.7390519380569458,-0.002341885818168521
2023-01-11 17:49:12.554000,-0.958259642124176,-0.002045232569798827
2023-01-11 17:50:12.854000,-0.9108291268348694,-0.0026025588158518076
2023-01-11 17:51:12.536000,-0.8658639788627625,-0.003138731699436903
2023-01-11 17:52:12.553000,-0.9468817710876465,-0.0019737298134714365
2023-01-11 17:53:12.546000,-0.8453969955444336,-0.0031369999051094055
2023-01-11 17:54:12.501000,-0.69171541929245,-0.002820378402248025
2023-01-11 17:55:12.533000,-0.8438018560409546,-0.0019463235512375832
2023-01-11 17:56:12.628000,-0.7696155309677124,-0.002440681913867593
2023-01-11 17:57:12.542000,-0.769676923751831,-0.002322850050404668
2023-01-11 17:58:12.532000,-0.739098846912384,-0.002564488910138607
2023-01-11 17:59:12.711000,-0.5634280443191528,-0.002411068882793188
2023-01-11 18:00:12.716000,-0.627159059047699,-0.0024447778705507517
2023-01-11 18:01:12.512000,-0.5455606579780579,-0.002550864825025201
2023-01-11 18:02:12.497000,-0.5454755425453186,-0.0023442942183464766
2023-01-11 18:03:12.432000,-0.40922123193740845,-0.0024536841083317995
2023-01-11 18:04:12.547000,-0.4350963532924652,-0.0021722381934523582
2023-01-11 18:05:12.671000,-0.5181219577789307,-0.0025745651219040155
2023-01-11 18:06:12.439000,-0.5181024074554443,-0.0026031590532511473
2023-01-11 18:07:12.519000,-0.4668683111667633,-0.0026042857207357883
2023-01-11 18:08:12.813000,-0.4376658797264099,-0.002343222266063094
2023-01-11 18:09:12.520000,-0.6122749447822571,-0.002470702165737748
2023-01-11 18:10:12.506000,-0.6593656539916992,-0.002346249995753169
2023-01-11 18:11:12.468000,-0.7958930134773254,-0.0024657067842781544
2023-01-11 18:12:12.438000,-0.5684043169021606,-0.0025237600784748793
2023-01-11 18:13:12.591000,-0.5360831618309021,-0.0024481751024723053
2023-01-11 18:14:12.502000,-0.5481366515159607,-0.002835750114172697
2023-01-11 18:15:12.461000,-0.6861464977264404,-0.002880681771785021
2023-01-11 18:16:12.504000,-0.6359953284263611,-0.0025835332926362753
2023-01-11 18:17:12.513000,-0.5579349994659424,-0.002629579044878483
2023-01-11 18:18:12.487000,-0.6241629719734192,-0.0029621499124914408
2023-01-11 18:19:12.471000,-0.6888267993927002,-0.0029504583217203617
2023-01-11 18:20:12.333000,-0.7795093655586243,-0.0030758148059248924
2023-01-11 18:21:12.471000,-0.5851256847381592,-0.0028873272240161896
2023-01-11 18:22:12.486000,-0.6139712929725647,-0.002686957363039255
2023-01-11 18:23:12.412000,-0.6236495971679688,-0.002628448884934187
2023-01-11 18:24:12.517000,-0.7159937024116516,-0.0020902182441204786
2023-01-11 18:25:12.550000,-0.6328242421150208,-0.0021138163283467293
2023-01-11 18:26:12.454000,-0.5891344547271729,-0.0026211163494735956
2023-01-11 18:27:12.507000,-0.6135947704315186,-0.002314615296199918
2023-01-11 18:28:13.453000,-0.6467688679695129,-0.0023399998899549246
2023-01-11 18:29:12.515000,-0.6505135297775269,-0.0021974467672407627
2023-01-11 18:30:12.457000,-0.5941768288612366,-0.002785879885777831
2023-01-11 18:31:12.482000,-0.7396090626716614,-0.0026438094209879637
2023-01-11 18:32:12.469000,-0.5990914106369019,-0.0022960889618843794
2023-01-11 18:33:12.515000,-0.454608291387558,-0.0027046443428844213
2023-01-11 18:34:12.535000,-0.5681031942367554,-0.002410409040749073
2023-01-11 18:35:12.453000,-0.585554838180542,-0.0026496052742004395
2023-01-11 18:36:12.464000,-0.666623055934906,-0.00221027503721416
2023-01-11 18:37:12.530000,-0.6713728904724121,-0.002523500006645918
2023-01-11 18:38:12.414000,-0.64503014087677,-0.002456699963659048
2023-01-11 18:39:12.426000,-0.6523269414901733,-0.0024583828635513783
2023-01-11 18:40:12.473000,-0.5032992959022522,-0.002329058712348342
2023-01-11 18:41:12.459000,-0.6057891845703125,-0.0024935768451541662
2023-01-11 18:42:12.411000,-0.6879368424415588,-0.0028606667183339596
2023-01-11 18:43:12.454000,-0.5453419089317322,-0.0026305261999368668
2023-01-11 18:44:12.458000,-0.5824925899505615,-0.0025717178359627724
2023-01-11 18:45:12.759000,-0.9370349049568176,-0.002609357237815857
2023-01-11 18:46:12.765000,-0.7657912373542786,-0.0028807618655264378
2023-01-11 18:47:12.478000,-0.7837826013565063,-0.0023101428523659706
2023-01-11 18:48:12.487000,-0.8306720852851868,-0.0024692306760698557
2023-01-11 18:49:12.407000,-0.7481293678283691,-0.00254658330231905
2023-01-11 18:50:12.681000,-0.4923035502433777,-0.002871114294975996
2023-01-11 18:51:12.581000,-0.6750407218933105,-0.0025008749216794968
2023-01-11 18:52:12.408000,-0.5576729774475098,-0.0024383782874792814
2023-01-11 18:53:12.423000,-0.49252891540527344,-0.0026534374337643385
2023-01-11 18:54:12.441000,-0.6802676320075989,-0.0026458888314664364
2023-01-11 18:55:12.290000,-0.5200599431991577,-0.00257315207272768
2023-01-11 18:56:12.359000,-0.5609248876571655,-0.00252562970854342
2023-01-11 18:57:12.401000,-0.5865055322647095,-0.0026742187328636646
2023-01-11 18:58:12.542000,-0.6767187118530273,-0.0023756851442158222
2023-01-11 18:59:12.443000,-0.5575166344642639,-0.0023601199500262737
2023-01-11 19:00:12.380000,-0.7337850332260132,-0.0022997045889496803
2023-01-11 19:01:12.459000,-0.6520444750785828,-0.002665055450052023
2023-01-11 19:02:12.383000,-0.6057149767875671,-0.002652818104252219
2023-01-11 19:03:12.467000,-0.7794651985168457,-0.002667044522240758
2023-01-11 19:04:12.424000,-0.7299237251281738,-0.002465692348778248
2023-01-11 19:05:12.433000,-0.7238696813583374,-0.0025009773671627045
2023-01-11 19:06:12.654000,-0.9049267172813416,-0.0023166765458881855
2023-01-11 19:07:12.547000,-0.9547529220581055,-0.0024526750203222036
2023-01-11 19:08:12.388000,-0.795863926410675,-0.0028440889436751604
2023-01-11 19:09:12.521000,-0.9828372001647949,-0.0025442703627049923
2023-01-11 19:10:12.428000,-0.9688041806221008,-0.0026683250907808542
2023-01-11 19:11:12.428000,-0.7870445251464844,-0.002877487102523446
2023-01-11 19:12:12.348000,-0.7922476530075073,-0.002271543489769101
2023-01-11 19:13:12.434000,-0.8432465195655823,-0.0020068862941116095
2023-01-11 19:14:12.580000,-0.6679555773735046,-0.0022580453660339117
2023-01-11 19:15:12.501000,-0.7415753602981567,-0.002531843725591898
2023-01-11 19:16:12.528000,-0.8472288250923157,-0.0019582000095397234
2023-01-11 19:17:12.384000,-0.6519228219985962,-0.002361823571845889
2023-01-11 19:18:12.518000,-0.7693773508071899,-0.0025745427701622248
2023-01-11 19:19:12.568000,-0.771025538444519,-0.0023064680863171816
2023-01-11 19:20:12.677000,-0.8434630036354065,-0.0026507058646529913
2023-01-11 19:21:12.355000,-0.8841967582702637,-0.0026071667671203613
2023-01-11 19:22:12.394000,-1.055366039276123,-0.002207872224971652
2023-01-11 19:23:12.494000,-0.942778468132019,-0.002533205086365342
2023-01-11 19:24:12.324000,-0.9445620179176331,-0.0024653554428368807
2023-01-11 19:25:12.485000,-0.887779712677002,-0.002439799951389432
2023-01-11 19:26:12.392000,-0.868233323097229,-0.002700681798160076
2023-01-11 19:27:12.465000,-0.9206162691116333,-0.0028868261724710464
2023-01-11 19:28:12.437000,-0.8199864625930786,-0.0028609998989850283
2023-01-11 19:29:12.367000,-0.7302051782608032,-0.0031678667291998863
2023-01-11 19:30:12.204000,-0.8078225255012512,-0.0022776001133024693
2023-01-11 19:31:12.373000,-0.7631282210350037,-0.001653159037232399
2023-01-11 19:32:12.507000,-0.6355645060539246,-0.0021593414712697268
2023-01-11 19:33:12.376000,-0.6313927173614502,-0.002700707409530878
2023-01-11 19:34:12.535000,-0.7554858922958374,-0.0028931177221238613
2023-01-11 19:35:12.414000,-0.7219727039337158,-0.0032140540424734354
2023-01-11 19:36:12.445000,-0.5996465086936951,-0.002602046588435769
2023-01-11 19:37:12.397000,-0.794744610786438,-0.0027347556315362453
2023-01-11 19:38:12.392000,-0.840314507484436,-0.002205205149948597
2023-01-11 19:39:12.371000,-0.6722649931907654,-0.002646199893206358
2023-01-11 19:40:12.648000,-0.7636169791221619,-0.0026362889911979437
2023-01-11 19:41:12.395000,-0.8507562279701233,-0.0027009795885533094
2023-01-11 19:42:12.319000,-0.6740267276763916,-0.002395386341959238
2023-01-11 19:43:12.380000,-0.5359002351760864,-0.0025137837510555983
2023-01-11 19:44:12.519000,-0.6814783811569214,-0.0026684736367315054
2023-01-11 19:45:12.374000,-0.719001829624176,-0.0026289999950677156
2023-01-11 19:46:12.386000,-0.6928368210792542,-0.0024645263329148293
2023-01-11 19:47:12.589000,-0.7712742686271667,-0.0028291463386267424
2023-01-11 19:48:12.547000,-0.9714651703834534,-0.0023063023108989
2023-01-11 19:49:12.350000,-0.9059968590736389,-0.00254807504825294
2023-01-11 19:50:12.446000,-0.8196290135383606,-0.0024743061512708664
2023-01-11 19:51:12.453000,-0.9627385139465332,-0.002502867951989174
2023-01-11 19:52:12.608000,-1.0177359580993652,-0.002549844328314066
2023-01-11 19:53:12.609000,-0.8589890599250793,-0.002639880869537592
2023-01-11 19:54:12.434000,-0.827287495136261,-0.0025748845655471087
2023-01-11 19:55:12.380000,-0.9997813701629639,-0.002662188606336713
2023-01-11 19:56:12.645000,-0.9041728973388672,-0.002463951241225004
2023-01-11 19:57:12.386000,-0.8666790723800659,-0.0024807441513985395
2023-01-11 19:58:12.375000,-0.9634348750114441,-0.002534549916163087
2023-01-11 19:59:12.657000,-0.796981692314148,-0.0026307380758225918
2023-01-11 20:00:12.369000,-0.7842597365379333,-0.0028025745414197445
2023-01-11 20:01:12.356000,-0.9399572610855103,-0.002271613571792841
2023-01-11 20:02:12.303000,-0.8270077109336853,-0.0023604389280080795
2023-01-11 20:03:12.320000,-0.7931309342384338,-0.0024540815502405167
2023-01-11 20:04:12.329000,-0.9171307682991028,-0.0022689499892294407
2023-01-11 20:05:12.222000,-0.7950288653373718,-0.002456702059134841
2023-01-11 20:06:12.423000,-0.8030038475990295,-0.002810937585309148
2023-01-11 20:07:12.312000,-0.48510363698005676,-0.0026385681703686714
2023-01-11 20:08:12.328000,-0.627406656742096,-0.0023303921334445477
2023-01-11 20:09:12.308000,-0.6095693111419678,-0.00259491428732872
2023-01-11 20:10:12.402000,-0.4691046178340912,-0.002534023253247142
2023-01-11 20:11:12.287000,-0.5078935027122498,-0.002524595707654953
2023-01-11 20:12:12.322000,-0.6022631525993347,-0.0025442999321967363
2023-01-11 20:13:12.338000,-0.8918761610984802,-0.0026083055417984724
2023-01-11 20:14:12.305000,-1.239948034286499,-0.002654548967257142
2023-01-11 20:15:12.285000,-0.8568517565727234,-0.002777666551992297
2023-01-11 20:16:12.382000,-0.9668859243392944,-0.0023831394501030445
2023-01-11 20:17:12.308000,-0.8272807002067566,-0.0027721428778022528
2023-01-11 20:18:12.331000,-0.7605721950531006,-0.002984155435115099
2023-01-11 20:19:12.324000,-0.733109712600708,-0.0024310185108333826
2023-01-11 20:20:12.401000,-0.8961442708969116,-0.0025964039377868176
2023-01-11 20:21:12.333000,-1.3445839881896973,-0.0022667250595986843
2023-01-11 20:22:12.288000,-0.7058227062225342,-0.0026267499197274446
2023-01-11 20:23:12.386000,-0.8153533935546875,-0.002429857151582837
2023-01-11 20:24:12.297000,-0.7785907983779907,-0.0025587272830307484
2023-01-11 20:25:12.510000,-0.637776255607605,-0.0024163469206541777
2023-01-11 20:26:12.514000,-1.0220439434051514,-0.002422073157504201
2023-01-11 20:27:12.311000,-1.0890356302261353,-0.0025606341660022736
2023-01-11 20:28:12.343000,-0.6309503316879272,-0.002583324909210205
2023-01-11 20:29:12.298000,-0.6035934686660767,-0.002259886357933283
2023-01-11 20:30:12.322000,-0.8976139426231384,-0.002912200056016445
2023-01-11 20:31:12.289000,-1.071255087852478,-0.002623847918584943
2023-01-11 20:32:12.412000,-0.8145828247070312,-0.00271228002384305
2023-01-11 20:33:12.379000,-0.9825980067253113,-0.002699282020330429
2023-01-11 20:34:12.339000,-0.9372588396072388,-0.002698916709050536
2023-01-11 20:35:12.335000,-0.8088793754577637,-0.002322593703866005
2023-01-11 20:36:12.267000,-1.0679395198822021,-0.0023884137626737356
2023-01-11 20:37:12.405000,-0.8761477470397949,-0.002354636322706938
2023-01-11 20:38:12.258000,-1.018171787261963,-0.002744399942457676
2023-01-11 20:39:12.250000,-1.0407136678695679,-0.0021553076803684235
2023-01-11 20:40:12.297000,-0.8743775486946106,-0.0025284443981945515
2023-01-11 20:41:12.343000,-1.0301220417022705,-0.002207769313827157
2023-01-11 20:42:12.251000,-1.039060115814209,-0.0025648889131844044
2023-01-11 20:43:12.255000,-1.0363153219223022,-0.0028551961295306683
2023-01-11 20:44:12.324000,-1.262929081916809,-0.002384266583248973
2023-01-11 20:45:12.142000,-0.9999921917915344,-0.0024271951988339424
2023-01-11 20:46:12.479000,-0.9362306594848633,-0.0024829073809087276
2023-01-11 20:47:12.299000,-0.9295589923858643,-0.0024005998857319355
2023-01-11 20:48:12.418000,-0.7472630739212036,-0.002412305446341634
2023-01-11 20:49:12.367000,-0.8824362754821777,-0.0022123469971120358
2023-01-11 20:50:12.277000,-1.0596249103546143,-0.002323687542229891
2023-01-11 20:51:12.380000,-0.7959787249565125,-0.0021106733474880457
2023-01-11 20:52:12.279000,-0.8251742124557495,-0.002675181720405817
2023-01-11 20:53:12.417000,-0.9864582419395447,-0.0024610974360257387
2023-01-11 20:54:12.254000,-0.8032655119895935,-0.002455224981531501
2023-01-11 20:55:12.356000,-0.8020108938217163,-0.002526880009099841
2023-01-11 20:56:12.360000,-0.7692641019821167,-0.00264168088324368
2023-01-11 20:57:12.458000,-0.5727748274803162,-0.002730779582634568
2023-01-11 20:58:12.439000,-0.7524252533912659,-0.002439850941300392
2023-01-11 20:59:12.241000,-0.7481318116188049,-0.0025976537726819515
2023-01-11 21:00:12.510000,-0.6315065026283264,-0.0025392856914550066
2023-01-11 21:01:12.298000,-0.7064887285232544,-0.0024868205655366182
2023-01-11 21:02:12.317000,-0.7505704760551453,-0.0025572925806045532
2023-01-11 21:03:12.257000,-0.5274826288223267,-0.0025622439570724964
2023-01-11 21:04:12.464000,-0.8250081539154053,-0.0025219512172043324
2023-01-11 21:05:12.244000,-0.8212281465530396,-0.002751579973846674
2023-01-11 21:06:12.274000,-0.6892489790916443,-0.0024280294310301542
2023-01-11 21:07:12.239000,-0.8463256359100342,-0.0026535680517554283
2023-01-11 21:08:12.404000,-0.5829929709434509,-0.0026953413616865873
2023-01-11 21:09:12.427000,-0.709524393081665,-0.002571291755884886
2023-01-11 21:10:12.308000,-0.7394220232963562,-0.002567651215940714
2023-01-11 21:11:12.562000,-0.5890828371047974,-0.0024102076422423124
2023-01-11 21:12:12.329000,-0.7189726829528809,-0.002748823491856456
2023-01-11 21:13:12.314000,-0.7599499225616455,-0.0027121163439005613
2023-01-11 21:14:12.241000,-0.6300982236862183,-0.0025341464206576347
2023-01-11 21:15:12.300000,-0.7341020703315735,-0.002464866731315851
2023-01-11 21:16:12.215000,-0.8022827506065369,-0.002607365371659398
2023-01-11 21:17:12.298000,-0.6106702089309692,-0.0024267390836030245
2023-01-11 21:18:12.396000,-0.730713963508606,-0.0025058393366634846
2023-01-11 21:19:12.239000,-0.7003752589225769,-0.002589816227555275
2023-01-11 21:20:12.060000,-0.5575390458106995,-0.0023311555851250887
2023-01-11 21:21:12.484000,-0.7837289571762085,-0.00249347067438066
2023-01-11 21:22:12.314000,-0.6411296725273132,-0.0023330869153141975
2023-01-11 21:23:12.307000,-0.6589234471321106,-0.0025599999353289604
2023-01-11 21:24:12.247000,-0.7718775868415833,-0.0023634210228919983
2023-01-11 21:25:12.213000,-0.8333415985107422,-0.0022599787916988134
2023-01-11 21:26:12.345000,-0.7429366707801819,-0.0022181111853569746
2023-01-11 21:27:12.428000,-0.8301267027854919,-0.002734019886702299
2023-01-11 21:28:12.365000,-0.6581844091415405,-0.0028985769022256136
2023-01-11 21:29:12.227000,-0.7145041823387146,-0.00266400002874434
2023-01-11 21:30:12.442000,-0.7545208930969238,-0.002556214341893792
2023-01-11 21:31:12.367000,-0.603117823600769,-0.0024158779997378588
2023-01-11 21:32:12.190000,-0.6617873907089233,-0.0024626939557492733
2023-01-11 21:33:12.610000,-0.7333936095237732,-0.0023438604548573494
2023-01-11 21:34:12.283000,-0.7412717938423157,-0.0026692142710089684
2023-01-11 21:35:12.285000,-0.6301767826080322,-0.002765124896541238
2023-01-11 21:36:12.335000,-0.6934635639190674,-0.0024358180817216635
2023-01-11 21:37:12.302000,-0.783827006816864,-0.002050363691523671
2023-01-11 21:38:12.309000,-0.5769612789154053,-0.0024002091959118843
2023-01-11 21:39:12.169000,-0.6966186165809631,-0.003034092951565981
2023-01-11 21:40:12.437000,-0.8278778195381165,-0.0023221250157803297
2023-01-11 21:41:12.225000,-0.6522740721702576,-0.0023231999948620796
2023-01-11 21:42:12.758000,-0.6526766419410706,-0.0023509629536420107
2023-01-11 21:43:12.275000,-0.6576911211013794,-0.0024868780747056007
2023-01-11 21:44:12.149000,-0.453023225069046,-0.002484263153746724
2023-01-11 21:45:12.201000,-0.7250099778175354,-0.0024641111958771944
2023-01-11 21:46:12.522000,-0.6081798076629639,-0.0025429564993828535
2023-01-11 21:47:12.320000,-0.6151452660560608,-0.002584249945357442
2023-01-11 21:48:12.287000,-0.8704119920730591,-0.0024783448316156864
2023-01-11 21:49:12.357000,-0.6624708771705627,-0.0025319582782685757
2023-01-11 21:50:12.178000,-0.7726672887802124,-0.002447695704177022
2023-01-11 21:51:12.333000,-0.9158504009246826,-0.002497972222045064
2023-01-11 21:52:12.277000,-0.6638302803039551,-0.002551678568124771
2023-01-11 21:53:12.394000,-0.858106791973114,-0.002497173147276044
2023-01-11 21:54:12.276000,-0.9709054231643677,-0.0025325093884021044
2023-01-11 21:55:12.201000,-0.8185796141624451,-0.002553249942138791
2023-01-11 21:56:12.209000,-0.8851626515388489,-0.0024631591513752937
2023-01-11 21:57:12.162000,-1.0130794048309326,-0.002536484971642494
2023-01-11 21:58:12.171000,-0.8957927227020264,-0.002481152070686221
2023-01-11 21:59:12.201000,-0.9453254342079163,-0.002494621556252241
2023-01-11 22:00:12.278000,-1.1343729496002197,-0.002532361773774028
2023-01-11 22:01:12.107000,-1.024983286857605,-0.0025166666600853205
2023-01-11 22:02:12.268000,-0.7981813549995422,-0.0025609666481614113
2023-01-11 22:03:12.147000,-0.9830837249755859,-0.0024626832455396652
2023-01-11 22:04:12.740000,-0.8602180480957031,-0.0025059483014047146
2023-01-11 22:05:12.096000,-0.8878782987594604,-0.0024832834023982286
2023-01-11 22:06:12.145000,-0.9488507509231567,-0.002440166659653187
2023-01-11 22:07:12.260000,-0.8194960951805115,-0.002510416554287076
2023-01-11 22:08:12.233000,-0.8277567625045776,-0.002447800012305379
2023-01-11 22:09:12.276000,-0.9053050875663757,-0.002479883376508951
2023-01-11 22:10:12.435000,-0.8427584171295166,-0.002444847486913204
2023-01-11 22:11:12.245000,-0.7653378844261169,-0.0024841667618602514
2023-01-11 22:12:12.162000,-0.8751769065856934,-0.00248308340087533
2023-01-11 22:13:12.436000,-0.919208824634552,-0.002477033296599984
2023-01-11 22:14:12.202000,-0.7412737011909485,-0.0024504067841917276
2023-01-11 22:15:12.123000,-0.9343569278717041,-0.0024675254244357347
2023-01-11 22:16:12.255000,-1.831024169921875,-0.0025176333729177713
2023-01-11 22:17:12.073000,-1.3985939025878906,-0.002369350055232644
2023-01-11 22:18:12.128000,-1.3907898664474487,-0.002616599900647998
2023-01-11 22:19:12.310000,-0.8748172521591187,-0.0024615167640149593
2023-01-11 22:20:12.254000,-0.7340784072875977,-0.0023934398777782917
2023-01-11 22:21:12.420000,-0.901543378829956,-0.0025018833111971617
2023-01-11 22:22:12.305000,-0.7362304925918579,-0.0025051666889339685
2023-01-11 22:23:12.299000,-0.7429614067077637,-0.002385807689279318
2023-01-11 22:24:12.189000,-0.7925533652305603,-0.002434947295114398
2023-01-11 22:25:13.387000,-0.6672890186309814,-0.0024008036125451326
2023-01-11 22:26:12.120000,-0.5710979104042053,-0.0023550535552203655
2023-01-11 22:27:12.263000,-0.7454512715339661,-0.002529869554564357
2023-01-11 22:28:12.059000,-0.4759630560874939,-0.0025127555709332228
2023-01-11 22:29:12.133000,-0.4797062873840332,-0.0022636600770056248
2023-01-11 22:30:12.094000,-0.46235406398773193,-0.0024211371783167124
2023-01-11 22:31:12.360000,-0.4779042899608612,-0.00250469078309834
2023-01-11 22:32:12.112000,-0.4650977551937103,-0.0025980444625020027
2023-01-11 22:33:12.165000,-0.45272159576416016,-0.0023766830563545227
2023-01-11 22:34:12.073000,-0.43948304653167725,-0.0026431488804519176
2023-01-11 22:35:11.959000,-0.63750159740448,-0.0023805000819265842
2023-01-11 22:36:12.081000,-0.5335949659347534,-0.002387632615864277
2023-01-11 22:37:12.062000,-0.4966961741447449,-0.0024789776653051376
2023-01-11 22:38:12.107000,-0.49133628606796265,-0.0025639047380536795
2023-01-11 22:39:12.036000,-0.7747436761856079,-0.0023633413948118687
2023-01-11 22:40:12.243000,-0.5896452069282532,-0.0023444166872650385
2023-01-11 22:41:12.050000,-0.5375979542732239,-0.0025195516645908356
2023-01-11 22:42:12.171000,-0.548036515712738,-0.0023743249475955963
2023-01-11 22:43:12.142000,-0.515868604183197,-0.0029129814356565475
2023-01-11 22:44:12.127000,-0.46822723746299744,-0.0025434165727347136
2023-01-11 22:45:12.110000,-0.40609046816825867,-0.002475172281265259
2023-01-11 22:46:12.158000,-0.4466172456741333,-0.00235484610311687
2023-01-11 22:47:12.231000,-0.3181229829788208,-0.002394750015810132
2023-01-11 22:48:12.090000,-0.3465665876865387,-0.0024575116112828255
2023-01-11 22:49:12.170000,-0.3058210611343384,-0.0025894902646541595
2023-01-11 22:50:12.099000,-0.24814338982105255,-0.002587874885648489
2023-01-11 22:51:12.445000,-0.2881946861743927,-0.0025482221972197294
2023-01-11 22:52:12.478000,-0.24646998941898346,0.001627963618375361
2023-01-11 22:53:12.320000,-0.2865007221698761,0.0017574323574081063
2023-01-11 22:54:12.717000,-0.2793891131877899,-0.0024152500554919243
2023-01-11 22:55:12.625000,-0.22724640369415283,-0.0025040784385055304
2023-01-11 22:56:12.017000,-0.20259436964988708,-0.0023650936782360077
2023-01-11 22:57:12.200000,-0.32385265827178955,-0.0025086726527661085
2023-01-11 22:58:12.290000,-0.30278876423835754,-0.0023922075051814318
2023-01-11 22:59:12.144000,-0.30093517899513245,0.008696399629116058
2023-01-11 23:00:12.069000,-0.27229011058807373,0.005917000118643045
2023-01-11 23:01:12.046000,-0.15981163084506989,0.0023575122468173504
2023-01-11 23:02:12.054000,-0.2586438059806824,0.0032654223032295704
2023-01-11 23:03:12.064000,-0.23783044517040253,0.0039016222581267357
2023-01-11 23:04:12.298000,-0.27940016984939575,0.004677456337958574
2023-01-11 23:05:12.247000,-0.25930726528167725,0.005369333550333977
2023-01-11 23:06:12.103000,-0.2368202656507492,0.006034580525010824
2023-01-11 23:07:12.360000,-0.2900116443634033,0.006962920073419809
2023-01-11 23:08:12.021000,-0.3194875717163086,0.00802507996559143
2023-01-11 23:09:12.086000,-0.3059217929840088,0.008522393181920052
2023-01-11 23:10:12.056000,-0.28285646438598633,0.009201045148074627
2023-01-11 23:11:12.091000,-0.33026131987571716,0.009815185330808163
2023-01-11 23:12:12.290000,-0.2762066721916199,0.010323578491806984
2023-01-11 23:13:12.028000,-0.3330744206905365,0.01100160926580429
2023-01-11 23:14:12.016000,-0.2983870804309845,0.012111760675907135
2023-01-11 23:15:11.901000,-0.3336051404476166,0.012759899720549583
2023-01-11 23:16:12.013000,-0.4841856360435486,0.013477440923452377
2023-01-11 23:17:12.041000,-0.3592347204685211,0.013709332793951035
2023-01-11 23:18:12.054000,-0.30603834986686707,0.014683966524899006
2023-01-11 23:19:11.987000,-0.34402790665626526,0.014505419880151749
2023-01-11 23:20:12.120000,-0.3506912887096405,0.015204060822725296
2023-01-11 23:21:12.091000,-0.32437220215797424,0.01640910655260086
2023-01-11 23:22:12.086000,-0.49750784039497375,0.016688000410795212
2023-01-11 23:23:11.979000,-0.466539591550827,0.01755388267338276
2023-01-11 23:24:12.029000,-0.49693673849105835,0.01791081577539444
2023-01-11 23:25:11.975000,-0.43915581703186035,0.01904229447245598
2023-01-11 23:26:12.129000,-0.5183984041213989,0.01960732415318489
2023-01-11 23:27:11.983000,-0.4420006275177002,0.020285343751311302
2023-01-11 23:28:12.009000,-0.3869648575782776,0.020642763003706932
2023-01-11 23:29:12.127000,-0.41517457365989685,0.021602027118206024
2023-01-11 23:30:12.272000,-0.41830119490623474,0.02178359404206276
2023-01-11 23:31:12.202000,-0.45395174622535706,0.023019513115286827
2023-01-11 23:32:12.061000,-0.5119283199310303,0.023165613412857056
2023-01-11 23:33:12.319000,-0.514312744140625,0.02392045594751835
2023-01-11 23:34:12.232000,-0.3496467173099518,0.02432248368859291
2023-01-11 23:35:12.075000,-0.35075727105140686,0.02489948458969593
2023-01-11 23:36:12.055000,-0.4056995213031769,0.025530606508255005
2023-01-11 23:37:12.086000,-0.2724880278110504,0.026189733296632767
2023-01-11 23:38:11.955000,-0.18870873749256134,0.026989707723259926
2023-01-11 23:39:12.070000,-0.17271998524665833,0.027273258194327354
2023-01-11 23:40:12.181000,-0.24908414483070374,0.02780047431588173
2023-01-11 23:41:12.110000,-0.267429918050766,0.028130343183875084
2023-01-11 23:42:12.125000,-0.29005923867225647,0.028576357290148735
2023-01-11 23:43:12.052000,-0.26750364899635315,0.02953382581472397
2023-01-11 23:44:11.939000,-0.28872057795524597,0.02967587485909462
2023-01-11 23:45:12.170000,-0.2776194214820862,0.030724171549081802
2023-01-11 23:46:11.976000,-0.2607698440551758,0.030922161415219307
2023-01-11 23:47:12.235000,-0.3152197003364563,0.03129750117659569
2023-01-11 23:48:11.934000,-0.26806920766830444,0.03176456689834595
2023-01-11 23:49:12.237000,-0.42881062626838684,0.031957387924194336
2023-01-11 23:50:12.082000,-0.3962254524230957,0.03263857215642929
2023-01-11 23:51:12.050000,-0.4474213421344757,0.03328085318207741
2023-01-11 23:52:11.975000,-0.5884749293327332,0.033585164695978165
2023-01-11 23:53:12.086000,-0.4642612636089325,0.03406963869929314
2023-01-11 23:54:11.961000,-0.3224950432777405,0.03464626148343086
2023-01-11 23:55:12.234000,-0.33295100927352905,0.03558199852705002
2023-01-11 23:56:11.951000,-0.3265689015388489,0.03611867502331734
2023-01-11 23:57:12.082000,-0.3100759983062744,0.03619959577918053
2023-01-11 23:58:11.980000,-0.3696982264518738,0.036692313849925995
2023-01-11 23:59:11.977000,-0.30275487899780273,0.03739331662654877
2023-01-12 00:00:11.983000,-0.34861820936203003,0.03791484981775284
2023-01-12 00:01:12.055000,-0.3453596532344818,0.03844790160655975
2023-01-12 00:02:12.004000,-0.3132738769054413,0.03918732330203056
2023-01-12 00:03:12.137000,-0.3472619354724884,0.03961693495512009
2023-01-12 00:04:11.971000,-0.301228791475296,0.040177151560783386
2023-01-12 00:05:11.998000,-0.3218197226524353,0.04067609831690788
2023-01-12 00:06:12.109000,-0.38611742854118347,0.04121697321534157
2023-01-12 00:07:12.222000,-0.44337621331214905,0.04173703119158745
2023-01-12 00:08:12.099000,-0.4706589877605438,0.04228539019823074
2023-01-12 00:09:11.937000,-0.5999764204025269,0.04278380796313286
2023-01-12 00:10:12.016000,-0.39878541231155396,0.04303722828626633
2023-01-12 00:11:11.910000,-0.3438805341720581,0.04346136748790741
2023-01-12 00:12:11.993000,-0.3121859133243561,0.04411672428250313
2023-01-12 00:13:11.911000,-0.28798583149909973,0.044452864676713943
2023-01-12 00:14:11.905000,-0.32800549268722534,0.04517307132482529
2023-01-12 00:15:11.966000,-0.29150646924972534,0.04591565951704979
2023-01-12 00:16:12.193000,-0.3114568591117859,0.04650122672319412
2023-01-12 00:17:12.091000,-0.3202582001686096,0.046888552606105804
2023-01-12 00:18:11.936000,-0.40952441096305847,0.047442443668842316
2023-01-12 00:19:11.973000,-0.42927494645118713,0.048015713691711426
2023-01-12 00:20:11.961000,-0.4632185399532318,0.04854639992117882
2023-01-12 00:21:11.955000,-0.3928295373916626,0.04909373074769974
2023-01-12 00:22:12.110000,-0.3652300536632538,0.04957208409905434
2023-01-12 00:23:12.045000,-0.40492692589759827,0.05005894973874092
2023-01-12 00:24:13.008000,-0.33891841769218445,0.050653498619794846
2023-01-12 00:25:12.182000,-0.38831737637519836,0.05120888724923134
2023-01-12 00:26:11.961000,-0.3644160330295563,0.051993101835250854
2023-01-12 00:27:12.010000,-0.3656630218029022,0.05275944620370865
2023-01-12 00:28:12.158000,-0.43586423993110657,0.053585123270750046
2023-01-12 00:29:12.234000,-0.5157445073127747,0.05440172553062439
2023-01-12 00:30:11.777000,-0.42624327540397644,0.05518617480993271
2023-01-12 00:31:11.954000,-0.4613761603832245,0.05637544393539429
2023-01-12 00:32:12.161000,-0.507758378982544,0.05714532732963562
2023-01-12 00:33:11.950000,-0.514323890209198,0.05801355093717575
2023-01-12 00:34:11.900000,-0.5374159812927246,0.058825500309467316
2023-01-12 00:35:11.885000,-0.3035494387149811,0.05947521701455116
2023-01-12 00:36:12.199000,-0.35504746437072754,0.06033958122134209
2023-01-12 00:37:12.094000,-0.31883007287979126,0.061791811138391495
2023-01-12 00:38:11.904000,-0.3680216073989868,0.0642019733786583
2023-01-12 00:39:12.081000,-0.3493221402168274,0.11225191503763199
2023-01-12 00:40:12.009000,-0.3231503665447235,0.18423044681549072
2023-01-12 00:41:12.177000,-0.32536444067955017,0.19297850131988525
2023-01-12 00:42:11.976000,-0.347479909658432,0.2004394680261612
2023-01-12 00:43:11.887000,-0.3238336741924286,0.20649349689483643
2023-01-12 00:44:11.903000,-0.37319034337997437,0.2202879935503006
2023-01-12 00:45:12.091000,-0.4983225464820862,0.3306422233581543
2023-01-12 00:46:12.155000,-0.42593976855278015,0.8075976967811584
2023-01-12 00:47:11.948000,-0.3616039752960205,1.01297926902771
2023-01-12 00:48:12.106000,-0.3137415051460266,1.07125723361969
2023-01-12 00:49:12.174000,-0.2809354066848755,1.0898029804229736
2023-01-12 00:50:11.834000,-0.24667176604270935,1.0957452058792114
2023-01-12 00:51:12.142000,-0.20715287327766418,1.091760277748108
2023-01-12 00:52:11.943000,-0.2415868490934372,1.1070233583450317
2023-01-12 00:53:11.883000,-0.36675071716308594,1.1628475189208984
2023-01-12 00:54:11.919000,-0.37983277440071106,1.2121250629425049
2023-01-12 00:55:12.341000,-0.40704941749572754,1.1868218183517456
2023-01-12 00:56:11.948000,-0.4409371316432953,1.1371009349822998
2023-01-12 00:57:11.952000,-0.42473217844963074,1.1442649364471436
2023-01-12 00:58:11.911000,-0.4319658875465393,1.160827398300171
2023-01-12 00:59:12.133000,-0.39585262537002563,1.1698116064071655
2023-01-12 01:00:11.856000,-0.3959817886352539,1.2872753143310547
2023-01-12 01:01:11.845000,-0.42222729325294495,1.350306510925293
2023-01-12 01:02:11.894000,-0.38401949405670166,1.3683626651763916
2023-01-12 01:03:12.160000,-0.43480390310287476,1.3831138610839844
2023-01-12 01:04:11.805000,-0.4406677782535553,1.4017362594604492
2023-01-12 01:05:11.819000,-0.4683668613433838,1.4210789203643799
2023-01-12 01:06:11.975000,-0.5967905521392822,1.455457329750061
2023-01-12 01:07:11.927000,-0.568908154964447,1.5772340297698975
2023-01-12 01:08:11.826000,-0.4465427100658417,1.674726963043213
2023-01-12 01:09:11.810000,-0.44775497913360596,1.6868222951889038
2023-01-12 01:10:11.717000,-0.41345828771591187,1.6973062753677368
2023-01-12 01:11:11.877000,-0.4160531163215637,1.7085607051849365
2023-01-12 01:12:11.869000,-0.41976767778396606,1.717099666595459
2023-01-12 01:13:11.903000,-0.4309269189834595,1.7259262800216675
2023-01-12 01:14:11.851000,-0.4361177682876587,1.741127610206604
2023-01-12 01:15:11.796000,-0.3528757095336914,1.746262550354004
2023-01-12 01:16:12.010000,-0.27036312222480774,1.7559611797332764
2023-01-12 01:17:12.046000,-0.2496623396873474,1.7669793367385864
2023-01-12 01:18:11.935000,-0.2533193826675415,1.7814807891845703
2023-01-12 01:19:11.841000,-0.2565368711948395,1.786018967628479
2023-01-12 01:20:11.953000,-0.2410098761320114,1.7907378673553467
2023-01-12 01:21:11.929000,-0.244367316365242,1.8012287616729736
2023-01-12 01:22:12.009000,-0.38757017254829407,1.8145941495895386
2023-01-12 01:23:11.808000,-0.372343510389328,1.8197969198226929
2023-01-12 01:24:11.848000,-0.37232494354248047,1.8249812126159668
2023-01-12 01:25:12.020000,-0.35469624400138855,1.8397430181503296
2023-01-12 01:26:11.994000,-0.2965543270111084,1.8485065698623657
2023-01-12 01:27:12.087000,-0.3959318995475769,1.8545973300933838
2023-01-12 01:28:12.122000,-0.4137307107448578,1.8609589338302612
2023-01-12 01:29:11.812000,-0.3938519358634949,1.8652559518814087
2023-01-12 01:30:11.840000,-0.40606606006622314,1.877038836479187
2023-01-12 01:31:11.790000,-0.39951246976852417,1.883407473564148
2023-01-12 01:32:12.006000,-0.4429278075695038,1.8815242052078247
2023-01-12 01:33:11.946000,-0.5114672183990479,1.889510154724121
2023-01-12 01:34:11.789000,-0.51481032371521,1.8978761434555054
2023-01-12 01:35:12.021000,-0.49389639496803284,1.901436686515808
2023-01-12 01:36:11.837000,-0.5104467272758484,1.8995996713638306
2023-01-12 01:37:11.824000,-0.40960073471069336,1.902828574180603
2023-01-12 01:38:11.942000,-0.48427140712738037,1.9123053550720215
2023-01-12 01:39:11.824000,-0.4563707113265991,1.9213008880615234
2023-01-12 01:40:12.086000,-0.4614550769329071,1.9278571605682373
2023-01-12 01:41:11.807000,-0.47820526361465454,1.931624174118042
2023-01-12 01:42:11.818000,-0.4380013942718506,1.9405512809753418
2023-01-12 01:43:12.063000,-0.4840262234210968,1.940985083580017
2023-01-12 01:44:11.981000,-0.5838071703910828,1.949946641921997
2023-01-12 01:45:11.769000,-0.504664421081543,1.9574944972991943
2023-01-12 01:46:12.186000,-0.4609701633453369,1.9653785228729248
2023-01-12 01:47:11.804000,-0.546578049659729,1.9683572053909302
2023-01-12 01:48:11.980000,-0.5125152468681335,1.9845669269561768
2023-01-12 01:49:11.861000,-0.5982697010040283,1.9923254251480103
2023-01-12 01:50:11.807000,-0.4621663987636566,1.994960069656372
2023-01-12 01:51:11.742000,-0.4595252573490143,1.994537115097046
2023-01-12 01:52:11.755000,-0.4770139455795288,1.9975900650024414
2023-01-12 01:53:11.758000,-0.42286252975463867,2.003155469894409
2023-01-12 01:54:12.053000,-0.4841342568397522,2.0093791484832764
2023-01-12 01:55:11.869000,-0.41240397095680237,2.013930320739746
2023-01-12 01:56:11.751000,-0.3859402537345886,2.01647686958313
2023-01-12 01:57:11.800000,-0.3787928521633148,2.0192580223083496
2023-01-12 01:58:11.762000,-0.37288886308670044,2.0287866592407227
2023-01-12 01:59:11.780000,-0.3629830777645111,2.0354552268981934
2023-01-12 02:00:11.888000,-0.5408009886741638,2.0376267433166504
2023-01-12 02:01:11.979000,-0.4945942759513855,2.0445311069488525
2023-01-12 02:02:11.732000,-0.47386789321899414,2.0480704307556152
2023-01-12 02:03:11.897000,-0.25660571455955505,2.0520737171173096
2023-01-12 02:04:11.752000,-0.13811832666397095,2.0620508193969727
2023-01-12 02:05:12.360000,-0.21006639301776886,2.0651051998138428
2023-01-12 02:06:12.016000,-0.21933868527412415,2.070101737976074
2023-01-12 02:07:11.756000,-0.22196047008037567,2.0704360008239746
2023-01-12 02:08:11.945000,-0.24661703407764435,2.0781538486480713
2023-01-12 02:09:11.749000,-0.2442455291748047,2.083648920059204
2023-01-12 02:10:11.731000,-0.19888800382614136,2.0992684364318848
2023-01-12 02:11:11.924000,-0.2412412464618683,2.1127614974975586
2023-01-12 02:12:11.721000,-0.20719623565673828,2.1246681213378906
2023-01-12 02:13:11.718000,-0.19293974339962006,2.131754159927368
2023-01-12 02:14:11.894000,-0.2762700915336609,2.135970115661621
2023-01-12 02:15:11.751000,-0.21253785490989685,2.1380832195281982
2023-01-12 02:16:11.764000,-0.4138350784778595,2.1398661136627197
2023-01-12 02:17:11.767000,-0.5377883315086365,2.147066116333008
2023-01-12 02:18:12.072000,-0.531639039516449,2.1639862060546875
2023-01-12 02:19:11.776000,-0.5230125188827515,2.168830394744873
2023-01-12 02:20:11.690000,-0.5830749273300171,2.1780433654785156
2023-01-12 02:21:11.788000,-0.6329768300056458,2.177487373352051
2023-01-12 02:22:11.926000,-0.6712095737457275,2.1859612464904785
2023-01-12 02:23:12.102000,-0.5758911371231079,2.197021484375
2023-01-12 02:24:11.691000,-0.5227295756340027,2.2095370292663574
2023-01-12 02:25:11.711000,-0.603173017501831,2.2203845977783203
2023-01-12 02:26:11.747000,-0.5378621816635132,2.2258193492889404
2023-01-12 02:27:11.689000,-0.646262526512146,2.2243893146514893
2023-01-12 02:28:12.122000,-0.48959457874298096,2.2359423637390137
2023-01-12 02:29:11.745000,-0.4762030243873596,2.2392663955688477
2023-01-12 02:30:11.588000,-0.4758036434650421,2.231337070465088
2023-01-12 02:31:12.043000,-0.3974674642086029,2.234215259552002
2023-01-12 02:32:11.906000,-0.2737066447734833,2.2393782138824463
2023-01-12 02:33:12.366000,-0.2600192427635193,2.2486016750335693
2023-01-12 02:34:12.233000,-0.2546597719192505,2.2477619647979736
2023-01-12 02:35:11.718000,-0.28246060013771057,2.242844820022583
2023-01-12 02:36:11.680000,-0.2860275208950043,2.255466938018799
2023-01-12 02:37:11.910000,-0.23190902173519135,2.2694125175476074
2023-01-12 02:38:11.744000,-0.40915724635124207,2.266261339187622
2023-01-12 02:39:11.845000,-0.4342862367630005,2.2704455852508545
2023-01-12 02:40:11.773000,-0.431105375289917,2.2674076557159424
2023-01-12 02:41:11.923000,-0.3178149461746216,2.277292251586914
2023-01-12 02:42:11.794000,-0.30129697918891907,2.283350944519043
2023-01-12 02:43:11.744000,-0.3365238606929779,2.2815535068511963
2023-01-12 02:44:11.816000,-0.3210205137729645,2.283555269241333
2023-01-12 02:45:11.766000,-0.3063924014568329,2.2982559204101562
2023-01-12 02:46:11.782000,-0.3768394887447357,2.308403491973877
2023-01-12 02:47:11.755000,-0.4109194278717041,2.3085134029388428
2023-01-12 02:48:11.686000,-0.29334744811058044,2.3061835765838623
2023-01-12 02:49:11.835000,-0.3374306261539459,2.3166983127593994
2023-01-12 02:50:11.793000,-0.27437829971313477,2.3245577812194824
2023-01-12 02:51:11.662000,-0.27643799781799316,2.3338370323181152
2023-01-12 02:52:11.716000,-0.2980635464191437,2.337491273880005
2023-01-12 02:53:11.991000,-0.26457303762435913,2.340336799621582
2023-01-12 02:54:11.849000,-0.28284016251564026,2.3346073627471924
2023-01-12 02:55:11.937000,-0.31645750999450684,2.3446285724639893
2023-01-12 02:56:11.663000,-0.2753763794898987,2.3522467613220215
2023-01-12 02:57:11.934000,-0.24992938339710236,2.3485195636749268
2023-01-12 02:58:11.792000,-0.28967565298080444,2.352540969848633
2023-01-12 02:59:11.902000,-0.23446513712406158,2.349632978439331
2023-01-12 03:00:11.722000,-0.36015385389328003,2.353598117828369
2023-01-12 03:01:11.713000,-0.38878074288368225,2.3687713146209717
2023-01-12 03:02:11.765000,-0.2785916328430176,2.368513345718384
2023-01-12 03:03:11.933000,-0.29019585251808167,2.3637888431549072
2023-01-12 03:04:11.693000,-0.2207731455564499,2.3564388751983643
2023-01-12 03:05:11.796000,-0.24179716408252716,2.373147964477539
2023-01-12 03:06:11.766000,-0.21959587931632996,2.394152879714966
2023-01-12 03:07:11.695000,-0.2675861418247223,2.4111135005950928
2023-01-12 03:08:11.644000,-0.18569611012935638,2.4237475395202637
2023-01-12 03:09:11.705000,-0.1813659369945526,2.4299893379211426
2023-01-12 03:10:11.564000,-0.15320125222206116,2.427354335784912
2023-01-12 03:11:11.680000,-0.38199177384376526,2.4305226802825928
2023-01-12 03:12:11.671000,-0.2413778305053711,2.4375147819519043
2023-01-12 03:13:11.790000,-0.23039668798446655,2.450260877609253
2023-01-12 03:14:11.749000,-0.3091495633125305,2.458066940307617
2023-01-12 03:15:11.973000,-0.28183919191360474,2.479698419570923
2023-01-12 03:16:11.732000,-0.33505067229270935,2.450085163116455
2023-01-12 03:17:11.621000,-0.3592744767665863,1.89946711063385
2023-01-12 03:18:11.957000,-0.4388531744480133,1.6225686073303223
2023-01-12 03:19:11.907000,-0.4473302960395813,1.2261117696762085
2023-01-12 03:20:11.627000,-0.3007974624633789,1.6779825687408447
2023-01-12 03:21:11.672000,-0.300737202167511,2.1669814586639404
2023-01-12 03:22:11.731000,-0.2788184881210327,2.5499155521392822
2023-01-12 03:23:11.669000,-0.3368348181247711,2.5385117530822754
2023-01-12 03:24:11.778000,-0.33326610922813416,2.511002779006958
2023-01-12 03:25:11.664000,-0.3275691866874695,2.485678195953369
2023-01-12 03:26:11.837000,-0.3175984025001526,2.47432279586792
2023-01-12 03:27:11.715000,-0.3505544662475586,2.4629173278808594
2023-01-12 03:28:11.623000,-0.3055334985256195,2.451582908630371
2023-01-12 03:29:11.649000,-0.33590370416641235,2.4413931369781494
2023-01-12 03:30:11.727000,-0.31510552763938904,2.434232473373413
2023-01-12 03:31:11.791000,-0.31471702456474304,2.439175605773926
2023-01-12 03:32:12.061000,-0.36239373683929443,2.434032440185547
2023-01-12 03:33:11.701000,-0.32480162382125854,2.4321141242980957
2023-01-12 03:34:11.882000,-0.3862950801849365,2.432800531387329
2023-01-12 03:35:11.736000,-0.34040477871894836,2.429142951965332
2023-01-12 03:36:11.683000,-0.4197438061237335,2.4237241744995117
2023-01-12 03:37:11.766000,-0.4199603199958801,2.42708158493042
2023-01-12 03:38:11.808000,-0.397480845451355,2.4300928115844727
2023-01-12 03:39:12.074000,-0.5270724296569824,2.4329733848571777
2023-01-12 03:40:11.849000,-0.5206888914108276,2.436676502227783
2023-01-12 03:41:11.740000,-0.37576615810394287,2.4441730976104736
2023-01-12 03:42:11.679000,-0.3380741477012634,2.4372994899749756
2023-01-12 03:43:11.594000,-0.36358270049095154,2.42920184135437
2023-01-12 03:44:11.714000,-0.3424483835697174,2.4460620880126953
2023-01-12 03:45:11.496000,-0.419370174407959,2.4661662578582764
2023-01-12 03:46:11.614000,-0.3850313425064087,2.4718027114868164
2023-01-12 03:47:11.849000,-0.36978888511657715,2.4663732051849365
2023-01-12 03:48:11.603000,-0.3927910625934601,2.468843936920166
2023-01-12 03:49:11.578000,-0.3499298691749573,2.4647574424743652
2023-01-12 03:50:11.632000,-0.3657798171043396,2.452840566635132
2023-01-12 03:51:11.846000,-0.3880245089530945,2.4560296535491943
2023-01-12 03:52:11.605000,-0.3542509078979492,2.4454030990600586
2023-01-12 03:53:11.620000,-0.3378298282623291,2.432040214538574
2023-01-12 03:54:11.716000,-0.2815788686275482,2.4181694984436035
2023-01-12 03:55:11.818000,-0.2358918935060501,2.4352285861968994
2023-01-12 03:56:11.599000,-0.42414629459381104,2.4429006576538086
2023-01-12 03:57:11.872000,-0.4147312343120575,2.437312126159668
2023-01-12 03:58:11.834000,-0.44250455498695374,2.446821689605713
2023-01-12 03:59:11.570000,-0.3553850054740906,2.4405994415283203
2023-01-12 04:00:11.594000,-0.4099084138870239,2.4314401149749756
2023-01-12 04:01:11.619000,-0.5023207664489746,2.441162109375
2023-01-12 04:02:11.615000,-0.5005812048912048,2.436023235321045
2023-01-12 04:03:11.579000,-0.5004574060440063,2.4373762607574463
2023-01-12 04:04:11.718000,-0.500586986541748,2.4371533393859863
2023-01-12 04:05:11.553000,-0.5507388114929199,2.4275200366973877
2023-01-12 04:06:11.580000,-0.518456220626831,2.4348080158233643
2023-01-12 04:07:11.637000,-0.5371293425559998,2.4503014087677
2023-01-12 04:08:11.609000,-0.4395732879638672,2.4531853199005127
2023-01-12 04:09:11.987000,-0.3852875530719757,2.449495792388916
2023-01-12 04:10:11.709000,-0.4397439956665039,2.4484612941741943
2023-01-12 04:11:11.786000,-0.3699246048927307,2.443911552429199
2023-01-12 04:12:11.796000,-0.3737261891365051,2.4485366344451904
2023-01-12 04:13:11.705000,-0.36334967613220215,2.4451820850372314
2023-01-12 04:14:11.626000,-0.36940357089042664,2.437718391418457
2023-01-12 04:15:11.593000,-0.40165334939956665,2.4229331016540527
2023-01-12 04:16:11.592000,-0.4648316502571106,2.4044158458709717
2023-01-12 04:17:11.559000,-0.4390072226524353,2.4044041633605957
2023-01-12 04:18:11.674000,-0.4842364192008972,2.4126415252685547
2023-01-12 04:19:11.735000,-0.4313843250274658,2.4225659370422363
2023-01-12 04:20:11.472000,-0.29566285014152527,2.431675672531128
2023-01-12 04:21:11.568000,-0.3408532738685608,2.4368786811828613
2023-01-12 04:22:11.676000,-0.2794421911239624,2.425403356552124
2023-01-12 04:23:11.797000,-0.2672598361968994,2.422804594039917
2023-01-12 04:24:11.686000,-0.28732240200042725,2.432384490966797
2023-01-12 04:25:11.822000,-0.21940581500530243,2.452266216278076
2023-01-12 04:26:11.643000,-0.2393772006034851,2.46370792388916
2023-01-12 04:27:11.550000,-0.22613047063350677,2.4800679683685303
2023-01-12 04:28:11.620000,-0.2366131842136383,2.4943056106567383
2023-01-12 04:29:11.697000,-0.23265306651592255,2.32930326461792
2023-01-12 04:30:11.593000,-0.26260194182395935,2.491217613220215
2023-01-12 04:31:11.638000,-0.2518283426761627,1.3782594203948975
2023-01-12 04:32:11.602000,-0.29186785221099854,1.5450496673583984
2023-01-12 04:33:11.550000,-0.2466621696949005,0.9448906779289246
2023-01-12 04:34:11.779000,-0.2743064761161804,0.6937822699546814
2023-01-12 04:35:11.548000,-0.4597572684288025,0.7037474513053894
2023-01-12 04:36:11.614000,-0.4186892509460449,0.834809422492981
2023-01-12 04:37:11.572000,-0.3776165544986725,0.8516212701797485
2023-01-12 04:38:11.761000,-0.6819577217102051,0.7575556635856628
2023-01-12 04:39:11.666000,-0.3360416889190674,0.705174446105957
2023-01-12 04:40:11.593000,-0.3114258050918579,0.681577742099762
2023-01-12 04:41:11.601000,-0.32036256790161133,0.7162618637084961
2023-01-12 04:42:11.589000,-0.339029997587204,0.7800334692001343
2023-01-12 04:43:11.841000,-0.2747485935688019,0.8231090307235718
2023-01-12 04:44:11.806000,-0.25039997696876526,0.8411809802055359
2023-01-12 04:45:11.586000,-0.2196628451347351,0.8680588603019714
2023-01-12 04:46:11.628000,-0.21865586936473846,0.9294049739837646
2023-01-12 04:47:11.695000,-0.23578870296478271,1.0954699516296387
2023-01-12 04:48:11.492000,-0.23506192862987518,1.1250766515731812
2023-01-12 04:49:11.540000,-0.3072983920574188,1.1793439388275146
2023-01-12 04:50:11.649000,-0.430704802274704,1.1653634309768677
2023-01-12 04:51:11.584000,-0.4038119614124298,1.734837532043457
2023-01-12 04:52:11.506000,-0.5117387771606445,1.100934386253357
2023-01-12 04:53:11.665000,-0.5926472544670105,1.073252558708191
2023-01-12 04:54:11.730000,-0.5465611815452576,0.9930170178413391
2023-01-12 04:55:11.590000,-0.6052646040916443,0.9583892822265625
2023-01-12 04:56:11.588000,-0.5670896768569946,0.9462457895278931
2023-01-12 04:57:11.497000,-0.6983008980751038,0.9653506278991699
2023-01-12 04:58:11.544000,-0.7146800756454468,0.92076176404953
2023-01-12 04:59:11.496000,-0.579508900642395,0.8952766060829163
2023-01-12 05:00:11.401000,-0.5349998474121094,0.8577102422714233
2023-01-12 05:01:11.479000,-0.5750266909599304,0.8665047287940979
2023-01-12 05:02:11.523000,-0.5570089817047119,0.8803827166557312
2023-01-12 05:03:11.523000,-0.5859007239341736,0.890595555305481
2023-01-12 05:04:11.618000,-0.6198381185531616,0.9105665683746338
2023-01-12 05:05:11.542000,-0.5849534273147583,0.9045379161834717
2023-01-12 05:06:11.692000,-0.6335828304290771,0.9617847800254822
2023-01-12 05:07:11.669000,-0.6018548607826233,0.9866936206817627
2023-01-12 05:08:11.714000,-0.5731377601623535,1.184727668762207
2023-01-12 05:09:11.780000,-0.5567288398742676,1.0958529710769653
2023-01-12 05:10:11.752000,-0.5618299245834351,1.0508290529251099
2023-01-12 05:11:11.519000,-0.5751436352729797,0.7620259523391724
2023-01-12 05:12:11.731000,-0.5202744007110596,0.7770083546638489
2023-01-12 05:13:11.462000,-0.45471152663230896,0.7432735562324524
2023-01-12 05:14:11.541000,-0.5529820322990417,0.6858116388320923
2023-01-12 05:15:11.530000,-0.6007068753242493,0.6473407745361328
2023-01-12 05:16:11.675000,-0.4942188858985901,0.6025551557540894
2023-01-12 05:17:11.569000,-0.4248496890068054,0.5630559325218201
2023-01-12 05:18:11.560000,-0.35614433884620667,0.5424317717552185
2023-01-12 05:19:11.461000,-0.3689868748188019,0.5328777432441711
2023-01-12 05:20:11.511000,-0.3489817678928375,0.522476851940155
2023-01-12 05:21:11.716000,-0.3597480356693268,0.5139238834381104
2023-01-12 05:22:11.773000,-0.351066917181015,0.5031656622886658
2023-01-12 05:23:11.504000,-0.36202409863471985,0.4919975996017456
2023-01-12 05:24:11.634000,-0.3741213083267212,0.48011159896850586
2023-01-12 05:25:11.788000,-0.4048691987991333,0.4686840772628784
2023-01-12 05:26:11.594000,-0.49466922879219055,0.4542402923107147
2023-01-12 05:27:11.520000,-0.46889549493789673,0.44957494735717773
2023-01-12 05:28:11.512000,-0.4927383065223694,0.4530014395713806
2023-01-12 05:29:11.472000,-0.48612937331199646,0.4554741382598877
2023-01-12 05:30:11.698000,-0.278883695602417,0.4585469663143158
2023-01-12 05:31:11.828000,-0.2939812242984772,0.46875113248825073
2023-01-12 05:32:11.521000,-0.30048874020576477,0.48687344789505005
2023-01-12 05:33:11.715000,-0.2949006259441376,0.5012096166610718
2023-01-12 05:34:11.492000,-0.3167627155780792,0.510468602180481
2023-01-12 05:35:11.480000,-0.30654510855674744,0.5260120034217834
2023-01-12 05:36:11.570000,-0.4833110570907593,0.5459489226341248
2023-01-12 05:37:11.528000,-0.6136632561683655,0.5665178894996643
2023-01-12 05:38:11.513000,-0.45936912298202515,0.5884002447128296
2023-01-12 05:39:11.582000,-0.4423903524875641,0.6046591997146606
2023-01-12 05:40:11.337000,-0.4881732165813446,0.6157795786857605
2023-01-12 05:41:11.471000,-0.4356722831726074,0.630347728729248
2023-01-12 05:42:11.737000,-0.4879181683063507,0.682735025882721
2023-01-12 05:43:11.490000,-0.5548713207244873,0.6547378301620483
2023-01-12 05:44:11.772000,-0.49111372232437134,0.654349684715271
2023-01-12 05:45:11.501000,-0.46182888746261597,0.6311346292495728
2023-01-12 05:46:11.428000,-0.5022473931312561,0.6031754612922668
2023-01-12 05:47:11.735000,-0.4573926627635956,0.5903386473655701
2023-01-12 05:48:11.762000,-0.5450779795646667,0.5820986032485962
2023-01-12 05:49:11.749000,-0.5575127601623535,0.5756983757019043
2023-01-12 05:50:11.552000,-0.41029566526412964,0.5554243922233582
2023-01-12 05:51:11.486000,-0.43865257501602173,0.5342089533805847
2023-01-12 05:52:11.610000,-0.430947482585907,0.5121855139732361
2023-01-12 05:53:11.429000,-0.5055043697357178,0.49762362241744995
2023-01-12 05:54:11.484000,-0.5049768090248108,0.4860180616378784
2023-01-12 05:55:11.598000,-0.49698853492736816,0.4759759306907654
2023-01-12 05:56:11.430000,-0.33699560165405273,0.46630796790122986
2023-01-12 05:57:11.634000,-0.3281852602958679,0.45515677332878113
2023-01-12 05:58:11.574000,-0.29100340604782104,0.44449445605278015
2023-01-12 05:59:11.771000,-0.30074000358581543,0.4252248704433441
2023-01-12 06:00:11.464000,-0.3778844475746155,0.4072347581386566
2023-01-12 06:01:11.557000,-0.33012115955352783,0.40200045704841614
2023-01-12 06:02:11.400000,-0.36967289447784424,0.40540120005607605
2023-01-12 06:03:11.423000,-0.3511745035648346,0.403815895318985
2023-01-12 06:04:11.667000,-0.3647761940956116,0.39369937777519226
2023-01-12 06:05:11.490000,-0.3815656304359436,0.38993969559669495
2023-01-12 06:06:11.928000,-0.3986758887767792,0.39049747586250305
2023-01-12 06:07:11.415000,-0.4324526786804199,0.3773342967033386
2023-01-12 06:08:11.525000,-0.4755658209323883,0.35648635029792786
2023-01-12 06:09:11.423000,-0.46928200125694275,0.34859326481819153
2023-01-12 06:10:11.599000,-0.4543628692626953,0.3421367406845093
2023-01-12 06:11:11.407000,-0.5020982027053833,0.3237314522266388
2023-01-12 06:12:11.572000,-0.43921801447868347,0.3165668845176697
2023-01-12 06:13:11.710000,-0.48079195618629456,0.3205645978450775
2023-01-12 06:14:11.778000,-0.5176501870155334,0.32348769903182983
2023-01-12 06:15:11.414000,-0.5691145062446594,0.3270193338394165
2023-01-12 06:16:11.660000,-0.7996101975440979,0.3293950855731964
2023-01-12 06:17:11.443000,-0.6625988483428955,0.33057859539985657
2023-01-12 06:18:11.474000,-0.6109251379966736,0.3319886326789856
2023-01-12 06:19:11.470000,-0.4449011981487274,0.33751440048217773
2023-01-12 06:20:11.274000,-0.4335007071495056,0.34829720854759216
2023-01-12 06:21:11.412000,-0.41761311888694763,0.3528469204902649
2023-01-12 06:22:11.667000,-0.46758267283439636,0.3573395609855652
2023-01-12 06:23:11.448000,-0.39264994859695435,0.36645299196243286
2023-01-12 06:24:11.567000,-0.40520355105400085,0.3755332827568054
2023-01-12 06:25:11.620000,-0.39877215027809143,0.3832393288612366
2023-01-12 06:26:11.474000,-0.4715205132961273,0.3916771709918976
2023-01-12 06:27:11.481000,-0.5206565260887146,0.40226319432258606
2023-01-12 06:28:11.698000,-0.4754028916358948,0.414956659078598
2023-01-12 06:29:11.384000,-0.46287471055984497,0.43809202313423157
2023-01-12 06:30:11.531000,-0.47038522362709045,0.446902334690094
2023-01-12 06:31:11.449000,-0.4618931710720062,0.44378677010536194
2023-01-12 06:32:11.714000,-0.5025538206100464,0.43327096104621887
2023-01-12 06:33:11.633000,-0.6692199110984802,0.41138842701911926
2023-01-12 06:34:11.411000,-0.6098561882972717,0.38994768261909485
2023-01-12 06:35:11.413000,-0.5390620827674866,0.3703180253505707
2023-01-12 06:36:11.556000,-0.5476952791213989,0.3733437657356262
2023-01-12 06:37:11.551000,-0.5225607752799988,0.3910026550292969
2023-01-12 06:38:11.371000,-0.5855412483215332,0.4003196656703949
2023-01-12 06:39:11.373000,-0.5674942135810852,0.3923981189727783
2023-01-12 06:40:11.690000,-0.5667537450790405,0.38416799902915955
2023-01-12 06:41:11.430000,-0.42381763458251953,0.38820943236351013
2023-01-12 06:42:11.639000,-0.4109033942222595,0.39456093311309814
2023-01-12 06:43:11.630000,-0.41403526067733765,0.38830965757369995
2023-01-12 06:44:11.402000,-0.3686511516571045,0.37542855739593506
2023-01-12 06:45:11.636000,-0.3425779938697815,0.36403632164001465
2023-01-12 06:46:11.405000,-0.49239203333854675,0.3503645658493042
2023-01-12 06:47:11.592000,-0.4086107313632965,0.3363029360771179
2023-01-12 06:48:11.374000,-0.33253467082977295,0.329301655292511
2023-01-12 06:49:11.540000,-0.3892342150211334,0.3420226275920868
2023-01-12 06:50:11.546000,-0.3297838270664215,0.35495638847351074
2023-01-12 06:51:11.542000,-0.3552907407283783,0.35300859808921814
2023-01-12 06:52:11.396000,-0.41319751739501953,0.34018823504447937
2023-01-12 06:53:11.582000,-0.38423940539360046,0.33051320910453796
2023-01-12 06:54:11.638000,-0.40804603695869446,0.3259009122848511
2023-01-12 06:55:11.349000,-0.41663500666618347,0.327470988035202
2023-01-12 06:56:11.397000,-0.3050796687602997,0.33239129185676575
2023-01-12 06:57:11.350000,-0.21532483398914337,0.34103092551231384
2023-01-12 06:58:11.353000,-0.22503288090229034,0.3492497503757477
2023-01-12 06:59:11.634000,-0.1926490068435669,0.3567410409450531
2023-01-12 07:00:11.260000,-0.2785552740097046,0.3610430359840393
2023-01-12 07:01:11.407000,-0.18375536799430847,0.3583391010761261
2023-01-12 07:02:11.378000,-0.21452979743480682,0.3403916358947754
2023-01-12 07:03:11.384000,-0.2222226858139038,0.3411997854709625
2023-01-12 07:04:11.445000,-0.2390483319759369,0.3206721842288971
2023-01-12 07:05:11.341000,-0.2743312120437622,0.26970353722572327
2023-01-12 07:06:11.531000,-0.25110137462615967,0.2494620531797409
2023-01-12 07:07:11.350000,-0.2853965759277344,0.23487170040607452
2023-01-12 07:08:11.648000,-0.2923160195350647,0.2185690850019455
2023-01-12 07:09:11.351000,-0.28943172097206116,0.21119719743728638
2023-01-12 07:10:11.541000,-0.2648005187511444,0.21068577468395233
2023-01-12 07:11:11.578000,-0.31488585472106934,0.205693781375885
2023-01-12 07:12:11.590000,-0.3915400803089142,0.19182778894901276
2023-01-12 07:13:11.464000,-0.4162299931049347,0.17514342069625854
2023-01-12 07:14:11.657000,-0.3758990466594696,0.16372992098331451
2023-01-12 07:15:11.391000,-0.25825631618499756,0.16059610247612
2023-01-12 07:16:11.375000,-0.3043394088745117,0.15846283733844757
2023-01-12 07:17:11.599000,-0.26016631722450256,0.1531229019165039
2023-01-12 07:18:11.339000,-0.30149492621421814,0.15167735517024994
2023-01-12 07:19:11.410000,-0.28746503591537476,0.15084420144557953
2023-01-12 07:20:11.452000,-0.28015702962875366,0.1511675864458084
2023-01-12 07:21:11.682000,-0.29107609391212463,0.15417806804180145
2023-01-12 07:22:11.630000,-0.3488343358039856,0.1534803956747055
2023-01-12 07:23:11.345000,-0.38910380005836487,0.14576053619384766
2023-01-12 07:24:11.411000,-0.4085893929004669,0.13582243025302887
2023-01-12 07:25:11.574000,-0.40922045707702637,0.1311960518360138
2023-01-12 07:26:11.618000,-0.3903047442436218,0.13353615999221802
2023-01-12 07:27:11.362000,-0.42734336853027344,0.13850626349449158
2023-01-12 07:28:11.413000,-0.40355294942855835,0.13802529871463776
2023-01-12 07:29:11.394000,-0.4745323956012726,0.13284939527511597
2023-01-12 07:30:11.316000,-0.5442813634872437,0.12734758853912354
2023-01-12 07:31:11.502000,-0.6036341786384583,0.1248704195022583
2023-01-12 07:32:11.373000,-0.6330885887145996,0.12486173212528229
2023-01-12 07:33:11.515000,-0.5538036823272705,0.12533444166183472
2023-01-12 07:34:11.516000,-0.47974902391433716,0.12222496420145035
2023-01-12 07:35:11.542000,-0.49212217330932617,0.11416228860616684
2023-01-12 07:36:11.458000,-0.38514670729637146,0.09943629801273346
2023-01-12 07:37:11.547000,-0.32963839173316956,0.09072432667016983
2023-01-12 07:38:11.498000,-0.3630031943321228,0.08736161887645721
2023-01-12 07:39:11.394000,-0.36556217074394226,0.0848274752497673
2023-01-12 07:40:11.643000,-0.39537525177001953,0.08120600134134293
2023-01-12 07:41:11.411000,-0.40617871284484863,0.07878562062978745
2023-01-12 07:42:11.526000,-0.3622898459434509,0.07764413207769394
2023-01-12 07:43:11.554000,-0.3959561288356781,0.07588566839694977
2023-01-12 07:44:11.462000,-0.3628692626953125,0.0739799290895462
2023-01-12 07:45:11.340000,-0.3683837652206421,0.07254666090011597
2023-01-12 07:46:11.358000,-0.3731176555156708,0.0721554160118103
2023-01-12 07:47:11.384000,-0.3599575161933899,0.07366837561130524
2023-01-12 07:48:11.419000,-0.37607240676879883,0.0741506889462471
2023-01-12 07:49:11.540000,-0.39572563767433167,0.0714072585105896
2023-01-12 07:50:11.545000,-0.38080325722694397,0.06704436987638474
2023-01-12 07:51:11.379000,-0.4125256836414337,0.06435105949640274
2023-01-12 07:52:11.292000,-0.5528537631034851,0.06283468008041382
2023-01-12 07:53:11.382000,-0.5079399943351746,0.06291034072637558
2023-01-12 07:54:11.375000,-0.4628326892852783,0.06398425251245499
2023-01-12 07:55:11.495000,-0.40943679213523865,0.06603988260030746
2023-01-12 07:56:11.591000,-0.4061366021633148,0.06671921163797379
2023-01-12 07:57:11.364000,-0.4153507351875305,0.06508158892393112
2023-01-12 07:58:11.606000,-0.27029234170913696,0.06296379864215851
2023-01-12 07:59:11.339000,-0.2807886600494385,0.06156131997704506
2023-01-12 08:00:11.583000,-0.2717283070087433,0.05912739038467407
2023-01-12 08:01:11.525000,-0.333569198846817,0.05305604264140129
2023-01-12 08:02:11.360000,-0.26573243737220764,0.027525413781404495
2023-01-12 08:03:11.286000,-0.2462003529071808,0.012279313988983631
2023-01-12 08:04:11.459000,-0.22243395447731018,0.011049365624785423
2023-01-12 08:05:11.289000,-0.3048647940158844,0.011380000039935112
2023-01-12 08:06:11.271000,-0.2529495358467102,0.013173500075936317
2023-01-12 08:07:11.275000,-0.271799236536026,0.013384680263698101
2023-01-12 08:08:11.260000,-0.30531424283981323,0.012908042408525944
2023-01-12 08:09:11.357000,-0.27035418152809143,0.011641422286629677
2023-01-12 08:10:11.303000,-0.3040905296802521,0.010395628400146961
2023-01-12 08:11:11.533000,-0.2669218182563782,0.008744309656322002
2023-01-12 08:12:11.259000,-0.4133448600769043,0.007511782459914684
2023-01-12 08:13:11.365000,-0.4808933436870575,0.006692108698189259
2023-01-12 08:14:11.330000,-0.5998337268829346,0.00611911341547966
2023-01-12 08:15:11.673000,-0.5381109118461609,0.006053982302546501
2023-01-12 08:16:11.346000,-0.3645193874835968,0.005907826125621796
2023-01-12 08:17:11.554000,-0.3065003454685211,0.005534069612622261
2023-01-12 08:19:11.432000,-0.3166027069091797,0.002314795972779393
2023-01-12 08:20:11.290000,-0.2814760208129883,5.824999971082434e-05
2023-01-12 08:21:11.325000,-0.32852429151535034,-0.0015170666156336665
2023-01-12 08:22:11.571000,-0.3419349193572998,-0.0024593721609562635
2023-01-12 08:23:11.418000,-0.4567452073097229,-0.0028504147194325924
2023-01-12 08:24:11.272000,-0.4047653377056122,-0.0028179772198200226
2023-01-12 08:25:11.282000,-0.3621155023574829,-0.0026999388355761766
2023-01-12 08:26:11.521000,-0.3564157783985138,-0.002633048687130213
2023-01-12 08:27:11.255000,-0.37605464458465576,-0.003972058650106192
2023-01-12 08:28:11.334000,-0.364777147769928,-0.002942428458482027
2023-01-12 08:29:11.312000,-0.3573482036590576,-0.0025399771984666586
2023-01-12 08:30:11.308000,-0.442351758480072,-0.002367136301472783
2023-01-12 08:31:11.329000,-0.48944801092147827,-0.002320539904758334
2023-01-12 08:32:11.249000,-0.5566942691802979,-0.0022258779499679804
2023-01-12 08:33:11.401000,-0.6346805095672607,-0.0021702549420297146
2023-01-12 08:34:11.587000,-0.5333550572395325,-0.002135263057425618
2023-01-12 08:35:11.387000,-0.5119639039039612,-0.0022874251008033752
2023-01-12 08:36:11.439000,-0.45050162076950073,-0.0021338530350476503
2023-01-12 08:37:11.416000,-0.43244612216949463,-0.002288077026605606
2023-01-12 08:38:11.243000,-0.4450407326221466,-0.0023741000331938267
2023-01-12 08:39:11.226000,-0.4451257884502411,-0.0021457173861563206
2023-01-12 08:40:11.511000,-0.4256688058376312,-0.0021953487303107977
2023-01-12 08:41:11.333000,-0.4617127776145935,-0.0021733171306550503
2023-01-12 08:42:11.377000,-0.413795530796051,-0.002383466577157378
2023-01-12 08:43:11.236000,-0.4459657371044159,-0.0023299616295844316
2023-01-12 08:44:11.268000,-0.4514108896255493,-0.00226757419295609
2023-01-12 08:45:11.300000,-0.7758481502532959,-0.0020199057180434465
2023-01-12 08:46:11.234000,-0.6594830751419067,-0.0021812599152326584
2023-01-12 08:47:11.371000,-0.6355311870574951,-0.002202425617724657
2023-01-12 08:48:11.347000,-0.6591300964355469,-0.002267466625198722
2023-01-12 08:49:11.496000,-0.6235494613647461,-0.002308756113052368
2023-01-12 08:50:11.326000,-0.6122816205024719,-0.0022990000434219837
2023-01-12 08:51:11.419000,-0.5633087158203125,-0.0024359149392694235
2023-01-12 08:52:11.309000,-0.48872724175453186,-0.0022598200011998415
2023-01-12 08:53:11.466000,-0.44497060775756836,-0.002250954508781433
2023-01-12 08:54:11.487000,-0.45660829544067383,-0.0021082500461488962
2023-01-12 08:55:11.423000,-0.431063175201416,-0.0021760566160082817
2023-01-12 08:56:11.483000,-0.40236181020736694,-0.002230590907856822
2023-01-12 08:57:11.277000,-0.46307238936424255,-0.002375239972025156
2023-01-12 08:58:11.345000,-0.5771806836128235,-0.0022776874247938395
2023-01-12 08:59:11.453000,-0.70693039894104,-0.002434133319184184
2023-01-12 09:00:11.300000,-0.6567906737327576,-0.002113604685291648
2023-01-12 09:01:11.489000,-0.7635448575019836,-0.0022937916219234467
2023-01-12 09:02:11.481000,-0.6595836877822876,-0.00228802184574306
2023-01-12 09:03:11.281000,-0.7417685389518738,-0.002262416761368513
2023-01-12 09:04:11.251000,-1.6154314279556274,-0.0021862094290554523
2023-01-12 09:05:11.467000,-2.743040084838867,-0.00231606001034379
2023-01-12 09:06:11.477000,-2.8901915550231934,-0.00235055317170918
2023-01-12 09:07:11.216000,-3.5021579265594482,-0.002311941236257553
2023-01-12 09:08:11.253000,-3.5557286739349365,-0.0022051832638680935
2023-01-12 09:09:11.320000,-3.643390417098999,-0.0023360697086900473
2023-01-12 09:10:11.482000,-3.665330648422241,-0.0022440666798502207
2023-01-12 09:11:11.214000,-3.713226318359375,-0.002283191541209817
2023-01-12 09:12:11.478000,-2.2555031776428223,-0.0022279818076640368
2023-01-12 09:13:11.404000,-1.6049357652664185,-0.0022427665535360575
2023-01-12 09:14:11.276000,-1.5397766828536987,-0.002147322054952383
2023-01-12 09:15:11.058000,-1.5611306428909302,-0.0021228643599897623
2023-01-12 09:16:11.466000,-1.6441023349761963,-0.0022627082653343678
2023-01-12 09:17:11.474000,-1.6128276586532593,-0.0023827916011214256
2023-01-12 09:18:11.176000,-1.4058833122253418,-0.0022585433907806873
2023-01-12 09:19:11.292000,-1.0144928693771362,-0.0023043695837259293
2023-01-12 09:20:11.195000,-0.8746938109397888,-0.002259215572848916
2023-01-12 09:21:11.389000,-1.2068639993667603,-0.0022296046372503042
2023-01-12 09:22:11.302000,-1.3169777393341064,-0.0022887871600687504
2023-01-12 09:23:11.241000,-1.3937609195709229,-0.002298217499628663
2023-01-12 09:24:11.432000,-1.1916887760162354,-0.002315421123057604
2023-01-12 09:25:11.395000,-1.2147997617721558,-0.002259500091895461
2023-01-12 09:26:11.179000,-1.3588950634002686,-0.0022180371452122927
2023-01-12 09:27:11.431000,-1.024855613708496,-0.002300742780789733
2023-01-12 09:28:11.412000,-1.1504948139190674,-0.0022769500501453876
2023-01-12 09:29:11.372000,-1.2048182487487793,-0.0023059998638927937
2023-01-12 09:30:11.355000,-1.1203538179397583,-0.0022698461543768644
2023-01-12 09:31:11.329000,-1.0790293216705322,-0.0022684545256197453
2023-01-12 09:32:11.429000,-0.9230572581291199,-0.0022724284790456295
2023-01-12 09:33:11.313000,-0.743377685546875,-0.002277111168950796
2023-01-12 09:34:11.486000,-0.73492830991745,-0.00228805560618639
2023-01-12 09:35:11.269000,-0.7664798498153687,-0.002306822221726179
2023-01-12 09:36:11.469000,-0.8155853152275085,-0.0022783749736845493
2023-01-12 09:37:11.263000,-0.8075931668281555,-0.0022689623292535543
2023-01-12 09:38:11.438000,-0.9110499024391174,-0.002267755102366209
2023-01-12 09:39:11.248000,-0.8393423557281494,-0.002269239164888859
2023-01-12 09:40:11.358000,-1.0003769397735596,-0.0022522765211760998
2023-01-12 09:41:11.248000,-0.8697072863578796,-0.0022512776777148247
2023-01-12 09:42:11.397000,-0.8383349776268005,-0.002290695672854781
2023-01-12 09:43:11.231000,-0.7170319557189941,-0.0022685788571834564
2023-01-12 09:44:11.413000,-0.7400995492935181,-0.002254888880997896
2023-01-12 09:45:11.470000,-0.73874431848526,-0.002251999918371439
2023-01-12 09:46:11.346000,-0.7379807233810425,-0.0022691250778734684
2023-01-12 09:47:11.216000,-0.7625113129615784,-0.002278804313391447
2023-01-12 09:48:11.298000,-0.7500758171081543,-0.002382799983024597
2023-01-12 09:49:11.593000,-0.8283085227012634,-0.002329150913283229
2023-01-12 09:50:11.281000,-0.8152263760566711,-0.002311145421117544
2023-01-12 09:51:11.131000,-0.5845966935157776,-0.0021838077809661627
2023-01-12 09:52:11.290000,-0.5810340046882629,-0.002099537057802081
2023-01-12 09:53:11.196000,-0.642564058303833,-0.002169022336602211
2023-01-12 09:54:11.429000,-0.592965304851532,-0.002239149995148182
2023-01-12 09:55:11.599000,-0.5695193409919739,-0.0023076562210917473
2023-01-12 09:56:11.147000,-0.5510449409484863,-0.002220399910584092
2023-01-12 09:57:11.132000,-0.7438554167747498,-0.0023159109987318516
2023-01-12 09:58:11.138000,-0.7984400391578674,-0.0020188260823488235
2023-01-12 09:59:11.138000,-0.6412166357040405,-0.002299353014677763
2023-01-12 10:00:11.029000,-0.6286662220954895,-0.002193951280787587
2023-01-12 10:01:11.181000,-0.8828197717666626,-0.00237717991694808
2023-01-12 10:02:11.414000,-0.9175989031791687,-0.002275886246934533
2023-01-12 10:03:11.311000,-1.1462082862854004,-0.002301699947565794
2023-01-12 10:04:11.278000,-1.1474579572677612,-0.0022768958006054163
2023-01-12 10:05:11.132000,-0.9589477181434631,-0.0022536059841513634
2023-01-12 10:06:11.127000,-0.9939896464347839,-0.0022644889540970325
2023-01-12 10:07:11.116000,-1.0065605640411377,-0.0023037753999233246
2023-01-12 10:08:11.307000,-1.0472233295440674,-0.0021679687779396772
2023-01-12 10:09:11.193000,-1.0264697074890137,-0.0023442546371370554
2023-01-12 10:10:11.111000,-0.7405571341514587,-0.0022439230233430862
2023-01-12 10:11:11.599000,-0.6802458763122559,-0.002259146422147751
2023-01-12 10:12:11.348000,-0.6183906197547913,-0.002299875020980835
2023-01-12 10:13:11.145000,-0.550956666469574,-0.002259590895846486
2023-01-12 10:14:11.406000,-0.4943659007549286,-0.002145853592082858
2023-01-12 10:15:11.366000,-0.5448428392410278,-0.0024709750432521105
2023-01-12 10:16:11.170000,-0.5552671551704407,-0.002274000085890293
2023-01-12 10:17:11.299000,-0.5011906027793884,-0.0022416182328015566
2023-01-12 10:18:11.166000,-0.5054417848587036,-0.002245921641588211
2023-01-12 10:19:11.448000,-0.6206061244010925,-0.0023436315823346376
2023-01-12 10:20:11.200000,-0.574497401714325,-0.0023302240297198296
2023-01-12 10:21:11.136000,-0.4648782014846802,-0.0021873414516448975
2023-01-12 10:22:11.312000,-0.4547263979911804,-0.00208993605338037
2023-01-12 10:23:11.217000,-0.4111216068267822,-0.0020867777056992054
2023-01-12 10:24:11.237000,-0.419169157743454,-0.002248500008136034
2023-01-12 10:25:11.280000,-0.3606838881969452,-0.002259977161884308
2023-01-12 10:26:11.476000,-0.3912207782268524,-0.0024380909744650126
2023-01-12 10:27:11.335000,-0.41422080993652344,-0.0023939795792102814
2023-01-12 10:28:11.225000,-0.4678848087787628,-0.002369701862335205
2023-01-12 10:29:11.329000,-0.48349034786224365,-0.0020979116670787334
2023-01-12 10:30:11.158000,-0.5153529047966003,-0.0024807173758745193
2023-01-12 10:31:11.281000,-0.5317019820213318,-0.00241847918368876
2023-01-12 10:32:11.284000,-0.4867686331272125,-0.0024780232924968004
2023-01-12 10:33:11.147000,-0.505535364151001,-0.0022373460233211517
2023-01-12 10:34:11.379000,-0.45932480692863464,-0.002246938878670335
2023-01-12 10:35:11.369000,-0.5105020999908447,-0.002264386275783181
2023-01-12 10:36:11.318000,-0.46908673644065857,-0.0023683414328843355
2023-01-12 10:37:11.141000,-0.70743727684021,-0.0023176863323897123
2023-01-12 10:38:11.095000,-0.723853588104248,-0.0024213683791458607
2023-01-12 10:39:11.527000,-0.6837238073348999,-0.002242179587483406
2023-01-12 10:40:11.402000,-0.5965448021888733,-0.0021462973672896624
2023-01-12 10:41:11.414000,-0.5623740553855896,-0.002335326513275504
2023-01-12 10:42:11.102000,-0.5924615859985352,-0.002371222246438265
2023-01-12 10:43:11.096000,-0.5895227193832397,-0.002061924897134304
2023-01-12 10:44:11.216000,-0.7494252920150757,-0.0022741537541151047
2023-01-12 10:45:11.179000,-0.7199468612670898,-0.0022395853884518147
2023-01-12 10:46:11.447000,-0.7346779108047485,-0.002030965406447649
2023-01-12 10:47:11.338000,-0.7124550342559814,-0.0023108888417482376
2023-01-12 10:48:11.219000,-0.6793051958084106,-0.002292616991326213
2023-01-12 10:49:11.351000,-0.6455808877944946,-0.00228599994443357
2023-01-12 10:50:11.142000,-0.6474589109420776,-0.0022998140193521976
2023-01-12 10:51:11.324000,-0.5977386236190796,-0.0022879038006067276
2023-01-12 10:52:11.156000,-0.5800751447677612,-0.0022755926474928856
2023-01-12 10:53:11.178000,-0.6344800591468811,-0.0022549545392394066
2023-01-12 10:54:11.460000,-0.5642848014831543,-0.00227183336392045
2023-01-12 10:55:11.267000,-0.5974722504615784,-0.002252022735774517
2023-01-12 10:56:11.238000,-0.5483710765838623,-0.0022745681926608086
2023-01-12 10:57:11.355000,-0.6024700403213501,-0.0022332307416945696
2023-01-12 10:58:11.322000,-0.699735164642334,-0.0022618649527430534
2023-01-12 10:59:11.256000,-0.663318932056427,-0.0022975404281169176
2023-01-12 11:00:11.447000,-0.5474811792373657,-0.002278815722092986
2023-01-12 11:01:11.539000,-0.4298994541168213,-0.0022538367193192244
2023-01-12 11:02:11.298000,-0.459606409072876,-0.00226961774751544
2023-01-12 11:03:11.032000,-0.41593137383461,-0.0022534872405231
2023-01-12 11:04:11.125000,-0.4906342029571533,-0.002220720052719116
2023-01-12 11:05:11.100000,-0.5654257535934448,-0.0022866828367114067
2023-01-12 11:06:11.049000,-0.592515766620636,-0.002171804429963231
2023-01-12 11:07:11.115000,-0.6159376502037048,-0.002251829719170928
2023-01-12 11:08:11.037000,-0.6176242828369141,-0.0021900651045143604
2023-01-12 11:09:11.704000,-0.5920325517654419,-0.002187840873375535
2023-01-12 11:10:11.282000,-0.545241117477417,-0.0021844892762601376
2023-01-12 11:11:11.550000,-0.5623791217803955,-0.0022509070113301277
2023-01-12 11:12:11.280000,-0.6152837872505188,-0.0022731556091457605
2023-01-12 11:13:11.260000,-0.6169784665107727,-0.0022633469197899103
2023-01-12 11:14:11.093000,-0.6437699198722839,-0.00221993331797421
2023-01-12 11:15:11.271000,-0.6810451745986938,-0.0023589427582919598
2023-01-12 11:16:11.270000,-0.8691132664680481,-0.0021783332340419292
2023-01-12 11:17:11.333000,-0.9631788730621338,-0.002183416625484824
2023-01-12 11:18:11.380000,-0.7883623242378235,-0.002230999991297722
2023-01-12 11:19:11.067000,-0.825201153755188,-0.0022513249423354864
2023-01-12 11:20:11.268000,-0.7470421195030212,-0.002273433841764927
2023-01-12 11:21:11.075000,-0.6604703664779663,-0.002228316618129611
2023-01-12 11:22:11.080000,-0.6967058181762695,-0.0023127407766878605
2023-01-12 11:23:11.081000,-0.6987799406051636,-0.0023598368279635906
2023-01-12 11:24:11.126000,-0.6826337575912476,-0.0022768478374928236
2023-01-12 11:25:11.278000,-0.7299613952636719,-0.0023471482563763857
2023-01-12 11:26:11.094000,-0.6778047680854797,-0.00255215005017817
2023-01-12 11:27:11.181000,-0.6210811734199524,-0.0023355509620159864
2023-01-12 11:28:11.041000,-0.6981273889541626,-0.0022050286643207073
2023-01-12 11:29:11.265000,-0.6328372955322266,-0.0022825999185442924
2023-01-12 11:30:11.093000,-0.5994178652763367,-0.0021223255898803473
2023-01-12 11:31:11.339000,-0.5845434665679932,-0.0022691350895911455
2023-01-12 11:32:11.366000,-0.5162273049354553,-0.0021981666795909405
2023-01-12 11:33:11.172000,-0.5754019618034363,-0.00213336362503469
2023-01-12 11:34:11.194000,-0.7540486454963684,-0.002269272692501545
2023-01-12 11:35:11.090000,-1.0713003873825073,-0.002221770817413926
2023-01-12 11:36:11.011000,-1.217764973640442,-0.002274878090247512
2023-01-12 11:37:11.324000,-1.2282636165618896,-0.0022756666876375675
2023-01-12 11:38:11.328000,-0.9637436270713806,-0.0021058518905192614
2023-01-12 11:39:11.256000,-0.5951365232467651,-0.0023066250141710043
2023-01-12 11:40:11.310000,-0.6513210535049438,-0.002226476091891527
2023-01-12 11:41:11.105000,-0.5868517756462097,-0.0021712500602006912
2023-01-12 11:42:11.305000,-0.7576202154159546,-0.0023184523452073336
2023-01-12 11:43:11.034000,-0.5627383589744568,-0.0021971489768475294
2023-01-12 11:44:11.025000,-0.5435922145843506,-0.002256479114294052
2023-01-12 11:45:11.272000,-0.5065620541572571,-0.0024220000486820936
2023-01-12 11:46:11.230000,-0.43437492847442627,-0.002401568228378892
2023-01-12 11:47:11.078000,-0.5756283402442932,-0.002174526220187545
2023-01-12 11:48:11.071000,-0.46510598063468933,-0.0022618076764047146
2023-01-12 11:49:11.022000,-0.48664048314094543,-0.0023323846980929375
2023-01-12 11:50:11.060000,-0.5522706508636475,-0.002301374915987253
2023-01-12 11:51:11.468000,-0.6750825643539429,-0.0020753408316522837
2023-01-12 11:52:11.136000,-0.564314603805542,-0.0022246153093874454
2023-01-12 11:53:11.451000,-0.7196900844573975,-0.002343282103538513
2023-01-12 11:54:11.263000,-0.6854333877563477,-0.00226628128439188
2023-01-12 11:55:11.180000,-0.6666278839111328,-0.0023322340566664934
2023-01-12 11:56:11.214000,-0.6991533041000366,-0.0023604598827660084
2023-01-12 11:57:11.317000,-0.5834839344024658,-0.002257862826809287
2023-01-12 11:58:11.018000,-0.5499871969223022,-0.0023707838263362646
2023-01-12 11:59:11.140000,-0.531890332698822,-0.002187485806643963
2023-01-12 12:00:11.295000,-0.6802493333816528,-0.002302079927176237
2023-01-12 12:01:11.352000,-0.5217033624649048,-0.002325040055438876
2023-01-12 12:02:10.935000,-0.5737141966819763,-0.002171196509152651
2023-01-12 12:03:11.134000,-0.5106819868087769,-0.002254805527627468
2023-01-12 12:04:11.192000,-0.5432099103927612,-0.0022213191259652376
2023-01-12 12:05:11.024000,-0.6860185861587524,-0.002256176434457302
2023-01-12 12:06:11.405000,-0.6212220788002014,-0.002194999950006604
2023-01-12 12:07:11.456000,-0.6732640266418457,-0.002311583375558257
2023-01-12 12:08:10.986000,-0.759522557258606,-0.0022346964105963707
2023-01-12 12:09:11.016000,-1.0473908185958862,-0.0022547843400388956
2023-01-12 12:10:11.001000,-1.1003724336624146,-0.0023612799122929573
2023-01-12 12:11:10.991000,-2.9284768104553223,-0.0023070527240633965
2023-01-12 12:12:11.193000,-2.946546792984009,-0.002279022242873907
2023-01-12 12:13:11.120000,-2.9255316257476807,-0.0023312291596084833
2023-01-12 12:14:11.051000,-2.78216552734375,-0.00226682354696095
2023-01-12 12:15:10.979000,-2.5582234859466553,-0.0024237188044935465
2023-01-12 12:16:11.291000,-2.5398266315460205,-0.002393181901425123
2023-01-12 12:17:11.243000,-2.527160406112671,-0.00228879158385098
2023-01-12 12:18:11.359000,-2.5761945247650146,-0.002338400110602379
2023-01-12 12:19:11.378000,-2.630586624145508,-0.002248242497444153
2023-01-12 12:20:11.260000,-2.711878538131714,-0.0023183333687484264
2023-01-12 12:21:11.006000,-2.6891050338745117,-0.0022299999836832285
2023-01-12 12:22:11.106000,-2.796241283416748,-0.0022789998911321163
2023-01-12 12:23:11.295000,-2.8363113403320312,-0.0022465582005679607
2023-01-12 12:24:11.006000,-2.7976651191711426,-0.0022973695304244757
2023-01-12 12:25:11.306000,-2.797224760055542,-0.0023085102438926697
2023-01-12 12:26:11.462000,-3.078619956970215,-0.002309872303158045
2023-01-12 12:27:10.982000,-2.8906936645507812,-0.002299229148775339
2023-01-12 12:28:11.271000,-2.04167103767395,-0.0021989147644490004
2023-01-12 12:29:12.256000,-1.5603861808776855,-0.002266928553581238
2023-01-12 12:30:11.093000,-1.477982759475708,-0.002280102577060461
2023-01-12 12:31:11.190000,-1.5246280431747437,-0.0023648571223020554
2023-01-12 12:32:11.355000,-1.4713575839996338,-0.0022179142106324434
2023-01-12 12:33:11.391000,-1.4136481285095215,-0.0023022941313683987
2023-01-12 12:34:11.375000,-1.1925020217895508,-0.002319921040907502
2023-01-12 12:35:11.112000,-1.1412869691848755,-0.0023942363914102316
2023-01-12 12:36:11.173000,-1.1180790662765503,-0.002277941210195422
2023-01-12 12:37:11.141000,-1.0569432973861694,-0.002275794977322221
2023-01-12 12:38:10.992000,-1.3266968727111816,-0.0022748808842152357
2023-01-12 12:39:10.932000,-1.0379009246826172,-0.0023373845033347607
2023-01-12 12:40:11.297000,-1.1210143566131592,-0.002345999935641885
2023-01-12 12:41:11.483000,-1.159971833229065,-0.0023060000967234373
2023-01-12 12:42:11.294000,-1.1558964252471924,-0.002254333347082138
2023-01-12 12:43:11.012000,-1.1435235738754272,-0.0022962000221014023
2023-01-12 12:44:11.334000,-1.2163832187652588,-0.0023327560629695654
2023-01-12 12:45:11.073000,-1.179871678352356,-0.002322881016880274
2023-01-12 12:46:11.008000,-1.1740822792053223,-0.0022412727121263742
2023-01-12 12:47:11.428000,-1.2152597904205322,-0.002225477248430252
2023-01-12 12:48:11.064000,-1.1352564096450806,-0.002314583398401737
2023-01-12 12:49:11.015000,-1.3185501098632812,-0.002322250045835972
2023-01-12 12:50:11.284000,-1.4202173948287964,-0.0022899142932146788
2023-01-12 12:51:11.186000,-1.328566551208496,-0.0022531708236783743
2023-01-12 12:52:14.025000,-1.312063217163086,-0.0022769130300730467
2023-01-12 12:53:11.115000,-1.5115907192230225,-0.00230813049711287
2023-01-12 12:54:11.159000,-1.368168830871582,-0.0023320233449339867
2023-01-12 12:55:11.285000,-1.254729151725769,-0.0023385356180369854
2023-01-12 12:56:11.239000,-1.2855063676834106,-0.0022763784509152174
2023-01-12 12:57:11.256000,-1.2671332359313965,-0.002282416680827737
2023-01-12 12:58:12.452000,-1.294196367263794,-0.0023016592022031546
2023-01-12 12:59:10.976000,-1.2887691259384155,-0.0022537317126989365
2023-01-12 13:00:10.805000,-1.313423991203308,-0.0022607999853789806
2023-01-12 13:01:11.342000,-1.3061118125915527,-0.0022114254534244537
2023-01-12 13:02:11.064000,-1.2936612367630005,-0.0022732201032340527
2023-01-12 13:03:11.102000,-0.8705073595046997,-0.0023036764468997717
2023-01-12 13:04:11.205000,-0.7988172173500061,-0.0021971464157104492
2023-01-12 13:05:11.149000,-0.7170347571372986,-0.002212897874414921
2023-01-12 13:06:11.144000,-0.6909511685371399,-0.0022744047455489635
2023-01-12 13:07:10.966000,-0.9194930791854858,-0.002280410612002015
2023-01-12 13:08:11.033000,-0.7125522494316101,-0.0022961224894970655
2023-01-12 13:09:11.259000,-0.809350848197937,-0.002253210637718439
2023-01-12 13:10:11.355000,-0.8569600582122803,-0.0022991220466792583
2023-01-12 13:11:11.081000,-1.1154648065567017,-0.0023742790799587965
2023-01-12 13:12:10.918000,-1.0710538625717163,-0.0023608864285051823
2023-01-12 13:13:11.134000,-0.9991108179092407,-0.002261212794110179
2023-01-12 13:14:10.925000,-0.9961847066879272,-0.002274585422128439
2023-01-12 13:15:11.077000,-0.4978669285774231,-0.0023107179440557957
2023-01-12 13:16:11.640000,-0.5593608021736145,-0.0023078490048646927
2023-01-12 13:17:10.929000,-0.5404564738273621,-0.002441959921270609
2023-01-12 13:18:11.141000,-0.5920141339302063,-0.0023462821263819933
2023-01-12 13:19:11.315000,-0.774226188659668,-0.0023150788620114326
2023-01-12 13:20:11.086000,-0.8556913733482361,-0.002310951240360737
2023-01-12 13:21:11.188000,-0.8273547887802124,-0.0022788678761571646
2023-01-12 13:22:11.454000,-0.9157841801643372,-0.0022814772091805935
2023-01-12 13:23:10.976000,-0.8600608706474304,-0.0023910333402454853
2023-01-12 13:24:11.029000,-0.8227945566177368,-0.002333711599931121
2023-01-12 13:25:11.157000,-0.8294978737831116,-0.002405323553830385
2023-01-12 13:26:11.196000,-0.7327879071235657,-0.0022809267975389957
2023-01-12 13:27:11.103000,-0.7279044389724731,-0.0022390454541891813
2023-01-12 13:28:10.959000,-0.9217733144760132,-0.0024107499048113823
2023-01-12 13:29:11.260000,-0.930202305316925,-0.0023168292827904224
2023-01-12 13:30:10.980000,-0.9533825516700745,-0.0023962431587278843
2023-01-12 13:31:11.838000,-1.0940518379211426,-0.0021560732275247574
2023-01-12 13:32:11.013000,-1.1142218112945557,-0.0023368510883301497
2023-01-12 13:33:11.115000,-0.9940590262413025,-0.0023245499469339848
2023-01-12 13:34:10.897000,-0.9356690645217896,-0.0022080237977206707
2023-01-12 13:35:11.128000,-0.8897772431373596,-0.0022204893175512552
2023-01-12 13:36:10.893000,-0.9416472911834717,-0.0025404999032616615
2023-01-12 13:37:10.930000,-0.8712645769119263,-0.002388837281614542
2023-01-12 13:38:11.116000,-0.8906194567680359,-0.00224658683873713
2023-01-12 13:39:11.121000,-0.8863856196403503,-0.002228791592642665
2023-01-12 13:40:10.874000,-0.9216708540916443,-0.0021114391274750233
2023-01-12 13:41:10.902000,-0.9219544529914856,-0.002142486395314336
2023-01-12 13:42:10.905000,-0.9360126256942749,-0.0022040929179638624
2023-01-12 13:43:11.078000,-0.9008954763412476,-0.0022070000413805246
2023-01-12 13:44:10.944000,-0.8741625547409058,-0.0021415238734334707
2023-01-12 13:45:10.913000,-0.86152583360672,-0.0019844474736601114
2023-01-12 13:46:11.950000,-0.6410441994667053,-0.002267948817461729
2023-01-12 13:47:10.915000,-0.6600350737571716,-0.002162288874387741
2023-01-12 13:48:10.946000,-0.5680537819862366,-0.0022699148394167423
2023-01-12 13:49:10.963000,-0.6757387518882751,-0.002213735831901431
2023-01-12 13:50:11.310000,-0.5932924747467041,-0.0024076153058558702
2023-01-12 13:51:11.090000,-0.5373414754867554,-0.0022820732556283474
2023-01-12 13:52:11.128000,-0.5387969017028809,-0.002311292802914977
2023-01-12 13:53:11.306000,-0.5124475359916687,-0.0021623829379677773
2023-01-12 13:54:11.122000,-0.46848610043525696,-0.002493711421266198
2023-01-12 13:55:10.899000,-0.5008000135421753,-0.002386904787272215
2023-01-12 13:56:10.843000,-0.6032727956771851,-0.0023703749757260084
2023-01-12 13:57:11.093000,-0.6064560413360596,-0.0022006521467119455
2023-01-12 13:58:10.945000,-0.6772392988204956,-0.0021278378553688526
2023-01-12 13:59:11.169000,-0.6910129189491272,-0.0022661539260298014
2023-01-12 14:00:10.868000,-0.7435678243637085,-0.0022619387600570917
2023-01-12 14:01:10.921000,-0.747742772102356,-0.0021326530259102583
2023-01-12 14:02:11.124000,-0.702090859413147,-0.0023390816058963537
2023-01-12 14:03:11.405000,-0.8993436694145203,-0.002410739893093705
2023-01-12 14:04:11.083000,-0.8232471346855164,-0.0022429535165429115
2023-01-12 14:05:11.010000,-0.8019903898239136,-0.002041035098955035
2023-01-12 14:06:11.042000,-0.9031285643577576,-0.0022863273043185472
2023-01-12 14:07:11.060000,-0.944046676158905,-0.0022806799970567226
2023-01-12 14:08:11.146000,-1.0349066257476807,-0.00226989365182817
2023-01-12 14:09:10.992000,-1.1126413345336914,-0.0022323078010231256
2023-01-12 14:10:11.145000,-0.9712328314781189,-0.002114289440214634
2023-01-12 14:11:11.044000,-1.0070239305496216,-0.0023552977945655584
2023-01-12 14:12:10.806000,-1.4678963422775269,-0.002359673148021102
2023-01-12 14:13:10.843000,-1.3766251802444458,-0.0022812308743596077
2023-01-12 14:14:11.046000,-1.485885500907898,-0.002458911156281829
2023-01-12 14:15:10.909000,-1.0246082544326782,-0.002263365313410759
2023-01-12 14:16:11.142000,-0.961483359336853,-0.002315592486411333
2023-01-12 14:17:10.832000,-0.9390944242477417,-0.002372599905356765
2023-01-12 14:18:11.102000,-1.0119701623916626,-0.002301731612533331
2023-01-12 14:19:11.060000,-0.9513582587242126,-0.00223318743519485
2023-01-12 14:20:10.854000,-0.9759548902511597,-0.00217711110599339
2023-01-12 14:21:10.989000,-0.8663004636764526,-0.0023039360530674458
2023-01-12 14:22:11.100000,-0.8750094175338745,-0.0021320576779544353
2023-01-12 14:23:11.037000,-1.0393787622451782,-0.002227652119472623
2023-01-12 14:24:11.260000,-1.176140546798706,-0.0023096955846995115
2023-01-12 14:25:10.799000,-1.1638948917388916,-0.002324695698916912
2023-01-12 14:26:10.852000,-1.0392944812774658,-0.002242020796984434
2023-01-12 14:27:11.289000,-0.9622320532798767,-0.002182714408263564
2023-01-12 14:28:10.923000,-1.0414912700653076,-0.002422105288133025
2023-01-12 14:29:10.793000,-1.1181248426437378,-0.0024764081463217735
2023-01-12 14:30:10.851000,-1.1424665451049805,-0.0021599524188786745
2023-01-12 14:31:10.977000,-1.1702250242233276,-0.002317558042705059
2023-01-12 14:32:11.222000,-1.265005111694336,-0.002331000054255128
2023-01-12 14:33:10.962000,-1.1998941898345947,-0.0022215917706489563
2023-01-12 14:34:10.915000,-1.2859253883361816,-0.002362850122153759
2023-01-12 14:35:10.927000,-1.167468786239624,-0.0023301499895751476
2023-01-12 14:36:10.931000,-1.0577222108840942,-0.0021649301052093506
2023-01-12 14:37:11.056000,-1.0468177795410156,-0.0022848399821668863
2023-01-12 14:38:11.006000,-1.034791111946106,-0.002144378377124667
2023-01-12 14:39:10.852000,-1.036367654800415,-0.0023798332549631596
2023-01-12 14:40:10.983000,-1.0241779088974,-0.0023012750316411257
2023-01-12 14:41:11.059000,-0.9881152510643005,-0.0022249023895710707
2023-01-12 14:42:10.885000,-1.1666089296340942,-0.0026411765720695257
2023-01-12 14:43:10.847000,-1.3000726699829102,-0.0021107234060764313
2023-01-12 14:44:11.080000,-1.1591285467147827,-0.002256204606965184
2023-01-12 14:45:11.045000,-1.1866858005523682,-0.0023328529205173254
2023-01-12 14:46:10.926000,-1.0891553163528442,-0.002222085604444146
2023-01-12 14:47:11.751000,-0.9667412042617798,-0.002349531278014183
2023-01-12 14:48:10.977000,-0.8456437587738037,-0.0025820464361459017
2023-01-12 14:49:10.906000,-0.8054538369178772,-0.0024636457674205303
2023-01-12 14:50:10.884000,-0.8572534322738647,-0.002365035004913807
2023-01-12 14:51:10.843000,-1.0478252172470093,-0.002094416646286845
2023-01-12 14:52:10.847000,-1.0978829860687256,-0.0021580832544714212
2023-01-12 14:53:10.964000,-0.9762955904006958,-0.0019898200407624245
2023-01-12 14:54:10.987000,-1.0443845987319946,-0.00244974996894598
2023-01-12 14:55:10.861000,-0.9470207095146179,-0.0024909833446145058
2023-01-12 14:56:10.822000,-0.9494238495826721,-0.0023819333873689175
2023-01-12 14:57:10.772000,-1.07594895362854,-0.002445933409035206
2023-01-12 14:58:10.918000,-1.9627747535705566,-0.0022513666190207005
2023-01-12 14:59:10.912000,-1.979503870010376,-0.0022978833876550198
2023-01-12 15:00:10.826000,-1.8672643899917603,-0.0019544833339750767
2023-01-12 15:01:10.839000,-1.7886548042297363,-0.0018923666793853045
2023-01-12 15:02:10.792000,-1.9413697719573975,-0.0021539167501032352
2023-01-12 15:03:10.953000,-1.9273388385772705,-0.002115872222930193
2023-01-12 15:04:10.998000,-1.8354520797729492,-0.0021234722808003426
2023-01-12 15:05:10.783000,-1.836683988571167,-0.0018723170505836606
2023-01-12 15:06:10.807000,-1.7793430089950562,-0.0020616399124264717
2023-01-12 15:07:10.938000,-1.8576500415802002,-0.001865486497990787
2023-01-12 15:08:10.996000,-1.9127328395843506,-0.0022392820101231337
2023-01-12 15:09:10.832000,-1.9652717113494873,-0.0019759999122470617
2023-01-12 15:10:10.957000,-2.031229257583618,-0.0025511111598461866
2023-01-12 15:11:10.802000,-1.9385167360305786,-0.0021886841859668493
2023-01-12 15:12:10.978000,-2.023947238922119,-0.0025447083171457052
2023-01-12 15:13:10.893000,-2.037670135498047,-0.0019451481057330966
2023-01-12 15:14:10.954000,-1.987593650817871,-0.0023623022716492414
2023-01-12 15:15:10.657000,-1.9922302961349487,-0.002232673577964306
2023-01-12 15:16:10.983000,-1.975266456604004,-0.002284232061356306
2023-01-12 15:17:10.808000,-1.963356614112854,-0.002311974996700883
2023-01-12 15:18:10.870000,-1.419627070426941,-0.002252529375255108
2023-01-12 15:19:10.957000,-0.9705970883369446,-0.002227888908237219
2023-01-12 15:20:10.920000,-0.9348778128623962,-0.0023812036961317062
2023-01-12 15:21:10.736000,-0.9692264795303345,-0.0023706981446594
2023-01-12 15:22:11.058000,-0.9883174896240234,-0.002316354075446725
2023-01-12 15:23:10.727000,-1.1172362565994263,-0.0020364285446703434
2023-01-12 15:24:10.965000,-2.8376407623291016,-0.0024173250421881676
2023-01-12 15:25:11.028000,-2.862694025039673,-0.002135447459295392
2023-01-12 15:26:10.726000,-1.735971212387085,-0.0022873999550938606
2023-01-12 15:27:10.845000,-0.9462323188781738,-0.0022592367604374886
2023-01-12 15:28:11.072000,-0.8579344749450684,-0.0022111251018941402
2023-01-12 15:29:10.725000,-0.9051215052604675,-0.0022198695223778486
2023-01-12 15:30:10.882000,-0.8435634970664978,-0.0022328696213662624
2023-01-12 15:31:10.892000,-0.953737735748291,-0.0022857398726046085
2023-01-12 15:32:10.932000,-1.1242667436599731,-0.002545916708186269
2023-01-12 15:33:10.807000,-1.2765142917633057,-0.002017204649746418
2023-01-12 15:34:10.984000,-1.1617151498794556,-0.002173117594793439
2023-01-12 15:35:10.839000,-1.091033697128296,-0.0024987333454191685
2023-01-12 15:36:10.852000,-1.1435022354125977,-0.002618086989969015
2023-01-12 15:37:10.831000,-1.1577298641204834,-0.0020714348647743464
2023-01-12 15:38:10.850000,-1.3620842695236206,-0.0021252708975225687
2023-01-12 15:39:11.012000,-1.3111066818237305,-0.0023397658951580524
2023-01-12 15:40:10.899000,-1.3946629762649536,-0.002323543420061469
2023-01-12 15:41:10.939000,-1.2815190553665161,-0.002276875078678131
2023-01-12 15:42:11.924000,-1.304928183555603,-0.0021938919089734554
2023-01-12 15:43:10.940000,-1.1966568231582642,-0.002361151622608304
2023-01-12 15:44:10.766000,-1.2375900745391846,-0.002128999913111329
2023-01-12 15:45:10.745000,-1.2157443761825562,-0.0021934490650892258
2023-01-12 15:46:10.819000,-1.2688300609588623,-0.002256259322166443
2023-01-12 15:47:11.048000,-1.2556442022323608,-0.002617710502818227
2023-01-12 15:48:10.873000,-1.113084077835083,-0.002588561037555337
2023-01-12 15:49:10.873000,-1.0242688655853271,-0.0021558371372520924
2023-01-12 15:50:10.747000,-0.9651147127151489,-0.0019952431321144104
2023-01-12 15:51:11.078000,-1.010623812675476,-0.0017602903535589576
2023-01-12 15:52:10.928000,-1.0164965391159058,-0.002605146262794733
2023-01-12 15:53:10.949000,-1.1998833417892456,-0.0017674999544396996
2023-01-12 15:54:10.688000,-1.1725444793701172,-0.002181511139497161
2023-01-12 15:55:10.713000,-1.074376106262207,-0.002413693815469742
2023-01-12 15:56:10.924000,-1.111619234085083,-0.0025046665687114
2023-01-12 15:57:10.793000,-1.2346656322479248,-0.002136521739885211
2023-01-12 15:58:10.995000,-1.00433349609375,-0.0022973043378442526
2023-01-12 15:59:11,-1.0008811950683594,-0.0020156579557806253
2023-01-12 16:00:10.741000,-0.8967511653900146,-0.002126321429386735
2023-01-12 16:01:10.851000,-0.6926870942115784,-0.0023372082505375147
2023-01-12 16:02:10.799000,-0.6526932120323181,-0.0019537960179150105
2023-01-12 16:03:11.001000,-0.5730429887771606,-0.0016075681196525693
2023-01-12 16:04:10.845000,-0.5887767672538757,-0.002371142851188779
2023-01-12 16:05:10.732000,-0.7393423318862915,-0.0023248372599482536
2023-01-12 16:06:10.847000,-0.6120516061782837,-0.0023013243917375803
2023-01-12 16:07:10.677000,-0.7455898523330688,-0.002320325467735529
2023-01-12 16:08:10.706000,-0.8979268670082092,-0.0023115715011954308
2023-01-12 16:09:10.724000,-0.728961169719696,-0.002182372147217393
2023-01-12 16:10:10.922000,-0.7889586687088013,-0.002405695617198944
2023-01-12 16:11:10.787000,-0.5800359845161438,-0.0019092608708888292
2023-01-12 16:12:10.747000,-0.714310348033905,-0.002197487745434046
2023-01-12 16:13:10.791000,-0.6309522390365601,-0.0024098162539303303
2023-01-12 16:14:10.874000,-0.734591543674469,-0.002323829336091876
2023-01-12 16:15:10.938000,-0.8890883326530457,-0.002380319172516465
2023-01-12 16:16:10.923000,-0.8499922752380371,-0.0020424146205186844
2023-01-12 16:17:10.727000,-0.9969548583030701,-0.002325674518942833
2023-01-12 16:18:10.835000,-0.9006075859069824,-0.0019663332495838404
2023-01-12 16:19:10.898000,-1.018615484237671,-0.0016263725701719522
2023-01-12 16:20:10.871000,-0.7434826493263245,-0.0026016738265752792
2023-01-12 16:21:10.807000,-0.8640868067741394,-0.002305785659700632
2023-01-12 16:22:10.664000,-0.7229121923446655,-0.0023493182379752398
2023-01-12 16:23:10.934000,-0.8351473212242126,-0.0021699999924749136
2023-01-12 16:24:10.697000,-0.7662782073020935,-0.002155761932954192
2023-01-12 16:25:10.734000,-0.9386904835700989,-0.0020350783597677946
2023-01-12 16:26:10.835000,-0.9349687695503235,-0.0022620181553065777
2023-01-12 16:27:10.837000,-0.8191661834716797,-0.0019618666265159845
2023-01-12 16:28:10.716000,-0.788974940776825,-0.002422553254291415
2023-01-12 16:29:10.910000,-0.751279354095459,-0.002036249963566661
2023-01-12 16:30:10.876000,-0.5807934403419495,-0.0021216135937720537
2023-01-12 16:31:10.949000,-0.7566812038421631,-0.0022996875923126936
2023-01-12 16:32:10.713000,-0.8381535410881042,-0.002370069734752178
2023-01-12 16:33:10.930000,-0.7598478198051453,-0.00257935281842947
2023-01-12 16:34:10.718000,-0.9293056130409241,-0.002096583368256688
2023-01-12 16:35:10.757000,-0.9224984049797058,-0.0026675208937376738
2023-01-12 16:36:10.767000,-0.7760447859764099,-0.002130282111465931
2023-01-12 16:37:10.820000,-0.9654348492622375,-0.0023285115603357553
2023-01-12 16:38:10.871000,-0.8181541562080383,-0.0022223901469260454
2023-01-12 16:39:10.811000,-0.675427258014679,-0.0021313170436769724
2023-01-12 16:40:10.549000,-0.8830161690711975,-0.0022394999396055937
2023-01-12 16:41:10.956000,-0.9571980834007263,-0.002397350035607815
2023-01-12 16:42:10.887000,-0.8578498959541321,-0.0020572999492287636
2023-01-12 16:43:10.819000,-1.0968796014785767,-0.002325240056961775
2023-01-12 16:44:10.624000,-1.1136956214904785,-0.0019648298621177673
2023-01-12 16:45:10.786000,-1.0203982591629028,-0.0023852128069847822
2023-01-12 16:46:10.889000,-0.9759476184844971,-0.002258547581732273
2023-01-12 16:47:10.767000,-1.072583556175232,-0.002374999923631549
2023-01-12 16:48:10.958000,-1.0615794658660889,-0.0024586666841059923
2023-01-12 16:49:10.862000,-0.9158390760421753,-0.0018478139536455274
2023-01-12 16:50:10.665000,-0.8303552865982056,-0.001970685785636306
2023-01-12 16:51:10.671000,-0.7820953130722046,-0.002336511155590415
2023-01-12 16:52:10.651000,-0.5430079698562622,-0.0024123142939060926
2023-01-12 16:53:10.624000,-0.49330219626426697,-0.002214152133092284
2023-01-12 16:54:10.631000,-0.7147085070610046,-0.0023242500610649586
2023-01-12 16:55:10.624000,-0.660929262638092,-0.0019752667285501957
2023-01-12 16:56:10.764000,-0.671196460723877,-0.002772425999864936
2023-01-12 16:57:10.857000,-0.6852962970733643,-0.002154736779630184
2023-01-12 16:58:10.881000,-0.7423518300056458,-0.002154584974050522
2023-01-12 16:59:10.720000,-0.6591511964797974,-0.00215528579428792
2023-01-12 17:00:10.898000,-0.6613866090774536,-0.0023945143911987543
2023-01-12 17:01:10.784000,-0.8568450808525085,-0.0023352443240582943
2023-01-12 17:02:10.744000,-0.7948103547096252,-0.00240929308347404
2023-01-12 17:03:10.802000,-0.7187180519104004,-0.0024739555083215237
2023-01-12 17:04:10.907000,-0.6561855673789978,-0.0021027352195233107
2023-01-12 17:05:10.737000,-0.8581832647323608,-0.002261867979541421
2023-01-12 17:06:11.064000,-0.6855519413948059,-0.0019765000324696302
2023-01-12 17:07:10.890000,-0.6808516979217529,-0.002002488821744919
2023-01-12 17:08:10.699000,-0.7368764877319336,-0.0023151428904384375
2023-01-12 17:09:10.703000,-0.6912502646446228,-0.0020813043229281902
2023-01-12 17:10:10.780000,-0.5647955536842346,-0.0022063530050218105
2023-01-12 17:11:10.986000,-0.583755612373352,-0.0023084376007318497
2023-01-12 17:12:10.615000,-0.7161351442337036,-0.0023437142372131348
2023-01-12 17:13:10.584000,-0.704271674156189,-0.0023191850632429123
2023-01-12 17:14:10.771000,-0.6238169074058533,-0.0019946738611906767
2023-01-12 17:15:10.747000,-0.666366696357727,-0.0020319614559412003
2023-01-12 17:16:10.918000,-0.8197852373123169,-0.002339403610676527
2023-01-12 17:17:10.764000,-0.7340173721313477,-0.0021002166904509068
2023-01-12 17:18:10.613000,-0.5581777691841125,-0.0024028499610722065
2023-01-12 17:19:10.716000,-0.5988473296165466,-0.0024623051285743713
2023-01-12 17:20:10.502000,-0.7617025375366211,-0.002242499962449074
2023-01-12 17:21:10.716000,-0.8634254932403564,-0.0021736726630479097
2023-01-12 17:22:10.607000,-0.693183183670044,-0.0022026249207556248
2023-01-12 17:23:10.610000,-0.8284593820571899,-0.0023147249594330788
2023-01-12 17:24:10.575000,-0.8919852375984192,-0.0022039024624973536
2023-01-12 17:25:10.779000,-0.8637010455131531,-0.0020446295384317636
2023-01-12 17:26:10.636000,-0.7788806557655334,-0.002316857222467661
2023-01-12 17:27:10.937000,-0.7524697780609131,-0.0023794909939169884
2023-01-12 17:28:10.760000,-0.712843120098114,-0.0022857501171529293
2023-01-12 17:29:10.743000,-0.6959397196769714,-0.0019779459107667208
2023-01-12 17:30:10.767000,-0.6374658346176147,-0.0022133528254926205
2023-01-12 17:31:10.762000,-0.650428295135498,-0.0021855405066162348
2023-01-12 17:32:10.800000,-0.7806065678596497,-0.002132666762918234
2023-01-12 17:33:10.816000,-0.7161623239517212,-0.002550520934164524
2023-01-12 17:34:10.796000,-0.6927694082260132,-0.002439826028421521
2023-01-12 17:35:10.739000,-0.8147228956222534,-0.0020709000527858734
2023-01-12 17:36:10.798000,-0.9310173392295837,-0.0023895599879324436
2023-01-12 17:37:10.601000,-0.6393758654594421,-0.0024796784855425358
2023-01-12 17:38:10.862000,-0.513908326625824,-0.002097804332152009
2023-01-12 17:39:10.822000,-0.5765590071678162,-0.0022657255176454782
2023-01-12 17:40:10.767000,-0.5558679103851318,-0.002398511627689004
2023-01-12 17:41:10.612000,-0.41515520215034485,-0.002133973641321063
2023-01-12 17:42:10.727000,-0.6330333948135376,-0.0022541999351233244
2023-01-12 17:43:10.636000,-0.6686399579048157,-0.0023762162309139967
2023-01-12 17:44:10.815000,-0.5475843548774719,-0.0023556137457489967
2023-01-12 17:45:10.705000,-0.6931237578392029,-0.0021183453500270844
2023-01-12 17:46:10.739000,-0.6329709887504578,-0.00209085107780993
2023-01-12 17:47:10.811000,-0.5696187615394592,-0.002208057092502713
2023-01-12 17:48:10.686000,-0.5395485758781433,-0.002061476232483983
2023-01-12 17:49:10.839000,-0.7148517370223999,-0.0027558302972465754
2023-01-12 17:50:10.747000,-0.9538284540176392,-0.001966558862477541
2023-01-12 17:51:10.755000,-0.9090241193771362,-0.0021559230517596006
2023-01-12 17:52:10.644000,-0.9374364614486694,-0.0023623143788427114
2023-01-12 17:53:10.872000,-0.9141924977302551,-0.0020450525917112827
2023-01-12 17:54:10.595000,-0.9949913024902344,-0.002445437479764223
2023-01-12 17:55:10.800000,-0.9643845558166504,-0.0027803333941847086
2023-01-12 17:56:10.583000,-0.7142276167869568,-0.0023232665844261646
2023-01-12 17:57:10.761000,-0.5895477533340454,-0.0021212564315646887
2023-01-12 17:58:10.691000,-0.66527259349823,-0.0022349387872964144
2023-01-12 17:59:10.631000,-0.7163075804710388,-0.0023563862778246403
2023-01-12 18:00:10.430000,-0.6050315499305725,-0.0022985348477959633
2023-01-12 18:01:10.802000,-0.6160659790039062,-0.002082066610455513
2023-01-12 18:02:10.807000,-0.6135242581367493,-0.0022044749930500984
2023-01-12 18:03:10.576000,-0.7353878021240234,-0.0021587179508060217
2023-01-12 18:04:10.553000,-0.6135982275009155,-0.0019894693978130817
2023-01-12 18:05:10.537000,-0.4519678056240082,-0.002238888991996646
2023-01-12 18:06:10.780000,-0.5719962120056152,-0.002233074977993965
2023-01-12 18:07:10.711000,-0.5525084137916565,-0.00223773461766541
2023-01-12 18:08:10.906000,-0.439799964427948,-0.002130219480022788
2023-01-12 18:09:10.541000,-0.6437674164772034,-0.002398148877546191
2023-01-12 18:10:10.662000,-0.7647401094436646,-0.0019881052430719137
2023-01-12 18:11:10.746000,-0.643893837928772,-0.0022522222716361284
2023-01-12 18:12:10.739000,-0.6678402423858643,-0.002437039278447628
2023-01-12 18:13:10.639000,-0.5314973592758179,-0.0023215110413730145
2023-01-12 18:14:10.725000,-0.5255288481712341,-0.0023443636018782854
2023-01-12 18:15:10.495000,-0.5879854559898376,-0.002442754805088043
2023-01-12 18:16:10.571000,-0.5698462724685669,-0.002301207510754466
2023-01-12 18:17:10.594000,-0.5069203972816467,-0.0023059772793203592
2023-01-12 18:18:10.822000,-0.5421309471130371,-0.0022609999869018793
2023-01-12 18:19:10.887000,-0.6104292273521423,-0.0023269488010555506
2023-01-12 18:20:10.606000,-0.4027079641819,-0.002459791721776128
2023-01-12 18:21:10.565000,-0.5309242010116577,-0.00233647832646966
2023-01-12 18:22:10.717000,-0.63170325756073,-0.002263622125610709
2023-01-12 18:23:10.763000,-0.6210432052612305,-0.0024304091930389404
2023-01-12 18:24:10.745000,-0.6646186113357544,-0.001883000019006431
2023-01-12 18:25:10.826000,-0.6863694190979004,-0.0019492199644446373
2023-01-12 18:26:10.648000,-0.6720091700553894,-0.0018388648750260472
2023-01-12 18:27:10.813000,-0.7976088523864746,-0.002032184274867177
2023-01-12 18:28:10.786000,-0.6944501399993896,-0.0027343248948454857
2023-01-12 18:29:10.635000,-0.6792108416557312,-0.0024163075722754
2023-01-12 18:30:10.640000,-0.8449987769126892,-0.0022361730225384235
2023-01-12 18:31:10.716000,-0.8433276414871216,-0.0027580000460147858
2023-01-12 18:32:10.713000,-0.8678719401359558,-0.002062581479549408
2023-01-12 18:33:10.863000,-0.8029786944389343,-0.0022776785772293806
2023-01-12 18:34:10.787000,-0.7419440150260925,-0.0024105713237076998
2023-01-12 18:35:10.553000,-0.8295292258262634,-0.002060731640085578
2023-01-12 18:36:10.689000,-0.7448786497116089,-0.002347411820665002
2023-01-12 18:37:10.567000,-0.6190987825393677,-0.0023384680971503258
2023-01-12 18:38:10.500000,-0.7723689079284668,-0.002874864963814616
2023-01-12 18:39:10.469000,-0.7555246353149414,-0.002462622243911028
2023-01-12 18:40:10.520000,-0.7033726572990417,-0.0021935435943305492
2023-01-12 18:41:10.569000,-0.7502305507659912,-0.0028509648982435465
2023-01-12 18:42:10.558000,-0.7725222706794739,-0.0021724894177168608
2023-01-12 18:43:10.521000,-0.8715046048164368,-0.0022805333137512207
2023-01-12 18:44:10.794000,-0.9043056964874268,-0.0024519599974155426
2023-01-12 18:45:10.539000,-0.6954664587974548,-0.0021635531447827816
2023-01-12 18:46:10.775000,-0.5356590747833252,-0.002183714183047414
2023-01-12 18:47:10.639000,-0.5678826570510864,-0.0020855357870459557
2023-01-12 18:48:10.492000,-0.6577847003936768,-0.002147057792171836
2023-01-12 18:49:10.489000,-0.6677570939064026,-0.0019348477944731712
2023-01-12 18:50:10.733000,-0.6475186347961426,-0.0020010850857943296
2023-01-12 18:51:10.487000,-0.5916387438774109,-0.002275724895298481
2023-01-12 18:52:10.612000,-0.6290461421012878,-0.002159374998882413
2023-01-12 18:53:10.631000,-0.579046905040741,-0.002368090907111764
2023-01-12 18:54:10.577000,-0.4733492136001587,-0.0022623518016189337
2023-01-12 18:55:10.721000,-0.6713441014289856,-0.0022523750085383654
2023-01-12 18:56:10.472000,-0.631531834602356,-0.002332319039851427
2023-01-12 18:57:10.803000,-0.6435610055923462,-0.0024225919041782618
2023-01-12 18:58:10.717000,-0.5553274154663086,-0.0023549573961645365
2023-01-12 18:59:10.570000,-0.635668158531189,-0.0023451666347682476
2023-01-12 19:00:10.707000,-0.7354639768600464,-0.0021135599818080664
2023-01-12 19:01:10.518000,-0.710591733455658,-0.0023424681276082993
2023-01-12 19:02:10.714000,-0.5861674547195435,-0.002177333226427436
2023-01-12 19:03:10.554000,-0.4874756336212158,-0.0023587618488818407
2023-01-12 19:04:10.655000,-0.49759742617607117,-0.0024214705917984247
2023-01-12 19:05:10.728000,-0.6679282784461975,-0.002198978327214718
2023-01-12 19:06:10.765000,-0.7579441070556641,-0.0021515435073524714
2023-01-12 19:07:10.729000,-0.6781450510025024,-0.0023463182151317596
2023-01-12 19:08:10.777000,-0.6289052963256836,-0.0021513684187084436
2023-01-12 19:09:10.534000,-0.6069869995117188,-0.0022374102845788
2023-01-12 19:10:10.710000,-0.6375823616981506,-0.002294638194143772
2023-01-12 19:11:10.616000,-0.7057997584342957,-0.002279039938002825
2023-01-12 19:12:10.684000,-0.6354513764381409,-0.002266894793137908
2023-01-12 19:13:10.699000,-0.7014896273612976,-0.0023786190431565046
2023-01-12 19:14:10.775000,-0.6751340627670288,-0.0024328199215233326
2023-01-12 19:15:10.332000,-0.6349847316741943,-0.002127826912328601
2023-01-12 19:16:10.543000,-0.5864549875259399,-0.0022889073006808758
2023-01-12 19:17:10.586000,-0.5577111840248108,-0.00226784311234951
2023-01-12 19:18:10.627000,-0.5683841705322266,-0.0023304081987589598
2023-01-12 19:19:10.456000,-0.6606775522232056,-0.0020050681196153164
2023-01-12 19:20:10.867000,-0.6506431698799133,-0.002281872322782874
2023-01-12 19:21:10.855000,-0.6108356714248657,-0.0019929511472582817
2023-01-12 19:22:10.950000,-0.6358524560928345,-0.002309054136276245
2023-01-12 19:23:10.830000,-0.5702186822891235,-0.0024676744360476732
2023-01-12 19:24:10.777000,-0.7867710590362549,-0.002082488965243101
2023-01-12 19:25:10.792000,-0.7856855988502502,-0.0024028297048062086
2023-01-12 19:26:10.722000,-0.5479247570037842,-0.0022576097398996353
2023-01-12 19:27:10.673000,-0.6281264424324036,-0.0019250286277383566
2023-01-12 19:28:10.534000,-0.5898435115814209,-0.002213160041719675
2023-01-12 19:29:10.617000,-0.5018397569656372,-0.0024351428728550673
2023-01-12 19:30:10.612000,-0.4562421143054962,-0.0022514285519719124
2023-01-12 19:31:10.663000,-0.5727678537368774,-0.002242560964077711
2023-01-12 19:32:10.579000,-0.6819931268692017,-0.002166926860809326
2023-01-12 19:33:10.543000,-0.6557610034942627,-0.002344466745853424
2023-01-12 19:34:10.646000,-0.5678784251213074,-0.0021463094744831324
2023-01-12 19:35:10.456000,-0.7015044689178467,-0.0021386665757745504
2023-01-12 19:36:10.586000,-0.6156275272369385,-0.0020592249929904938
2023-01-12 19:37:10.570000,-0.4991949796676636,-0.0022940500639379025
2023-01-12 19:38:10.464000,-0.7348246574401855,-0.0022307755425572395
2023-01-12 19:39:10.634000,-0.7776941061019897,-0.002069244859740138
2023-01-12 19:40:10.680000,-0.7915959358215332,-0.0024895097594708204
2023-01-12 19:41:10.401000,-0.6691431403160095,-0.0020067873410880566
2023-01-12 19:42:10.638000,-0.7250693440437317,-0.002359424950554967
2023-01-12 19:43:10.807000,-0.8002437353134155,-0.002117954660207033
2023-01-12 19:44:10.697000,-0.8071644902229309,-0.002298790728673339
2023-01-12 19:45:10.521000,-0.8545150756835938,-0.002491435967385769
2023-01-12 19:46:10.618000,-0.9317367672920227,-0.002040780382230878
2023-01-12 19:47:10.747000,-0.9193021059036255,-0.002432043431326747
2023-01-12 19:48:10.424000,-0.867689311504364,-0.0021689999848604202
2023-01-12 19:49:10.699000,-0.9884904623031616,-0.0021533844992518425
2023-01-12 19:50:10.601000,-0.9815451502799988,-0.0021003715228289366
2023-01-12 19:51:10.497000,-0.9168784618377686,-0.0020034313201904297
2023-01-12 19:52:10.445000,-0.787036120891571,-0.002371703740209341
2023-01-12 19:53:10.556000,-0.8801386952400208,-0.0021748775616288185
2023-01-12 19:54:10.625000,-0.9474555850028992,-0.002480749972164631
2023-01-12 19:55:10.398000,-0.8242766261100769,-0.0025069755502045155
2023-01-12 19:56:10.480000,-0.8030955791473389,-0.0024914417881518602
2023-01-12 19:57:10.782000,-1.0112000703811646,-0.0018706273986026645
2023-01-12 19:58:10.393000,-1.1123958826065063,-0.002403226448222995
2023-01-12 19:59:10.525000,-0.9677377343177795,-0.0022734999656677246
2023-01-12 20:00:10.470000,-0.963608980178833,-0.0021606828086078167
2023-01-12 20:01:10.605000,-0.890791118144989,-0.002148109022527933
2023-01-12 20:02:10.416000,-0.7887246012687683,-0.0020904908888041973
2023-01-12 20:03:10.375000,-0.8090027570724487,-0.0019216666696593165
2023-01-12 20:04:10.618000,-0.8322672247886658,-0.0021083333995193243
2023-01-12 20:05:10.746000,-0.6985446214675903,-0.0020921556279063225
2023-01-12 20:06:10.420000,-0.7318974733352661,-0.00235946336761117
2023-01-12 20:07:10.452000,-0.9019736051559448,-0.0021831190679222345
2023-01-12 20:08:10.404000,-0.692457914352417,-0.0020146819297224283
2023-01-12 20:09:10.698000,-0.729002058506012,-0.00210679997690022
2023-01-12 20:10:10.639000,-0.8049069046974182,-0.002502214163541794
2023-01-12 20:11:10.498000,-0.5970045328140259,-0.002417477313429117
2023-01-12 20:12:10.650000,-0.7890516519546509,-0.002247599884867668
2023-01-12 20:13:10.430000,-0.876626193523407,-0.0022215237841010094
2023-01-12 20:14:10.571000,-0.7502538561820984,-0.002456937450915575
2023-01-12 20:15:10.373000,-0.6068758368492126,-0.001934564090333879
2023-01-12 20:16:10.643000,-0.8023729920387268,-0.0025682549457997084
2023-01-12 20:17:10.634000,-0.8300226330757141,-0.0022207917645573616
2023-01-12 20:18:10.650000,-0.7421530485153198,-0.002221459522843361
2023-01-12 20:19:10.506000,-0.7849994897842407,-0.002245604060590267
2023-01-12 20:20:10.494000,-0.8834906816482544,-0.0020839411299675703
2023-01-12 20:21:10.459000,-0.6712692379951477,-0.002080203965306282
2023-01-12 20:22:10.408000,-0.6754343509674072,-0.00227770721539855
2023-01-12 20:23:10.391000,-0.5544369220733643,-0.0022679269313812256
2023-01-12 20:24:10.351000,-0.39790233969688416,-0.002159948693588376
2023-01-12 20:25:10.585000,-0.527147114276886,-0.00219858530908823
2023-01-12 20:26:10.357000,-0.6388352513313293,-0.0019996277987957
2023-01-12 20:27:10.424000,-0.5155342221260071,-0.002310205018147826
2023-01-12 20:28:10.726000,-0.8408379554748535,-0.002267769305035472
2023-01-12 20:29:10.622000,-0.9437788724899292,-0.0020551499910652637
2023-01-12 20:30:10.355000,-0.7068572044372559,-0.0023308368399739265
2023-01-12 20:31:10.635000,-0.9563562273979187,-0.001995727187022567
2023-01-12 20:32:10.363000,-1.0417358875274658,-0.002010999945923686
2023-01-12 20:33:10.530000,-0.6528899073600769,-0.002458682982251048
2023-01-12 20:34:10.574000,-0.8224069476127625,-0.0020598419941961765
2023-01-12 20:35:10.436000,-0.8550005555152893,-0.002554968697950244
2023-01-12 20:36:10.582000,-0.7489842772483826,-0.0021214999724179506
2023-01-12 20:37:10.555000,-0.9568861722946167,-0.0021739511284977198
2023-01-12 20:38:10.597000,-0.8944219350814819,-0.0020621665753424168
2023-01-12 20:39:10.938000,-0.8774130344390869,-0.002418636344373226
2023-01-12 20:40:10.394000,-0.8639669418334961,-0.0021728333085775375
2023-01-12 20:41:10.502000,-0.580617368221283,-0.0024725000839680433
2023-01-12 20:42:10.518000,-0.7368155717849731,-0.002143275924026966
2023-01-12 20:43:10.521000,-0.6366919279098511,-0.002326968824490905
2023-01-12 20:44:10.333000,-0.5187436938285828,-0.002197833266109228
2023-01-12 20:45:10.597000,-0.8208744525909424,-0.002341157989576459
2023-01-12 20:46:10.455000,-0.784053385257721,-0.002396593801677227
2023-01-12 20:47:10.454000,-0.7692142724990845,-0.0021245756652206182
2023-01-12 20:48:10.385000,-0.8358275890350342,-0.002364099957048893
2023-01-12 20:49:10.483000,-0.7408902645111084,-0.0021855151280760765
2023-01-12 20:50:10.354000,-0.7268735766410828,-0.002349240006878972
2023-01-12 20:51:10.556000,-0.918083906173706,-0.002426600083708763
2023-01-12 20:52:10.426000,-0.6893107295036316,-0.0023035400081425905
2023-01-12 20:53:10.310000,-0.6652541756629944,-0.002344339620321989
2023-01-12 20:54:10.304000,-0.7402732968330383,-0.002416780451312661
2023-01-12 20:55:10.575000,-0.7067717909812927,-0.002290723379701376
2023-01-12 20:56:10.354000,-0.6203974485397339,-0.002193259308114648
2023-01-12 20:57:10.498000,-0.7376104593276978,-0.0023258200380951166
2023-01-12 20:58:10.472000,-0.718363344669342,-0.0023252114187926054
2023-01-12 20:59:10.574000,-0.665223240852356,-0.0022438999731093645
2023-01-12 21:00:10.465000,-0.7602982521057129,-0.0023053332697600126
2023-01-12 21:01:10.502000,-0.7696419954299927,-0.0022742447908967733
2023-01-12 21:02:10.518000,-0.610602080821991,-0.002280399901792407
2023-01-12 21:03:10.605000,-0.6700748801231384,-0.002251885598525405
2023-01-12 21:04:10.443000,-0.6637906432151794,-0.0022957450710237026
2023-01-12 21:05:10.590000,-0.861732542514801,-0.0022652894258499146
2023-01-12 21:06:10.290000,-0.8027328848838806,-0.0022703169379383326
2023-01-12 21:07:10.337000,-0.6939337253570557,-0.0022772978991270065
2023-01-12 21:08:10.527000,-0.7029027342796326,-0.0022633110638707876
2023-01-12 21:09:10.507000,-0.9479458332061768,-0.0022809654474258423
2023-01-12 21:10:10.434000,-1.6861162185668945,-0.002307184273377061
2023-01-12 21:11:10.550000,-0.7172542810440063,-0.0022778164129704237
2023-01-12 21:12:10.455000,-0.7963854670524597,-0.002321857027709484
2023-01-12 21:13:10.447000,-0.9310292601585388,-0.0022946875542402267
2023-01-12 21:14:10.465000,-0.7411419749259949,-0.0023800525814294815
2023-01-12 21:15:10.552000,-0.8619924187660217,-0.0022556341718882322
2023-01-12 21:16:10.551000,-0.9704065322875977,-0.002246800111606717
2023-01-12 21:17:10.374000,-0.8586956262588501,-0.002338040852919221
2023-01-12 21:18:10.731000,-0.9448261260986328,-0.0023324694484472275
2023-01-12 21:19:10.510000,-1.0287394523620605,-0.0022730191703885794
2023-01-12 21:20:10.451000,-1.0727936029434204,-0.0023677691351622343
2023-01-12 21:21:10.331000,-0.9743121862411499,-0.0022747949697077274
2023-01-12 21:22:10.327000,-0.8629507422447205,-0.002216795925050974
2023-01-12 21:23:10.490000,-0.9487401843070984,-0.0023213268723338842
2023-01-12 21:24:10.605000,-0.9196509122848511,-0.0023678799625486135
2023-01-12 21:25:10.610000,-0.8872889876365662,-0.002224057214334607
2023-01-12 21:26:10.515000,-0.9232420921325684,-0.002350431866943836
2023-01-12 21:27:10.379000,-0.9205239415168762,-0.002254333347082138
2023-01-12 21:28:10.275000,-0.8780736923217773,-0.0023036201018840075
2023-01-12 21:29:10.469000,-0.8605701327323914,-0.002464399905875325
2023-01-12 21:30:10.403000,-0.8209534883499146,-0.0022710575722157955
2023-01-12 21:31:10.281000,-0.8397871255874634,-0.0023179412819445133
2023-01-12 21:32:10.414000,-0.820522665977478,-0.0022080226335674524
2023-01-12 21:33:10.415000,-0.8102226257324219,-0.002169023733586073
2023-01-12 21:34:10.601000,-0.7659006714820862,-0.0022336486726999283
2023-01-12 21:35:10.487000,-0.7731545567512512,-0.002330400049686432
2023-01-12 21:36:10.308000,-0.8090075254440308,-0.002223702147603035
2023-01-12 21:37:10.264000,-0.948049008846283,-0.0022575610782951117
2023-01-12 21:38:10.574000,-0.8249109983444214,-0.002338355639949441
2023-01-12 21:39:10.281000,-0.7245044708251953,-0.0022192292381078005
2023-01-12 21:40:10.371000,-0.6895438432693481,-0.002362180035561323
2023-01-12 21:41:10.448000,-0.6945434808731079,-0.0022611874155700207
2023-01-12 21:42:10.485000,-0.7086186408996582,-0.002267405390739441
2023-01-12 21:43:10.611000,-0.7600297927856445,-0.002439941046759486
2023-01-12 21:44:10.358000,-0.7605796456336975,-0.0022881897166371346
2023-01-12 21:45:10.368000,-0.776760458946228,-0.0022797221317887306
2023-01-12 21:46:10.433000,-0.7557129263877869,-0.002337680896744132
2023-01-12 21:47:10.251000,-0.7730469703674316,-0.0022482979111373425
2023-01-12 21:48:10.275000,-0.8254336714744568,-0.0025226136203855276
2023-01-12 21:49:10.474000,-0.8110275864601135,-0.0022667318116873503
2023-01-12 21:50:10.418000,-0.9407198429107666,-0.0021504468750208616
2023-01-12 21:51:10.666000,-0.8812513947486877,-0.0023833420127630234
2023-01-12 21:52:10.535000,-0.9867582321166992,-0.002216263208538294
2023-01-12 21:53:10.252000,-0.8134545087814331,-0.0023423333186656237
2023-01-12 21:54:10.402000,-0.8597910404205322,-0.002446395345032215
2023-01-12 21:55:10.121000,-0.8338002562522888,-0.0022680333349853754
2023-01-12 21:56:10.415000,-1.0871514081954956,-0.0022100303322076797
2023-01-12 21:57:10.273000,-1.2148686647415161,-0.0020629046484827995
2023-01-12 21:58:10.319000,-1.2385762929916382,-0.00212635425850749
2023-01-12 21:59:10.366000,-1.2440893650054932,-0.0022142825182527304
2023-01-12 22:00:10.615000,-1.2905694246292114,-0.002218615496531129
2023-01-12 22:01:10.323000,-1.221810221672058,-0.0023820889182388783
2023-01-12 22:02:10.245000,-1.1510533094406128,-0.0020022999960929155
2023-01-12 22:03:10.378000,-1.2935776710510254,-0.0022707805037498474
2023-01-12 22:04:10.395000,-1.0235645771026611,-0.0021740200463682413
2023-01-12 22:05:10.285000,-0.864626944065094,-0.002286089351400733
2023-01-12 22:06:10.216000,-0.8399507403373718,-0.0023273914121091366
2023-01-12 22:07:10.407000,-1.9451864957809448,-0.0022743684239685535
2023-01-12 22:08:10.381000,-1.0505177974700928,-0.0021362050902098417
2023-01-12 22:09:10.582000,-1.0941461324691772,-0.0023762439377605915
2023-01-12 22:10:10.573000,-0.9899106025695801,-0.0022236572112888098
2023-01-12 22:11:10.343000,-0.9694234132766724,-0.0023390953429043293
2023-01-12 22:12:10.437000,-0.9635046124458313,-0.002219017595052719
2023-01-12 22:13:10.490000,-0.9563786387443542,-0.002299725078046322
2023-01-12 22:14:10.379000,-0.9576076865196228,-0.002273079939186573
2023-01-12 22:15:10.549000,-1.2695295810699463,-0.002171511063352227
2023-01-12 22:16:10.467000,-1.2893694639205933,-0.0022744000889360905
2023-01-12 22:17:10.351000,-0.9611253142356873,-0.002359509002417326
2023-01-12 22:18:10.264000,-0.9319376349449158,-0.0021901282016187906
2023-01-12 22:19:10.332000,-0.9947910904884338,-0.0022079546470195055
2023-01-12 22:20:10.441000,-1.2070772647857666,-0.0022279999684542418
2023-01-12 22:21:10.249000,-1.2603862285614014,-0.0022598421201109886
2023-01-12 22:22:10.443000,-1.8320186138153076,-0.0022009755484759808
2023-01-12 22:23:10.242000,-1.6271852254867554,-0.0022878372110426426
2023-01-12 22:24:10.238000,-1.1768145561218262,-0.002247160067781806
2023-01-12 22:25:10.202000,-1.161657691001892,-0.0024528431240469217
2023-01-12 22:26:10.207000,-1.305317759513855,-0.002269200049340725
2023-01-12 22:27:10.265000,-1.2333521842956543,-0.0022895000874996185
2023-01-12 22:28:10.496000,-1.252034306526184,-0.0022765276953577995
2023-01-12 22:29:10.530000,-1.2437154054641724,-0.0021929428912699223
2023-01-12 22:30:10.078000,-1.2164013385772705,-0.002081333426758647
2023-01-12 22:31:10.419000,-1.218782901763916,-0.0022297778632491827
2023-01-12 22:32:10.371000,-1.2268587350845337,-0.002229812555015087
2023-01-12 22:33:10.449000,-1.209459662437439,-0.00223719235509634
2023-01-12 22:34:10.388000,-1.2311886548995972,-0.002101205987855792
2023-01-12 22:35:10.299000,-1.2790217399597168,-0.0022646875586360693
2023-01-12 22:36:10.255000,-1.2013731002807617,-0.0022036428563296795
2023-01-12 22:37:10.452000,-1.1860688924789429,-0.002276065293699503
2023-01-12 22:38:10.375000,-1.100376009941101,-0.002298272680491209
2023-01-12 22:39:10.457000,-1.2271108627319336,-0.0021938460413366556
2023-01-12 22:40:10.383000,-1.1818509101867676,-0.002394750015810132
2023-01-12 22:41:10.349000,-1.1043039560317993,-0.001964134629815817
2023-01-12 22:42:10.248000,-1.076097011566162,-0.0022661739494651556
2023-01-12 22:43:10.411000,-1.0460509061813354,-0.001953666564077139
2023-01-12 22:44:10.365000,-0.9693289995193481,-0.002093000104650855
2023-01-12 22:45:10.399000,-0.9337416887283325,-0.0021812075283378363
2023-01-12 22:46:10.172000,-0.8980425596237183,-0.0020399249624460936
2023-01-12 22:47:10.314000,-0.8237957954406738,-0.0019006606889888644
2023-01-12 22:48:10.469000,-0.7781667113304138,-0.0023311723489314318
2023-01-12 22:49:10.198000,-0.914925217628479,-0.002232857048511505
2023-01-12 22:50:10.443000,-0.86280757188797,-0.0022530313581228256
2023-01-12 22:51:10.225000,-0.7343153357505798,-0.002010999945923686
2023-01-12 22:52:10.339000,-0.7060596346855164,-0.0022598919458687305
2023-01-12 22:53:10.414000,-0.8414106369018555,-0.0019991351291537285
2023-01-12 22:54:10.397000,-0.9917004108428955,-0.002218239940702915
2023-01-12 22:55:10.193000,-0.9175705313682556,-0.0022073076106607914
2023-01-12 22:56:10.428000,-0.9792572855949402,-0.0022279000841081142
2023-01-12 22:57:10.414000,-0.9771759510040283,-0.0021974772680550814
2023-01-12 22:58:10.258000,-0.9352961182594299,-0.002169826067984104
2023-01-12 22:59:10.451000,-0.9762867093086243,-0.002268256386741996
2023-01-12 23:00:10.436000,-1.072864055633545,-0.002102926839143038
2023-01-12 23:01:10.383000,-1.0290443897247314,-0.0023687658831477165
2023-01-12 23:02:10.250000,-0.8246674537658691,-0.002173368353396654
2023-01-12 23:03:10.254000,-0.7470949292182922,-0.002355485688894987
2023-01-12 23:04:10.272000,-0.7841940522193909,-0.0021776389330625534
2023-01-12 23:05:10.407000,-0.6922080516815186,-0.0023459773510694504
2023-01-12 23:06:10.377000,-0.6095953583717346,-0.002165333367884159
2023-01-12 23:07:10.193000,-0.5397192239761353,-0.002254326129332185
2023-01-12 23:08:10.330000,-0.5081568360328674,-0.0022881999611854553
2023-01-12 23:09:10.535000,-0.3882444500923157,-0.0021767199505120516
2023-01-12 23:10:10.166000,-0.3740929961204529,-0.002261396264657378
2023-01-12 23:11:10.313000,-0.38458138704299927,-0.0021196200978010893
2023-01-12 23:12:10.248000,-0.5326822996139526,-0.002214333275333047
2023-01-12 23:13:10.241000,-0.6474531292915344,-0.0023592000361531973
2023-01-12 23:14:10.158000,-0.40920183062553406,-0.002169026993215084
2023-01-12 23:15:10.425000,-0.3228403329849243,-0.0019409512169659138
2023-01-12 23:16:10.415000,-0.248940572142601,-0.002228352939710021
2023-01-12 23:17:10.181000,-0.2029484510421753,-0.002177847782149911
2023-01-12 23:18:10.123000,-0.22299951314926147,-0.002129687462002039
2023-01-12 23:19:10.375000,-0.20566269755363464,-0.0021541891619563103
2023-01-12 23:20:10.289000,-0.19480669498443604,-0.00204317644238472
2023-01-12 23:21:10.284000,-0.2430826872587204,-0.002266818191856146
2023-01-12 23:22:10.251000,-0.30993416905403137,0.005459166597574949
2023-01-12 23:23:10.290000,-0.32767313718795776,0.003176185069605708
2023-01-12 23:24:10.398000,-0.3391563594341278,0.004631428513675928
2023-01-12 23:25:10.367000,-0.4716563820838928,0.0037892856635153294
2023-01-12 23:26:10.181000,-0.560246467590332,0.002429794054478407
2023-01-12 23:27:10.462000,-0.6079680323600769,0.0011118610855191946
2023-01-12 23:28:10.341000,-0.5379460453987122,0.0017584594897925854
2023-01-12 23:29:10.192000,-0.4432978928089142,0.0011382121592760086
2023-01-12 23:30:10.208000,-0.378063440322876,-0.0021536387503147125
2023-01-12 23:31:10.230000,-0.43314626812934875,-0.0022212443873286247
2023-01-12 23:32:10.270000,-0.4528143107891083,-0.002274950034916401
2023-01-12 23:33:10.279000,-0.49877482652664185,-0.002325166715309024
2023-01-12 23:34:10.154000,-0.44819551706314087,-0.0021609091199934483
2023-01-12 23:35:10.340000,-0.45023393630981445,0.007977250032126904
2023-01-12 23:36:10.152000,-0.45523133873939514,0.004982249811291695
2023-01-12 23:37:10.228000,-0.39987772703170776,0.0013496829196810722
2023-01-12 23:38:10.351000,-0.38746586441993713,0.0018691702280193567
2023-01-12 23:39:10.535000,-0.3960816264152527,0.0013431666884571314
2023-01-12 23:40:10.152000,-0.379263699054718,-0.00040082354098558426
2023-01-12 23:41:10.386000,-0.428671270608902,-0.0023994750808924437
2023-01-12 23:42:10.252000,-0.4527595043182373,-0.0023945209104567766
2023-01-12 23:43:10.311000,-0.4645363390445709,-0.002542738104239106
2023-01-12 23:44:10.317000,-0.4684567451477051,-0.0021619023755192757
2023-01-12 23:45:10.410000,-0.6146115660667419,-0.0023843254894018173
2023-01-12 23:46:10.207000,-0.6006761789321899,-0.002286681905388832
2023-01-12 23:47:10.282000,-0.428282767534256,-0.002048954600468278
2023-01-12 23:48:10.238000,-0.47343361377716064,-0.002094200113788247
2023-01-12 23:49:10.317000,-0.4206310510635376,-0.002190708415582776
2023-01-12 23:50:10.142000,-0.42605769634246826,-0.0018496888224035501
2023-01-12 23:51:10.295000,-0.48553091287612915,-0.0022863333579152822
2023-01-12 23:52:10.197000,-0.42949771881103516,-0.002153541659936309
2023-01-12 23:53:10.134000,-0.47661587595939636,-0.0020351537968963385
2023-01-12 23:54:10.155000,-0.6182150840759277,-0.002368948655202985
2023-01-12 23:55:10.287000,-0.6060044765472412,-0.00231442553922534
2023-01-12 23:56:10.109000,-0.561678946018219,-0.0018944721668958664
2023-01-12 23:57:10.247000,-0.4180140495300293,0.05130670219659805
2023-01-12 23:58:10.336000,-0.42044228315353394,0.03690432384610176
2023-01-12 23:59:10.302000,-0.5369488000869751,0.028729837387800217
2023-01-13 00:00:10.331000,-0.5160941481590271,0.02632354199886322
2023-01-13 00:01:10.291000,-0.4416159689426422,0.02101842500269413
2023-01-13 00:02:10.325000,-0.4402174949645996,0.018102791160345078
2023-01-13 00:03:10.311000,-0.3413149118423462,0.016238342970609665
2023-01-13 00:04:10.366000,-0.46554839611053467,0.01698135770857334
2023-01-13 00:05:10.077000,-0.49136361479759216,0.015510199591517448
2023-01-13 00:06:10.305000,-0.5165371894836426,0.01304893009364605
2023-01-13 00:07:10.302000,-0.4805895686149597,0.010677444748580456
2023-01-13 00:08:10.211000,-0.41913315653800964,0.007356255780905485
2023-01-13 00:09:10.076000,-0.36958009004592896,0.005223053973168135
2023-01-13 00:10:10.131000,-0.377826452255249,0.0035507334396243095
2023-01-13 00:11:10.287000,-0.3864121735095978,0.004867113661020994
2023-01-13 00:12:10.277000,-0.393658310174942,0.007390578743070364
2023-01-13 00:13:10.158000,-0.39914512634277344,0.005505024455487728
2023-01-13 00:14:10.429000,-0.41218772530555725,0.0055313510820269585
2023-01-13 00:15:10.144000,-0.5129908919334412,0.009393463842570782
2023-01-13 00:16:10.261000,-0.5090686082839966,0.009400447830557823
2023-01-13 00:17:10.272000,-0.5951169729232788,0.007898068055510521
2023-01-13 00:18:10.276000,-0.686145007610321,0.006318040657788515
2023-01-13 00:19:10.105000,-0.5881476402282715,0.006499822251498699
2023-01-13 00:20:10.268000,-0.4788772761821747,0.006099718157202005
2023-01-13 00:21:10.294000,-0.3464523255825043,0.005504489876329899
2023-01-13 00:22:10.307000,-0.27532148361206055,0.007560760714113712
2023-01-13 00:23:10.317000,-0.3039415180683136,0.007216812577098608
2023-01-13 00:24:10.077000,-0.390965074300766,0.007110489998012781
2023-01-13 00:25:10.345000,-0.4934644103050232,0.008337199687957764
2023-01-13 00:26:10.335000,-0.49902087450027466,0.008989227004349232
2023-01-13 00:27:10.201000,-0.5434651970863342,0.010762293823063374
2023-01-13 00:28:10.126000,-0.47285306453704834,0.014900510199368
2023-01-13 00:29:10.052000,-0.49561282992362976,0.01657249964773655
2023-01-13 00:30:10.064000,-0.48674657940864563,0.01793445460498333
2023-01-13 00:31:10.252000,-0.5254780054092407,0.014039324596524239
2023-01-13 00:32:10.386000,-0.6179264783859253,0.006311594508588314
2023-01-13 00:33:10.117000,-0.5260849595069885,0.0013661428820341825
2023-01-13 00:34:10.178000,-0.4251197576522827,0.0010382820619270205
2023-01-13 00:35:10.307000,-0.43417736887931824,0.0011593999806791544
2023-01-13 00:36:10.158000,-0.4822274446487427,0.0008425405248999596
2023-01-13 00:37:10.277000,-0.4447535276412964,0.0024869574699550867
2023-01-13 00:38:10.069000,-0.4610974192619324,0.004713351838290691
2023-01-13 00:39:10.125000,-0.42981353402137756,0.004806687589734793
2023-01-13 00:40:10.179000,-0.4087269604206085,0.006291095167398453
2023-01-13 00:41:10.338000,-0.3715484142303467,0.007432419806718826
2023-01-13 00:42:10.147000,-0.3906213045120239,0.006825734861195087
2023-01-13 00:43:10.078000,-0.31655827164649963,0.007330723572522402
2023-01-13 00:44:10.350000,-0.2650338411331177,0.005771717056632042
2023-01-13 00:45:10.235000,-0.2507241368293762,0.0032683750614523888
2023-01-13 00:46:10.282000,-0.2928442358970642,0.002010500058531761
2023-01-13 00:47:10.283000,-0.2696896195411682,0.005152891390025616
2023-01-13 00:48:10.282000,-0.314541220664978,0.011818447150290012
2023-01-13 00:49:10.156000,-0.34018856287002563,0.025239208713173866
2023-01-13 00:50:10.055000,-0.5471798777580261,0.03576405346393585
2023-01-13 00:51:10.145000,-0.5851713418960571,0.0597960501909256
2023-01-13 00:52:10.072000,-0.45600664615631104,0.06888733059167862
2023-01-13 00:53:10.158000,-0.4278532862663269,0.071232870221138
2023-01-13 00:54:10.060000,-0.4396721124649048,0.06667460501194
2023-01-13 00:55:10.137000,-0.40068987011909485,0.06236908957362175
2023-01-13 00:56:10.106000,-0.42677241563796997,0.051076050847768784
2023-01-13 00:57:10.059000,-0.433199942111969,0.03735022619366646
2023-01-13 00:58:10.017000,-0.31692957878112793,0.02968178689479828
2023-01-13 00:59:10.061000,-0.3121933937072754,0.029852410778403282
2023-01-13 01:00:10.258000,-0.29764124751091003,0.028171665966510773
2023-01-13 01:01:10.056000,-0.29806575179100037,0.030521513894200325
2023-01-13 01:02:10.045000,-0.3162117600440979,0.04025039076805115
2023-01-13 01:03:10.125000,-0.30499589443206787,0.03920533508062363
2023-01-13 01:04:10.059000,-0.36795660853385925,0.03276754170656204
2023-01-13 01:05:10.258000,-0.3977188766002655,0.031077131628990173
2023-01-13 01:06:10.111000,-0.3869986832141876,0.03542327880859375
2023-01-13 01:07:10.231000,-0.2958497405052185,0.03851828724145889
2023-01-13 01:08:10.197000,-0.25832608342170715,0.03460688516497612
2023-01-13 01:09:10.262000,-0.314533531665802,0.03636597469449043
2023-01-13 01:10:10.045000,-0.3351176679134369,0.031215183436870575
2023-01-13 01:11:10.018000,-0.37547656893730164,0.030362442135810852
2023-01-13 01:12:10.221000,-0.3515644073486328,0.02841193415224552
2023-01-13 01:13:10.215000,-0.3336086869239807,0.032734040170907974
2023-01-13 01:14:10.419000,-0.2713659107685089,0.05004207044839859
2023-01-13 01:15:10.210000,-0.3129427433013916,0.053750261664390564
2023-01-13 01:16:09.982000,-0.21380873024463654,0.054781511425971985
2023-01-13 01:17:10.162000,-0.24121606349945068,0.05539325624704361
2023-01-13 01:18:10.164000,-0.3051742911338806,0.050161682069301605
2023-01-13 01:19:10.217000,-0.23116427659988403,0.05246048793196678
2023-01-13 01:20:10.192000,-0.3104313015937805,0.050925951451063156
2023-01-13 01:21:10.171000,-0.30641090869903564,0.05576043576002121
2023-01-13 01:22:10.310000,-0.4504697620868683,0.05907164886593819
2023-01-13 01:23:10.231000,-0.5052114725112915,0.06311048567295074
2023-01-13 01:24:10.126000,-0.3179762363433838,0.05432317033410072
2023-01-13 01:25:10.334000,-0.28898900747299194,0.03620162978768349
2023-01-13 01:26:10.008000,-0.48984137177467346,0.02792738750576973
2023-01-13 01:27:10.217000,-0.45116835832595825,0.0242332611232996
2023-01-13 01:28:10.146000,-0.45214179158210754,0.027911605313420296
2023-01-13 01:29:10.141000,-0.47495710849761963,0.03464684635400772
2023-01-13 01:30:10.027000,-0.45633044838905334,0.045668426901102066
2023-01-13 01:31:10.208000,-0.4897445738315582,0.05511654540896416
2023-01-13 01:32:09.995000,-0.5680244565010071,0.04820564016699791
2023-01-13 01:33:10.137000,-0.6155157685279846,0.030055774375796318
2023-01-13 01:34:10.234000,-0.6485847234725952,0.021687405183911324
2023-01-13 01:35:10.038000,-0.635095477104187,0.01938709430396557
2023-01-13 01:36:10.286000,-0.6526340842247009,0.023663435131311417
2023-01-13 01:37:10.048000,-0.6295647621154785,0.03394031152129173
2023-01-13 01:38:10.099000,-0.624981164932251,0.02774408645927906
2023-01-13 01:39:10.229000,-0.48867204785346985,0.03331095352768898
2023-01-13 01:40:10.269000,-0.48186224699020386,0.03375659137964249
2023-01-13 01:41:10.153000,-0.43620678782463074,0.04126584157347679
2023-01-13 01:42:10.094000,-0.45351123809814453,0.06535812467336655
2023-01-13 01:43:10.194000,-0.4922146797180176,0.06545090675354004
2023-01-13 01:44:10.172000,-0.5124537944793701,0.07094055414199829
2023-01-13 01:45:10.155000,-0.4220045506954193,0.06906872242689133
2023-01-13 01:46:10.230000,-0.46259018778800964,0.060467977076768875
2023-01-13 01:47:10.151000,-0.35248231887817383,0.0595150925219059
2023-01-13 01:48:10.217000,-0.2835748791694641,0.16745354235172272
2023-01-13 01:49:10.162000,-0.2931615710258484,0.284379243850708
2023-01-13 01:50:10.379000,-0.20252174139022827,0.21893928945064545
2023-01-13 01:51:10.226000,-0.23887181282043457,0.1429198831319809
2023-01-13 01:52:10.043000,-0.3467962443828583,0.09420278668403625
2023-01-13 01:53:09.999000,-0.33798331022262573,0.08416620641946793
2023-01-13 01:54:10.182000,-0.39196208119392395,0.1085561215877533
2023-01-13 01:55:10.120000,-0.5305808782577515,0.10490237176418304
2023-01-13 01:56:10.079000,-0.5368454456329346,0.07957418262958527
2023-01-13 01:57:10.076000,-0.4275716543197632,0.03721966594457626
2023-01-13 01:58:10.072000,-0.3477698266506195,0.020513590425252914
2023-01-13 01:59:10.265000,-0.36958369612693787,0.02424175664782524
2023-01-13 02:00:10.138000,-0.21395327150821686,0.027164936065673828
2023-01-13 02:01:10.006000,-0.21185864508152008,0.020239880308508873
2023-01-13 02:02:10.169000,-0.2677741050720215,0.017825039103627205
2023-01-13 02:03:09.995000,-0.2955203056335449,0.022700471803545952
2023-01-13 02:04:10.038000,-0.2640742063522339,0.028689129278063774
2023-01-13 02:05:10.197000,-0.2897343933582306,0.023086000233888626
2023-01-13 02:06:09.979000,-0.23117367923259735,0.016728825867176056
2023-01-13 02:07:09.975000,-0.2740567624568939,0.014883726835250854
2023-01-13 02:08:10.117000,-0.2705463171005249,0.020937390625476837
2023-01-13 02:09:10.039000,-0.2861720323562622,0.020354926586151123
2023-01-13 02:10:10.103000,-0.45197731256484985,0.021753882989287376
2023-01-13 02:11:10.117000,-0.48303738236427307,0.027754951268434525
2023-01-13 02:12:10.005000,-0.4512386918067932,0.02484508603811264
2023-01-13 02:13:10.206000,-0.3752306401729584,0.019362660124897957
2023-01-13 02:14:09.994000,-0.4100567698478699,0.022117022424936295
2023-01-13 02:15:10.179000,-0.3684074580669403,0.034828830510377884
2023-01-13 02:16:09.953000,-0.32236388325691223,0.04074087366461754
2023-01-13 02:17:10.104000,-0.34010064601898193,0.03598915785551071
2023-01-13 02:18:10.045000,-0.3296637535095215,0.03251994773745537
2023-01-13 02:19:10.141000,-0.31247952580451965,0.03362809866666794
2023-01-13 02:20:10.142000,-0.36863771080970764,0.03385802358388901
2023-01-13 02:21:10.067000,-0.3634910583496094,0.03033730760216713
2023-01-13 02:22:09.991000,-0.3904310166835785,0.03400396183133125
2023-01-13 02:23:09.981000,-0.4154074192047119,0.029953500255942345
2023-01-13 02:24:10.131000,-0.35207685828208923,0.030694689601659775
2023-01-13 02:25:09.782000,-0.3723590075969696,0.03482145071029663
2023-01-13 02:26:10.048000,-0.34176158905029297,0.039860475808382034
2023-01-13 02:27:10.321000,-0.31082093715667725,0.04641008749604225
2023-01-13 02:28:10.113000,-0.33190473914146423,0.03936076909303665
2023-01-13 02:29:10.144000,-0.5268597602844238,0.03487975522875786
2023-01-13 02:30:10.003000,-0.5905940532684326,0.023673735558986664
2023-01-13 02:31:10.098000,-0.46626728773117065,0.013331077061593533
2023-01-13 02:32:10.092000,-0.3883652091026306,0.0127082085236907
2023-01-13 02:33:10.051000,-0.3681533932685852,0.013232666999101639
2023-01-13 02:34:09.916000,-0.33582237362861633,0.015022055245935917
2023-01-13 02:35:10.185000,-0.30759555101394653,0.01650771126151085
2023-01-13 02:36:10.248000,-0.34575560688972473,0.021921025589108467
2023-01-13 02:37:10.149000,-0.3027593195438385,0.027663592249155045
2023-01-13 02:38:10.128000,-0.374313622713089,0.026251565665006638
2023-01-13 02:39:10.084000,-0.36756518483161926,0.02810213714838028
2023-01-13 02:40:10.070000,-0.5227085947990417,0.03463253751397133
2023-01-13 02:41:10.112000,-0.4871708154678345,0.04174516722559929
2023-01-13 02:42:10.067000,-0.41263484954833984,0.05324721708893776
2023-01-13 02:43:10.139000,-0.5531312823295593,0.06256482750177383
2023-01-13 02:44:10.138000,-0.580431342124939,0.06552772969007492
2023-01-13 02:45:10.063000,-0.5667150616645813,0.058500900864601135
2023-01-13 02:46:10.167000,-0.5871335864067078,0.05139172822237015
2023-01-13 02:47:10.128000,-0.5222745537757874,0.04355829209089279
2023-01-13 02:48:09.943000,-0.39080995321273804,0.035189177840948105
2023-01-13 02:49:09.959000,-0.47184863686561584,0.028792768716812134
2023-01-13 02:50:10.016000,-0.5327838063240051,0.026407087221741676
2023-01-13 02:51:10.096000,-0.5829982161521912,0.03189947083592415
2023-01-13 02:52:09.952000,-0.6033259630203247,0.030512133613228798
2023-01-13 02:53:09.980000,-0.5831445455551147,0.02728183940052986
2023-01-13 02:54:09.869000,-0.612544059753418,0.018416628241539
2023-01-13 02:55:09.871000,-0.8280437588691711,0.013119700364768505
2023-01-13 02:56:10.126000,-0.7711566090583801,0.013651629909873009
2023-01-13 02:57:09.978000,-0.8487059473991394,0.011734561994671822
2023-01-13 02:58:10.174000,-0.7747506499290466,0.009130911901593208
2023-01-13 02:59:10.217000,-0.8253990411758423,0.01054999977350235
2023-01-13 03:00:10.010000,-0.8314664363861084,0.017918433994054794
2023-01-13 03:01:09.976000,-0.8256176114082336,0.020022409036755562
2023-01-13 03:02:10.026000,-0.8261603713035583,0.015866519883275032
2023-01-13 03:03:09.893000,-0.7760412096977234,0.01349908858537674
2023-01-13 03:04:10.118000,-0.7129126787185669,0.010345225222408772
2023-01-13 03:05:10.089000,-0.6496978998184204,0.011029771529138088
2023-01-13 03:06:10.063000,-0.6438268423080444,0.013061437755823135
2023-01-13 03:07:10.064000,-0.7092233896255493,0.013858105055987835
2023-01-13 03:08:10.237000,-0.6163924932479858,0.01696181856095791
2023-01-13 03:09:10.105000,-0.5850227475166321,0.0214811060577631
2023-01-13 03:10:10.137000,-0.622356116771698,0.027405714616179466
2023-01-13 03:11:10.124000,-0.5775306820869446,0.03544840216636658
2023-01-13 03:12:10.005000,-0.5819613933563232,0.04363581910729408
2023-01-13 03:13:10.015000,-0.5003024339675903,0.03991621732711792
2023-01-13 03:14:10.046000,-0.4534982442855835,0.0341624990105629
2023-01-13 03:15:09.792000,-0.39711201190948486,0.031584806740283966
2023-01-13 03:16:10.065000,-0.4305728077888489,0.030203407630324364
2023-01-13 03:17:09.999000,-0.5404825806617737,0.03520195558667183
2023-01-13 03:18:09.883000,-0.5740511417388916,0.04366010054945946
2023-01-13 03:19:10.034000,-0.6180095076560974,0.053809043020009995
2023-01-13 03:20:09.986000,-0.5521900653839111,0.06242524832487106
2023-01-13 03:21:10.107000,-0.5545878410339355,0.06100834161043167
2023-01-13 03:22:09.838000,-0.42477288842201233,0.05063445493578911
2023-01-13 03:23:10.094000,-0.3302021920681,0.038206685334444046
2023-01-13 03:24:10.115000,-0.35356375575065613,0.032224588096141815
2023-01-13 03:25:10.182000,-0.30436694622039795,0.032041434198617935
2023-01-13 03:26:09.822000,-0.3407435417175293,0.03437899798154831
2023-01-13 03:27:09.891000,-0.3572859764099121,0.03578197956085205
2023-01-13 03:28:10.072000,-0.3621941804885864,0.04324635490775108
2023-01-13 03:29:10.090000,-0.39229506254196167,0.04936578869819641
2023-01-13 03:30:09.928000,-0.37987327575683594,0.047696515917778015
2023-01-13 03:31:10.011000,-0.404563844203949,0.04718330129981041
2023-01-13 03:32:10.021000,-0.5977938771247864,0.050117261707782745
2023-01-13 03:33:09.965000,-0.5192345380783081,0.058450065553188324
2023-01-13 03:34:10.067000,-0.5124632716178894,0.1088239997625351
2023-01-13 03:35:09.876000,-0.5148683786392212,0.2292868196964264
2023-01-13 03:36:10.136000,-0.6397903561592102,0.24617953598499298
2023-01-13 03:37:10.103000,-0.7227400541305542,0.24868562817573547
2023-01-13 03:38:09.938000,-0.5316739678382874,0.22964777052402496
2023-01-13 03:39:10.129000,-0.48485881090164185,0.2222982943058014
2023-01-13 03:40:10.022000,-0.5096016526222229,0.2502549886703491
2023-01-13 03:41:09.855000,-0.48113957047462463,0.2644294798374176
2023-01-13 03:42:09.897000,-0.46964770555496216,0.2609284818172455
2023-01-13 03:43:09.931000,-0.5660629272460938,0.24419660866260529
2023-01-13 03:44:09.896000,-0.5277923345565796,0.2289128303527832
2023-01-13 03:45:10.162000,-0.5544038414955139,0.2502317428588867
2023-01-13 03:46:09.856000,-0.5229722261428833,0.27070337533950806
2023-01-13 03:47:09.916000,-0.5131629705429077,0.24807332456111908
2023-01-13 03:48:10.014000,-0.4664614498615265,0.24139384925365448
2023-01-13 03:49:10.059000,-0.45914697647094727,0.2507878541946411
2023-01-13 03:50:09.923000,-0.469828724861145,0.24739588797092438
2023-01-13 03:51:10.137000,-0.6231280565261841,0.22978375852108002
2023-01-13 03:52:09.829000,-0.592694878578186,0.18077945709228516
2023-01-13 03:53:10.066000,-0.5303769707679749,0.14219850301742554
2023-01-13 03:54:09.973000,-0.5546610355377197,0.11227733641862869
2023-01-13 03:55:09.982000,-0.5482413172721863,0.10419347137212753
2023-01-13 03:56:10.038000,-0.5247592926025391,0.12426240742206573
2023-01-13 03:57:09.995000,-0.5180991291999817,0.14996927976608276
2023-01-13 03:58:10.068000,-0.4716760814189911,0.15892498195171356
2023-01-13 03:59:09.834000,-0.41327106952667236,0.1541242152452469
2023-01-13 04:00:09.787000,-0.4441567063331604,0.14251533150672913
2023-01-13 04:01:09.893000,-0.37134867906570435,0.1254148632287979
2023-01-13 04:02:09.887000,-0.29256173968315125,0.10517625510692596
2023-01-13 04:03:10.125000,-0.3539550304412842,0.09642375260591507
2023-01-13 04:04:09.998000,-0.31757211685180664,0.0975341871380806
2023-01-13 04:05:10.017000,-0.34260374307632446,0.10196749120950699
2023-01-13 04:06:09.827000,-0.3841100037097931,0.10649856179952621
2023-01-13 04:07:09.879000,-0.35589438676834106,0.11544827371835709
2023-01-13 04:08:10.053000,-0.46010661125183105,0.12446746230125427
2023-01-13 04:09:10.047000,-0.4534756541252136,0.1318914145231247
2023-01-13 04:10:09.734000,-0.5583050847053528,0.1362055242061615
2023-01-13 04:11:09.787000,-0.4794793128967285,0.13807767629623413
2023-01-13 04:12:10.132000,-0.5280805230140686,0.12959514558315277
2023-01-13 04:13:09.746000,-0.5180633068084717,0.11385029554367065
2023-01-13 04:14:09.755000,-0.4654877483844757,0.09954110532999039
2023-01-13 04:15:09.816000,-0.46982938051223755,0.09838657081127167
2023-01-13 04:16:09.824000,-0.47816702723503113,0.10826236009597778
2023-01-13 04:17:10.100000,-0.4118557572364807,0.12310143560171127
2023-01-13 04:18:09.837000,-0.396671324968338,0.12702210247516632
2023-01-13 04:19:09.880000,-0.3888692855834961,0.11766036599874496
2023-01-13 04:20:09.891000,-0.3575822412967682,0.10133613646030426
2023-01-13 04:21:09.755000,-0.36926671862602234,0.08690604567527771
2023-01-13 04:22:09.871000,-0.4043271541595459,0.08296957612037659
2023-01-13 04:23:09.927000,-0.36631837487220764,0.08221011608839035
2023-01-13 04:24:09.856000,-0.4710842967033386,0.07414890825748444
2023-01-13 04:25:09.886000,-0.5218471884727478,0.0445040762424469
2023-01-13 04:26:09.879000,-0.4345274567604065,0.033664487302303314
2023-01-13 04:27:09.987000,-0.3070361316204071,0.038927819579839706
2023-01-13 04:28:10.126000,-0.34925487637519836,0.03874000161886215
2023-01-13 04:29:09.916000,-0.2553194761276245,0.038776420056819916
2023-01-13 04:30:10.003000,-0.2664533853530884,0.04544816166162491
2023-01-13 04:31:09.956000,-0.37722060084342957,0.05001217499375343
2023-01-13 04:32:10.110000,-0.4881846606731415,0.050242189317941666
2023-01-13 04:33:09.803000,-0.5240575075149536,0.051237042993307114
2023-01-13 04:34:10.030000,-0.4028061330318451,0.05019839480519295
2023-01-13 04:35:09.867000,-0.37459060549736023,0.04911969602108002
2023-01-13 04:36:09.997000,-0.36725232005119324,0.050820242613554
2023-01-13 04:37:09.963000,-0.365100622177124,0.05849546939134598
2023-01-13 04:38:09.974000,-0.369834303855896,0.06344205886125565
2023-01-13 04:39:10.029000,-0.43163543939590454,0.05602455511689186
2023-01-13 04:40:09.899000,-0.4107412099838257,0.05113028362393379
2023-01-13 04:41:09.796000,-0.42637285590171814,0.05095899850130081
2023-01-13 04:42:09.785000,-0.39630579948425293,0.049428485333919525
2023-01-13 04:43:09.718000,-0.38036611676216125,0.04886757209897041
2023-01-13 04:44:09.997000,-0.5040972232818604,0.05645914375782013
2023-01-13 04:45:09.881000,-0.4319092631340027,0.07037290185689926
2023-01-13 04:46:09.978000,-0.3817266821861267,0.07177538424730301
2023-01-13 04:47:09.799000,-0.3675135374069214,0.0645337626338005
2023-01-13 04:48:09.830000,-0.43915167450904846,0.06746196001768112
2023-01-13 04:49:09.923000,-0.4701363444328308,0.1342315375804901
2023-01-13 04:50:09.950000,-0.3853735327720642,0.22555029392242432
2023-01-13 04:51:10.033000,-0.4096374213695526,0.20567376911640167
2023-01-13 04:52:09.862000,-0.3580930531024933,0.15531839430332184
2023-01-13 04:53:09.863000,-0.3346400260925293,0.11092901974916458
2023-01-13 04:54:09.909000,-0.3244444727897644,0.09430419653654099
2023-01-13 04:55:09.613000,-0.3262367248535156,0.09607848525047302
2023-01-13 04:56:09.750000,-0.5454241037368774,0.1124986782670021
2023-01-13 04:57:09.821000,-0.6766977906227112,0.12408517301082611
2023-01-13 04:58:10.010000,-0.8123779296875,0.12575531005859375
2023-01-13 04:59:09.756000,-0.818149209022522,0.12619604170322418
2023-01-13 05:00:09.761000,-0.7016248106956482,0.12463018298149109
2023-01-13 05:01:10.064000,-0.4734751284122467,0.12034834921360016
2023-01-13 05:02:09.764000,-0.42580097913742065,0.11950833350419998
2023-01-13 05:03:09.961000,-0.4163911044597626,0.13860838115215302
2023-01-13 05:04:09.937000,-0.3685147166252136,0.18276497721672058
2023-01-13 05:05:09.787000,-0.23685799539089203,0.19151799380779266
2023-01-13 05:06:09.751000,-0.38856223225593567,0.1708706170320511
2023-01-13 05:07:09.855000,-0.3293009102344513,0.13675639033317566
2023-01-13 05:08:10.024000,-0.3594456613063812,0.13783371448516846
2023-01-13 05:09:10.072000,-0.3916164040565491,0.155655175447464
2023-01-13 05:10:09.898000,-0.35274675488471985,0.14145112037658691
2023-01-13 05:11:09.878000,-0.3018769323825836,0.118567556142807
2023-01-13 05:12:09.761000,-0.3090619742870331,0.10298515111207962
2023-01-13 05:13:09.851000,-0.319893479347229,0.10676346719264984
2023-01-13 05:14:09.867000,-0.3288458287715912,0.1245449036359787
2023-01-13 05:15:09.864000,-0.3465627431869507,0.16482169926166534
2023-01-13 05:16:09.788000,-0.357012003660202,0.22889162600040436
2023-01-13 05:17:09.728000,-0.43983522057533264,0.2702321708202362
2023-01-13 05:18:09.706000,-0.4684673845767975,0.27056512236595154
2023-01-13 05:19:09.822000,-0.4603458642959595,0.31104907393455505
2023-01-13 05:20:09.908000,-0.3624379336833954,0.35437268018722534
2023-01-13 05:21:09.925000,-0.35197868943214417,0.34529849886894226
2023-01-13 05:22:09.813000,-0.3545141816139221,0.30328142642974854
2023-01-13 05:23:09.838000,-0.3626379668712616,0.2619478702545166
2023-01-13 05:24:09.678000,-0.3686985373497009,0.22774973511695862
2023-01-13 05:25:09.875000,-0.47224661707878113,0.20158065855503082
2023-01-13 05:26:09.727000,-0.3723840117454529,0.1964031159877777
2023-01-13 05:27:09.858000,-0.36927881836891174,0.1914304792881012
2023-01-13 05:28:09.953000,-0.32763737440109253,0.15744401514530182
2023-01-13 05:29:09.787000,-0.3319307565689087,0.1301882565021515
2023-01-13 05:30:09.736000,-0.2593298852443695,0.12967552244663239
2023-01-13 05:31:09.725000,-0.28722333908081055,0.15042442083358765
2023-01-13 05:32:09.957000,-0.42007482051849365,0.16070392727851868
2023-01-13 05:33:09.742000,-0.5112593770027161,0.15464812517166138
2023-01-13 05:34:09.837000,-0.5227121114730835,0.13414770364761353
2023-01-13 05:35:09.896000,-0.40955835580825806,0.11233125627040863
2023-01-13 05:36:09.701000,-0.4022018015384674,0.09711138159036636
2023-01-13 05:37:09.852000,-0.40013036131858826,0.09578569233417511
2023-01-13 05:38:09.810000,-0.4187518060207367,0.09762690216302872
2023-01-13 05:39:09.835000,-0.4473058581352234,0.09431787580251694
2023-01-13 05:40:09.939000,-0.436259925365448,0.09505313634872437
2023-01-13 05:41:09.722000,-0.40784674882888794,0.11042243987321854
2023-01-13 05:42:09.782000,-0.37357422709465027,0.1258685141801834
2023-01-13 05:43:09.770000,-0.34153038263320923,0.12995131313800812
2023-01-13 05:44:09.813000,-0.4051235020160675,0.14758102595806122
2023-01-13 05:45:09.667000,-0.4271948039531708,0.16215898096561432
2023-01-13 05:46:09.960000,-0.40146204829216003,0.15377497673034668
2023-01-13 05:47:09.873000,-0.47020938992500305,0.13542059063911438
2023-01-13 05:48:10.081000,-0.4790973961353302,0.11441270262002945
2023-01-13 05:49:09.779000,-0.47559884190559387,0.11285629123449326
2023-01-13 05:50:09.879000,-0.4850161373615265,0.14070090651512146
2023-01-13 05:51:09.857000,-0.5144460201263428,0.15879258513450623
2023-01-13 05:52:09.868000,-0.5085359215736389,0.147453173995018
2023-01-13 05:53:09.779000,-0.2996831238269806,0.14078006148338318
2023-01-13 05:54:09.871000,-0.28108692169189453,0.14997735619544983
2023-01-13 05:55:09.830000,-0.27721652388572693,0.16482573747634888
2023-01-13 05:56:09.885000,-0.3286657929420471,0.17835278809070587
2023-01-13 05:57:09.918000,-0.3217582702636719,0.19248442351818085
2023-01-13 05:58:09.949000,-0.382404088973999,0.17334464192390442
2023-01-13 05:59:09.860000,-0.43011540174484253,0.13335470855236053
2023-01-13 06:00:09.846000,-0.41471442580223083,0.11839734762907028
2023-01-13 06:01:09.865000,-0.41510361433029175,0.13057473301887512
2023-01-13 06:02:09.823000,-0.4315876364707947,0.14538468420505524
2023-01-13 06:03:09.622000,-0.4210187792778015,0.14444859325885773
2023-01-13 06:04:09.986000,-0.4816090166568756,0.17079278826713562
2023-01-13 06:05:09.650000,-0.4330756664276123,0.1654299795627594
2023-01-13 06:06:09.843000,-0.5205704569816589,0.15485405921936035
2023-01-13 06:07:09.998000,-0.4048622250556946,0.1665489673614502
2023-01-13 06:08:09.705000,-0.3200511634349823,0.19747710227966309
2023-01-13 06:09:10.013000,-0.2499387264251709,0.2207319736480713
2023-01-13 06:10:09.615000,-0.24464315176010132,0.23321311175823212
2023-01-13 06:11:09.608000,-0.3170716464519501,0.24678029119968414
2023-01-13 06:12:09.937000,-0.4348415732383728,0.2376982420682907
2023-01-13 06:13:09.828000,-0.39066702127456665,0.1685839295387268
2023-01-13 06:14:09.728000,-0.4231576919555664,0.15833349525928497
2023-01-13 06:15:09.766000,-0.42567214369773865,0.11144965142011642
2023-01-13 06:16:09.863000,-0.4088107943534851,0.13654199242591858
2023-01-13 06:17:10.063000,-0.4007216691970825,0.16382943093776703
2023-01-13 06:18:09.735000,-0.3438228666782379,0.17991238832473755
2023-01-13 06:19:09.906000,-0.38131627440452576,0.18307608366012573
2023-01-13 06:20:09.749000,-0.3747139871120453,0.17360615730285645
2023-01-13 06:21:09.710000,-0.4421186149120331,0.19310955703258514
2023-01-13 06:22:09.828000,-0.5131459832191467,0.22040040791034698
2023-01-13 06:23:09.825000,-0.5538633465766907,0.2290029078722
2023-01-13 06:24:09.720000,-0.5549443960189819,0.20230914652347565
2023-01-13 06:25:10.078000,-0.5726380944252014,0.17150259017944336
2023-01-13 06:26:09.819000,-0.6417011022567749,0.1367449164390564
2023-01-13 06:27:09.741000,-0.537273645401001,0.12344484776258469
2023-01-13 06:28:09.854000,-0.4220975339412689,0.1382192075252533
2023-01-13 06:29:09.654000,-0.44750815629959106,0.16093432903289795
2023-01-13 06:30:09.637000,-0.41699230670928955,0.16791194677352905
2023-01-13 06:31:09.879000,-0.4521127939224243,0.14382082223892212
2023-01-13 06:32:09.653000,-0.477664977312088,0.12018397450447083
2023-01-13 06:33:09.821000,-0.4714747965335846,0.11247538775205612
2023-01-13 06:34:09.890000,-0.4883594512939453,0.131321981549263
2023-01-13 06:35:09.711000,-0.5474332571029663,0.13683094084262848
2023-01-13 06:36:09.783000,-0.5974519848823547,0.12243586033582687
2023-01-13 06:37:09.833000,-0.727914571762085,0.1026720404624939
2023-01-13 06:38:09.734000,-0.718656063079834,0.09012565016746521
2023-01-13 06:39:09.863000,-0.5855503082275391,0.0860738605260849
2023-01-13 06:40:09.769000,-0.678945004940033,0.08022111654281616
2023-01-13 06:41:09.924000,-0.7155098915100098,0.04719257727265358
2023-01-13 06:42:09.716000,-0.723380982875824,0.013037305325269699
2023-01-13 06:43:09.591000,-0.5218930840492249,0.007271775044500828
2023-01-13 06:44:09.696000,-0.5146528482437134,0.013483642600476742
2023-01-13 06:45:09.583000,-0.5029927492141724,0.016375062987208366
2023-01-13 06:46:09.727000,-0.5834438800811768,0.01932007074356079
2023-01-13 06:47:09.640000,-0.5265474915504456,0.027547068893909454
2023-01-13 06:48:09.600000,-0.503923773765564,0.02967953495681286
2023-01-13 06:49:09.651000,-0.4816735088825226,0.029960064217448235
2023-01-13 06:50:09.658000,-0.49617457389831543,0.024151625111699104
2023-01-13 06:51:09.799000,-0.5199718475341797,0.01878831349313259
2023-01-13 06:52:09.619000,-0.5530785322189331,0.01557340007275343
2023-01-13 06:53:09.726000,-0.5066766738891602,0.01902628503739834
2023-01-13 06:54:09.573000,-0.29436928033828735,0.020838666707277298
2023-01-13 06:55:09.654000,-0.2982434332370758,0.02399454638361931
2023-01-13 06:56:09.679000,-0.31314730644226074,0.03305025026202202
2023-01-13 06:57:09.582000,-0.31231436133384705,0.040278028696775436
2023-01-13 06:58:09.657000,-0.29354923963546753,0.05783341825008392
2023-01-13 06:59:09.792000,-0.2823931574821472,0.05834583193063736
2023-01-13 07:00:09.563000,-0.504455029964447,0.04033491387963295
2023-01-13 07:01:09.898000,-0.5924606919288635,0.033314697444438934
2023-01-13 07:02:09.705000,-0.5839677453041077,0.02416151389479637
2023-01-13 07:03:09.726000,-0.6462036371231079,0.019367696717381477
2023-01-13 07:04:10.010000,-0.6251732110977173,0.012817500159144402
2023-01-13 07:05:09.592000,-0.5956356525421143,0.011041920632123947
2023-01-13 07:06:09.831000,-0.43899020552635193,0.014947069808840752
2023-01-13 07:07:09.873000,-0.4150454103946686,0.013601595535874367
2023-01-13 07:08:09.668000,-0.3684934079647064,0.012797463685274124
2023-01-13 07:09:09.804000,-0.2984313368797302,0.014242725446820259
2023-01-13 07:10:09.695000,-0.3030264973640442,0.009933596476912498
2023-01-13 07:11:09.755000,-0.41192206740379333,0.0035718909930437803
2023-01-13 07:12:09.770000,-0.38728582859039307,0.0023966904263943434
2023-01-13 07:13:09.577000,-0.4197881817817688,0.0066238949075341225
2023-01-13 07:14:09.808000,-0.5525367856025696,0.008108722977340221
2023-01-13 07:15:09.537000,-0.4979571998119354,0.0030269999988377094
2023-01-13 07:16:09.812000,-0.4299619495868683,0.0005800784565508366
2023-01-13 07:17:09.662000,-0.30775871872901917,0.002327719936147332
2023-01-13 07:18:09.829000,-0.22958114743232727,0.003964624833315611
2023-01-13 07:19:09.660000,-0.26651448011398315,0.005847636144608259
2023-01-13 07:20:09.664000,-0.26363831758499146,0.0035863022785633802
2023-01-13 07:21:09.686000,-0.2912832796573639,0.002872486598789692
2023-01-13 07:22:09.682000,-0.29684334993362427,0.02131037414073944
2023-01-13 07:23:09.609000,-0.2704671025276184,0.03277375549077988
2023-01-13 07:24:09.819000,-0.21763502061367035,0.03961942717432976
2023-01-13 07:25:09.667000,-0.25737494230270386,0.04559535160660744
2023-01-13 07:26:09.540000,-0.17195723950862885,0.032912444323301315
2023-01-13 07:27:09.669000,-0.1780739277601242,0.026412732899188995
2023-01-13 07:28:09.905000,-0.22056832909584045,0.017898889258503914
2023-01-13 07:29:09.893000,-0.22411181032657623,0.02254071831703186
2023-01-13 07:30:09.703000,-0.29336032271385193,0.01580223999917507
2023-01-13 07:31:09.534000,-0.338638573884964,0.017950935289263725
2023-01-13 07:32:09.549000,-0.31351226568222046,0.023846130818128586
2023-01-13 07:33:09.711000,-0.28870707750320435,0.022894658148288727
2023-01-13 07:34:09.717000,-0.4395274817943573,0.02937452122569084
2023-01-13 07:35:09.807000,-0.30709266662597656,0.030667142942547798
2023-01-13 07:36:09.620000,-0.2899467647075653,0.03871887922286987
2023-01-13 07:37:09.567000,-0.4088843762874603,0.056307487189769745
2023-01-13 07:38:09.654000,-0.4387624263763428,0.04545310139656067
2023-01-13 07:39:09.821000,-0.45673060417175293,0.037499431520700455
2023-01-13 07:40:09.860000,-0.5038771033287048,0.03355465829372406
2023-01-13 07:41:09.791000,-0.49517369270324707,0.022154230624437332
2023-01-13 07:42:09.772000,-0.5157555937767029,0.0212894007563591
2023-01-13 07:43:09.559000,-0.45787543058395386,0.021074024960398674
2023-01-13 07:44:09.680000,-0.4300219714641571,0.01904595084488392
2023-01-13 07:45:09.524000,-0.38835617899894714,0.018155191093683243
2023-01-13 07:46:09.516000,-0.41733217239379883,0.017204077914357185
2023-01-13 07:47:09.607000,-0.4025609791278839,0.015640022233128548
2023-01-13 07:48:09.561000,-0.5243437886238098,0.01592259109020233
2023-01-13 07:49:09.577000,-0.6024494767189026,0.018521543592214584
2023-01-13 07:50:09.593000,-0.5919700860977173,0.01649509370326996
2023-01-13 07:51:09.492000,-0.5165992975234985,0.014094974845647812
2023-01-13 07:52:09.543000,-0.4804503917694092,0.011071859858930111
2023-01-13 07:53:09.708000,-0.47178104519844055,0.009952578693628311
2023-01-13 07:54:09.770000,-0.540941059589386,0.008550325408577919
2023-01-13 07:55:09.545000,-0.6447086930274963,0.0071532889269292355
2023-01-13 07:56:09.705000,-0.5893028378486633,0.006736114155501127
2023-01-13 07:57:09.563000,-0.6248302459716797,0.006944024469703436
2023-01-13 07:58:09.699000,-0.6486896872520447,0.006468955427408218
2023-01-13 07:59:09.494000,-0.6623000502586365,0.007511681877076626
2023-01-13 08:00:09.474000,-0.5962629914283752,0.008332470431923866
2023-01-13 08:01:09.584000,-0.597806990146637,0.008464999496936798
2023-01-13 08:02:09.602000,-0.5532063245773315,0.007014624774456024
2023-01-13 08:03:09.611000,-0.6205111145973206,0.005253511480987072
2023-01-13 08:04:09.565000,-0.6221640706062317,0.0036955680698156357
2023-01-13 08:05:09.592000,-0.6403093338012695,0.0020089070312678814
2023-01-13 08:06:09.483000,-0.63657546043396,0.0007390256505459547
2023-01-13 08:07:09.468000,-0.6295694708824158,-0.0006096216384321451
2023-01-13 08:08:09.780000,-0.6741061210632324,-0.0018593055428937078
2023-01-13 08:09:09.768000,-0.6790037751197815,-0.0021449474152177572
2023-01-13 08:10:09.764000,-0.5188532471656799,-0.0024732041638344526
2023-01-13 08:11:09.834000,-0.5490123629570007,-0.00317220576107502
2023-01-13 08:12:09.534000,-0.49812623858451843,-0.0030476765241473913
2023-01-13 08:13:09.862000,-0.4477328956127167,-0.0037827894557267427
2023-01-13 08:14:09.510000,-0.4401707947254181,-0.0035961843095719814
2023-01-13 08:15:09.587000,-0.5034507513046265,-0.003502673003822565
2023-01-13 08:16:09.685000,-0.4787411093711853,-0.003442770801484585
2023-01-13 08:17:09.612000,-0.4529796540737152,-0.0034065216314047575
2023-01-13 08:18:09.628000,-0.4615418314933777,-0.004894230514764786
2023-01-13 08:19:09.941000,-0.3919503092765808,-0.005428653676062822
2023-01-13 08:20:09.496000,-0.3979450762271881,-0.005829863715916872
2023-01-13 08:21:09.636000,-0.4139896631240845,-0.006178820505738258
2023-01-13 08:22:09.468000,-0.40364664793014526,-0.0067951190285384655
2023-01-13 08:23:09.659000,-0.5782831907272339,-0.006579170934855938
2023-01-13 08:24:09.597000,-0.7049561738967896,-0.006812744308263063
2023-01-13 08:25:09.726000,-0.6323035359382629,-0.007809666451066732
2023-01-13 08:26:09.554000,-0.5665273666381836,-0.006089875008910894
2023-01-13 08:27:09.452000,-0.5653844475746155,-0.002219769172370434
2023-01-13 08:28:09.628000,-0.5507109761238098,-0.0022504334338009357
2023-01-13 08:29:09.729000,-0.5076102018356323,-0.0022325129248201847
2023-01-13 08:30:09.666000,-0.5065729022026062,-0.002200086833909154
2023-01-13 08:31:09.484000,-0.45932522416114807,-0.002362852916121483
2023-01-13 08:32:09.743000,-0.36735838651657104,-0.0021360651589930058
2023-01-13 08:33:09.500000,-0.2346736341714859,-0.002212702063843608
2023-01-13 08:34:09.654000,-0.2801826000213623,-0.0021851053461432457
2023-01-13 08:35:09.869000,-0.2951323390007019,-0.0022947636898607016
2023-01-13 08:36:09.436000,-0.32617175579071045,-0.002260149922221899
2023-01-13 08:37:09.623000,-0.3483113646507263,-0.0021760929375886917
2023-01-13 08:38:09.483000,-0.4485355019569397,-0.002154200104996562
2023-01-13 08:39:09.704000,-0.5034812688827515,-0.0021767837461084127
2023-01-13 08:40:09.700000,-0.508215069770813,-0.0021908138878643513
2023-01-13 08:41:09.592000,-0.531393826007843,-0.0023650953080505133
2023-01-13 08:42:09.714000,-0.5407953262329102,-0.0022208462469279766
2023-01-13 08:43:09.675000,-0.6571576595306396,-0.002119697630405426
2023-01-13 08:44:09.527000,-0.6590861678123474,-0.002349480055272579
2023-01-13 08:45:09.429000,-0.561795711517334,-0.002149552572518587
2023-01-13 08:46:09.440000,-0.53830885887146,-0.0022676249500364065
2023-01-13 08:47:09.663000,-0.545509934425354,-0.002353414660319686
2023-01-13 08:48:09.543000,-0.4713049530982971,-0.00213793758302927
2023-01-13 08:49:09.443000,-0.4904698431491852,-0.0023245366755872965
2023-01-13 08:50:09.465000,-0.4331740438938141,-0.00208087801001966
2023-01-13 08:51:09.608000,-0.41406068205833435,-0.0022361555602401495
2023-01-13 08:52:09.647000,-0.4684257507324219,-0.0024425750598311424
2023-01-13 08:53:09.645000,-0.4601534605026245,-0.00220762868411839
2023-01-13 08:54:09.552000,-0.3992761969566345,-0.0021259309723973274
2023-01-13 08:55:09.539000,-0.4319459795951843,-0.00227132486179471
2023-01-13 08:56:09.678000,-0.4041615426540375,-0.0022722692228853703
2023-01-13 08:57:09.649000,-0.5010719299316406,-0.002221737988293171
2023-01-13 08:58:09.540000,-0.600809633731842,-0.002313347766175866
2023-01-13 08:59:09.593000,-0.6230372190475464,-0.0022745500318706036
2023-01-13 09:00:09.636000,-0.5834754705429077,-0.0023869499564170837
2023-01-13 09:01:09.513000,-0.6219528317451477,-0.002340620616450906
2023-01-13 09:02:09.717000,-0.7721961140632629,-0.0022325317841023207
2023-01-13 09:03:09.764000,-0.6815139651298523,-0.00226978724822402
2023-01-13 09:04:09.708000,-0.7815554738044739,-0.00226382352411747
2023-01-13 09:05:09.537000,-0.8103918433189392,-0.0022701621055603027
2023-01-13 09:06:09.621000,-0.6534131765365601,-0.0023186730686575174
2023-01-13 09:07:09.473000,-0.6864467263221741,-0.0022189216688275337
2023-01-13 09:08:09.586000,-0.6937310695648193,-0.0023165554739534855
2023-01-13 09:09:09.552000,-0.7067070007324219,-0.0023270975798368454
2023-01-13 09:10:09.532000,-0.7672170996665955,-0.002256558043882251
2023-01-13 09:11:09.503000,-0.7222884893417358,-0.0023549487814307213
2023-01-13 09:12:09.619000,-0.7827988266944885,-0.002330558141693473
2023-01-13 09:13:10.798000,-0.7585612535476685,-0.0023542281705886126
2023-01-13 09:14:09.707000,-0.7969710826873779,-0.0022697222884744406
2023-01-13 09:15:09.469000,-0.8145816326141357,-0.0023260749876499176
2023-01-13 09:16:09.630000,-0.7706925868988037,-0.0022587727289646864
2023-01-13 09:17:09.504000,-0.8107988238334656,-0.002224433235824108
2023-01-13 09:18:09.662000,-0.8878684639930725,-0.002177499933168292
2023-01-13 09:19:09.558000,-0.78117835521698,-0.0022916856687515974
2023-01-13 09:20:09.570000,-0.7692800760269165,-0.0022066584788262844
2023-01-13 09:21:09.680000,-0.7349233031272888,-0.0021096665877848864
2023-01-13 09:22:09.394000,-0.7774851322174072,-0.002332142787054181
2023-01-13 09:23:09.463000,-0.7777495980262756,-0.0022207647562026978
2023-01-13 09:24:09.425000,-0.8146270513534546,-0.002340256469324231
2023-01-13 09:25:09.634000,-0.7965962886810303,-0.0023298333398997784
2023-01-13 09:26:09.591000,-0.7785177230834961,-0.0022997353225946426
2023-01-13 09:27:09.640000,-0.7504274249076843,-0.0023127871099859476
2023-01-13 09:28:09.381000,-0.7329884767532349,-0.002390829147771001
2023-01-13 09:29:09.952000,-0.7276794910430908,-0.0022764166351407766
2023-01-13 09:30:09.564000,-0.743610143661499,-0.0022935227025300264
2023-01-13 09:31:09.461000,-0.7621456980705261,-0.0023205429315567017
2023-01-13 09:32:09.511000,-0.9312993288040161,-0.002273285761475563
2023-01-13 09:33:10.112000,-0.9494138956069946,-0.002257555490359664
2023-01-13 09:34:09.626000,-0.9364392757415771,-0.002204805612564087
2023-01-13 09:35:09.484000,-0.7507427930831909,-0.0022300768177956343
2023-01-13 09:36:09.598000,-0.7276182770729065,-0.0022453125566244125
2023-01-13 09:37:09.464000,-0.7551022171974182,-0.0022392498794943094
2023-01-13 09:38:09.536000,-0.7304397821426392,-0.002297636354342103
2023-01-13 09:39:09.653000,-0.794535219669342,-0.0022906207013875246
2023-01-13 09:40:09.354000,-0.7870349287986755,-0.0022781763691455126
2023-01-13 09:41:09.369000,-0.6276673078536987,-0.0022789258509874344
2023-01-13 09:42:09.512000,-0.5685046315193176,-0.002279580570757389
2023-01-13 09:43:09.430000,-0.5271663665771484,-0.0023073635529726744
2023-01-13 09:44:09.552000,-0.5027502775192261,-0.002282580593600869
2023-01-13 09:45:09.551000,-0.5786797404289246,-0.0022825293708592653
2023-01-13 09:46:09.419000,-0.5484172701835632,-0.002277538413181901
2023-01-13 09:47:09.379000,-0.62260502576828,-0.00228585721924901
2023-01-13 09:48:09.451000,-0.6257721185684204,-0.0022700682748109102
2023-01-13 09:49:09.596000,-0.6885784864425659,-0.002277723513543606
2023-01-13 09:50:09.475000,-0.6279435157775879,-0.0022864583879709244
2023-01-13 09:51:09.406000,-0.6756184697151184,-0.0022278379183262587
2023-01-13 09:52:09.450000,-0.7985860109329224,-0.00228729541413486
2023-01-13 09:53:09.567000,-0.8118444681167603,-0.002198727335780859
2023-01-13 09:54:09.435000,-0.6873529553413391,-0.0022758408449590206
2023-01-13 09:55:09.693000,-0.6403569579124451,-0.0023132856003940105
2023-01-13 09:56:09.673000,-0.5513116121292114,-0.0022636086214333773
2023-01-13 09:57:09.461000,-0.6214932799339294,-0.002315422287210822
2023-01-13 09:58:09.361000,-0.6799367666244507,-0.0022967178374528885
2023-01-13 09:59:09.638000,-0.7038514018058777,-0.0021804317366331816
2023-01-13 10:00:09.482000,-0.7028424143791199,-0.0021839444525539875
2023-01-13 10:01:09.458000,-0.6539307832717896,-0.0022641795221716166
2023-01-13 10:02:09.751000,-0.657666027545929,-0.0022513261064887047
2023-01-13 10:03:09.459000,-0.665254533290863,-0.00226305122487247
2023-01-13 10:04:09.598000,-0.6623899936676025,-0.0022233061026781797
2023-01-13 10:05:09.378000,-0.6487657427787781,-0.002259229077026248
2023-01-13 10:06:09.406000,-0.7127212882041931,-0.002299725078046322
2023-01-13 10:07:09.535000,-0.9072511792182922,-0.0023560000117868185
2023-01-13 10:08:09.384000,-0.882834255695343,-0.0023466122802346945
2023-01-13 10:09:09.595000,-0.8549689054489136,-0.002313808538019657
2023-01-13 10:10:09.475000,-0.7268921732902527,-0.0022720869164913893
2023-01-13 10:11:09.334000,-0.6822111010551453,-0.0023626666516065598
2023-01-13 10:12:09.487000,-0.6882680058479309,-0.0022519214544445276
2023-01-13 10:13:09.420000,-0.5743793845176697,-0.0023356585297733545
2023-01-13 10:14:09.487000,-0.6145182847976685,-0.0022781621664762497
2023-01-13 10:15:09.433000,-0.5451343059539795,-0.0022863242775201797
2023-01-13 10:16:09.579000,-0.4331618845462799,-0.002257952466607094
2023-01-13 10:17:09.489000,-0.4844774305820465,-0.0023026445414870977
2023-01-13 10:18:09.565000,-0.4669162929058075,-0.0023086087312549353
2023-01-13 10:19:09.407000,-0.48064032196998596,-0.0022390445228666067
2023-01-13 10:20:09.330000,-0.44951578974723816,-0.0022910377010703087
2023-01-13 10:21:09.321000,-0.4181009531021118,-0.0022694221697747707
2023-01-13 10:22:09.463000,-0.42702019214630127,-0.0022657576482743025
2023-01-13 10:23:09.441000,-0.692876398563385,-0.0022863077465444803
2023-01-13 10:24:09.347000,-0.7586660981178284,-0.002331808442249894
2023-01-13 10:25:09.298000,-0.7696799635887146,-0.0024117555003613234
2023-01-13 10:26:09.394000,-0.8258004188537598,-0.0022883042693138123
2023-01-13 10:27:09.587000,-1.138513207435608,-0.002382674952968955
2023-01-13 10:28:09.530000,-0.905926525592804,-0.0022411951795220375
2023-01-13 10:29:09.518000,-0.7531188130378723,-0.0021170638501644135
2023-01-13 10:30:09.318000,-0.8005498647689819,-0.0023641749285161495
2023-01-13 10:31:09.305000,-0.8638303875923157,-0.0021885777823626995
2023-01-13 10:32:09.367000,-0.8753920793533325,-0.002221952425315976
2023-01-13 10:33:09.331000,-0.9329869747161865,-0.002190437400713563
2023-01-13 10:34:09.519000,-0.9799837470054626,-0.0022400713060051203
2023-01-13 10:35:09.527000,-1.0002472400665283,-0.002096625044941902
2023-01-13 10:36:09.495000,-1.1600209474563599,-0.0024136200081557035
2023-01-13 10:37:09.543000,-1.3662219047546387,-0.002426333259791136
2023-01-13 10:38:09.425000,-1.5534617900848389,-0.0022809666115790606
2023-01-13 10:39:09.570000,-1.2793867588043213,-0.0023129500914365053
2023-01-13 10:40:09.407000,-1.3244152069091797,-0.002359050093218684
2023-01-13 10:41:09.300000,-1.7447060346603394,-0.002257762709632516
2023-01-13 10:42:09.460000,-1.9126508235931396,-0.0022931667044758797
2023-01-13 10:43:09.427000,-1.914868950843811,-0.002382733393460512
2023-01-13 10:44:09.574000,-1.7200641632080078,-0.0023356610909104347
2023-01-13 10:45:09.431000,-1.6710797548294067,-0.002171233296394348
2023-01-13 10:46:09.654000,-1.6671704053878784,-0.0021555167622864246
2023-01-13 10:47:09.393000,-1.6124131679534912,-0.0023153899237513542
2023-01-13 10:48:09.434000,-1.637228012084961,-0.002187716541811824
2023-01-13 10:49:09.614000,-1.5910158157348633,-0.002403457649052143
2023-01-13 10:50:09.515000,-1.4929672479629517,-0.002299400046467781
2023-01-13 10:51:09.384000,-1.2407985925674438,-0.002385566709563136
2023-01-13 10:52:09.281000,-1.2343416213989258,-0.0023166832979768515
2023-01-13 10:53:09.512000,-1.1468337774276733,-0.0022718000691384077
2023-01-13 10:54:09.480000,-1.152395248413086,-0.0023250665981322527
2023-01-13 10:55:09.646000,-1.1913349628448486,-0.00228243344463408
2023-01-13 10:56:09.302000,-0.9853504300117493,-0.0022377457935363054
2023-01-13 10:57:09.325000,-1.1302021741867065,-0.0023131666239351034
2023-01-13 10:58:09.334000,-1.27403724193573,-0.002246102085337043
2023-01-13 10:59:09.423000,-1.2405385971069336,-0.0022771363146603107
2023-01-13 11:00:09.526000,-1.1811027526855469,-0.0022904444485902786
2023-01-13 11:01:09.371000,-1.3379732370376587,-0.0023854358587414026
2023-01-13 11:02:09.506000,-1.3817634582519531,-0.0022095749154686928
2023-01-13 11:03:09.296000,-1.3051247596740723,-0.0022060652263462543
2023-01-13 11:04:09.430000,-1.1753698587417603,-0.002248500008136034
2023-01-13 11:05:09.407000,-1.4199265241622925,-0.0022609394509345293
2023-01-13 11:06:09.460000,-1.094792127609253,-0.0023221001029014587
2023-01-13 11:07:09.368000,-1.0797350406646729,-0.0022043136414140463
2023-01-13 11:08:09.368000,-1.1880563497543335,-0.0022081874776631594
2023-01-13 11:09:09.361000,-1.0364174842834473,-0.002301314380019903
2023-01-13 11:10:09.635000,-1.099883794784546,-0.0022165600676089525
2023-01-13 11:11:09.345000,-1.0098496675491333,-0.0022562500089406967
2023-01-13 11:12:09.531000,-1.0342680215835571,-0.002263857051730156
2023-01-13 11:13:09.345000,-1.1756318807601929,-0.0022908158134669065
2023-01-13 11:14:09.364000,-0.9373455047607422,-0.002288705902174115
2023-01-13 11:15:09.159000,-0.9412370920181274,-0.0021669778507202864
2023-01-13 11:16:09.471000,-1.1345953941345215,-0.002144480822607875
2023-01-13 11:17:09.545000,-1.0007548332214355,-0.0022312174551188946
2023-01-13 11:18:09.465000,-1.1353732347488403,-0.0022594654001295567
2023-01-13 11:19:09.246000,-1.1519532203674316,-0.0022279794793576
2023-01-13 11:20:09.410000,-0.9375482201576233,-0.0022013599518686533
2023-01-13 11:21:09.464000,-1.0886510610580444,-0.0022161228116601706
2023-01-13 11:22:09.326000,-0.9800311326980591,-0.0022405642084777355
2023-01-13 11:23:09.410000,-1.0574007034301758,-0.0022192199248820543
2023-01-13 11:24:09.509000,-1.0991733074188232,-0.0022177111823111773
2023-01-13 11:25:09.409000,-0.9089259505271912,-0.002239756751805544
2023-01-13 11:26:09.433000,-0.9497944116592407,-0.002220297232270241
2023-01-13 11:27:09.319000,-0.8948121070861816,-0.002223260933533311
2023-01-13 11:28:09.552000,-0.7831869125366211,-0.0021690193098038435
2023-01-13 11:29:09.690000,-0.8654976487159729,-0.002208309480920434
2023-01-13 11:30:09.395000,-0.9691318273544312,-0.0021868206094950438
2023-01-13 11:31:09.266000,-0.8136519193649292,-0.0022147619165480137
2023-01-13 11:32:09.476000,-0.9113573431968689,-0.0022045369260013103
2023-01-13 11:33:09.486000,-0.8956424593925476,-0.00222970824688673
2023-01-13 11:34:09.271000,-0.8095100522041321,-0.0023169792257249355
2023-01-13 11:35:09.455000,-0.9083573818206787,-0.002240551635622978
2023-01-13 11:36:09.486000,-1.140289068222046,-0.0022509999107569456
2023-01-13 11:37:09.408000,-1.0372568368911743,-0.0022364899050444365
2023-01-13 11:38:09.422000,-0.9315578937530518,-0.0022032044362276793
2023-01-13 11:39:09.568000,-0.9891842603683472,-0.0022574039176106453
2023-01-13 11:40:09.257000,-0.9960290789604187,-0.0022422114852815866
2023-01-13 11:41:09.296000,-0.8505580425262451,-0.0022161020897328854
2023-01-13 11:42:09.299000,-0.81296306848526,-0.0022577291820198298
2023-01-13 11:43:09.335000,-0.9448617100715637,-0.0022661874536424875
2023-01-13 11:44:09.411000,-0.8866841197013855,-0.002237279200926423
2023-01-13 11:45:09.324000,-0.8341712355613708,-0.0022045555524528027
2023-01-13 11:46:09.423000,-0.843285083770752,-0.002245000097900629
2023-01-13 11:47:09.509000,-0.9611933827400208,-0.0023049565497785807
2023-01-13 11:48:09.448000,-0.8608381152153015,-0.002227222314104438
2023-01-13 11:49:09.385000,-0.9486568570137024,-0.002288450952619314
2023-01-13 11:50:09.280000,-1.029679298400879,-0.0022948181722313166
2023-01-13 11:51:09.305000,-0.996341347694397,-0.0022696922533214092
2023-01-13 11:52:09.292000,-1.0319750308990479,-0.0022561794612556696
2023-01-13 11:53:09.325000,-1.10771644115448,-0.002258959924802184
2023-01-13 11:54:09.298000,-1.011662244796753,-0.0022943264339119196
2023-01-13 11:55:09.328000,-0.9011538624763489,-0.0022275384981185198
2023-01-13 11:56:09.300000,-1.15580153465271,-0.0023123635910451412
2023-01-13 11:57:09.530000,-1.1012253761291504,-0.002255952451378107
2023-01-13 11:58:09.203000,-1.0448499917984009,-0.002250788500532508
2023-01-13 11:59:09.314000,-1.079593300819397,-0.0022053110878914595
2023-01-13 12:00:09.297000,-1.140459656715393,-0.0022400638554245234
2023-01-13 12:01:09.292000,-0.913905918598175,-0.002248313743621111
2023-01-13 12:02:09.190000,-0.9820394515991211,-0.0022960714995861053
2023-01-13 12:03:09.296000,-1.0108540058135986,-0.0022888919338583946
2023-01-13 12:04:09.269000,-0.7993564009666443,-0.0022685681469738483
2023-01-13 12:05:09.098000,-0.7385017275810242,-0.002247581724077463
2023-01-13 12:06:09.322000,-0.9127580523490906,-0.0022399111185222864
2023-01-13 12:07:09.402000,-0.9193918108940125,-0.0022567391861230135
2023-01-13 12:08:09.259000,-0.7543112635612488,-0.00225723534822464
2023-01-13 12:09:09.305000,-0.9832218885421753,-0.0023222221061587334
2023-01-13 12:10:09.304000,-0.8876965045928955,-0.0022638544905930758
2023-01-13 12:11:09.322000,-0.9318878054618835,-0.002177843125537038
2023-01-13 12:12:09.343000,-0.9773911833763123,-0.0022739749401807785
2023-01-13 12:13:09.333000,-0.9528606534004211,-0.002208871766924858
2023-01-13 12:14:09.255000,-0.831073522567749,-0.0023168479092419147
2023-01-13 12:15:09.307000,-0.9362365007400513,-0.0022126389667391777
2023-01-13 12:16:09.275000,-1.0164885520935059,-0.00230717146769166
2023-01-13 12:17:09.374000,-0.903689980506897,-0.002277222229167819
2023-01-13 12:18:09.629000,-0.7638472318649292,-0.0023170358035713434
2023-01-13 12:19:09.741000,-0.9154901504516602,-0.0023148537147790194
2023-01-13 12:20:09.173000,-0.7387096285820007,-0.0023073928896337748
2023-01-13 12:21:09.241000,-0.7551836967468262,-0.00227928115054965
2023-01-13 12:22:09.272000,-0.8814787268638611,-0.0022460392210632563
2023-01-13 12:23:09.273000,-0.7963607907295227,-0.0022690207697451115
2023-01-13 12:24:09.331000,-0.8098589181900024,-0.0023029777221381664
2023-01-13 12:25:09.321000,-1.0407369136810303,-0.002290315693244338
2023-01-13 12:26:09.165000,-1.1407443284988403,-0.0023582973517477512
2023-01-13 12:27:09.219000,-0.9290074706077576,-0.002361804246902466
2023-01-13 12:28:09.465000,-0.8333936929702759,-0.002188977785408497
2023-01-13 12:29:09.699000,-0.9004133939743042,-0.002291020704433322
2023-01-13 12:30:09.416000,-0.7767491340637207,-0.0022927955724298954
2023-01-13 12:31:09.485000,-0.8095073103904724,-0.002232520841062069
2023-01-13 12:32:09.231000,-0.9831346869468689,-0.002305543515831232
2023-01-13 12:33:09.278000,-0.945859432220459,-0.0022981739602983
2023-01-13 12:34:09.344000,-0.8785513043403625,-0.0022194490302354097
2023-01-13 12:35:09.731000,-1.2164860963821411,-0.002310520736500621
2023-01-13 12:36:09.313000,-1.1012245416641235,-0.0022681637201458216
2023-01-13 12:37:09.314000,-0.9995664358139038,-0.0022452000994235277
2023-01-13 12:38:09.147000,-1.230315089225769,-0.002282317029312253
2023-01-13 12:39:09.199000,-1.0326417684555054,-0.0022631161846220493
2023-01-13 12:40:09.312000,-0.986295223236084,-0.00223563052713871
2023-01-13 12:41:09.446000,-1.1584265232086182,-0.002260270295664668
2023-01-13 12:42:09.363000,-1.1559028625488281,-0.0022273617796599865
2023-01-13 12:43:09.376000,-0.9855961203575134,-0.002225333359092474
2023-01-13 12:44:09.377000,-1.1245828866958618,-0.0022206981666386127
2023-01-13 12:45:09.359000,-1.2043780088424683,-0.002292836783453822
2023-01-13 12:46:09.232000,-1.1284936666488647,-0.0022547391708940268
2023-01-13 12:47:09.624000,-0.9654664993286133,-0.002268020063638687
2023-01-13 12:48:09.350000,-1.0821621417999268,-0.002210729056969285
2023-01-13 12:49:09.205000,-0.968235969543457,-0.0021393420174717903
2023-01-13 12:50:09.253000,-0.965297520160675,-0.0023396830074489117
2023-01-13 12:51:09.405000,-1.1185736656188965,-0.002247108146548271
2023-01-13 12:52:09.468000,-1.0709840059280396,-0.0022728999610990286
2023-01-13 12:53:09.292000,-0.9974339604377747,-0.00227073160931468
2023-01-13 12:54:10.308000,-1.0244777202606201,-0.0023189999628812075
2023-01-13 12:55:09.204000,-0.9382990002632141,-0.0022374489344656467
2023-01-13 12:56:09.621000,-0.8738499879837036,-0.002253704471513629
2023-01-13 12:57:09.302000,-0.9365573525428772,-0.00227526668459177
2023-01-13 12:58:09.398000,-0.8412430882453918,-0.0022595091722905636
2023-01-13 12:59:09.209000,-0.7167325615882874,-0.0022896139416843653
2023-01-13 13:00:09.313000,-1.1642591953277588,-0.0022755609825253487
2023-01-13 13:01:09.231000,-1.2275753021240234,-0.0022750417701900005
2023-01-13 13:02:09.218000,-0.9653050899505615,-0.002182000083848834
2023-01-13 13:03:09.320000,-1.1090031862258911,-0.0022261026315391064
2023-01-13 13:04:09.227000,-1.088071584701538,-0.0022536744363605976
2023-01-13 13:05:10.518000,-0.9525133371353149,-0.002277216175571084
2023-01-13 13:06:09.452000,-0.9856173396110535,-0.002244340954348445
2023-01-13 13:07:09.187000,-1.0687083005905151,-0.0022983469534665346
2023-01-13 13:08:09.346000,-1.0552164316177368,-0.0022819361183792353
2023-01-13 13:09:09.204000,-0.904010534286499,-0.002214054111391306
2023-01-13 13:10:09.411000,-0.9689545631408691,-0.0022099511697888374
2023-01-13 13:11:09.169000,-1.0128419399261475,-0.002265674527734518
2023-01-13 13:12:09.124000,-0.9417518973350525,-0.0022912907879799604
2023-01-13 13:13:09.373000,-0.9371910691261292,-0.002261790679767728
2023-01-13 13:14:09.392000,-0.9922412633895874,-0.002278186148032546
2023-01-13 13:15:09.144000,-0.9506591558456421,-0.002297673374414444
2023-01-13 13:16:09.305000,-0.7992118000984192,-0.002280236454680562
2023-01-13 13:17:09.237000,-0.8993810415267944,-0.002277705818414688
2023-01-13 13:18:09.312000,-0.9189826846122742,-0.0022778823040425777
2023-01-13 13:19:09.170000,-0.8255370259284973,-0.002293528290465474
2023-01-13 13:20:09.185000,-1.0870516300201416,-0.0022388750221580267
2023-01-13 13:21:09.169000,-1.179783582687378,-0.0022998421918600798
2023-01-13 13:22:09.156000,-0.9272453188896179,-0.0022306665778160095
2023-01-13 13:23:10.249000,-0.9476896524429321,-0.0022611001040786505
2023-01-13 13:24:09.664000,-1.028503179550171,-0.002186129568144679
2023-01-13 13:25:09.395000,-0.8618580102920532,-0.002322255400940776
2023-01-13 13:26:09.310000,-0.8570471405982971,-0.0022097609471529722
2023-01-13 13:27:09.229000,-1.0153394937515259,-0.0023375744931399822
2023-01-13 13:28:09.123000,-0.9611349105834961,-0.002224418567493558
2023-01-13 13:29:09.132000,-0.8927058577537537,-0.00212052627466619
2023-01-13 13:30:09.365000,-1.1325628757476807,-0.0024308436550199986
2023-01-13 13:31:09.084000,-0.9733395576477051,-0.0022196059580892324
2023-01-13 13:32:09.146000,-0.9177631139755249,-0.002264787210151553
2023-01-13 13:33:09.220000,-1.0258610248565674,-0.002300177700817585
2023-01-13 13:34:09.389000,-1.0914833545684814,-0.0023173096124082804
2023-01-13 13:35:09.536000,-1.0213240385055542,-0.002295042620971799
2023-01-13 13:36:09.260000,-1.0962895154953003,-0.0022940444760024548
2023-01-13 13:37:09.118000,-1.2713041305541992,-0.0022700000554323196
2023-01-13 13:38:09.046000,-1.150329351425171,-0.0023158935364335775
2023-01-13 13:39:09.247000,-1.1651434898376465,-0.0022801021113991737
2023-01-13 13:40:09.430000,-1.5009965896606445,-0.0023087551817297935
2023-01-13 13:41:09.111000,-1.0559847354888916,-0.002295133424922824
2023-01-13 13:42:09.183000,-1.1411815881729126,-0.0022895680740475655
2023-01-13 13:43:09.194000,-1.2040128707885742,-0.002283333335071802
2023-01-13 13:44:09.335000,-1.1280112266540527,-0.002268977230414748
2023-01-13 13:45:09.108000,-1.216659665107727,-0.0022389166988432407
2023-01-13 13:46:09.271000,-1.29055917263031,-0.0023221273440867662
2023-01-13 13:47:09.295000,-1.1749290227890015,-0.0022969089914113283
2023-01-13 13:48:09.296000,-1.1317626237869263,-0.0022989388089627028
2023-01-13 13:49:09.223000,-1.5251799821853638,-0.0023448667488992214
2023-01-13 13:50:09.141000,-1.904273509979248,-0.0022960000205785036
2023-01-13 13:51:09.231000,-1.8876471519470215,-0.0022780541330575943
2023-01-13 13:52:09.170000,-2.0256965160369873,-0.0022927660029381514
2023-01-13 13:53:09.245000,-2.1163768768310547,-0.0023061500396579504
2023-01-13 13:54:09.109000,-2.0969505310058594,-0.002314259298145771
2023-01-13 13:55:09.128000,-2.1196484565734863,-0.002308022230863571
2023-01-13 13:56:09.387000,-2.1002883911132812,-0.002288333373144269
2023-01-13 13:57:09.092000,-2.0288374423980713,-0.002275588223710656
2023-01-13 13:58:09.070000,-1.9331573247909546,-0.002310276497155428
2023-01-13 13:59:09.116000,-1.9704965353012085,-0.002258844440802932
2023-01-13 14:00:09.111000,-2.0299766063690186,-0.002201559953391552
2023-01-13 14:01:09.471000,-1.8595784902572632,-0.0024725778494030237
2023-01-13 14:02:09.091000,-1.9437382221221924,-0.002230818150565028
2023-01-13 14:03:09.198000,-1.5594393014907837,-0.0023943400010466576
2023-01-13 14:04:09.328000,-1.25788414478302,-0.0022562500089406967
2023-01-13 14:05:10.150000,-1.2011111974716187,-0.002378952456638217
2023-01-13 14:06:09.268000,-1.3736356496810913,-0.002280211541801691
2023-01-13 14:07:09.325000,-1.3329976797103882,-0.0021143914200365543
2023-01-13 14:08:09.196000,-1.732585072517395,-0.0024376744404435158
2023-01-13 14:09:09.306000,-3.097060203552246,-0.0022390407975763083
2023-01-13 14:10:09.099000,-2.9803478717803955,-0.002253877464681864
2023-01-13 14:11:09.284000,-1.0657548904418945,-0.002102925907820463
2023-01-13 14:12:09.043000,-0.9449901580810547,-0.0023326738737523556
2023-01-13 14:13:09.233000,-1.1578946113586426,-0.002238229149952531
2023-01-13 14:14:09.227000,-0.9830986857414246,-0.002442645840346813
2023-01-13 14:15:09.095000,-0.8858985900878906,-0.0022666086442768574
2023-01-13 14:16:09.139000,-0.9543235898017883,-0.002260759938508272
2023-01-13 14:17:09.100000,-0.9069121479988098,-0.0022540600039064884
2023-01-13 14:18:09.314000,-0.7898910045623779,-0.002231351798400283
2023-01-13 14:19:09.096000,-0.8276875019073486,-0.0022524422965943813
2023-01-13 14:20:09.236000,-0.8105509281158447,-0.002271659905090928
2023-01-13 14:21:09.016000,-0.9205919504165649,-0.002197840018197894
2023-01-13 14:22:09.147000,-0.9663204550743103,-0.002309632720425725
2023-01-13 14:23:09.317000,-0.875974178314209,-0.002246933290734887
2023-01-13 14:24:09.053000,-0.8572767376899719,-0.0022970465943217278
2023-01-13 14:25:09.270000,-0.8525875806808472,-0.002472391352057457
2023-01-13 14:26:09.104000,-0.8894056081771851,-0.002087428467348218
2023-01-13 14:27:09.166000,-0.7125883102416992,-0.0022887708619236946
2023-01-13 14:28:09.204000,-0.8064171671867371,-0.0022089777048677206
2023-01-13 14:29:09.081000,-0.9469059705734253,-0.002249720972031355
2023-01-13 14:30:09.253000,-0.7995728254318237,-0.002326450077816844
2023-01-13 14:31:09.105000,-0.7598091959953308,-0.0023784865625202656
2023-01-13 14:32:09.050000,-0.7491522431373596,-0.0023027057759463787
2023-01-13 14:33:09.260000,-0.8276820778846741,-0.0022332954686135054
2023-01-13 14:34:09.169000,-0.8561914563179016,-0.002374177798628807
2023-01-13 14:35:08.951000,-0.7532156109809875,-0.0022530979476869106
2023-01-13 14:36:09.353000,-0.6404728889465332,-0.00218817382119596
2023-01-13 14:37:09.140000,-0.6796814203262329,-0.0023352978751063347
2023-01-13 14:38:09.213000,-0.7827712297439575,-0.0024004883598536253
2023-01-13 14:39:09.284000,-0.7849660515785217,-0.0023879348300397396
2023-01-13 14:40:09.151000,-0.8431814312934875,-0.002341897925361991
2023-01-13 14:41:09.003000,-0.8506996035575867,-0.002353040734305978
2023-01-13 14:42:09.172000,-1.0207985639572144,-0.002241319976747036
2023-01-13 14:43:09.060000,-1.2062374353408813,-0.002359145786613226
2023-01-13 14:44:09.029000,-1.1942455768585205,-0.002492000116035342
2023-01-13 14:45:09.015000,-1.0447752475738525,-0.002300624968484044
2023-01-13 14:46:09.196000,-0.9117589592933655,-0.0021726724226027727
2023-01-13 14:47:09.130000,-0.7580310106277466,-0.0021347999572753906
2023-01-13 14:48:09.191000,-0.7879676222801208,-0.002000449923798442
2023-01-13 14:49:09.092000,-0.6111866235733032,-0.0021462563890963793
2023-01-13 14:50:09.141000,-0.6959137320518494,-0.002459468087181449
2023-01-13 14:51:09.091000,-0.7353683710098267,-0.001971340971067548
2023-01-13 14:52:09.107000,-0.7976868152618408,-0.002117945346981287
2023-01-13 14:53:09.245000,-0.7074206471443176,-0.002128033898770809
2023-01-13 14:54:09.030000,-0.6229079365730286,-0.0023982273414731026
2023-01-13 14:55:09.061000,-0.7193873524665833,-0.0025073683355003595
2023-01-13 14:56:09.087000,-0.7138224840164185,-0.002269849879667163
2023-01-13 14:57:09.156000,-0.6004889011383057,-0.0022143034730106592
2023-01-13 14:58:09.127000,-0.4982002377510071,-0.0019055556040257215
2023-01-13 14:59:09.124000,-0.5924139022827148,-0.0021007072646170855
2023-01-13 15:00:09.327000,-0.6478301286697388,-0.0018797812517732382
2023-01-13 15:01:09.075000,-0.6569747924804688,-0.001943741925060749
2023-01-13 15:02:08.983000,-0.8647184371948242,-0.001964791677892208
2023-01-13 15:03:09.103000,-0.7390748262405396,-0.0021289412397891283
2023-01-13 15:04:09.131000,-0.7780084013938904,-0.0023822856601327658
2023-01-13 15:05:09.296000,-0.8213226199150085,-0.0021704998798668385
2023-01-13 15:06:09.375000,-0.8662406206130981,-0.0021223200019448996
2023-01-13 15:07:09.235000,-0.8873064517974854,-0.002368730725720525
2023-01-13 15:08:09.153000,-0.6603299975395203,-0.0019063913496211171
2023-01-13 15:09:09.082000,-0.7492953538894653,-0.002570441225543618
2023-01-13 15:10:09.155000,-0.859369695186615,-0.0026019089855253696
2023-01-13 15:11:09.019000,-0.8314551711082458,-0.001875750022009015
2023-01-13 15:12:09.051000,-0.8021360039710999,-0.0018970000091940165
2023-01-13 15:13:09.219000,-0.6353289484977722,-0.0019843808840960264
2023-01-13 15:14:09.073000,-0.6598719358444214,-0.002346763154491782
2023-01-13 15:15:09.026000,-0.525338888168335,-0.0027156362775713205
2023-01-13 15:16:09.062000,-0.5707758069038391,-0.0015468888450413942
2023-01-13 15:17:09.040000,-0.7431254386901855,-0.002372969640418887
2023-01-13 15:18:09.168000,-0.621168315410614,-0.0020066387951374054
2023-01-13 15:19:09.323000,-0.6061976552009583,-0.0024481427390128374
2023-01-13 15:20:09.265000,-0.5884363651275635,-0.002506999997422099
2023-01-13 15:21:08.977000,-0.6473267078399658,-0.002182190539315343
2023-01-13 15:22:08.992000,-0.5970039367675781,-0.0016550312284380198
2023-01-13 15:23:09.065000,-0.6619024276733398,-0.002756959293037653
2023-01-13 15:24:09.042000,-0.8268686532974243,-0.0021306427661329508
2023-01-13 15:25:08.832000,-0.7123762369155884,-0.0027478367555886507
2023-01-13 15:26:09.012000,-0.4932164251804352,-0.0027132390532642603
2023-01-13 15:27:09.153000,-0.451447457075119,-0.0021872692741453648
2023-01-13 15:28:09.157000,-0.5850135087966919,-0.002452960703521967
2023-01-13 15:29:09.242000,-0.5277310013771057,-0.001899719936773181
2023-01-13 15:30:09.184000,-0.5780797600746155,-0.0028871665708720684
2023-01-13 15:31:08.978000,-0.5188422799110413,-0.002047410234808922
2023-01-13 15:32:09.169000,-0.5308859944343567,-0.0019660682883113623
2023-01-13 15:33:09.117000,-0.6079761385917664,-0.0017446862766519189
2023-01-13 15:34:08.934000,-0.6042410731315613,-0.002308324910700321
2023-01-13 15:35:08.940000,-0.4806869328022003,-0.0026810243725776672
2023-01-13 15:36:08.981000,-0.5123265385627747,-0.0027261110953986645
2023-01-13 15:37:08.995000,-0.68392014503479,-0.0020443403627723455
2023-01-13 15:38:09.042000,-0.6203160285949707,-0.0023802046198397875
2023-01-13 15:39:09.289000,-0.4951690435409546,-0.0017923617269843817
2023-01-13 15:40:09.013000,-0.502841055393219,-0.0024441590066999197
2023-01-13 15:41:09.031000,-0.604469895362854,-0.0020133035723119974
2023-01-13 15:42:09.076000,-0.6600708961486816,-0.0022205000277608633
2023-01-13 15:43:09.125000,-0.7909438610076904,-0.0020036757923662663
2023-01-13 15:44:08.988000,-0.7151979207992554,-0.0027314499020576477
2023-01-13 15:45:08.919000,-0.7073797583580017,-0.002168439095839858
2023-01-13 15:46:08.901000,-0.7821996808052063,-0.0021954048424959183
2023-01-13 15:47:09.038000,-0.7543978095054626,-0.0018266949336975813
2023-01-13 15:48:09.239000,-0.655880331993103,-0.0028076060116291046
2023-01-13 15:49:08.929000,-0.6338520050048828,-0.003120468696579337
2023-01-13 15:50:08.928000,-0.629167377948761,-0.0019143570680171251
2023-01-13 15:51:09.168000,-0.7449702620506287,-0.0024691701401025057
2023-01-13 15:52:09.193000,-0.7420337200164795,-0.0024543749168515205
2023-01-13 15:53:08.940000,-0.685194730758667,-0.0015925000188872218
2023-01-13 15:54:09.327000,-0.4897722005844116,-0.002631685696542263
2023-01-13 15:55:09.065000,-0.5527713298797607,-0.002219081623479724
2023-01-13 15:56:08.955000,-0.5455889105796814,-0.0025541142094880342
2023-01-13 15:57:08.946000,-0.5774415731430054,-0.0017481750110164285
2023-01-13 15:58:09.004000,-0.6564646363258362,-0.0017178572015836835
2023-01-13 15:59:08.905000,-0.6840870380401611,-0.0015644872328266501
2023-01-13 16:00:09.050000,-0.582961916923523,-0.0022828378714621067
2023-01-13 16:01:08.945000,-0.5153329372406006,-0.002905020024627447
2023-01-13 16:02:08.949000,-0.48492106795310974,-0.0020786889363080263
2023-01-13 16:03:08.992000,-0.5006667971611023,-0.0024546750355511904
2023-01-13 16:04:08.952000,-0.503915011882782,-0.0017656785203143954
2023-01-13 16:05:08.918000,-0.4953738749027252,-0.002549639903008938
2023-01-13 16:06:08.940000,-0.44451990723609924,-0.0019918775651603937
2023-01-13 16:07:09.004000,-0.5508992075920105,-0.002521723508834839
2023-01-13 16:08:08.985000,-0.7196337580680847,-0.0022395651321858168
2023-01-13 16:09:09.147000,-0.7793889045715332,-0.0024363589473068714
2023-01-13 16:10:08.908000,-0.8154747486114502,-0.0023852449376136065
2023-01-13 16:11:09.155000,-0.8358774781227112,-0.002421960001811385
2023-01-13 16:12:09.142000,-0.7435100674629211,-0.0027218421455472708
2023-01-13 16:13:08.911000,-0.6266806721687317,-0.0027042708825320005
2023-01-13 16:14:09.188000,-0.6342302560806274,-0.002358780475333333
2023-01-13 16:15:08.740000,-0.6129535436630249,-0.0016529090935364366
2023-01-13 16:16:09.116000,-0.5780415534973145,-0.0021467923652380705
2023-01-13 16:17:08.898000,-0.6611962914466858,-0.0029317059088498354
2023-01-13 16:18:08.954000,-0.5980710983276367,-0.0026837678160518408
2023-01-13 16:19:09.087000,-0.47208213806152344,-0.002229757606983185
2023-01-13 16:20:09.093000,-0.49942445755004883,-0.002206339966505766
2023-01-13 16:21:09.159000,-0.437276154756546,-0.002276976825669408
2023-01-13 16:22:09.025000,-0.5426895618438721,-0.0022238928359001875
2023-01-13 16:23:09,-0.5096865296363831,-0.002666173968464136
2023-01-13 16:24:09.114000,-0.5219751596450806,-0.002087647095322609
2023-01-13 16:25:09.042000,-0.6149744987487793,-0.0028121364302933216
2023-01-13 16:26:08.876000,-0.6711430549621582,-0.002985999919474125
2023-01-13 16:27:09.095000,-0.6927897334098816,-0.0030744443647563457
2023-01-13 16:28:08.860000,-0.5363624691963196,-0.002417340874671936
2023-01-13 16:29:08.952000,-0.4939671754837036,-0.0018361799884587526
2023-01-13 16:30:08.981000,-0.5541180968284607,-0.0026313913986086845
2023-01-13 16:31:09.087000,-0.4773417115211487,-0.0022105227690190077
2023-01-13 16:32:08.956000,-0.4804045259952545,-0.0020081428810954094
2023-01-13 16:33:09.093000,-0.436644583940506,-0.0019103207159787416
2023-01-13 16:34:08.843000,-0.37128204107284546,-0.0021980435121804476
2023-01-13 16:35:08.972000,-0.45278793573379517,-0.0026352652348577976
2023-01-13 16:36:09.069000,-0.5382118821144104,-0.0019184898119419813
2023-01-13 16:37:08.876000,-0.5095117092132568,-0.0026902221143245697
2023-01-13 16:38:08.895000,-0.49492329359054565,-0.0024631021078675985
2023-01-13 16:39:08.847000,-0.5559772849082947,-0.0021732307504862547
2023-01-13 16:40:08.969000,-0.4227707087993622,-0.002290510106831789
2023-01-13 16:41:09.094000,-0.5009355545043945,-0.002290541771799326
2023-01-13 16:42:09.030000,-0.540077269077301,-0.0025085960514843464
2023-01-13 16:43:08.981000,-0.4862836003303528,-0.0022820832673460245
2023-01-13 16:44:08.938000,-0.4465697407722473,-0.0022156829945743084
2023-01-13 16:45:09.039000,-0.6970258951187134,-0.0022972244769334793
2023-01-13 16:46:08.857000,-0.7764581441879272,-0.0024118695873767138
2023-01-13 16:47:08.986000,-0.7152334451675415,-0.0021277812775224447
2023-01-13 16:48:09.036000,-0.6337549090385437,-0.0027160565368831158
2023-01-13 16:49:08.957000,-0.6097069978713989,-0.002593708224594593
2023-01-13 16:50:09.063000,-0.5410941243171692,-0.0027190435212105513
2023-01-13 16:51:09.159000,-0.7347396016120911,-0.0017531891353428364
2023-01-13 16:52:08.828000,-0.7009543776512146,-0.0021177800372242928
2023-01-13 16:53:08.915000,-0.6935297846794128,-0.001990227261558175
2023-01-13 16:54:08.904000,-0.6952337622642517,-0.002730174921452999
2023-01-13 16:55:09.170000,-0.662092387676239,-0.0023212600499391556
2023-01-13 16:56:09.063000,-0.7103657722473145,-0.0017136000096797943
2023-01-13 16:57:08.930000,-0.6691449880599976,-0.0023641400039196014
2023-01-13 16:58:09.004000,-0.6458231806755066,-0.0022094694431871176
2023-01-13 16:59:08.918000,-0.6985275745391846,-0.002579075051471591
2023-01-13 17:00:08.836000,-0.840307354927063,-0.0023668461944907904
2023-01-13 17:01:09.003000,-0.803840160369873,-0.0020882058888673782
2023-01-13 17:02:08.925000,-0.7745471596717834,-0.0018431509379297495
2023-01-13 17:03:08.846000,-0.6288115978240967,-0.0019914412405341864
2023-01-13 17:04:09.050000,-0.5638242363929749,-0.002945931861177087
2023-01-13 17:05:08.892000,-0.5220789313316345,-0.0023403684608638287
2023-01-13 17:06:08.908000,-0.5017028450965881,-0.0017210475634783506
2023-01-13 17:07:08.928000,-0.45152604579925537,-0.002199148992076516
2023-01-13 17:08:08.837000,-0.4455007314682007,-0.002443394623696804
2023-01-13 17:09:09.515000,-0.47150129079818726,-0.0022462368942797184
2023-01-13 17:10:08.868000,-0.5218172073364258,-0.0029469411820173264
2023-01-13 17:11:08.962000,-0.698786735534668,-0.002717893570661545
2023-01-13 17:12:09.048000,-0.7403597235679626,-0.0023437407799065113
2023-01-13 17:13:08.863000,-0.7248861789703369,-0.002662526210770011
2023-01-13 17:14:09.057000,-0.7151827812194824,-0.001877195667475462
2023-01-13 17:15:08.871000,-0.6702144742012024,-0.002522463444620371
2023-01-13 17:16:08.974000,-0.919341504573822,-0.0029500944074243307
2023-01-13 17:17:08.955000,-0.8747626543045044,-0.0015881190774962306
2023-01-13 17:18:09.011000,-0.7758558988571167,-0.0023678333964198828
2023-01-13 17:19:08.907000,-0.7671548128128052,-0.002908488269895315
2023-01-13 17:20:08.901000,-0.8067097663879395,-0.0020767368841916323
2023-01-13 17:21:09.027000,-0.7829328775405884,-0.002390052657574415
2023-01-13 17:22:08.800000,-0.7598387598991394,-0.00214874348603189
2023-01-13 17:23:08.928000,-0.7782623171806335,-0.0023998285178095102
2023-01-13 17:24:08.841000,-0.7877540588378906,-0.0022970333229750395
2023-01-13 17:25:08.979000,-0.7306815385818481,-0.0028313077054917812
2023-01-13 17:26:09.074000,-0.7665484547615051,-0.0024834347423166037
2023-01-13 17:27:08.973000,-0.6755374670028687,-0.0022370999213308096
2023-01-13 17:28:08.927000,-0.6966307163238525,-0.0021621135529130697
2023-01-13 17:29:08.968000,-0.7135066390037537,-0.0020911633037030697
2023-01-13 17:30:08.936000,-0.7398052215576172,-0.00257920753210783
2023-01-13 17:31:08.933000,-0.7869506478309631,-0.002069864422082901
2023-01-13 17:32:09.085000,-0.7435144782066345,-0.0026179056148976088
2023-01-13 17:33:08.789000,-0.568116307258606,-0.002426695544272661
2023-01-13 17:34:09.038000,-0.6709443926811218,-0.002387200016528368
2023-01-13 17:35:08.916000,-0.6097728610038757,-0.002028313698247075
2023-01-13 17:36:08.956000,-0.635918378829956,-0.0024870624765753746
2023-01-13 17:37:08.923000,-0.42374977469444275,-0.002643785672262311
2023-01-13 17:38:08.888000,-0.4118849039077759,-0.002443874953314662
2023-01-13 17:39:08.903000,-0.5297815203666687,-0.0026078438386321068
2023-01-13 17:40:08.860000,-0.5266116857528687,-0.0022498909384012222
2023-01-13 17:41:08.809000,-0.48218175768852234,-0.002267533214762807
2023-01-13 17:42:08.764000,-0.48565006256103516,-0.0026530243922024965
2023-01-13 17:43:08.898000,-0.542599081993103,-0.0024539795704185963
2023-01-13 17:44:09.012000,-0.6140143871307373,-0.0024646923411637545
2023-01-13 17:45:08.944000,-0.5761635303497314,-0.002203155541792512
2023-01-13 17:46:08.796000,-0.4937500059604645,-0.002140685683116317
2023-01-13 17:47:09.007000,-0.4882657825946808,-0.002779406262561679
2023-01-13 17:48:09.118000,-0.6745858788490295,-0.002536349929869175
2023-01-13 17:49:08.952000,-0.8101391196250916,-0.002242384711280465
2023-01-13 17:50:08.784000,-0.7126204371452332,-0.002214269246906042
2023-01-13 17:51:09.029000,-0.7342839241027832,-0.0024502272717654705
2023-01-13 17:52:08.905000,-0.7641929388046265,-0.0024157941807061434
2023-01-13 17:53:08.999000,-0.7542628645896912,-0.0023975237272679806
2023-01-13 17:54:08.842000,-0.9032107591629028,-0.0024590790271759033
2023-01-13 17:55:08.789000,-0.8490457534790039,-0.0020535150542855263
2023-01-13 17:56:09.054000,-0.7177508473396301,-0.0022046128287911415
2023-01-13 17:57:08.807000,-0.6397838592529297,-0.002306928625330329
2023-01-13 17:58:08.858000,-0.6681634783744812,-0.002519765868782997
2023-01-13 17:59:08.780000,-0.6930815577507019,-0.0020965489093214273
2023-01-13 18:00:08.904000,-0.684008002281189,-0.002170650055631995
2023-01-13 18:01:08.857000,-0.616550624370575,-0.0026508162263780832
2023-01-13 18:02:08.785000,-0.6162972450256348,-0.002512000035494566
2023-01-13 18:03:08.776000,-0.6441981792449951,-0.002185769146308303
2023-01-13 18:04:08.740000,-0.650553822517395,-0.0023899574298411608
2023-01-13 18:05:08.780000,-0.6082407832145691,-0.0019729998894035816
2023-01-13 18:06:08.908000,-0.5274511575698853,-0.0020030185114592314
2023-01-13 18:07:09.018000,-0.48755472898483276,-0.002185890916734934
2023-01-13 18:08:08.892000,-0.5635673403739929,-0.0023788204416632652
2023-01-13 18:09:08.833000,-0.744025707244873,-0.0027388723101466894
2023-01-13 18:10:08.952000,-0.7330284118652344,-0.00215407507494092
2023-01-13 18:11:08.790000,-0.6775532364845276,-0.002485518576577306
2023-01-13 18:12:08.836000,-0.7485960125923157,-0.0026633397210389376
2023-01-13 18:13:08.965000,-0.8082500696182251,-0.002569936215877533
2023-01-13 18:14:08.774000,-0.7977445125579834,-0.0025565000250935555
2023-01-13 18:15:08.810000,-0.7620870471000671,-0.0019896249286830425
2023-01-13 18:16:08.869000,-0.9035022854804993,-0.0023240556474775076
2023-01-13 18:17:08.840000,-0.7971697449684143,-0.0023074473720043898
2023-01-13 18:18:08.806000,-0.7103539705276489,-0.002290307777002454
2023-01-13 18:19:08.826000,-0.8223966956138611,-0.0024420232512056828
2023-01-13 18:20:08.694000,-0.6767469644546509,-0.0025464564096182585
2023-01-13 18:21:08.793000,-0.6693939566612244,-0.0022416040301322937
2023-01-13 18:22:08.825000,-0.6690790057182312,-0.002345999935641885
2023-01-13 18:23:08.799000,-0.6427640318870544,-0.0026558649260550737
2023-01-13 18:24:09.016000,-0.6479235291481018,-0.0025059999898076057
2023-01-13 18:25:08.874000,-0.7133080363273621,-0.0026215349789708853
2023-01-13 18:26:08.822000,-0.8051846623420715,-0.0028922888450324535
2023-01-13 18:27:08.732000,-0.7748028635978699,-0.002335102530196309
2023-01-13 18:28:08.725000,-0.691938579082489,-0.002209022641181946
2023-01-13 18:29:09.006000,-0.812020480632782,-0.0026150376070290804
2023-01-13 18:30:08.824000,-0.820658802986145,-0.002368280664086342
2023-01-13 18:31:08.965000,-0.7492715120315552,-0.0021158268209546804
2023-01-13 18:32:08.904000,-0.6959598064422607,-0.0027557089924812317
2023-01-13 18:33:08.771000,-0.8187066316604614,-0.0026352142449468374
2023-01-13 18:34:08.754000,-0.7575553059577942,-0.0027218665927648544
2023-01-13 18:35:08.888000,-0.7125858068466187,-0.002400478348135948
2023-01-13 18:36:09.091000,-0.6070424914360046,-0.0024968250654637814
2023-01-13 18:37:08.897000,-0.6201759576797485,-0.0020316443406045437
2023-01-13 18:38:08.708000,-0.7436405420303345,-0.002690274966880679
2023-01-13 18:39:09.041000,-0.6484675407409668,-0.0022076889872550964
2023-01-13 18:40:08.749000,-0.6615035533905029,-0.0021409443579614162
2023-01-13 18:41:08.872000,-0.6706571578979492,-0.002375576877966523
2023-01-13 18:42:08.746000,-0.7275084257125854,-0.0024385282304137945
2023-01-13 18:43:08.903000,-0.8065627217292786,-0.002237624954432249
2023-01-13 18:44:08.738000,-0.7661739587783813,-0.0022413695696741343
2023-01-13 18:45:08.766000,-0.5999990105628967,-0.002598794875666499
2023-01-13 18:46:08.764000,-0.497007817029953,-0.0023041251115500927
2023-01-13 18:47:08.903000,-0.5016365051269531,-0.0020461087115108967
2023-01-13 18:48:08.970000,-0.4748667776584625,-0.002262239111587405
2023-01-13 18:49:08.791000,-0.663331151008606,-0.0026472744066268206
2023-01-13 18:50:08.726000,-0.6633754968643188,-0.0018528809305280447
2023-01-13 18:51:08.784000,-0.6390652060508728,-0.002255041617900133
2023-01-13 18:52:08.741000,-0.8000344634056091,-0.001951756770722568
2023-01-13 18:53:08.787000,-0.5881768465042114,-0.0018935577245429158
2023-01-13 18:54:08.803000,-0.4945295453071594,-0.002428059931844473
2023-01-13 18:55:08.997000,-0.5601034760475159,-0.0029090391471982002
2023-01-13 18:56:08.844000,-0.5609184503555298,-0.0027935344260185957
2023-01-13 18:57:08.707000,-0.5904316306114197,-0.0024028599727898836
2023-01-13 18:58:08.794000,-0.55278080701828,-0.0017869796138256788
2023-01-13 18:59:08.797000,-0.5145406126976013,-0.002340588252991438
2023-01-13 19:00:08.830000,-0.6486121416091919,-0.002676444360986352
2023-01-13 19:01:08.784000,-0.5871083736419678,-0.002448159968480468
2023-01-13 19:02:08.837000,-0.5134860873222351,-0.002139116171747446
2023-01-13 19:03:08.966000,-0.6609528064727783,-0.0021093408577144146
2023-01-13 19:04:08.759000,-0.8540072441101074,-0.002026163274422288
2023-01-13 19:05:08.706000,-0.7565402388572693,-0.002281811321154237
2023-01-13 19:06:08.958000,-0.6878955960273743,-0.0023205438628792763
2023-01-13 19:07:08.888000,-0.704879105091095,-0.0024669445119798183
2023-01-13 19:08:08.706000,-0.6976950764656067,-0.002842205809429288
2023-01-13 19:09:08.837000,-0.7039401531219482,-0.0021648823749274015
2023-01-13 19:10:08.758000,-0.5694364309310913,-0.0027178702875971794
2023-01-13 19:11:08.702000,-0.47308221459388733,-0.002416368341073394
2023-01-13 19:12:08.746000,-0.5012539625167847,-0.0022922963835299015
2023-01-13 19:13:08.765000,-0.5739845633506775,-0.0019489600090309978
2023-01-13 19:14:08.740000,-0.5641770958900452,-0.0027465715538710356
2023-01-13 19:15:08.887000,-0.5641348361968994,-0.002571739023551345
2023-01-13 19:16:08.720000,-0.6730741858482361,-0.002357459394261241
2023-01-13 19:17:08.677000,-0.7387496829032898,-0.0025715434458106756
2023-01-13 19:18:08.808000,-0.7673199772834778,-0.0026490408927202225
2023-01-13 19:19:08.907000,-0.8110833764076233,-0.002633211435750127
2023-01-13 19:20:08.900000,-0.7757619619369507,-0.00225301762111485
2023-01-13 19:21:08.898000,-0.5922446250915527,-0.002513911109417677
2023-01-13 19:22:08.867000,-0.5788097977638245,-0.002324723405763507
2023-01-13 19:23:08.776000,-0.5807850956916809,-0.0024357193615287542
2023-01-13 19:24:08.782000,-0.5839195251464844,-0.0023425237741321325
2023-01-13 19:25:08.789000,-0.5067188143730164,-0.0023847499396651983
2023-01-13 19:26:08.834000,-0.5285739898681641,-0.0023182693403214216
2023-01-13 19:27:08.754000,-0.5131531357765198,-0.0023557948879897594
2023-01-13 19:28:08.825000,-0.5068032741546631,-0.0024327142164111137
2023-01-13 19:29:08.804000,-0.48709994554519653,-0.002442488446831703
2023-01-13 19:30:08.565000,-0.3378835618495941,-0.002476660767570138
2023-01-13 19:31:08.697000,-0.44419366121292114,-0.002151826862245798
2023-01-13 19:32:08.676000,-0.39524078369140625,-0.0023521080147475004
2023-01-13 19:33:08.789000,-0.3619178533554077,-0.002518957480788231
2023-01-13 19:34:08.671000,-0.4356081187725067,-0.0024692954029887915
2023-01-13 19:35:08.677000,-0.4549519419670105,-0.002632977208122611
2023-01-13 19:36:08.772000,-0.4727781414985657,-0.0026004116516560316
2023-01-13 19:37:08.718000,-0.4753009080886841,-0.0026833091396838427
2023-01-13 19:38:08.821000,-0.720063328742981,-0.0021744000259786844
2023-01-13 19:39:08.793000,-0.6487599611282349,-0.0024982162285596132
2023-01-13 19:40:08.588000,-0.40612420439720154,-0.0024866200983524323
2023-01-13 19:41:08.722000,-0.43719127774238586,-0.0025965101085603237
2023-01-13 19:42:08.663000,-0.48026084899902344,-0.0021718500647693872
2023-01-13 19:43:08.696000,-0.4934656620025635,-0.0024092888925224543
2023-01-13 19:44:08.735000,-0.5162017345428467,-0.002243249909952283
2023-01-13 19:45:08.926000,-0.43791186809539795,-0.003064489457756281
2023-01-13 19:46:08.735000,-0.5065291523933411,-0.002300313673913479
2023-01-13 19:47:08.765000,-0.5313549041748047,-0.0027928268536925316
2023-01-13 19:48:08.645000,-0.5783216953277588,-0.002382877981290221
2023-01-13 19:49:08.698000,-0.580945611000061,-0.0023689756635576487
2023-01-13 19:50:08.694000,-0.44522595405578613,-0.0014673250261694193
2023-01-13 19:51:08.681000,-0.47567951679229736,-0.0017366388346999884
2023-01-13 19:52:08.697000,-0.5029983520507812,-0.0026773333083838224
2023-01-13 19:53:08.756000,-0.6242282390594482,-0.002873642835766077
2023-01-13 19:54:08.623000,-0.7788548469543457,-0.0020830545108765364
2023-01-13 19:55:08.765000,-0.7560579776763916,-0.0020301665645092726
2023-01-13 19:56:08.718000,-0.7328521609306335,-0.0028585472609847784
2023-01-13 19:57:08.593000,-0.6844015121459961,-0.0025442340411245823
2023-01-13 19:58:08.685000,-0.5491342544555664,-0.0017894799821078777
2023-01-13 19:59:08.814000,-0.6484319567680359,-0.0017115455120801926
2023-01-13 20:00:08.606000,-0.6215878129005432,-0.001986500108614564
2023-01-13 20:01:08.596000,-0.6628329157829285,-0.00208890694193542
2023-01-13 20:02:08.774000,-0.6416131854057312,-0.00243012816645205
2023-01-13 20:03:08.751000,-0.5914337038993835,-0.0029245761688798666
2023-01-13 20:04:08.852000,-0.5959368348121643,-0.0029305091593414545
2023-01-13 20:05:08.648000,-0.6192483901977539,-0.0026493952609598637
2023-01-13 20:06:08.897000,-0.7049944400787354,-0.002670232206583023
2023-01-13 20:07:08.719000,-0.7349074482917786,-0.0028306415770202875
2023-01-13 20:08:08.583000,-0.5090691447257996,-0.0026818180922418833
2023-01-13 20:09:09.135000,-0.5602389574050903,-0.002103199949488044
2023-01-13 20:10:08.762000,-0.5914185643196106,-0.002403675578534603
2023-01-13 20:11:08.848000,-0.6410229802131653,-0.002184648532420397
2023-01-13 20:12:08.747000,-0.6279129385948181,-0.0020712423138320446
2023-01-13 20:13:08.807000,-0.6475529670715332,-0.002349956426769495
2023-01-13 20:14:08.726000,-0.6765710711479187,-0.0024214047007262707
2023-01-13 20:15:08.729000,-0.6563834547996521,-0.0025599999353289604
2023-01-13 20:16:08.698000,-0.48754286766052246,-0.002636604243889451
2023-01-13 20:17:08.631000,-0.6881653070449829,-0.0026973572093993425
2023-01-13 20:18:08.625000,-1.5411816835403442,-0.0022382186725735664
2023-01-13 20:19:08.655000,-0.7950770258903503,-0.0023577380925416946
2023-01-13 20:20:08.518000,-0.8726584911346436,-0.0022882954217493534
2023-01-13 20:21:08.826000,-0.9829530715942383,-0.002660261932760477
2023-01-13 20:22:08.625000,-1.115759015083313,-0.0023167026229202747
2023-01-13 20:23:08.826000,-1.0368518829345703,-0.0025159697979688644
2023-01-13 20:24:08.700000,-0.9877073168754578,-0.0025586176197975874
2023-01-13 20:25:08.830000,-1.270434856414795,-0.0029856818728148937
2023-01-13 20:26:08.575000,-1.1503537893295288,-0.002124904654920101
2023-01-13 20:27:08.639000,-1.5653421878814697,-0.002113641006872058
2023-01-13 20:28:08.625000,-1.3187341690063477,-0.0022578947246074677
2023-01-13 20:29:08.697000,-1.1641186475753784,-0.002053000032901764
2023-01-13 20:30:08.631000,-0.9591671228408813,-0.002085714368149638
2023-01-13 20:31:08.869000,-0.9179431796073914,-0.002653970615938306
2023-01-13 20:32:08.745000,-1.1460455656051636,-0.002145871054381132
2023-01-13 20:33:08.691000,-0.983161985874176,-0.002155631547793746
2023-01-13 20:34:08.594000,-0.9790176153182983,-0.0022356249392032623
2023-01-13 20:35:08.726000,-1.083145260810852,-0.0025959231425076723
2023-01-13 20:36:08.650000,-1.0804858207702637,-0.003044750075787306
2023-01-13 20:37:08.881000,-0.9364059567451477,-0.0024172381963580847
2023-01-13 20:38:08.576000,-0.9198760986328125,-0.001510166679508984
2023-01-13 20:39:08.648000,-0.9943153858184814,-0.0022144285030663013
2023-01-13 20:40:08.684000,-1.0407146215438843,-0.0019995293114334345
2023-01-13 20:41:08.717000,-0.8900830745697021,-0.002185999881476164
2023-01-13 20:42:08.771000,-0.7997772693634033,-0.001984593691304326
2023-01-13 20:43:08.603000,-0.8586159944534302,-0.002646199893206358
2023-01-13 20:44:08.574000,-0.8933929800987244,-0.0028064146172255278
2023-01-13 20:45:08.691000,-0.8240571022033691,-0.0024442325811833143
2023-01-13 20:46:08.696000,-0.8320289254188538,-0.002110333414748311
2023-01-13 20:47:08.749000,-1.0047420263290405,-0.002989657921716571
2023-01-13 20:48:08.739000,-1.050301432609558,-0.002715368289500475
2023-01-13 20:49:08.680000,-0.9152902364730835,-0.00280330004170537
2023-01-13 20:50:08.620000,-0.9342915415763855,-0.002311957534402609
2023-01-13 20:51:08.595000,-0.9396745562553406,-0.0027697826735675335
2023-01-13 20:52:08.537000,-0.8255603313446045,-0.0028760889545083046
2023-01-13 20:53:08.814000,-0.816649317741394,-0.002618358936160803
2023-01-13 20:54:08.899000,-0.8914293050765991,-0.002063731662929058
2023-01-13 20:55:09.193000,-0.8195455074310303,-0.002202869625762105
2023-01-13 20:56:09.103000,-0.7834666967391968,-0.002544612158089876
2023-01-13 20:57:08.717000,-0.940922200679779,-0.002291636308655143
2023-01-13 20:58:09.189000,-0.8638160824775696,-0.0027109000366181135
2023-01-13 20:59:08.840000,-0.6183820962905884,-0.002357791643589735
2023-01-13 21:00:08.547000,-0.7372256517410278,-0.002272953512147069
2023-01-13 21:01:08.618000,-0.7162476181983948,-0.0025746976025402546
2023-01-13 21:02:08.662000,-0.6301321983337402,-0.0027045600581914186
2023-01-13 21:03:08.642000,-0.8289288282394409,-0.002545568160712719
2023-01-13 21:04:08.678000,-0.8468154072761536,-0.0026018039789050817
2023-01-13 21:05:08.435000,-0.6494746804237366,-0.0021715001203119755
2023-01-13 21:06:08.657000,-0.8366515636444092,-0.0022862630430608988
2023-01-13 21:07:08.896000,-0.9237751364707947,-0.002524288836866617
2023-01-13 21:08:08.520000,-0.8273979425430298,-0.002544645918533206
2023-01-13 21:09:08.589000,-0.7809646725654602,-0.00247119995765388
2023-01-13 21:10:08.575000,-0.9363307952880859,-0.002336952369660139
2023-01-13 21:11:08.736000,-0.8674936294555664,-0.002372386399656534
2023-01-13 21:12:08.577000,-0.782263994216919,-0.0025190243031829596
2023-01-13 21:13:08.722000,-0.856741189956665,-0.002224090974777937
2023-01-13 21:14:08.746000,-0.8849143385887146,-0.0022058181930333376
2023-01-13 21:15:08.538000,-0.67887943983078,-0.002278644358739257
2023-01-13 21:16:08.516000,-0.8397551774978638,-0.00233127037063241
2023-01-13 21:17:08.692000,-0.8510627150535583,-0.002270729746669531
2023-01-13 21:18:08.705000,-0.8051185011863708,-0.002136166673153639
2023-01-13 21:19:08.596000,-0.7088891267776489,-0.0027707358822226524
2023-01-13 21:20:08.872000,-0.8266672492027283,-0.0022534546442329884
2023-01-13 21:21:08.791000,-0.8509787917137146,-0.0021113953553140163
2023-01-13 21:22:08.957000,-0.7653636932373047,-0.0022792702075093985
2023-01-13 21:23:08.970000,-0.9480689167976379,-0.0023793030995875597
2023-01-13 21:24:08.744000,-0.9285809993743896,-0.002587642753496766
2023-01-13 21:25:08.887000,-0.7313268184661865,-0.002384734805673361
2023-01-13 21:26:08.987000,-0.8409693241119385,-0.0025829714722931385
2023-01-13 21:27:09.087000,-1.0190635919570923,-0.0023543250281363726
2023-01-13 21:28:08.916000,-0.777236819267273,-0.0017873181495815516
2023-01-13 21:29:09.083000,-0.9046822190284729,-0.0028208750300109386
2023-01-13 21:30:08.800000,-0.9155669808387756,-0.0021606667432934046
2023-01-13 21:31:08.872000,-0.8423653244972229,-0.0032442500814795494
2023-01-13 21:32:08.876000,-0.8207398653030396,-0.0032049999572336674
2023-01-13 21:33:09.051000,-0.9018747806549072,-0.002952108159661293
2023-01-13 21:34:08.834000,-0.9284940361976624,-0.0028514210134744644
2023-01-13 21:35:08.948000,-0.8161813020706177,-0.0022857878357172012
2023-01-13 21:36:08.844000,-0.8342803120613098,-0.0027102106250822544
2023-01-13 21:37:08.590000,-1.037898302078247,-0.0024341351818293333
2023-01-13 21:38:09.121000,-1.0355128049850464,-0.0024705217219889164
2023-01-13 21:39:09.079000,-0.8981632590293884,-0.0025347648188471794
2023-01-13 21:40:09.022000,-0.7715676426887512,-0.002553099999204278
2023-01-13 21:41:08.802000,-0.8954130411148071,-0.002751636318862438
2023-01-13 21:42:08.530000,-0.7789232134819031,-0.0025943429209291935
2023-01-13 21:43:08.503000,-0.7498601078987122,-0.002504555508494377
2023-01-13 21:44:08.570000,-0.8705449104309082,-0.0023861860390752554
2023-01-13 21:45:08.704000,-0.805484414100647,-0.0020608599297702312
2023-01-13 21:46:08.664000,-0.6846980452537537,-0.002318799961358309
2023-01-13 21:47:08.761000,-0.8682534098625183,-0.0027252999134361744
2023-01-13 21:48:08.486000,-0.8069440126419067,-0.0023874565958976746
2023-01-13 21:49:08.660000,-0.696993887424469,-0.001961840083822608
2023-01-13 21:50:08.376000,-0.8203403353691101,-0.00262609519995749
2023-01-13 21:51:08.563000,-0.8042625188827515,-0.0022367297206074
2023-01-13 21:52:08.556000,-0.6948292851448059,-0.00269704544916749
2023-01-13 21:53:08.573000,-0.6544625759124756,-0.002352274488657713
2023-01-13 21:54:08.470000,-0.6953374743461609,-0.0025267209857702255
2023-01-13 21:55:08.710000,-0.7278719544410706,-0.002247930271551013
2023-01-13 21:56:08.526000,-0.6662092208862305,-0.0023267115466296673
2023-01-13 21:57:08.595000,-0.8173547983169556,-0.002598881023004651
2023-01-13 21:58:08.416000,-0.9352443814277649,-0.002395526273176074
2023-01-13 21:59:08.830000,-0.7152752876281738,-0.002432078355923295
2023-01-13 22:00:08.459000,-0.8045304417610168,-0.0023930200841277838
2023-01-13 22:01:08.559000,-0.8916667699813843,-0.0024341950193047523
2023-01-13 22:02:08.564000,-0.7642545104026794,-0.0024093182291835546
2023-01-13 22:03:08.501000,-0.7559950947761536,-0.0020867357961833477
2023-01-13 22:04:08.612000,-0.7524194717407227,-0.0020139210391789675
2023-01-13 22:05:08.600000,-0.7244146466255188,-0.002380833262577653
2023-01-13 22:06:08.391000,-0.6222966313362122,-0.0021492380183190107
2023-01-13 22:07:08.492000,-0.7519374489784241,-0.0022285000886768103
2023-01-13 22:08:08.583000,-0.7968317866325378,-0.0018981635803356767
2023-01-13 22:09:08.532000,-0.6716040968894958,-0.0015804285649210215
2023-01-13 22:10:08.481000,-0.7310277223587036,-0.0023217168636620045
2023-01-13 22:11:08.551000,-0.8292381167411804,-0.0022744464222341776
2023-01-13 22:12:08.422000,-0.8049829602241516,-0.0018848205218091607
2023-01-13 22:13:08.625000,-2.1558871269226074,-0.0022543249651789665
2023-01-13 22:14:08.526000,-2.714214324951172,-0.0023739999160170555
2023-01-13 22:15:08.524000,-2.525751829147339,-0.002071474911645055
2023-01-13 22:16:08.606000,-2.1242592334747314,-0.0018869482446461916
2023-01-13 22:17:08.513000,-0.8799587488174438,-0.0020201404113322496
2023-01-13 22:18:08.504000,-1.0955580472946167,-0.002595720114186406
2023-01-13 22:19:08.564000,-1.2257190942764282,-0.0029330651741474867
2023-01-13 22:20:08.553000,-1.2986425161361694,-0.0024080416187644005
2023-01-13 22:21:08.382000,-1.329558253288269,-0.0019587776623666286
2023-01-13 22:22:08.535000,-0.9114408493041992,-0.0025489141698926687
2023-01-13 22:23:08.541000,-0.8224985599517822,-0.002612452255561948
2023-01-13 22:24:08.660000,-0.9382900595664978,-0.0019042727071791887
2023-01-13 22:25:08.532000,-0.9273995757102966,-0.002687392057850957
2023-01-13 22:26:08.479000,-0.940323531627655,-0.001987640978768468
2023-01-13 22:27:08.628000,-0.8535287976264954,-0.00191408337559551
2023-01-13 22:28:08.638000,-0.8884459137916565,-0.0022391914390027523
2023-01-13 22:29:08.484000,-2.274951457977295,-0.002496396191418171
2023-01-13 22:30:08.465000,-1.2977855205535889,-0.00229860981926322
2023-01-13 22:31:08.368000,-0.8510599732398987,-0.002283926820382476
2023-01-13 22:32:08.579000,-1.0671892166137695,-0.002212297869846225
2023-01-13 22:33:08.541000,-1.1359610557556152,-0.002373959170654416
2023-01-13 22:34:08.391000,-0.8442085385322571,-0.0020793541334569454
2023-01-13 22:35:08.415000,-0.9345420002937317,-0.0026004419196397066
2023-01-13 22:36:08.428000,-0.9626359939575195,-0.00178669230081141
2023-01-13 22:37:08.395000,-0.9072171449661255,-0.0029677499551326036
2023-01-13 22:38:08.493000,-0.7465564012527466,-0.00257775466889143
2023-01-13 22:39:08.611000,-0.9088906645774841,-0.002220048801973462
2023-01-13 22:40:08.412000,-0.5496599078178406,-0.0017947963206097484
2023-01-13 22:41:08.368000,-0.6739077568054199,-0.0016361739253625274
2023-01-13 22:42:08.515000,-0.4933692216873169,-0.002013769233599305
2023-01-13 22:43:08.359000,-0.4731976091861725,-0.0027123158797621727
2023-01-13 22:44:08.441000,-0.4782077372074127,-0.002368826884776354
2023-01-13 22:45:08.468000,-0.4759351313114166,-0.001754806493408978
2023-01-13 22:46:08.429000,-0.47644904255867004,-0.0016809782246127725
2023-01-13 22:47:08.686000,-0.5728623270988464,-0.002546000061556697
2023-01-13 22:48:08.449000,-0.5734174251556396,-0.0017251363024115562
2023-01-13 22:49:08.500000,-0.5735673308372498,-0.0021961794700473547
2023-01-13 22:50:08.474000,-0.42788970470428467,-0.002280999906361103
2023-01-13 22:51:08.396000,-0.4397340416908264,-0.002735199872404337
2023-01-13 22:52:08.571000,-0.5477402806282043,-0.0018837000243365765
2023-01-13 22:53:08.422000,-0.6325014233589172,-0.0024122223258018494
2023-01-13 22:54:08.402000,-0.5400881767272949,-0.0023818297777324915
2023-01-13 22:55:08.409000,-0.4984557628631592,-0.0021750221494585276
2023-01-13 22:56:08.410000,-0.5114473104476929,-0.0022447777446359396
2023-01-13 22:57:08.648000,-0.5286264419555664,-0.001840153825469315
2023-01-13 22:58:08.449000,-0.5507434606552124,-0.0025308832991868258
2023-01-13 22:59:08.368000,-0.5319309234619141,-0.0023637169506400824
2023-01-13 23:00:08.364000,-0.4610958397388458,-0.002677750075235963
2023-01-13 23:01:08.498000,-0.314296156167984,-0.002545102033764124
2023-01-13 23:02:08.463000,-0.35672488808631897,-0.0022561592049896717
2023-01-13 23:03:08.395000,-0.31247493624687195,-0.001893870416097343
2023-01-13 23:04:08.424000,-0.3770531415939331,-0.002013425575569272
2023-01-13 23:05:08.521000,-0.2789872884750366,-0.0027039111591875553
2023-01-13 23:06:08.642000,-0.3452098071575165,-0.0021898536942899227
2023-01-13 23:07:08.410000,-0.4212472140789032,-0.0018979428568854928
2023-01-13 23:08:08.503000,-0.5535034537315369,-0.0029825365636497736
2023-01-13 23:09:08.814000,-0.48985397815704346,-0.0030479999259114265
2023-01-13 23:10:08.259000,-0.4011526107788086,-0.0020116199739277363
2023-01-13 23:11:08.718000,-0.39422160387039185,-0.0023828695993870497
2023-01-13 23:12:08.460000,-0.3550398051738739,-0.0008000731468200684
2023-01-13 23:13:08.515000,-0.3269543945789337,0.0011767999967560172
2023-01-13 23:14:08.470000,-0.3492223918437958,-0.00022275926312431693
2023-01-13 23:15:08.542000,-0.34598302841186523,0.0007183589623309672
2023-01-13 23:16:08.393000,-0.4007822573184967,0.0004755999834742397
2023-01-13 23:17:08.537000,-0.48860669136047363,8.581578731536865e-05
2023-01-13 23:18:08.480000,-0.3361288905143738,-4.8413046897621825e-05
2023-01-13 23:19:08.480000,-0.3683490455150604,0.0008882285328581929
2023-01-13 23:20:08.517000,-0.34084948897361755,0.0009130937396548688
2023-01-13 23:21:08.449000,-0.3490574359893799,0.0007200000109151006
2023-01-13 23:22:08.488000,-0.36011987924575806,0.0004516500048339367
2023-01-13 23:23:08.456000,-0.39978349208831787,-0.0018536295974627137
2023-01-13 23:24:08.441000,-0.564436137676239,-0.0022346428595483303
2023-01-13 23:25:08.344000,-0.5753987431526184,-0.002141411881893873
2023-01-13 23:26:08.412000,-0.40906059741973877,-0.0022408750373870134
2023-01-13 23:27:08.430000,-0.30294284224510193,-0.0022674782667309046
2023-01-13 23:28:08.346000,-0.29528412222862244,0.010010193102061749
2023-01-13 23:29:08.763000,-0.29026564955711365,0.005021574907004833
2023-01-13 23:30:08.420000,-0.290692001581192,0.0005475999787449837
2023-01-13 23:31:08.448000,-0.27515897154808044,0.0020812703296542168
2023-01-13 23:32:08.301000,-0.2761707603931427,0.0051011620089411736
2023-01-13 23:33:08.373000,-0.4733520746231079,0.005687381140887737
2023-01-13 23:34:08.414000,-0.4322930872440338,0.0030432187486439943
2023-01-13 23:35:08.450000,-0.41418617963790894,0.002822684124112129
2023-01-13 23:36:08.427000,-0.44093745946884155,0.005747833289206028
2023-01-13 23:37:08.419000,-0.40960612893104553,0.005226718727499247
2023-01-13 23:38:08.359000,-0.4046156108379364,0.005955031141638756
2023-01-13 23:39:08.438000,-0.42235058546066284,0.010207083076238632
2023-01-13 23:40:08.347000,-0.4152083098888397,0.00913628563284874
2023-01-13 23:41:08.403000,-0.3316276967525482,0.008685442619025707
2023-01-13 23:42:08.417000,-0.2841621935367584,0.007111146114766598
2023-01-13 23:43:08.388000,-0.2508004903793335,0.00834860559552908
2023-01-13 23:44:08.440000,-0.3633068799972534,0.009608756750822067
2023-01-13 23:45:08.518000,-0.4543885886669159,0.010153903625905514
2023-01-13 23:46:08.500000,-0.4263656735420227,0.00876312144100666
2023-01-13 23:47:08.436000,-0.3281647861003876,0.007911068387329578
2023-01-13 23:48:08.437000,-0.3429478406906128,0.011065291240811348
2023-01-13 23:49:08.573000,-0.2971447706222534,0.012164734303951263
2023-01-13 23:50:08.408000,-0.2243807017803192,0.008674782700836658
2023-01-13 23:51:08.378000,-0.22424782812595367,0.010633367113769054
2023-01-13 23:52:08.381000,-0.22158798575401306,0.01685577817261219
2023-01-13 23:53:08.345000,-0.19805669784545898,0.01349438913166523
2023-01-13 23:54:08.476000,-0.2500268220901489,0.011448253877460957
2023-01-13 23:55:08.375000,-0.18831925094127655,0.013226818293333054
2023-01-13 23:56:08.537000,-0.22195599973201752,0.014055042527616024
2023-01-13 23:57:08.344000,-0.20391683280467987,0.018377890810370445
2023-01-13 23:58:08.438000,-0.19665247201919556,0.017992394044995308
2023-01-13 23:59:08.466000,-0.23581410944461823,0.015574674122035503
2023-01-14 00:00:08.279000,-0.27241620421409607,0.014603682793676853
2023-01-14 00:01:08.393000,-0.33039984107017517,0.017512274906039238
2023-01-14 00:02:08.476000,-0.36654311418533325,0.023259958252310753
2023-01-14 00:03:08.391000,-0.21998482942581177,0.022727737203240395
2023-01-14 00:04:08.560000,-0.20201176404953003,0.020738301798701286
2023-01-14 00:05:08.432000,-0.2442965805530548,0.023088499903678894
2023-01-14 00:06:08.458000,-0.2419128119945526,0.021363787353038788
2023-01-14 00:07:08.587000,-0.29361844062805176,0.01863262988626957
2023-01-14 00:08:08.378000,-0.28986257314682007,0.02618647925555706
2023-01-14 00:09:08.302000,-0.36010971665382385,0.03414930775761604
2023-01-14 00:10:08.413000,-0.4503931701183319,0.03530079498887062
2023-01-14 00:11:08.459000,-0.49179819226264954,0.05453897640109062
2023-01-14 00:12:08.507000,-0.44044914841651917,0.05762140452861786
2023-01-14 00:13:08.403000,-0.4578196108341217,0.06229594722390175
2023-01-14 00:14:08.414000,-0.47603869438171387,0.12383370101451874
2023-01-14 00:15:08.392000,-0.4507320523262024,0.2236657291650772
2023-01-14 00:16:08.433000,-0.43247994780540466,0.23009084165096283
2023-01-14 00:17:08.275000,-0.41250014305114746,0.22761212289333344
2023-01-14 00:18:08.236000,-0.40718287229537964,0.2146105319261551
2023-01-14 00:19:08.329000,-0.4405394494533539,0.26325270533561707
2023-01-14 00:20:08.449000,-0.38805389404296875,0.2613646984100342
2023-01-14 00:21:08.527000,-0.5791134834289551,0.27945420145988464
2023-01-14 00:22:08.337000,-0.5146605968475342,0.29851704835891724
2023-01-14 00:23:08.436000,-0.3710700273513794,0.3169005513191223
2023-01-14 00:24:08.391000,-0.3875577449798584,0.3003009855747223
2023-01-14 00:25:08.474000,-0.36940231919288635,0.2759965658187866
2023-01-14 00:26:08.369000,-0.3798113465309143,0.24035397171974182
2023-01-14 00:27:08.380000,-0.5355814099311829,0.21474434435367584
2023-01-14 00:28:08.311000,-0.2432590126991272,0.1877589076757431
2023-01-14 00:29:08.341000,-0.2774788439273834,0.14876261353492737
2023-01-14 00:30:08.204000,-0.35513582825660706,0.12492581456899643
2023-01-14 00:31:08.396000,-0.29625678062438965,0.11830368638038635
2023-01-14 00:32:08.535000,-0.35747724771499634,0.15586070716381073
2023-01-14 00:33:08.425000,-0.4075717628002167,0.1762455701828003
2023-01-14 00:34:08.350000,-0.5778564214706421,0.16127394139766693
2023-01-14 00:35:08.267000,-0.5796591639518738,0.14149916172027588
2023-01-14 00:36:08.442000,-0.5387534499168396,0.10654306411743164
2023-01-14 00:37:08.299000,-0.53098464012146,0.10345789790153503
2023-01-14 00:38:08.567000,-0.6060254573822021,0.12504275143146515
2023-01-14 00:39:08.664000,-0.5715880990028381,0.09298981726169586
2023-01-14 00:40:08.439000,-0.4734776020050049,0.1040683314204216
2023-01-14 00:41:08.381000,-0.37970924377441406,0.1228235736489296
2023-01-14 00:42:08.251000,-0.2807465195655823,0.1290438175201416
2023-01-14 00:43:08.294000,-0.24406501650810242,0.11420060694217682
2023-01-14 00:44:08.324000,-0.25749969482421875,0.11465079337358475
2023-01-14 00:45:08.395000,-0.20454615354537964,0.09341902285814285
2023-01-14 00:46:08.415000,-0.2269279509782791,0.08780539780855179
2023-01-14 00:47:08.461000,-0.2325807809829712,0.09061827510595322
2023-01-14 00:48:08.306000,-0.2246873825788498,0.0955367311835289
2023-01-14 00:49:08.545000,-0.2663179934024811,0.08363611251115799
2023-01-14 00:50:08.395000,-0.29171738028526306,0.07872816175222397
2023-01-14 00:51:08.327000,-0.2591194808483124,0.05386333167552948
2023-01-14 00:52:08.337000,-0.27698972821235657,0.020751500502228737
2023-01-14 00:53:08.303000,-0.2670086920261383,0.02092921733856201
2023-01-14 00:54:08.223000,-0.2668370306491852,0.020802021026611328
2023-01-14 00:55:08.274000,-0.2708524763584137,0.01884537562727928
2023-01-14 00:56:08.475000,-0.2836403250694275,0.023933807387948036
2023-01-14 00:57:08.302000,-0.24890930950641632,0.026753755286335945
2023-01-14 00:58:08.312000,-0.3437890410423279,0.02903929352760315
2023-01-14 00:59:08.245000,-0.4085009694099426,0.027595773339271545
2023-01-14 01:00:08.359000,-0.2780539393424988,0.02518664300441742
2023-01-14 01:01:08.261000,-0.22438861429691315,0.02857915684580803
2023-01-14 01:02:08.265000,-0.21078214049339294,0.03518705442547798
2023-01-14 01:03:08.302000,-0.21520839631557465,0.04037861153483391
2023-01-14 01:04:08.364000,-0.28311648964881897,0.04451684653759003
2023-01-14 01:05:08.313000,-0.27229854464530945,0.04498427361249924
2023-01-14 01:06:08.203000,-0.29379773139953613,0.04742536321282387
2023-01-14 01:07:08.338000,-0.2859658896923065,0.046950481832027435
2023-01-14 01:08:08.311000,-0.2845216989517212,0.047740206122398376
2023-01-14 01:09:08.249000,-0.3375805914402008,0.038497257977724075
2023-01-14 01:10:08.088000,-0.32056647539138794,0.035985756665468216
2023-01-14 01:11:08.382000,-0.3318385183811188,0.03315383195877075
2023-01-14 01:12:08.471000,-0.3529769778251648,0.040812134742736816
2023-01-14 01:13:08.442000,-0.4594627916812897,0.03564906120300293
2023-01-14 01:14:08.311000,-0.4246402680873871,0.027350137010216713
2023-01-14 01:15:08.329000,-0.45456114411354065,0.029946794733405113
2023-01-14 01:16:08.307000,-0.47120633721351624,0.02027452550828457
2023-01-14 01:17:08.504000,-0.44269824028015137,0.030644720420241356
2023-01-14 01:18:08.253000,-0.5710481405258179,0.03088931180536747
2023-01-14 01:19:08.325000,-0.5187130570411682,0.03578653931617737
2023-01-14 01:20:08.313000,-0.42462530732154846,0.036388546228408813
2023-01-14 01:21:08.315000,-0.3586682677268982,0.03735245764255524
2023-01-14 01:22:08.287000,-0.3171747624874115,0.040771082043647766
2023-01-14 01:23:08.264000,-0.35134172439575195,0.03506535291671753
2023-01-14 01:24:08.262000,-0.3621750771999359,0.039621736854314804
2023-01-14 01:25:08.191000,-0.3298519551753998,0.032244499772787094
2023-01-14 01:26:08.244000,-0.36384811997413635,0.03164586424827576
2023-01-14 01:27:08.506000,-0.34045886993408203,0.03816714137792587
2023-01-14 01:28:08.281000,-0.33609938621520996,0.026946788653731346
2023-01-14 01:29:08.294000,-0.40774640440940857,0.031033428385853767
2023-01-14 01:30:08.390000,-0.26174196600914,0.033689673990011215
2023-01-14 01:31:08.246000,-0.26681315898895264,0.044169485569000244
2023-01-14 01:32:08.287000,-0.2892109751701355,0.04870164394378662
2023-01-14 01:33:08.144000,-0.24308419227600098,0.04815808683633804
2023-01-14 01:34:08.132000,-0.2626560926437378,0.045811064541339874
2023-01-14 01:35:08.171000,-0.2898584008216858,0.041936952620744705
2023-01-14 01:36:08.155000,-0.4196305572986603,0.030959108844399452
2023-01-14 01:37:08.260000,-0.443634033203125,0.029342280700802803
2023-01-14 01:38:08.294000,-0.5447183847427368,0.041995685547590256
2023-01-14 01:39:08.181000,-0.5476903915405273,0.03287142515182495
2023-01-14 01:40:08.316000,-0.46854180097579956,0.01487400010228157
2023-01-14 01:41:08.301000,-0.41282421350479126,0.030461475253105164
2023-01-14 01:42:08.206000,-0.4399593472480774,0.042702000588178635
2023-01-14 01:43:08.313000,-0.4202618896961212,0.0399770587682724
2023-01-14 01:44:08.246000,-0.3720532953739166,0.03176426514983177
2023-01-14 01:45:08.257000,-0.3270599842071533,0.04712746664881706
2023-01-14 01:46:08.124000,-0.2932392358779907,0.04681916907429695
2023-01-14 01:47:08.212000,-0.2808081805706024,0.045885730534791946
2023-01-14 01:48:08.158000,-0.31496140360832214,0.04640665277838707
2023-01-14 01:49:08.443000,-0.2932778298854828,0.04706990346312523
2023-01-14 01:50:08.008000,-0.32400810718536377,0.04931898042559624
2023-01-14 01:51:08.267000,-0.2793085277080536,0.05035162717103958
2023-01-14 01:52:08.260000,-0.2955067753791809,0.049578871577978134
2023-01-14 01:53:08.261000,-0.2731822729110718,0.04923490807414055
2023-01-14 01:54:08.245000,-0.30717605352401733,0.049947019666433334
2023-01-14 01:55:08.262000,-0.45681217312812805,0.053431637585163116
2023-01-14 01:56:08.225000,-0.4329485595226288,0.05391630530357361
2023-01-14 01:57:08.163000,-0.38088980317115784,0.053665775805711746
2023-01-14 01:58:08.386000,-0.32902416586875916,0.059426628053188324
2023-01-14 01:59:08.394000,-0.29309093952178955,0.06223052740097046
2023-01-14 02:00:08.214000,-0.29292619228363037,0.06140913814306259
2023-01-14 02:01:08.268000,-0.31571394205093384,0.06466684490442276
2023-01-14 02:02:08.230000,-0.272386372089386,0.06571318954229355
2023-01-14 02:03:08.284000,-0.29281026124954224,0.06605831533670425
2023-01-14 02:04:08.258000,-0.3376268744468689,0.0660751461982727
2023-01-14 02:05:08.258000,-0.2914350628852844,0.06551627814769745
2023-01-14 02:06:08.242000,-0.30012646317481995,0.06288127601146698
2023-01-14 02:07:08.183000,-0.2538447976112366,0.05961828678846359
2023-01-14 02:08:08.193000,-0.2217494249343872,0.06266900151968002
2023-01-14 02:09:08.640000,-0.2760816514492035,0.06523378193378448
2023-01-14 02:10:08.191000,-0.22818775475025177,0.06331899762153625
2023-01-14 02:11:08.201000,-0.2651016414165497,0.061674561351537704
2023-01-14 02:12:08.398000,-0.2788320779800415,0.06027499958872795
2023-01-14 02:13:08.296000,-0.26124390959739685,0.05732308328151703
2023-01-14 02:14:08.088000,-0.2414645254611969,0.05806621164083481
2023-01-14 02:15:08.237000,-0.35231560468673706,0.060308873653411865
2023-01-14 02:16:08.339000,-0.4807046353816986,0.06076479330658913
2023-01-14 02:17:08.147000,-0.46973079442977905,0.05917460471391678
2023-01-14 02:18:08.081000,-0.37400442361831665,0.05743040144443512
2023-01-14 02:19:08.175000,-0.3515995442867279,0.05523482710123062
2023-01-14 02:20:08.103000,-0.3508721888065338,0.056628450751304626
2023-01-14 02:21:08.233000,-0.3681967556476593,0.05913623794913292
2023-01-14 02:22:08.319000,-0.33168473839759827,0.0568871945142746
2023-01-14 02:23:08.405000,-0.3536214530467987,0.05656539648771286
2023-01-14 02:24:08.108000,-0.3577009439468384,0.06024520844221115
2023-01-14 02:25:08.237000,-0.3805144727230072,0.06685670465230942
2023-01-14 02:26:08.193000,-0.49415478110313416,0.11223817616701126
2023-01-14 02:27:08.290000,-0.4550116956233978,0.1962931901216507
2023-01-14 02:28:08.228000,-0.42692723870277405,0.20092570781707764
2023-01-14 02:29:08.389000,-0.43318241834640503,0.2101481407880783
2023-01-14 02:30:08.024000,-0.43930700421333313,0.21159829199314117
2023-01-14 02:31:08.157000,-0.418606162071228,0.21305206418037415
2023-01-14 02:32:08.263000,-0.5594497919082642,0.2063024938106537
2023-01-14 02:33:08.098000,-0.46691349148750305,0.1991950273513794
2023-01-14 02:34:08.319000,-0.3148191273212433,0.20065821707248688
2023-01-14 02:35:08.105000,-0.29094672203063965,0.20311351120471954
2023-01-14 02:36:08.521000,-0.2763068675994873,0.1948462575674057
2023-01-14 02:37:08.192000,-0.26698553562164307,0.19851155579090118
2023-01-14 02:38:08.169000,-0.38938581943511963,0.2237878143787384
2023-01-14 02:39:08.100000,-0.3554028570652008,0.23516803979873657
2023-01-14 02:40:08.084000,-0.6160367131233215,0.2351992279291153
2023-01-14 02:41:08.362000,-0.6489164233207703,0.22152991592884064
2023-01-14 02:42:08.279000,-0.5245562195777893,0.20904652774333954
2023-01-14 02:43:08.179000,-0.5244537591934204,0.20995523035526276
2023-01-14 02:44:08.115000,-0.5313174724578857,0.21893683075904846
2023-01-14 02:45:08.098000,-0.49545931816101074,0.22533193230628967
2023-01-14 02:46:08.107000,-0.5420209169387817,0.2257411777973175
2023-01-14 02:47:08.183000,-0.5121040940284729,0.2230110913515091
2023-01-14 02:48:08.321000,-0.5165314078330994,0.21871806681156158
2023-01-14 02:49:08.161000,-0.47300589084625244,0.21188081800937653
2023-01-14 02:50:08.224000,-0.3454468846321106,0.20612968504428864
2023-01-14 02:51:08.241000,-0.2580330967903137,0.214914932847023
2023-01-14 02:52:08.301000,-0.23787474632263184,0.22498176991939545
2023-01-14 02:53:08.166000,-0.20298781991004944,0.23962025344371796
2023-01-14 02:54:08.092000,-0.2069251537322998,0.2521296739578247
2023-01-14 02:55:08.285000,-0.2294619381427765,0.2635893225669861
2023-01-14 02:56:08.308000,-0.19350381195545197,0.2835158109664917
2023-01-14 02:57:08.134000,-0.20824827253818512,0.2901364266872406
2023-01-14 02:58:08.060000,-0.2670694589614868,0.27896568179130554
2023-01-14 02:59:08.145000,-0.3095206618309021,0.2543962597846985
2023-01-14 03:00:08.178000,-0.3868072032928467,0.25746095180511475
2023-01-14 03:01:08.175000,-0.42364439368247986,0.26503217220306396
2023-01-14 03:02:08.104000,-0.33938512206077576,0.2646191418170929
2023-01-14 03:03:08.188000,-0.2699185907840729,0.2679356038570404
2023-01-14 03:04:08.171000,-0.2939929962158203,0.25585436820983887
2023-01-14 03:05:08.126000,-0.3728909194469452,0.2462443709373474
2023-01-14 03:06:08.149000,-0.38130560517311096,0.2499866783618927
2023-01-14 03:07:08.111000,-0.2873143255710602,0.24769802391529083
2023-01-14 03:08:08.079000,-0.2696283459663391,0.24351172149181366
2023-01-14 03:09:08.169000,-0.2899760603904724,0.2503341734409332
2023-01-14 03:10:07.926000,-0.33517706394195557,0.24347537755966187
2023-01-14 03:11:08.386000,-0.41278883814811707,0.22356760501861572
2023-01-14 03:12:08.067000,-0.4295722544193268,0.2121340036392212
2023-01-14 03:13:08.206000,-0.40148359537124634,0.21144263446331024
2023-01-14 03:14:08.052000,-0.3883926272392273,0.20936992764472961
2023-01-14 03:15:08.295000,-0.4233609735965729,0.2096000760793686
2023-01-14 03:16:08.087000,-0.37739256024360657,0.2176085114479065
2023-01-14 03:17:08.467000,-0.393539160490036,0.22504249215126038
2023-01-14 03:18:08.090000,-0.3889060914516449,0.214921772480011
2023-01-14 03:19:08.233000,-0.4672844409942627,0.20674437284469604
2023-01-14 03:20:08.102000,-0.604268491268158,0.2134392410516739
2023-01-14 03:21:08.165000,-0.6159136891365051,0.22531366348266602
2023-01-14 03:22:08.108000,-0.6221437454223633,0.22986114025115967
2023-01-14 03:23:08.131000,-0.5973435640335083,0.23685359954833984
2023-01-14 03:24:08.089000,-0.5950733423233032,0.2537497282028198
2023-01-14 03:25:08.048000,-0.6725040674209595,0.26248639822006226
2023-01-14 03:26:08.125000,-0.7290222644805908,0.2643398642539978
2023-01-14 03:27:08.125000,-0.5791676044464111,0.26273709535598755
2023-01-14 03:28:08.114000,-0.5684483051300049,0.2612314224243164
2023-01-14 03:29:08.086000,-0.5193380117416382,0.2683473825454712
2023-01-14 03:30:08.311000,-0.5375779271125793,0.2751779854297638
2023-01-14 03:31:08.121000,-0.5787842869758606,0.2714609205722809
2023-01-14 03:32:08.016000,-0.5183266997337341,0.2603883743286133
2023-01-14 03:33:08.163000,-0.5603342056274414,0.24854283034801483
2023-01-14 03:34:08.117000,-0.5966547131538391,0.2485392838716507
2023-01-14 03:35:08.043000,-0.5599210262298584,0.2611975371837616
2023-01-14 03:36:08.077000,-0.5852850675582886,0.25892093777656555
2023-01-14 03:37:08.161000,-0.4415322244167328,0.23999202251434326
2023-01-14 03:38:08.091000,-0.4100418984889984,0.22369824349880219
2023-01-14 03:39:08.135000,-0.3896835148334503,0.22152091562747955
2023-01-14 03:40:08.031000,-0.4040452539920807,0.22326482832431793
2023-01-14 03:41:08.106000,-0.33961132168769836,0.22803479433059692
2023-01-14 03:42:08.226000,-0.47606250643730164,0.2494802474975586
2023-01-14 03:43:08.089000,-0.47281205654144287,0.29638049006462097
2023-01-14 03:44:08.266000,-0.4708535671234131,0.354116290807724
2023-01-14 03:45:08.086000,-0.4464128017425537,0.4041496515274048
2023-01-14 03:46:08.133000,-0.6876978874206543,0.4262741506099701
2023-01-14 03:47:08.215000,-0.5832498073577881,0.4296039640903473
2023-01-14 03:48:08.208000,-0.5993176698684692,0.40996095538139343
2023-01-14 03:49:07.947000,-0.596849262714386,0.38748905062675476
2023-01-14 03:50:08.008000,-0.5667293667793274,0.4046493172645569
2023-01-14 03:51:08.141000,-0.5592455863952637,0.428065687417984
2023-01-14 03:52:08.159000,-0.49337318539619446,0.4028410017490387
2023-01-14 03:53:08.070000,-0.40302786231040955,0.43135759234428406
2023-01-14 03:54:08.063000,-0.43411681056022644,0.540010392665863
2023-01-14 03:55:08.056000,-0.4089074432849884,0.5738555788993835
2023-01-14 03:56:08.128000,-0.41002392768859863,0.505694568157196
2023-01-14 03:57:08.025000,-0.4666175842285156,0.49899861216545105
2023-01-14 03:58:07.988000,-0.3995061218738556,0.5421484708786011
2023-01-14 03:59:08.279000,-0.4091712534427643,0.5797827243804932
2023-01-14 04:00:07.968000,-0.4252253770828247,0.5897336006164551
2023-01-14 04:01:07.944000,-0.4648005962371826,0.6588891744613647
2023-01-14 04:02:08.007000,-0.46741366386413574,0.7431411743164062
2023-01-14 04:03:08.110000,-0.5108045339584351,0.7058432698249817
2023-01-14 04:04:08.056000,-0.5805278420448303,0.6851111650466919
2023-01-14 04:05:08.093000,-0.5512721538543701,0.8156155347824097
2023-01-14 04:06:08.060000,-0.4331154227256775,0.9157916903495789
2023-01-14 04:07:08.081000,-0.47757455706596375,0.826431930065155
2023-01-14 04:08:08.049000,-0.4929920434951782,0.8056071400642395
2023-01-14 04:09:08.324000,-0.4716304838657379,0.8223439455032349
2023-01-14 04:10:08.223000,-0.4447381794452667,0.8498201370239258
2023-01-14 04:11:08.018000,-0.4872902035713196,0.800717294216156
2023-01-14 04:12:08.073000,-0.42604750394821167,0.8762162327766418
2023-01-14 04:13:08.055000,-0.4602765440940857,0.5493559837341309
2023-01-14 04:14:08.022000,-0.5212537050247192,0.38582921028137207
2023-01-14 04:15:08.054000,-0.47136983275413513,0.33120501041412354
2023-01-14 04:16:07.979000,-0.40474429726600647,0.304164320230484
2023-01-14 04:17:07.960000,-0.44309648871421814,0.2914014756679535
2023-01-14 04:18:08.134000,-0.38576051592826843,0.30237460136413574
2023-01-14 04:19:08.111000,-0.3795865476131439,0.330767422914505
2023-01-14 04:20:08.042000,-0.690394401550293,0.3490137457847595
2023-01-14 04:21:08.290000,-0.6798185706138611,0.3587345480918884
2023-01-14 04:22:07.968000,-0.5920905470848083,0.36004674434661865
2023-01-14 04:23:08.186000,-0.4444977939128876,0.35050857067108154
2023-01-14 04:24:07.928000,-0.495199590921402,0.3552791178226471
2023-01-14 04:25:08.064000,-0.5207862854003906,0.3461466431617737
2023-01-14 04:26:08.028000,-0.48103275895118713,0.3338161110877991
2023-01-14 04:27:07.898000,-0.4982524514198303,0.3227968215942383
2023-01-14 04:28:07.952000,-0.5427300930023193,0.3034321665763855
2023-01-14 04:29:08.015000,-0.5352880358695984,0.2620678246021271
2023-01-14 04:30:07.988000,-0.5429920554161072,0.2674390375614166
2023-01-14 04:31:08.065000,-0.47992610931396484,0.2680288255214691
2023-01-14 04:32:07.921000,-0.4708550274372101,0.2558612823486328
2023-01-14 04:33:08.058000,-0.4165745973587036,0.24518997967243195
2023-01-14 04:34:08.073000,-0.4682358205318451,0.23777799308300018
2023-01-14 04:35:08.117000,-0.5112966895103455,0.23165521025657654
2023-01-14 04:36:08.210000,-0.4842315912246704,0.22772523760795593
2023-01-14 04:37:08.178000,-0.5099648237228394,0.23447547852993011
2023-01-14 04:38:08.140000,-0.5585277080535889,0.25673937797546387
2023-01-14 04:39:07.965000,-0.6032864451408386,0.2829023003578186
2023-01-14 04:40:08.243000,-0.6047036647796631,0.3025658428668976
2023-01-14 04:41:08.059000,-0.586077868938446,0.3092268407344818
2023-01-14 04:42:08.032000,-0.7111067175865173,0.3063009977340698
2023-01-14 04:43:07.891000,-0.6609267592430115,0.30931907892227173
2023-01-14 04:44:08.028000,-0.4253615140914917,0.3036608397960663
2023-01-14 04:45:08.002000,-0.34663426876068115,0.29004961252212524
2023-01-14 04:46:08.001000,-0.31444910168647766,0.26748889684677124
2023-01-14 04:47:08.063000,-0.31143295764923096,0.2398422509431839
2023-01-14 04:48:07.929000,-0.33734384179115295,0.22572781145572662
2023-01-14 04:49:08.242000,-0.33876338601112366,0.21503593027591705
2023-01-14 04:50:07.980000,-0.443130761384964,0.2131204903125763
2023-01-14 04:51:08.062000,-0.5058923959732056,0.2144862413406372
2023-01-14 04:52:08.090000,-0.44863075017929077,0.21512538194656372
2023-01-14 04:53:08.016000,-0.5261774659156799,0.21107473969459534
2023-01-14 04:54:08.011000,-0.45960861444473267,0.20616938173770905
2023-01-14 04:55:08.056000,-0.5455930829048157,0.2117041051387787
2023-01-14 04:56:07.898000,-0.5587145686149597,0.23311397433280945
2023-01-14 04:57:08.042000,-0.5388033986091614,0.2530972361564636
2023-01-14 04:58:08.023000,-0.40800341963768005,0.2569623589515686
2023-01-14 04:59:07.883000,-0.43438178300857544,0.24313335120677948
2023-01-14 05:00:07.924000,-0.29688572883605957,0.22624333202838898
2023-01-14 05:01:08.063000,-0.18754145503044128,0.21511439979076385
2023-01-14 05:02:08.038000,-0.1813727766275406,0.2061281055212021
2023-01-14 05:03:08.039000,-0.18299326300621033,0.19470976293087006
2023-01-14 05:04:07.982000,-0.16652986407279968,0.1850222647190094
2023-01-14 05:05:08.209000,-0.2032700926065445,0.17970852553844452
2023-01-14 05:06:07.908000,-0.18285879492759705,0.17908614873886108
2023-01-14 05:07:08.118000,-0.21238625049591064,0.18050767481327057
2023-01-14 05:08:08.018000,-0.21107740700244904,0.18239818513393402
2023-01-14 05:09:08.254000,-0.22400809824466705,0.1824234277009964
2023-01-14 05:10:07.893000,-0.2440762221813202,0.18348349630832672
2023-01-14 05:11:08.040000,-0.2539307773113251,0.18720678985118866
2023-01-14 05:12:08.032000,-0.22365440428256989,0.18897515535354614
2023-01-14 05:13:08.001000,-0.24113263189792633,0.18641918897628784
2023-01-14 05:14:07.975000,-0.349897563457489,0.1837075799703598
2023-01-14 05:15:07.982000,-0.34237292408943176,0.18257759511470795
2023-01-14 05:16:07.930000,-0.29812219738960266,0.18221399188041687
2023-01-14 05:17:07.953000,-0.2637563943862915,0.18175449967384338
2023-01-14 05:18:07.985000,-0.27338436245918274,0.18162104487419128
2023-01-14 05:19:08.176000,-0.2987164855003357,0.1827017366886139
2023-01-14 05:20:07.943000,-0.3164597749710083,0.18453218042850494
2023-01-14 05:21:07.879000,-0.3211909234523773,0.1843760907649994
2023-01-14 05:22:08.257000,-0.3551265001296997,0.1827816665172577
2023-01-14 05:23:08.002000,-0.3009134531021118,0.1840854436159134
2023-01-14 05:24:07.998000,-0.3356638252735138,0.18422238528728485
2023-01-14 05:25:07.843000,-0.3651277422904968,0.18056805431842804
2023-01-14 05:26:08.045000,-0.33161044120788574,0.17657680809497833
2023-01-14 05:27:07.864000,-0.32753559947013855,0.1756281554698944
2023-01-14 05:28:07.976000,-0.32762861251831055,0.1766294240951538
2023-01-14 05:29:07.935000,-0.46831369400024414,0.1758432239294052
2023-01-14 05:30:08.083000,-0.4874660074710846,0.17254556715488434
2023-01-14 05:31:07.942000,-0.49421489238739014,0.1709206998348236
2023-01-14 05:32:07.871000,-0.5973227024078369,0.1720636487007141
2023-01-14 05:33:07.876000,-0.5424454808235168,0.17212949693202972
2023-01-14 05:34:08.051000,-0.47508203983306885,0.17494015395641327
2023-01-14 05:35:08.015000,-0.4089692234992981,0.1652316004037857
2023-01-14 05:36:08.015000,-0.3939124047756195,0.1571364402770996
2023-01-14 05:37:08.002000,-0.3712131679058075,0.16008834540843964
2023-01-14 05:38:07.933000,-0.32853055000305176,0.15958574414253235
2023-01-14 05:39:07.981000,-0.2924761474132538,0.15664757788181305
2023-01-14 05:40:08.144000,-0.31122854351997375,0.15553584694862366
2023-01-14 05:41:08.010000,-0.3358343541622162,0.12600351870059967
2023-01-14 05:42:07.867000,-0.35307538509368896,0.09688916802406311
2023-01-14 05:43:07.963000,-0.3629755675792694,0.056050755083560944
2023-01-14 05:44:08.030000,-0.34863096475601196,0.017165957018733025
2023-01-14 05:45:07.915000,-0.34503352642059326,0.02520870603621006
2023-01-14 05:46:07.945000,-0.2652451992034912,0.04479941353201866
2023-01-14 05:47:07.941000,-0.2508557438850403,0.027196180075407028
2023-01-14 05:48:08.088000,-0.20586058497428894,0.021753724664449692
2023-01-14 05:49:08.257000,-0.25834134221076965,0.03183630481362343
2023-01-14 05:50:07.678000,-0.22132711112499237,0.040721166878938675
2023-01-14 05:51:07.933000,-0.21174252033233643,0.03367015719413757
2023-01-14 05:52:07.857000,-0.2394997924566269,0.03467089310288429
2023-01-14 05:53:08.039000,-0.35421332716941833,0.04318772628903389
2023-01-14 05:54:07.935000,-0.2983849346637726,0.04305938631296158
2023-01-14 05:55:08.310000,-0.37143680453300476,0.04189671203494072
2023-01-14 05:56:07.902000,-0.4718005955219269,0.04083097353577614
2023-01-14 05:57:07.940000,-0.521068274974823,0.04030446335673332
2023-01-14 05:58:07.867000,-0.575870931148529,0.04102801904082298
2023-01-14 05:59:08.030000,-0.5705325603485107,0.04169049859046936
2023-01-14 06:00:07.903000,-0.5012636780738831,0.041478000581264496
2023-01-14 06:01:07.929000,-0.5263562798500061,0.042871538549661636
2023-01-14 06:02:07.960000,-0.4137849807739258,0.04542558267712593
2023-01-14 06:03:08.021000,-0.3465219736099243,0.04608793929219246
2023-01-14 06:04:07.858000,-0.30776041746139526,0.044655509293079376
2023-01-14 06:05:07.929000,-0.2797721028327942,0.04309135675430298
2023-01-14 06:06:07.979000,-0.32030653953552246,0.04357795789837837
2023-01-14 06:07:07.954000,-0.27657952904701233,0.04659789055585861
2023-01-14 06:08:07.956000,-0.28981947898864746,0.046027764678001404
2023-01-14 06:09:07.921000,-0.35732823610305786,0.04196975380182266
2023-01-14 06:10:07.844000,-0.4159773886203766,0.04026100039482117
2023-01-14 06:11:08.003000,-0.4289420247077942,0.042875561863183975
2023-01-14 06:12:07.800000,-0.3749285042285919,0.04515466466546059
2023-01-14 06:13:08.023000,-0.30566102266311646,0.04433383792638779
2023-01-14 06:14:07.968000,-0.332555890083313,0.04219237342476845
2023-01-14 06:15:07.928000,-0.31643006205558777,0.04145640879869461
2023-01-14 06:16:07.808000,-0.33721956610679626,0.04208047315478325
2023-01-14 06:17:07.947000,-0.3062620162963867,0.04309704154729843
2023-01-14 06:18:07.862000,-0.3409588038921356,0.04281599819660187
2023-01-14 06:19:08.015000,-0.2926464080810547,0.04092656821012497
2023-01-14 06:20:07.964000,-0.2769790291786194,0.04221189394593239
2023-01-14 06:21:07.918000,-0.21124249696731567,0.047268789261579514
2023-01-14 06:22:07.783000,-0.24661001563072205,0.050100553780794144
2023-01-14 06:23:07.966000,-0.20992650091648102,0.048302486538887024
2023-01-14 06:24:07.911000,-0.24355660378932953,0.04594497010111809
2023-01-14 06:25:07.902000,-0.23434215784072876,0.04649108275771141
2023-01-14 06:26:07.934000,-0.23758208751678467,0.04782862961292267
2023-01-14 06:27:08.106000,-0.2511451542377472,0.04698345810174942
2023-01-14 06:28:07.869000,-0.26615825295448303,0.043278228491544724
2023-01-14 06:29:07.850000,-0.24311569333076477,0.03881150111556053
2023-01-14 06:30:07.926000,-0.23911228775978088,0.03610401973128319
2023-01-14 06:31:07.872000,-0.3358100652694702,0.034801144152879715
2023-01-14 06:32:07.876000,-0.43016061186790466,0.03465050086379051
2023-01-14 06:33:07.872000,-0.2991828918457031,0.0364697203040123
2023-01-14 06:34:07.865000,-0.459823876619339,0.03589688241481781
2023-01-14 06:35:07.854000,-0.5074775815010071,0.04026714712381363
2023-01-14 06:36:07.987000,-0.4275759160518646,0.038460806012153625
2023-01-14 06:37:07.893000,-0.434088796377182,0.03543522581458092
2023-01-14 06:38:08.003000,-0.4359174072742462,0.03577013686299324
2023-01-14 06:39:07.909000,-0.4149058163166046,0.03583713620901108
2023-01-14 06:40:07.762000,-0.48943668603897095,0.036798760294914246
2023-01-14 06:41:07.970000,-0.48619186878204346,0.03722597658634186
2023-01-14 06:42:07.857000,-0.49181681871414185,0.03877153992652893
2023-01-14 06:43:08.058000,-0.6089336276054382,0.03883399814367294
2023-01-14 06:44:07.875000,-0.6073926091194153,0.03293038159608841
2023-01-14 06:45:07.816000,-0.6387939453125,0.02637677825987339
2023-01-14 06:46:07.783000,-0.522554337978363,0.02810302935540676
2023-01-14 06:47:07.822000,-0.48187196254730225,0.026607468724250793
2023-01-14 06:48:07.825000,-0.6131940484046936,0.02820960432291031
2023-01-14 06:49:07.819000,-0.7492311000823975,0.02989593707025051
2023-01-14 06:50:07.759000,-0.5559008121490479,0.030029207468032837
2023-01-14 06:51:07.922000,-0.43608057498931885,0.031830742955207825
2023-01-14 06:52:07.869000,-0.4590299725532532,0.03414153307676315
2023-01-14 06:53:07.879000,-0.4275708794593811,0.0362149253487587
2023-01-14 06:54:07.850000,-0.4189494848251343,0.030792847275733948
2023-01-14 06:55:07.911000,-0.42291900515556335,0.027257848531007767
2023-01-14 06:56:07.908000,-0.40488961338996887,0.02287812903523445
2023-01-14 06:57:07.807000,-0.41907787322998047,0.01696275919675827
2023-01-14 06:58:08.125000,-0.4038548767566681,0.017675161361694336
2023-01-14 06:59:08.103000,-0.384097158908844,0.0204769317060709
2023-01-14 07:00:07.931000,-0.43873751163482666,0.02155900001525879
2023-01-14 07:01:07.826000,-0.47333186864852905,0.02034784108400345
2023-01-14 07:02:07.849000,-0.49006861448287964,0.019181326031684875
2023-01-14 07:03:07.778000,-0.5089871883392334,0.021213600412011147
2023-01-14 07:04:07.797000,-0.5520904660224915,0.021189749240875244
2023-01-14 07:05:08.050000,-0.4138897657394409,0.02094496786594391
2023-01-14 07:06:07.798000,-0.3424643278121948,0.0221622996032238
2023-01-14 07:07:07.821000,-0.30592256784439087,0.02335955947637558
2023-01-14 07:08:07.736000,-0.21105776727199554,0.021946599707007408
2023-01-14 07:09:07.899000,-0.16836321353912354,0.019720233976840973
2023-01-14 07:10:07.814000,-0.25134581327438354,0.018000593408942223
2023-01-14 07:11:07.841000,-0.17934726178646088,0.017293648794293404
2023-01-14 07:12:07.759000,-0.20981259644031525,0.017630795016884804
2023-01-14 07:13:07.857000,-0.2276640236377716,0.01822325959801674
2023-01-14 07:14:07.823000,-0.21449999511241913,0.017240550369024277
2023-01-14 07:15:07.785000,-0.20535196363925934,0.01575234718620777
2023-01-14 07:16:07.763000,-0.23119902610778809,0.01406916230916977
2023-01-14 07:17:07.789000,-0.1950095295906067,0.01235184632241726
2023-01-14 07:18:07.825000,-0.21994394063949585,0.01156311109662056
2023-01-14 07:19:07.857000,-0.21396324038505554,0.012056799605488777
2023-01-14 07:20:07.855000,-0.23182673752307892,0.012202086858451366
2023-01-14 07:21:07.845000,-0.3251919746398926,0.011341534554958344
2023-01-14 07:22:07.714000,-0.3400841951370239,0.010848486796021461
2023-01-14 07:23:07.786000,-0.3401961028575897,0.010527617298066616
2023-01-14 07:24:07.846000,-0.2840900719165802,0.010429276153445244
2023-01-14 07:25:07.882000,-0.2524174749851227,0.010984585620462894
2023-01-14 07:26:07.869000,-0.2651226818561554,0.0117834797129035
2023-01-14 07:27:07.793000,-0.3546115756034851,0.012109999544918537
2023-01-14 07:28:07.734000,-0.29611140489578247,0.01119941845536232
2023-01-14 07:29:07.760000,-0.3446262776851654,0.009449309669435024
2023-01-14 07:30:07.692000,-0.335543155670166,0.007901939563453197
2023-01-14 07:31:07.704000,-0.3239448368549347,0.006049533374607563
2023-01-14 07:32:07.847000,-0.3349708616733551,0.005120142828673124
2023-01-14 07:33:07.824000,-0.3432244658470154,0.00464361347258091
2023-01-14 07:34:07.823000,-0.3253164291381836,0.004915295634418726
2023-01-14 07:35:07.836000,-0.4517301619052887,0.004126886371523142
2023-01-14 07:36:07.767000,-0.38530972599983215,0.0031208600848913193
2023-01-14 07:37:07.845000,-0.40562593936920166,0.0027409412432461977
2023-01-14 07:38:07.816000,-0.5118184089660645,0.0032165951561182737
2023-01-14 07:39:07.724000,-0.5370381474494934,0.004078743979334831
2023-01-14 07:40:07.683000,-0.5267859101295471,0.005129000172019005
2023-01-14 07:41:07.842000,-0.6665856838226318,0.005993611179292202
2023-01-14 07:42:07.831000,-0.6213406324386597,0.007566849701106548
2023-01-14 07:43:07.845000,-0.5780847668647766,0.008137870579957962
2023-01-14 07:44:07.789000,-0.6051434278488159,0.007915065623819828
2023-01-14 07:45:07.829000,-0.5917186737060547,0.007384428754448891
2023-01-14 07:46:07.808000,-0.6151511073112488,0.006692499853670597
2023-01-14 07:47:07.839000,-0.5476472973823547,0.0060911113396286964
2023-01-14 07:48:07.788000,-0.5049484372138977,0.005711275152862072
2023-01-14 07:49:07.816000,-0.503670871257782,0.006022045388817787
2023-01-14 07:50:07.776000,-0.46481674909591675,0.004889024421572685
2023-01-14 07:51:07.918000,-0.5118270516395569,0.0035645097959786654
2023-01-14 07:52:07.781000,-0.49800312519073486,0.0031268408056348562
2023-01-14 07:53:07.769000,-0.45673027634620667,0.0020729810930788517
2023-01-14 07:54:07.773000,-0.4752289652824402,0.0010681315325200558
2023-01-14 07:55:07.703000,-0.46305930614471436,0.0014750600093975663
2023-01-14 07:56:07.864000,-0.35444870591163635,1.0039214430435095e-05
2023-01-14 07:57:07.770000,-0.4102754294872284,-0.0005697999731637537
2023-01-14 07:58:07.734000,-0.5585950016975403,0.00015400000847876072
2023-01-14 07:59:07.733000,-0.5432798862457275,-0.00028776086401194334
2023-01-14 08:00:07.757000,-0.5636953711509705,7.785417983541265e-05
2023-01-14 08:01:07.849000,-0.38222554326057434,-0.00010925489914370701
2023-01-14 08:02:07.790000,-0.3638375699520111,-0.0011653333203867078
2023-01-14 08:03:07.699000,-0.35504695773124695,-0.0020155429374426603
2023-01-14 08:04:07.874000,-0.3590657114982605,-0.002284787129610777
2023-01-14 08:05:07.745000,-0.32659584283828735,-0.0024029130581766367
2023-01-14 08:06:07.725000,-0.5333937406539917,-0.002431562403216958
2023-01-14 08:07:07.727000,-0.48245182633399963,-0.0023183845914900303
2023-01-14 08:08:07.890000,-0.5655049085617065,-0.0023599069099873304
2023-01-14 08:09:07.737000,-0.5761579275131226,-0.002258547581732273
2023-01-14 08:10:07.741000,-0.5695643424987793,-0.002259480766952038
2023-01-14 08:11:07.751000,-0.6700167059898376,-0.0021080232691019773
2023-01-14 08:12:07.727000,-0.6331630945205688,-0.00229057134129107
2023-01-14 08:13:07.859000,-0.5119708776473999,-0.002382302191108465
2023-01-14 08:14:07.719000,-0.3256792426109314,-0.002349250018596649
2023-01-14 08:15:07.729000,-0.32474949955940247,-0.002326404210180044
2023-01-14 08:16:07.801000,-0.31171756982803345,-0.0022567142732441425
2023-01-14 08:17:07.735000,-0.3260563611984253,-0.0023594999220222235
2023-01-14 08:18:07.808000,-0.3310703933238983,-0.002299641026183963
2023-01-14 08:19:07.695000,-0.4050789773464203,-0.0023141000419855118
2023-01-14 08:20:07.725000,-0.4492602050304413,-0.0023440748918801546
2023-01-14 08:21:08.057000,-0.34073060750961304,-0.0023050541058182716
2023-01-14 08:22:07.812000,-0.25476858019828796,-0.002240510657429695
2023-01-14 08:23:07.785000,-0.3372529447078705,-0.0023228491190820932
2023-01-14 08:24:07.742000,-0.24574944376945496,-0.002284666756168008
2023-01-14 08:25:07.785000,-0.2626403570175171,-0.0022785435430705547
2023-01-14 08:26:07.692000,-0.291464239358902,-0.0022759458515793085
2023-01-14 08:27:07.867000,-0.28140562772750854,-0.0023433146998286247
2023-01-14 08:28:07.852000,-0.2587448060512543,-0.002336405450478196
2023-01-14 08:29:07.807000,-0.3065357208251953,-0.0022777917329221964
2023-01-14 08:30:07.701000,-0.25022175908088684,-0.002408039988949895
2023-01-14 08:31:07.721000,-0.2705128490924835,-0.002273468067869544
2023-01-14 08:32:07.820000,-0.2675723135471344,-0.0022869803942739964
2023-01-14 08:33:07.728000,-0.2196505069732666,-0.0023559259716421366
2023-01-14 08:34:07.668000,-0.2178257703781128,-0.002334682969376445
2023-01-14 08:35:07.678000,-0.21133273839950562,-0.0023326792288571596
2023-01-14 08:36:07.765000,-0.2493436485528946,-0.0023366499226540327
2023-01-14 08:37:07.680000,-0.4552896022796631,-0.0023579183034598827
2023-01-14 08:38:07.748000,-0.4993768334388733,-0.0023848998825997114
2023-01-14 08:39:07.695000,-0.4126989543437958,-0.0022443076595664024
2023-01-14 08:40:07.724000,-0.3761463165283203,-0.0022882046177983284
2023-01-14 08:41:07.599000,-0.3528117537498474,-0.0023146599996834993
2023-01-14 08:42:07.727000,-0.26418712735176086,-0.002284183632582426
2023-01-14 08:43:07.783000,-0.3253680169582367,-0.0023069512099027634
2023-01-14 08:44:07.702000,-0.4096662998199463,-0.0023474800400435925
2023-01-14 08:45:07.743000,-0.602043628692627,-0.0022922682110220194
2023-01-14 08:46:07.727000,-0.6986029744148254,-0.002330023329705
2023-01-14 08:47:07.672000,-0.6285883784294128,-0.002274326514452696
2023-01-14 08:48:07.682000,-0.5829172134399414,-0.0022301303688436747
2023-01-14 08:49:07.710000,-0.5661109685897827,-0.002330017276108265
2023-01-14 08:50:07.718000,-0.5549072027206421,-0.0023754166904836893
2023-01-14 08:51:07.689000,-0.5476656556129456,-0.002407812513411045
2023-01-14 08:52:07.739000,-0.5676604509353638,-0.0023469787556678057
2023-01-14 08:53:07.751000,-0.5713821053504944,-0.002319189254194498
2023-01-14 08:54:07.694000,-0.6215412020683289,-0.0021839472465217113
2023-01-14 08:55:07.620000,-0.589581310749054,-0.00220371107570827
2023-01-14 08:56:07.660000,-0.6551094055175781,-0.0022826800122857094
2023-01-14 08:57:07.728000,-0.6390842795372009,-0.002383179496973753
2023-01-14 08:58:07.740000,-0.7218405604362488,-0.002306043403223157
2023-01-14 08:59:07.697000,-0.8863231539726257,-0.0022979737259447575
2023-01-14 09:00:07.862000,-0.8096405267715454,-0.0022390929516404867
2023-01-14 09:01:07.680000,-0.7470390796661377,-0.002443815814331174
2023-01-14 09:02:07.661000,-0.7204737067222595,-0.002305230824276805
2023-01-14 09:03:07.657000,-0.6188767552375793,-0.00236935424618423
2023-01-14 09:04:07.689000,-0.645484447479248,-0.002204260788857937
2023-01-14 09:05:07.579000,-0.644232988357544,-0.0023331199772655964
2023-01-14 09:06:07.645000,-1.9512345790863037,-0.0023119512479752302
2023-01-14 09:07:07.651000,-2.2359352111816406,-0.0025116875767707825
2023-01-14 09:08:07.714000,-2.2587850093841553,-0.0022624721750617027
2023-01-14 09:09:07.792000,-2.2523224353790283,-0.0023075276985764503
2023-01-14 09:10:07.771000,-2.2399120330810547,-0.0022246520966291428
2023-01-14 09:11:07.580000,-2.8006248474121094,-0.0023723721969872713
2023-01-14 09:12:07.652000,-4.3404221534729,-0.002447434701025486
2023-01-14 09:13:07.644000,-4.486281871795654,-0.0023837871849536896
2023-01-14 09:14:07.595000,-4.636782646179199,-0.0023940999526530504
2023-01-14 09:15:07.710000,-5.076817035675049,-0.00238032010383904
2023-01-14 09:16:07.713000,-3.5162718296051025,-0.002295486396178603
2023-01-14 09:17:07.657000,-3.8595261573791504,-0.002325069857761264
2023-01-14 09:18:07.700000,-4.399240970611572,-0.002332044532522559
2023-01-14 09:19:07.661000,-4.3707451820373535,-0.0023599129635840654
2023-01-14 09:20:07.594000,-4.144644737243652,-0.002419743686914444
2023-01-14 09:21:07.636000,-3.9927897453308105,-0.0023471142631024122
2023-01-14 09:22:07.625000,-2.46980881690979,-0.0023486828431487083
2023-01-14 09:23:07.677000,-2.478512763977051,-0.002319414634257555
2023-01-14 09:24:07.727000,-2.5055930614471436,-0.002301804954186082
2023-01-14 09:25:07.628000,-2.6010828018188477,-0.0022614444606006145
2023-01-14 09:26:07.689000,-2.6250295639038086,-0.0023097272496670485
2023-01-14 09:27:07.685000,-2.498211622238159,-0.0023190227802842855
2023-01-14 09:28:07.640000,-2.4658803939819336,-0.002310022711753845
2023-01-14 09:29:07.620000,-2.501760959625244,-0.0023284286726266146
2023-01-14 09:30:07.625000,-1.460157036781311,-0.0022982044611126184
2023-01-14 09:31:07.908000,-0.636248767375946,-0.0022846078500151634
2023-01-14 09:32:07.669000,-0.5722450017929077,-0.00230121286585927
2023-01-14 09:33:07.634000,-0.44135165214538574,-0.002248363569378853
2023-01-14 09:34:07.777000,-0.41351619362831116,-0.0022860222961753607
2023-01-14 09:35:07.642000,-0.5439558625221252,-0.002313673961907625
2023-01-14 09:36:07.692000,-0.501178503036499,-0.002330176532268524
2023-01-14 09:37:07.651000,-0.39645063877105713,-0.0022612856701016426
2023-01-14 09:38:07.591000,-0.424455851316452,-0.0022886511869728565
2023-01-14 09:39:07.637000,-0.40696367621421814,-0.0022793207317590714
2023-01-14 09:40:07.616000,-0.5653432607650757,-0.002284977352246642
2023-01-14 09:41:07.691000,-0.49965402483940125,-0.0022552399896085262
2023-01-14 09:42:07.567000,-0.4615360498428345,-0.0023268077056854963
2023-01-14 09:43:07.733000,-0.41241875290870667,-0.0022529778070747852
2023-01-14 09:44:07.629000,-0.427193820476532,-0.0023071111645549536
2023-01-14 09:45:07.589000,-0.5988702774047852,-0.0022982885129749775
2023-01-14 09:46:07.661000,-0.6135430932044983,-0.0023186481557786465
2023-01-14 09:47:07.657000,-0.5290103554725647,-0.0023177233524620533
2023-01-14 09:48:07.631000,-0.6001845002174377,-0.002284861169755459
2023-01-14 09:49:07.648000,-0.6529237031936646,-0.0023087391164153814
2023-01-14 09:50:07.622000,-0.8405293822288513,-0.0022976414766162634
2023-01-14 09:51:07.598000,-0.8952164053916931,-0.002302756067365408
2023-01-14 09:52:07.633000,-0.888584315776825,-0.002257815795019269
2023-01-14 09:53:07.645000,-0.9502021074295044,-0.002225736854597926
2023-01-14 09:54:07.720000,-0.9512158036231995,-0.0022937750909477472
2023-01-14 09:55:07.718000,-0.8722531795501709,-0.0022583447862416506
2023-01-14 09:56:07.593000,-0.8587566018104553,-0.0022585000842809677
2023-01-14 09:57:07.561000,-0.7850784063339233,-0.0023714418057352304
2023-01-14 09:58:07.730000,-0.6150069236755371,-0.002193354768678546
2023-01-14 09:59:07.634000,-0.6634020209312439,-0.0022855184506624937
2023-01-14 10:00:07.594000,-0.5945850610733032,-0.002331000054255128
2023-01-14 10:01:07.776000,-0.6168307065963745,-0.002348588313907385
2023-01-14 10:02:07.497000,-0.6580585241317749,-0.002409681910648942
2023-01-14 10:03:07.568000,-0.7893718481063843,-0.002322702668607235
2023-01-14 10:04:07.536000,-0.633841335773468,-0.0023724338971078396
2023-01-14 10:05:07.625000,-0.6015002131462097,-0.0022954721935093403
2023-01-14 10:06:07.568000,-0.7803922891616821,-0.0024859802797436714
2023-01-14 10:07:07.614000,-0.915283739566803,-0.002367599867284298
2023-01-14 10:08:07.625000,-0.7342065572738647,-0.0023522390983998775
2023-01-14 10:09:07.666000,-0.8082072734832764,-0.0023119791876524687
2023-01-14 10:10:07.632000,-0.9668393731117249,-0.0024309998843818903
2023-01-14 10:11:07.586000,-1.0974527597427368,-0.0023962194100022316
2023-01-14 10:12:07.667000,-0.9354142546653748,-0.0022621904499828815
2023-01-14 10:13:07.615000,-0.9685277342796326,-0.002341145882382989
2023-01-14 10:14:07.613000,-0.9463889598846436,-0.0023333413992077112
2023-01-14 10:15:07.624000,-1.023828387260437,-0.0023447044659405947
2023-01-14 10:16:07.535000,-1.0261629819869995,-0.0023767598904669285
2023-01-14 10:17:07.683000,-0.79183030128479,-0.0023389230482280254
2023-01-14 10:18:07.669000,-0.7777679562568665,-0.002286283066496253
2023-01-14 10:19:07.940000,-1.196881651878357,-0.002352791605517268
2023-01-14 10:20:07.669000,-1.2834502458572388,-0.0023950000759214163
2023-01-14 10:21:07.628000,-1.3684799671173096,-0.00236447062343359
2023-01-14 10:22:07.547000,-1.374362826347351,-0.002243341412395239
2023-01-14 10:23:07.628000,-1.357354998588562,-0.0023629486095160246
2023-01-14 10:24:07.481000,-1.4069297313690186,-0.002330405404791236
2023-01-14 10:25:07.580000,-1.3718332052230835,-0.0023653863463550806
2023-01-14 10:26:07.565000,-1.0686867237091064,-0.0023042308166623116
2023-01-14 10:27:08.579000,-1.1029717922210693,-0.002320999978110194
2023-01-14 10:28:07.606000,-1.08040452003479,-0.0023409000132232904
2023-01-14 10:29:07.720000,-1.2739366292953491,-0.00232458533719182
2023-01-14 10:30:07.623000,-0.9520792365074158,-0.0022757072001695633
2023-01-14 10:31:07.572000,-0.9351178407669067,-0.0022796730045229197
2023-01-14 10:32:07.587000,-1.0944582223892212,-0.0022695271763950586
2023-01-14 10:33:07.658000,-1.029490351676941,-0.002250555669888854
2023-01-14 10:34:07.691000,-0.9745598435401917,-0.0025260713882744312
2023-01-14 10:35:07.660000,-1.1022616624832153,-0.002624210435897112
2023-01-14 10:36:07.656000,-1.4790829420089722,-0.002182340482249856
2023-01-14 10:37:07.627000,-1.2260116338729858,-0.0024147045332938433
2023-01-14 10:38:07.605000,-1.0770106315612793,-0.0024269435089081526
2023-01-14 10:39:07.564000,-0.7884717583656311,-0.002381853759288788
2023-01-14 10:40:07.648000,-0.7223393321037292,-0.0023307567462325096
2023-01-14 10:41:07.523000,-0.5869337320327759,-0.0024531427770853043
2023-01-14 10:42:07.544000,-0.6416215896606445,-0.0023586051538586617
2023-01-14 10:43:07.550000,-0.6098212003707886,-0.002316077006980777
2023-01-14 10:44:07.540000,-0.6247034072875977,-0.0024356667418032885
2023-01-14 10:45:07.497000,-0.5827986598014832,-0.00233340822160244
2023-01-14 10:46:07.554000,-0.733339786529541,-0.002336238045245409
2023-01-14 10:47:07.518000,-0.5165887475013733,-0.002379500074312091
2023-01-14 10:48:07.589000,-0.8431708216667175,-0.0023824721574783325
2023-01-14 10:49:07.656000,-1.1325644254684448,-0.0023260999005287886
2023-01-14 10:50:07.485000,-0.887855589389801,-0.002294574398547411
2023-01-14 10:51:07.564000,-0.8650562763214111,-0.002345411805436015
2023-01-14 10:52:07.526000,-0.9252610206604004,-0.0024307805579155684
2023-01-14 10:53:07.573000,-0.9774054884910583,-0.0024276666808873415
2023-01-14 10:54:07.523000,-0.9852485060691833,-0.0022759318817406893
2023-01-14 10:55:07.641000,-0.9504620432853699,-0.0023333332501351833
2023-01-14 10:56:07.501000,-0.9956569075584412,-0.002334744669497013
2023-01-14 10:57:07.600000,-0.9457938075065613,-0.00231933337636292
2023-01-14 10:58:07.615000,-0.9924687743186951,-0.002293068217113614
2023-01-14 10:59:07.561000,-1.0438719987869263,-0.0023907842114567757
2023-01-14 11:00:07.548000,-1.0504854917526245,-0.002355976263061166
2023-01-14 11:01:07.587000,-1.0863192081451416,-0.002351346891373396
2023-01-14 11:02:07.541000,-0.9750697016716003,-0.00248280493542552
2023-01-14 11:03:07.529000,-0.7990040183067322,-0.002407277701422572
2023-01-14 11:04:07.517000,-0.8047806024551392,-0.00208071107044816
2023-01-14 11:05:07.420000,-0.8647496104240417,-0.0024741454981267452
2023-01-14 11:06:07.515000,-0.9590576887130737,-0.002433102112263441
2023-01-14 11:07:07.590000,-1.0190430879592896,-0.002392872702330351
2023-01-14 11:08:07.479000,-0.7814069390296936,-0.002427895786240697
2023-01-14 11:09:07.481000,-0.773551344871521,-0.002382458420470357
2023-01-14 11:10:07.523000,-0.7829346656799316,-0.002348977839574218
2023-01-14 11:11:07.718000,-0.756834864616394,-0.0023101400583982468
2023-01-14 11:12:07.507000,-0.7138545513153076,-0.002545959083363414
2023-01-14 11:13:07.473000,-0.7347419857978821,-0.0026186765171587467
2023-01-14 11:14:07.506000,-0.7626890540122986,-0.0024226445239037275
2023-01-14 11:15:07.659000,-0.9962776899337769,-0.0024951219093054533
2023-01-14 11:16:07.533000,-1.4435946941375732,-0.002311066724359989
2023-01-14 11:17:07.496000,-1.5326917171478271,-0.0022214334458112717
2023-01-14 11:18:07.510000,-1.8705705404281616,-0.002374983159825206
2023-01-14 11:19:07.406000,-1.8556815385818481,-0.0023837999906390905
2023-01-14 11:20:07.512000,-1.8510754108428955,-0.002421450102701783
2023-01-14 11:21:07.500000,-3.255732774734497,-0.002358966739848256
2023-01-14 11:22:07.608000,-2.9381749629974365,-0.002387949964031577
2023-01-14 11:23:07.559000,-3.016272783279419,-0.002368216635659337
2023-01-14 11:24:07.442000,-3.2160236835479736,-0.0023217834532260895
2023-01-14 11:25:07.500000,-3.3310792446136475,-0.002296566730365157
2023-01-14 11:26:07.549000,-3.0639328956604004,-0.0022581000812351704
2023-01-14 11:27:07.542000,-3.1085011959075928,-0.0024143666960299015
2023-01-14 11:28:07.481000,-3.158921003341675,-0.0023970508482307196
2023-01-14 11:29:07.473000,-3.0976719856262207,-0.0024471667129546404
2023-01-14 11:30:07.494000,-3.0192668437957764,-0.002309683244675398
2023-01-14 11:31:07.549000,-3.0957510471343994,-0.002368966583162546
2023-01-14 11:32:07.423000,-3.0675461292266846,-0.002352949231863022
2023-01-14 11:33:07.455000,-3.104017734527588,-0.002382466569542885
2023-01-14 11:34:07.518000,-3.167497396469116,-0.0023249138612300158
2023-01-14 11:35:07.513000,-3.187805414199829,-0.002353609772399068
2023-01-14 11:36:07.464000,-3.228566884994507,-0.0024312292225658894
2023-01-14 11:37:07.500000,-3.2662787437438965,-0.002559454645961523
2023-01-14 11:38:07.454000,-2.8127682209014893,-0.0023895110934972763
2023-01-14 11:39:07.366000,-2.1375436782836914,-0.002367795445024967
2023-01-14 11:40:07.416000,-2.305401086807251,-0.0023125610314309597
2023-01-14 11:41:07.482000,-2.7185516357421875,-0.0024142954498529434
2023-01-14 11:42:07.500000,-2.692446231842041,-0.0024075000546872616
2023-01-14 11:43:07.464000,-2.5950045585632324,-0.0023669458460062742
2023-01-14 11:44:07.518000,-2.49787974357605,-0.002369859954342246
2023-01-14 11:45:07.487000,-2.404033899307251,-0.0023828400298953056
2023-01-14 11:46:07.609000,-2.2619521617889404,-0.0023206444457173347
2023-01-14 11:47:07.501000,-1.9738640785217285,-0.0023610740900039673
2023-01-14 11:48:07.444000,-1.9417872428894043,-0.002322924556210637
2023-01-14 11:49:07.408000,-1.9429672956466675,-0.002339657163247466
2023-01-14 11:50:07.493000,-2.040684700012207,-0.0023876470513641834
2023-01-14 11:51:07.501000,-1.9830478429794312,-0.0023989463225007057
2023-01-14 11:52:07.459000,-2.025698184967041,-0.0023163948208093643
2023-01-14 11:53:07.733000,-1.9357843399047852,-0.0022577999625355005
2023-01-14 11:54:07.625000,-1.9857531785964966,-0.002339860424399376
2023-01-14 11:55:07.416000,-1.7975682020187378,-0.002303132088854909
2023-01-14 11:56:07.371000,-1.9097788333892822,-0.0023631765507161617
2023-01-14 11:57:07.490000,-1.747221827507019,-0.002332942793145776
2023-01-14 11:58:07.448000,-1.849961519241333,-0.0023581923451274633
2023-01-14 11:59:07.573000,-1.6819146871566772,-0.0023480409290641546
2023-01-14 12:00:07.378000,-1.7028073072433472,-0.0023773000575602055
2023-01-14 12:01:07.546000,-1.5354335308074951,-0.0023031628224998713
2023-01-14 12:02:07.596000,-1.7063524723052979,-0.0023729782551527023
2023-01-14 12:03:07.444000,-1.6568900346755981,-0.0024342250544577837
2023-01-14 12:04:07.470000,-1.6507949829101562,-0.00240899994969368
2023-01-14 12:05:07.457000,-1.519007682800293,-0.002480459865182638
2023-01-14 12:06:07.460000,-1.4927146434783936,-0.0023189999628812075
2023-01-14 12:07:07.412000,-1.505332112312317,-0.0023197894915938377
2023-01-14 12:08:07.339000,-1.550910472869873,-0.0023271190002560616
2023-01-14 12:09:07.459000,-1.5359386205673218,-0.0023554761428385973
2023-01-14 12:10:07.484000,-1.3454667329788208,-0.0023843469098210335
2023-01-14 12:11:07.441000,-1.6832153797149658,-0.0023987500462681055
2023-01-14 12:12:07.410000,-1.4441924095153809,-0.0023194593377411366
2023-01-14 12:13:07.475000,-1.3805376291275024,-0.0023871250450611115
2023-01-14 12:14:07.496000,-1.3807429075241089,-0.002422558842226863
2023-01-14 12:15:07.416000,-1.4800128936767578,-0.002368396148085594
2023-01-14 12:16:07.485000,-1.439372181892395,-0.0023274000268429518
2023-01-14 12:17:07.367000,-1.4166959524154663,-0.002373365918174386
2023-01-14 12:18:07.529000,-1.241906762123108,-0.002274914877489209
2023-01-14 12:19:07.518000,-1.3526527881622314,-0.0023209794890135527
2023-01-14 12:20:07.338000,-1.4379832744598389,-0.0023933029733598232
2023-01-14 12:21:07.373000,-1.4220293760299683,-0.0023084634449332952
2023-01-14 12:22:07.432000,-1.2675518989562988,-0.0022105532698333263
2023-01-14 12:23:07.424000,-0.773111879825592,-0.002311822259798646
2023-01-14 12:24:07.385000,-0.7494370341300964,-0.002400520723313093
2023-01-14 12:25:07.651000,-0.7551307082176208,-0.0023041320964694023
2023-01-14 12:26:07.451000,-0.8207105994224548,-0.002411179943010211
2023-01-14 12:27:07.398000,-0.7434132099151611,-0.0023518570233136415
2023-01-14 12:28:07.628000,-0.7054864764213562,-0.0023036000784486532
2023-01-14 12:29:07.492000,-0.8555894494056702,-0.002337613608688116
2023-01-14 12:30:07.415000,-0.8110430836677551,-0.00236965948715806
2023-01-14 12:31:07.391000,-0.728097140789032,-0.002365604043006897
2023-01-14 12:32:07.633000,-0.7872036099433899,-0.002368068089708686
2023-01-14 12:33:07.386000,-0.8790417313575745,-0.0023452381137758493
2023-01-14 12:34:08.489000,-1.8288943767547607,-0.002388469409197569
2023-01-14 12:35:07.495000,-1.1546249389648438,-0.0023628887720406055
2023-01-14 12:36:07.408000,-0.9620876312255859,-0.002380285644903779
2023-01-14 12:37:07.449000,-1.2436835765838623,-0.0023506316356360912
2023-01-14 12:38:07.359000,-1.547223448753357,-0.002481000032275915
2023-01-14 12:39:07.759000,-0.8438006639480591,-0.002396227326244116
2023-01-14 12:40:07.439000,-0.8520290851593018,-0.002333512296900153
2023-01-14 12:41:07.421000,-1.17251718044281,-0.0024343528784811497
2023-01-14 12:42:07.735000,-1.1332082748413086,-0.0020898261573165655
2023-01-14 12:43:07.451000,-0.9178557395935059,-0.002533842111006379
2023-01-14 12:44:07.370000,-1.1372209787368774,-0.002398933283984661
2023-01-14 12:45:07.307000,-1.1074293851852417,-0.002298699924722314
2023-01-14 12:46:07.404000,-0.9145981073379517,-0.0022081315983086824
2023-01-14 12:47:07.409000,-0.8797832727432251,-0.0025970852002501488
2023-01-14 12:48:07.333000,-1.0247694253921509,-0.0025346579495817423
2023-01-14 12:49:07.622000,-0.9856832027435303,-0.002454785630106926
2023-01-14 12:50:07.384000,-1.0098366737365723,-0.002229939913377166
2023-01-14 12:51:07.437000,-0.9855913519859314,-0.0025578297208994627
2023-01-14 12:52:07.389000,-0.9068272709846497,-0.002497590845450759
2023-01-14 12:53:07.376000,-0.7812250256538391,-0.002442780416458845
2023-01-14 12:54:07.664000,-0.9356944561004639,-0.002439195988699794
2023-01-14 12:55:07.500000,-0.9584648609161377,-0.0024243060033768415
2023-01-14 12:56:07.785000,-0.9462116956710815,-0.002403659513220191
2023-01-14 12:57:07.361000,-1.1230751276016235,-0.0025011817924678326
2023-01-14 12:58:07.504000,-1.2010294198989868,-0.0023694667033851147
2023-01-14 12:59:07.335000,-1.0537054538726807,-0.0022598332725465298
2023-01-14 13:00:07.353000,-1.0404608249664307,-0.0024052499793469906
2023-01-14 13:01:07.379000,-0.976563036441803,-0.0023883902467787266
2023-01-14 13:02:07.381000,-0.7666089534759521,-0.0024265472311526537
2023-01-14 13:03:07.805000,-0.7729556560516357,-0.0023150232154875994
2023-01-14 13:04:07.388000,-0.9783000946044922,-0.00240470003336668
2023-01-14 13:05:07.320000,-0.8878883719444275,-0.0024838000535964966
2023-01-14 13:06:07.338000,-0.8035911917686462,-0.0023506665602326393
2023-01-14 13:07:07.421000,-1.031705379486084,-0.002502857241779566
2023-01-14 13:08:07.540000,-0.9943301677703857,-0.0025076086167246103
2023-01-14 13:09:08.466000,-0.9415841698646545,-0.0024609523825347424
2023-01-14 13:10:07.391000,-0.996274471282959,-0.0023722953628748655
2023-01-14 13:11:07.301000,-1.0594546794891357,-0.0023241874296218157
2023-01-14 13:12:07.369000,-1.0379042625427246,-0.0023543157149106264
2023-01-14 13:13:07.388000,-0.876960813999176,-0.002393260831013322
2023-01-14 13:14:07.593000,-1.0737426280975342,-0.002426054561510682
2023-01-14 13:15:07.569000,-0.8897795081138611,-0.0023601555731147528
2023-01-14 13:16:07.280000,-0.7892115712165833,-0.002308625029399991
2023-01-14 13:17:07.388000,-1.039495825767517,-0.0023980000987648964
2023-01-14 13:18:07.288000,-0.9053100943565369,-0.002244318136945367
2023-01-14 13:19:07.304000,-0.9479196667671204,-0.0024359766393899918
2023-01-14 13:20:08.335000,-1.0912729501724243,-0.0022522222716361284
2023-01-14 13:21:07.551000,-1.044176697731018,-0.0025470000691711903
2023-01-14 13:22:07.476000,-0.88393634557724,-0.002389740664511919
2023-01-14 13:23:07.362000,-0.8486352562904358,-0.0022989048156887293
2023-01-14 13:24:07.701000,-1.1495071649551392,-0.002647730754688382
2023-01-14 13:25:07.332000,-0.8616777062416077,-0.0024733419995754957
2023-01-14 13:26:07.410000,-0.8230810165405273,-0.0023977297823876143
2023-01-14 13:27:07.310000,-0.914114236831665,-0.00225482857786119
2023-01-14 13:28:07.359000,-0.9614554047584534,-0.0023252142127603292
2023-01-14 13:29:07.293000,-0.7890220880508423,-0.0024396481458097696
2023-01-14 13:30:07.345000,-1.253843069076538,-0.002310921670868993
2023-01-14 13:31:07.380000,-1.460006833076477,-0.002457463415339589
2023-01-14 13:32:07.419000,-1.3990806341171265,-0.002290068194270134
2023-01-14 13:33:07.316000,-1.5481115579605103,-0.0024555271957069635
2023-01-14 13:34:07.455000,-1.0506864786148071,-0.002612049924209714
2023-01-14 13:35:07.667000,-1.0877685546875,-0.002419288968667388
2023-01-14 13:36:07.268000,-1.1803542375564575,-0.0022272563073784113
2023-01-14 13:37:07.350000,-0.952534019947052,-0.002580395434051752
2023-01-14 13:38:07.350000,-0.9375224709510803,-0.0023807843681424856
2023-01-14 13:39:07.356000,-0.9552698135375977,-0.0023226665798574686
2023-01-14 13:40:07.392000,-0.9258398413658142,-0.0024022352881729603
2023-01-14 13:41:07.305000,-0.8326766490936279,-0.0024415834341198206
2023-01-14 13:42:07.293000,-0.9000387191772461,-0.0023262195754796267
2023-01-14 13:43:07.417000,-0.7815611958503723,-0.0023910750169306993
2023-01-14 13:44:07.269000,-0.7799366116523743,-0.002199999988079071
2023-01-14 13:45:07.445000,-1.2627671957015991,-0.0023782115895301104
2023-01-14 13:46:07.368000,-0.9420797228813171,-0.0023759999312460423
2023-01-14 13:47:07.356000,-0.9907904267311096,-0.0023841464426368475
2023-01-14 13:48:07.498000,-1.046003818511963,-0.002423122525215149
2023-01-14 13:49:07.423000,-0.9739490151405334,-0.0023868626449257135
2023-01-14 13:50:07.311000,-1.0355631113052368,-0.0024718779604882
2023-01-14 13:51:07.231000,-1.156862735748291,-0.0024045908357948065
2023-01-14 13:52:07.305000,-2.158994674682617,-0.0024194528814405203
2023-01-14 13:53:07.330000,-0.9621651768684387,-0.002350850962102413
2023-01-14 13:54:07.383000,-1.017043113708496,-0.002433577785268426
2023-01-14 13:55:07.359000,-0.8724694848060608,-0.002353133400902152
2023-01-14 13:56:07.228000,-0.9692522287368774,-0.002466675592586398
2023-01-14 13:57:07.221000,-1.2748597860336304,-0.0023960000835359097
2023-01-14 13:58:07.354000,-1.0370036363601685,-0.002485511125996709
2023-01-14 13:59:07.630000,-1.0884188413619995,-0.0023409209679812193
2023-01-14 14:00:07.269000,-1.1739501953125,-0.002357097575441003
2023-01-14 14:01:07.334000,-1.0395612716674805,-0.0024399361573159695
2023-01-14 14:02:07.272000,-0.8904123902320862,-0.0024078055284917355
2023-01-14 14:03:07.299000,-0.9810281991958618,-0.002219543559476733
2023-01-14 14:04:07.381000,-0.910746693611145,-0.002279113745316863
2023-01-14 14:05:07.313000,-0.8863266110420227,-0.0022459786850959063
2023-01-14 14:06:07.284000,-1.0790188312530518,-0.002410339890047908
2023-01-14 14:07:07.397000,-0.9520288109779358,-0.0022998421918600798
2023-01-14 14:08:07.238000,-0.886223316192627,-0.0025638460647314787
2023-01-14 14:09:07.304000,-1.3280301094055176,-0.0023893637116998434
2023-01-14 14:10:07.552000,-1.372020959854126,-0.002351102652028203
2023-01-14 14:11:07.318000,-1.0774577856063843,-0.002292190445587039
2023-01-14 14:12:07.314000,-1.5715516805648804,-0.0023305455688387156
2023-01-14 14:13:07.239000,-1.5897139310836792,-0.0023947234731167555
2023-01-14 14:14:07.202000,-1.298996925354004,-0.0024208039976656437
2023-01-14 14:15:07.250000,-1.4621371030807495,-0.0023575262166559696
2023-01-14 14:16:07.576000,-1.4895150661468506,-0.0024890732020139694
2023-01-14 14:17:07.298000,-1.3605018854141235,-0.002344312611967325
2023-01-14 14:18:07.330000,-1.4170104265213013,-0.0023866817355155945
2023-01-14 14:19:07.261000,-1.5750923156738281,-0.002299586310982704
2023-01-14 14:20:07.268000,-1.3590940237045288,-0.002431199885904789
2023-01-14 14:21:07.329000,-1.331627607345581,-0.00238215085119009
2023-01-14 14:22:07.296000,-1.475603461265564,-0.0023811080027371645
2023-01-14 14:23:07.294000,-1.292028546333313,-0.0024411086924374104
2023-01-14 14:24:07.163000,-1.3079712390899658,-0.0024241346400231123
2023-01-14 14:25:07.226000,-1.462962031364441,-0.002409970620647073
2023-01-14 14:26:07.331000,-1.5016093254089355,-0.0024038914125412703
2023-01-14 14:27:07.281000,-1.262872338294983,-0.002356466604396701
2023-01-14 14:28:07.257000,-1.4241472482681274,-0.002365447347983718
2023-01-14 14:29:07.237000,-1.3499760627746582,-0.0025211400352418423
2023-01-14 14:30:07.317000,-1.4524680376052856,-0.0023590577766299248
2023-01-14 14:31:07.369000,-1.3228918313980103,-0.0023043749388307333
2023-01-14 14:32:07.229000,-1.5468608140945435,-0.0022058605682104826
2023-01-14 14:33:07.519000,-1.380705714225769,-0.0023171163629740477
2023-01-14 14:34:07.255000,-1.4020593166351318,-0.002408769214525819
2023-01-14 14:35:07.304000,-1.309321641921997,-0.0024597332812845707
2023-01-14 14:36:07.304000,-1.2476515769958496,-0.0023906216956675053
2023-01-14 14:37:07.158000,-1.0706312656402588,-0.002529224380850792
2023-01-14 14:38:07.265000,-1.28227698802948,-0.0023429705761373043
2023-01-14 14:39:07.495000,-1.2539945840835571,-0.002406854648143053
2023-01-14 14:40:07.263000,-1.211769938468933,-0.002361239166930318
2023-01-14 14:41:07.149000,-1.1312803030014038,-0.002266441937536001
2023-01-14 14:42:07.249000,-1.2994773387908936,-0.0026667166966944933
2023-01-14 14:43:07.471000,-1.1263476610183716,-0.0020074311178177595
2023-01-14 14:44:07.248000,-1.034478783607483,-0.002465836238116026
2023-01-14 14:45:07.284000,-1.3227531909942627,-0.0024556780699640512
2023-01-14 14:46:07.191000,-1.162195086479187,-0.002066314220428467
2023-01-14 14:47:07.321000,-1.2425932884216309,-0.0021560881286859512
2023-01-14 14:48:07.271000,-1.2791941165924072,-0.002376851160079241
2023-01-14 14:49:07.211000,-1.4104269742965698,-0.0023115999065339565
2023-01-14 14:50:07.219000,-1.1324492692947388,-0.002435016678646207
2023-01-14 14:51:07.237000,-1.28703773021698,-0.0025005319621413946
2023-01-14 14:52:07.254000,-1.421328067779541,-0.0022648475132882595
2023-01-14 14:53:07.126000,-1.4176414012908936,-0.002236043568700552
2023-01-14 14:54:07.292000,-1.294368028640747,-0.0023505790159106255
2023-01-14 14:55:07.292000,-1.3417035341262817,-0.002218829235062003
2023-01-14 14:56:07.179000,-1.3703616857528687,-0.002156351925805211
2023-01-14 14:57:07.235000,-1.373016119003296,-0.0024435832165181637
2023-01-14 14:58:07.371000,-1.1971416473388672,-0.0024335228372365236
2023-01-14 14:59:07.221000,-1.1822279691696167,-0.002485050819814205
2023-01-14 15:00:07.911000,-1.261007308959961,-0.002408913802355528
2023-01-14 15:01:07.641000,-1.191025972366333,-0.002525818068534136
2023-01-14 15:02:07.616000,-1.2429479360580444,-0.0024480000138282776
2023-01-14 15:03:07.632000,-1.3536405563354492,-0.0024788302835077047
2023-01-14 15:04:07.185000,-1.1660264730453491,-0.002282740082591772
2023-01-14 15:05:07.208000,-1.0886183977127075,-0.002443333389237523
2023-01-14 15:06:07.205000,-1.2299528121948242,-0.002438724972307682
2023-01-14 15:07:07.192000,-1.295697569847107,-0.0024623828940093517
2023-01-14 15:08:07.285000,-1.959774136543274,-0.0023170255590230227
2023-01-14 15:09:07.148000,-2.0643062591552734,-0.002172785811126232
2023-01-14 15:10:07.293000,-2.007268190383911,-0.0020724250935018063
2023-01-14 15:11:07.262000,-1.7892308235168457,-0.0022290870547294617
2023-01-14 15:12:07.171000,-1.8073523044586182,-0.002376411808654666
2023-01-14 15:13:07.167000,-1.9364858865737915,-0.0019473055144771934
2023-01-14 15:14:07.160000,-1.8561440706253052,-0.0022862667683511972
2023-01-14 15:15:07.116000,-1.830955147743225,-0.0022508723195642233
2023-01-14 15:16:07.177000,-2.0984854698181152,-0.0020433333702385426
2023-01-14 15:17:07.215000,-1.9344048500061035,-0.0025448808446526527
2023-01-14 15:18:07.148000,-1.727962851524353,-0.002416355535387993
2023-01-14 15:19:07.177000,-1.6018931865692139,-0.0022036773152649403
2023-01-14 15:20:07.441000,-1.6158708333969116,-0.002316500060260296
2023-01-14 15:21:07.177000,-1.4792894124984741,-0.00273587997071445
2023-01-14 15:22:07.138000,-1.6601827144622803,-0.0026858928613364697
2023-01-14 15:23:07.365000,-1.7027968168258667,-0.002429825020954013
2023-01-14 15:24:07.240000,-1.4865045547485352,-0.0025612162426114082
2023-01-14 15:25:07.184000,-1.6147010326385498,-0.0024687740951776505
2023-01-14 15:26:07.269000,-1.86909019947052,-0.0022877391893416643
2023-01-14 15:27:07.134000,-1.0560321807861328,-0.0026553478091955185
2023-01-14 15:28:07.425000,-0.7667394876480103,-0.0023899374064058065
2023-01-14 15:29:07.173000,-1.0121610164642334,-0.002154999878257513
2023-01-14 15:30:07.232000,-0.8653347492218018,-0.0019761112052947283
2023-01-14 15:31:07.143000,-0.9696246385574341,-0.002398131648078561
2023-01-14 15:32:07.093000,-2.8222010135650635,-0.002508512930944562
2023-01-14 15:33:07.226000,-2.5936882495880127,-0.0023582777939736843
2023-01-14 15:34:07.124000,-1.5734776258468628,-0.0023443333338946104
2023-01-14 15:35:07.251000,-0.8742039799690247,-0.0023459303192794323
2023-01-14 15:36:07.134000,-0.651061475276947,-0.0023828158155083656
2023-01-14 15:37:07.133000,-0.655157208442688,-0.0025216666981577873
2023-01-14 15:38:07.063000,-0.8316657543182373,-0.002517926739528775
2023-01-14 15:39:07.135000,-0.9161412119865417,-0.0022929999977350235
2023-01-14 15:40:07.225000,-0.6814529299736023,-0.0024540750309824944
2023-01-14 15:41:07.091000,-0.7392048835754395,-0.0023113256320357323
2023-01-14 15:42:07.095000,-0.7613608837127686,-0.0026921110693365335
2023-01-14 15:43:07.558000,-0.6393987536430359,-0.0024844000581651926
2023-01-14 15:44:07.091000,-0.6511549353599548,-0.0022671667393296957
2023-01-14 15:45:07.118000,-0.8166143894195557,-0.002505973679944873
2023-01-14 15:46:07.286000,-0.6738163828849792,-0.0023503333795815706
2023-01-14 15:47:07.151000,-0.8810542225837708,-0.002497750101611018
2023-01-14 15:48:07.132000,-0.8847902417182922,-0.0027772390749305487
2023-01-14 15:49:07.113000,-0.6804243326187134,-0.002358282683417201
2023-01-14 15:50:07.182000,-0.49768301844596863,-0.0024339999072253704
2023-01-14 15:51:07.088000,-0.6680485606193542,-0.002409828593954444
2023-01-14 15:52:07.142000,-0.41925525665283203,-0.0023532777559012175
2023-01-14 15:53:07.028000,-0.553337812423706,-0.002358565106987953
2023-01-14 15:54:07.199000,-0.5420610904693604,-0.0022642549593001604
2023-01-14 15:55:07.324000,-0.4012064039707184,-0.002387918997555971
2023-01-14 15:56:07.151000,-0.5312591791152954,-0.002544666640460491
2023-01-14 15:57:07.198000,-0.7066205143928528,-0.0024883022997528315
2023-01-14 15:58:07.179000,-0.6331980228424072,-0.0024072916712611914
2023-01-14 15:59:07.132000,-0.7309607267379761,-0.002520727226510644
2023-01-14 16:00:07.100000,-0.723292350769043,-0.0024034285452216864
2023-01-14 16:01:07.105000,-0.5853717923164368,-0.002330844523385167
2023-01-14 16:02:07.464000,-0.8036115765571594,-0.002402612240985036
2023-01-14 16:03:07.087000,-0.787092924118042,-0.0023537001106888056
2023-01-14 16:04:07.109000,-0.8201507329940796,-0.0023299474269151688
2023-01-14 16:05:07.127000,-0.7659411430358887,-0.0023720667231827974
2023-01-14 16:06:07.112000,-0.555935263633728,-0.0023113684728741646
2023-01-14 16:07:07.129000,-0.5278529524803162,-0.0023137317039072514
2023-01-14 16:08:07.093000,-0.6720793843269348,-0.002334020799025893
2023-01-14 16:09:07.256000,-0.574097752571106,-0.002263636328279972
2023-01-14 16:10:07.159000,-0.5769309997558594,-0.0024714418686926365
2023-01-14 16:11:07.131000,-0.7351133823394775,-0.0024374418426305056
2023-01-14 16:12:07.093000,-0.6381614804267883,-0.0024013477377593517
2023-01-14 16:13:07.012000,-0.5514039993286133,-0.002374790608882904
2023-01-14 16:14:07.120000,-0.8331056237220764,-0.002433075336739421
2023-01-14 16:15:07.048000,-0.6275712847709656,-0.0024376045912504196
2023-01-14 16:16:07.130000,-0.6214492321014404,-0.00228599994443357
2023-01-14 16:17:07.077000,-0.7067846059799194,-0.0024405682925134897
2023-01-14 16:18:07.164000,-0.8249234557151794,-0.002411923138424754
2023-01-14 16:19:07.053000,-0.7491467595100403,-0.002408690517768264
2023-01-14 16:20:07.117000,-0.679441511631012,-0.002515044528990984
2023-01-14 16:21:07.090000,-0.5840505361557007,-0.002460181713104248
2023-01-14 16:22:07.003000,-0.5340911149978638,-0.0024103999603539705
2023-01-14 16:23:07.061000,-0.38186365365982056,-0.0021177143789827824
2023-01-14 16:24:07.044000,-0.4423004388809204,-0.0024617116432636976
2023-01-14 16:25:07.129000,-0.5861576199531555,-0.002276760758832097
2023-01-14 16:26:07.231000,-0.3992096483707428,-0.0023573776707053185
2023-01-14 16:27:07.097000,-0.4904448390007019,-0.0025331955403089523
2023-01-14 16:28:07.132000,-0.5963276028633118,-0.002272553276270628
2023-01-14 16:29:06.943000,-0.5004730224609375,-0.0024132707621902227
2023-01-14 16:30:07.060000,-0.4791397750377655,-0.002291340846568346
2023-01-14 16:31:07.211000,-0.6841019988059998,-0.002407714258879423
2023-01-14 16:32:07.103000,-0.43932318687438965,-0.0024796738289296627
2023-01-14 16:33:07.211000,-0.5356128215789795,-0.0021771739702671766
2023-01-14 16:34:07.218000,-0.6821981072425842,-0.002451400039717555
2023-01-14 16:35:07.062000,-0.5484145879745483,-0.0024075848050415516
2023-01-14 16:36:06.981000,-0.6683327555656433,-0.0024323477409780025
2023-01-14 16:37:07.154000,-0.7550691366195679,-0.00242546945810318
2023-01-14 16:38:07.073000,-0.4733174443244934,-0.002399186138063669
2023-01-14 16:39:07.042000,-0.5468190908432007,-0.0024663000367581844
2023-01-14 16:40:07.109000,-0.5675561428070068,-0.0024817499797791243
2023-01-14 16:41:07.012000,-0.36271461844444275,-0.0024877209216356277
2023-01-14 16:42:07.070000,-0.5871660709381104,-0.0024716046173125505
2023-01-14 16:43:07.129000,-0.4491855800151825,-0.002430341439321637
2023-01-14 16:44:07.136000,-0.3282947838306427,-0.002408745000138879
2023-01-14 16:45:07.034000,-0.5897744297981262,-0.002427520928904414
2023-01-14 16:46:06.964000,-0.34178513288497925,-0.0024256817996501923
2023-01-14 16:47:07.064000,-0.41133198142051697,-0.002487214282155037
2023-01-14 16:48:07.076000,-0.546570360660553,-0.0024486975744366646
2023-01-14 16:49:07.043000,-0.2965365946292877,-0.0023097367957234383
2023-01-14 16:50:07.065000,-0.49398618936538696,-0.002486125100404024
2023-01-14 16:51:07.024000,-0.42866814136505127,-0.0025013540871441364
2023-01-14 16:52:07.146000,-0.3681475818157196,-0.002411955501884222
2023-01-14 16:53:07.121000,-0.5379073619842529,-0.0023755475413054228
2023-01-14 16:54:07.042000,-0.3002556562423706,-0.0024402684066444635
2023-01-14 16:55:07.091000,-0.39528506994247437,-0.002480902010574937
2023-01-14 16:56:07.038000,-0.4938335120677948,-0.0024388604797422886
2023-01-14 16:57:06.973000,-0.4095507860183716,-0.002481510629877448
2023-01-14 16:58:07.028000,-0.5133127570152283,-0.002439437434077263
2023-01-14 16:59:07.060000,-0.41611477732658386,-0.0024581521283835173
2023-01-14 17:00:07.064000,-0.26791247725486755,-0.0024653468281030655
2023-01-14 17:01:07.020000,-0.49585485458374023,-0.0024941277224570513
2023-01-14 17:02:07.016000,-0.41245827078819275,-0.0024092092644423246
2023-01-14 17:03:07.105000,-0.3980437219142914,-0.0024508999194949865
2023-01-14 17:04:07.088000,-0.598237156867981,-0.0024312250316143036
2023-01-14 17:05:07.045000,-0.4125159680843353,-0.0023666589986532927
2023-01-14 17:06:07.114000,-0.6144884824752808,-0.0023325278889387846
2023-01-14 17:07:06.891000,-0.7219357490539551,-0.002505931770429015
2023-01-14 17:08:07.085000,-0.5146932005882263,-0.002351297764107585
2023-01-14 17:09:07.006000,-0.7514488697052002,-0.002316500060260296
2023-01-14 17:10:07.053000,-0.60459303855896,-0.0023949374444782734
2023-01-14 17:11:07.119000,-0.6721223592758179,-0.0024133529514074326
2023-01-14 17:12:06.980000,-0.6824549436569214,-0.002418878022581339
2023-01-14 17:13:07.044000,-0.6229715347290039,-0.0024207632523030043
2023-01-14 17:14:07.005000,-0.826751172542572,-0.0024234680458903313
2023-01-14 17:15:07.094000,-0.8080527782440186,-0.0024364509154111147
2023-01-14 17:16:07.123000,-0.6102690696716309,-0.002385928528383374
2023-01-14 17:17:07.017000,-0.7059686779975891,-0.002450181869789958
2023-01-14 17:18:06.962000,-0.712969958782196,-0.0023046585265547037
2023-01-14 17:19:07.080000,-0.6345712542533875,-0.002438145922496915
2023-01-14 17:20:07.035000,-0.7711183428764343,-0.0025101499632000923
2023-01-14 17:21:07.082000,-0.5526816844940186,-0.0025548934936523438
2023-01-14 17:22:07.127000,-0.6385043859481812,-0.0023848460987210274
2023-01-14 17:23:07.032000,-0.49367937445640564,-0.002262622117996216
2023-01-14 17:24:07.092000,-0.44700750708580017,-0.0024592499248683453
2023-01-14 17:25:06.979000,-0.5388042330741882,-0.0024906976614147425
2023-01-14 17:26:06.991000,-0.38521960377693176,-0.002354127587750554
2023-01-14 17:27:06.988000,-0.3903902769088745,-0.002446227241307497
2023-01-14 17:28:06.998000,-0.5508562922477722,-0.0024495364632457495
2023-01-14 17:29:06.941000,-0.501914918422699,-0.00245147617533803
2023-01-14 17:30:07.105000,-0.592620313167572,-0.0023703784681856632
2023-01-14 17:31:07.268000,-0.6742836833000183,-0.00238917488604784
2023-01-14 17:32:06.916000,-0.5435728430747986,-0.0022877221927046776
2023-01-14 17:33:06.940000,-0.7411220073699951,-0.002430326072499156
2023-01-14 17:34:06.828000,-0.7732893228530884,-0.0023964422289282084
2023-01-14 17:35:07.019000,-0.7935924530029297,-0.0023679714649915695
2023-01-14 17:36:06.990000,-0.7843855619430542,-0.002452606102451682
2023-01-14 17:37:07.070000,-0.6445419192314148,-0.0024677112232893705
2023-01-14 17:38:07.055000,-0.3907128572463989,-0.002400461584329605
2023-01-14 17:39:07.077000,-0.5406484007835388,-0.002338702091947198
2023-01-14 17:40:07.086000,-0.4978824853897095,-0.002410170156508684
2023-01-14 17:41:06.990000,-0.38955098390579224,-0.0024063200689852238
2023-01-14 17:42:06.965000,-0.5989114046096802,-0.0024229511618614197
2023-01-14 17:43:06.989000,-0.5055391192436218,-0.0022187954746186733
2023-01-14 17:44:07.017000,-0.45035895705223083,-0.002215136308223009
2023-01-14 17:45:07.058000,-0.5989722609519958,-0.002279500011354685
2023-01-14 17:46:07.007000,-0.42017862200737,-0.002397931879386306
2023-01-14 17:47:06.989000,-0.5165188908576965,-0.0022149046417325735
2023-01-14 17:48:06.933000,-0.5670741200447083,-0.0025468163657933474
2023-01-14 17:49:06.891000,-0.43296951055526733,-0.0023632000666111708
2023-01-14 17:50:06.983000,-0.6800289750099182,-0.002281390130519867
2023-01-14 17:51:06.982000,-0.5170460343360901,-0.0023534130305051804
2023-01-14 17:52:07.122000,-0.6567448377609253,-0.002591025084257126
2023-01-14 17:53:07.003000,-0.8207635879516602,-0.0021955366246402264
2023-01-14 17:54:06.946000,-0.4825528562068939,-0.0022488718386739492
2023-01-14 17:55:06.813000,-0.4995273947715759,-0.002560416702181101
2023-01-14 17:56:07.006000,-0.6053431630134583,-0.0024127825163304806
2023-01-14 17:57:07.137000,-0.4076403081417084,-0.0024272683076560497
2023-01-14 17:58:07.014000,-0.4848405122756958,-0.0024635554291307926
2023-01-14 17:59:06.906000,-0.568778932094574,-0.0023844633251428604
2023-01-14 18:00:06.969000,-0.4182056188583374,-0.0024711249861866236
2023-01-14 18:01:06.908000,-0.5913154482841492,-0.002115400042384863
2023-01-14 18:02:06.945000,-0.5626800656318665,-0.002546299947425723
2023-01-14 18:03:06.997000,-0.3925221264362335,-0.002439733361825347
2023-01-14 18:04:06.913000,-0.5181935429573059,-0.0024679512716829777
2023-01-14 18:05:07.021000,-0.420276403427124,-0.0025013547856360674
2023-01-14 18:06:06.951000,-0.42872703075408936,-0.0024570587556809187
2023-01-14 18:07:07.079000,-0.5787748098373413,-0.0024339582305401564
2023-01-14 18:08:06.973000,-0.3246605098247528,-0.002456806367263198
2023-01-14 18:09:06.968000,-0.5769614577293396,-0.002506375079974532
2023-01-14 18:10:07.099000,-0.39972344040870667,-0.002481842180714011
2023-01-14 18:11:06.895000,-0.435263454914093,-0.002484212163835764
2023-01-14 18:12:06.989000,-0.5445817708969116,-0.002501111011952162
2023-01-14 18:13:07.005000,-0.5145409107208252,-0.0024878857657313347
2023-01-14 18:14:06.855000,-0.4731620252132416,-0.0024603265337646008
2023-01-14 18:15:06.928000,-0.5303012132644653,-0.002481024479493499
2023-01-14 18:16:06.984000,-0.3787895739078522,-0.0024563265033066273
2023-01-14 18:17:06.891000,-0.6696923971176147,-0.0024133778642863035
2023-01-14 18:18:07.014000,-0.5447142124176025,-0.0024411554913967848
2023-01-14 18:19:07.010000,-0.5416985750198364,-0.0025277272798120975
2023-01-14 18:20:07.187000,-0.6312543153762817,-0.0024741915985941887
2023-01-14 18:21:06.903000,-0.48016977310180664,-0.002460600109770894
2023-01-14 18:22:06.856000,-0.6342706084251404,-0.0024904583115130663
2023-01-14 18:23:06.955000,-0.6052991151809692,-0.00247235712595284
2023-01-14 18:24:06.886000,-0.5072305798530579,-0.002458456438034773
2023-01-14 18:25:06.855000,-0.6891131401062012,-0.0024362800177186728
2023-01-14 18:26:06.843000,-0.5168362259864807,-0.0023339272011071444
2023-01-14 18:27:06.962000,-0.5867891907691956,-0.0025912856217473745
2023-01-14 18:28:06.960000,-0.6835939884185791,-0.0023642857559025288
2023-01-14 18:29:06.999000,-0.5147595405578613,-0.0024841399863362312
2023-01-14 18:30:06.880000,-0.7749707102775574,-0.002363804029300809
2023-01-14 18:31:07.039000,-0.8618999123573303,-0.0025411960668861866
2023-01-14 18:32:06.947000,-0.6216047406196594,-0.0024859781842678785
2023-01-14 18:33:06.912000,-0.6927929520606995,-0.002565022325143218
2023-01-14 18:34:06.872000,-0.5435580611228943,-0.002187152160331607
2023-01-14 18:35:06.870000,-0.500984787940979,-0.0025456957519054413
2023-01-14 18:36:06.864000,-0.6246534585952759,-0.002268714364618063
2023-01-14 18:37:06.868000,-0.5566508769989014,-0.002374612260609865
2023-01-14 18:38:06.986000,-0.5514306426048279,-0.0024937500711530447
2023-01-14 18:39:06.866000,-0.41896235942840576,-0.0024793846532702446
2023-01-14 18:40:06.859000,-0.6459459662437439,-0.00247817300260067
2023-01-14 18:41:06.860000,-0.5558281540870667,-0.002519953530281782
2023-01-14 18:42:06.978000,-0.4385828971862793,-0.0025227174628525972
2023-01-14 18:43:06.885000,-0.6811209917068481,-0.002472521737217903
2023-01-14 18:44:07.108000,-0.43446284532546997,-0.0024110625963658094
2023-01-14 18:45:06.905000,-0.5292071104049683,-0.002324520843103528
2023-01-14 18:46:06.880000,-0.7619961500167847,-0.0023528500460088253
2023-01-14 18:47:06.982000,-0.48450395464897156,-0.0024333999026566744
2023-01-14 18:48:06.899000,-0.4440929591655731,-0.0024410930927842855
2023-01-14 18:49:06.963000,-0.5307458639144897,-0.0024798912927508354
2023-01-14 18:50:07.077000,-0.35130205750465393,-0.002498731715604663
2023-01-14 18:51:07.134000,-0.5297583937644958,-0.0024458221159875393
2023-01-14 18:52:06.895000,-0.4726654887199402,-0.002451807726174593
2023-01-14 18:53:06.906000,-0.3216978907585144,-0.0024334813933819532
2023-01-14 18:54:06.851000,-0.5475412011146545,-0.0024530652444809675
2023-01-14 18:55:06.877000,-0.3395557403564453,-0.0025123259983956814
2023-01-14 18:56:06.859000,-0.34981873631477356,-0.0024507110938429832
2023-01-14 18:57:06.863000,-0.5216377973556519,-0.002387840999290347
2023-01-14 18:58:06.899000,-0.29314422607421875,-0.0023535999935120344
2023-01-14 18:59:06.804000,-0.4305213987827301,-0.002482627984136343
2023-01-14 19:00:06.872000,-0.45329999923706055,-0.0024717110209167004
2023-01-14 19:01:06.869000,-0.2965506911277771,-0.002456062473356724
2023-01-14 19:02:06.793000,-0.4355194866657257,-0.0024878946132957935
2023-01-14 19:03:06.899000,-0.5592736005783081,-0.0024708975106477737
2023-01-14 19:04:06.857000,-0.42209649085998535,-0.0024530000519007444
2023-01-14 19:05:06.934000,-0.5347039103507996,-0.002443707315251231
2023-01-14 19:06:06.827000,-0.38290855288505554,-0.0024361249525099993
2023-01-14 19:07:07.024000,-0.302079975605011,-0.002455018926411867
2023-01-14 19:08:06.864000,-0.608206570148468,-0.0024563863407820463
2023-01-14 19:09:06.905000,-0.5520327091217041,-0.00240281131118536
2023-01-14 19:10:06.803000,-0.46995308995246887,-0.002490958431735635
2023-01-14 19:11:06.913000,-0.6875656247138977,-0.002398311160504818
2023-01-14 19:12:06.710000,-0.4069889187812805,-0.002478000009432435
2023-01-14 19:13:06.909000,-0.6746448874473572,-0.0024962222669273615
2023-01-14 19:14:06.780000,-0.515364408493042,-0.002425978658720851
2023-01-14 19:15:06.833000,-0.5067616701126099,-0.0025673469062894583
2023-01-14 19:16:06.874000,-0.6139916181564331,-0.002387038432061672
2023-01-14 19:17:06.908000,-0.5919358134269714,-0.0023393158335238695
2023-01-14 19:18:06.857000,-0.4511365294456482,-0.002206680830568075
2023-01-14 19:19:06.681000,-0.6806034445762634,-0.0022335918620228767
2023-01-14 19:20:06.900000,-0.474556028842926,-0.00243445229716599
2023-01-14 19:21:06.861000,-0.512376070022583,-0.002366763073951006
2023-01-14 19:22:06.792000,-0.6366603374481201,-0.002451615408062935
2023-01-14 19:23:06.838000,-0.44812247157096863,-0.0024769422598183155
2023-01-14 19:24:06.942000,-0.6579848527908325,-0.0024978260044008493
2023-01-14 19:25:06.862000,-0.6563490033149719,-0.002430045511573553
2023-01-14 19:26:06.879000,-0.4123951494693756,-0.002464113524183631
2023-01-14 19:27:06.832000,-0.6985986232757568,-0.0024820000398904085
2023-01-14 19:28:07.006000,-0.6644699573516846,-0.002453974913805723
2023-01-14 19:29:06.700000,-0.6361356973648071,-0.0024709999561309814
2023-01-14 19:30:06.799000,-0.7064550518989563,-0.002429000101983547
2023-01-14 19:31:07.054000,-0.5616830587387085,-0.002505042590200901
2023-01-14 19:32:06.763000,-0.737176775932312,-0.0025058628525584936
2023-01-14 19:33:06.846000,-0.4269195795059204,-0.0026202916633337736
2023-01-14 19:34:06.911000,-0.6619764566421509,-0.002523434814065695
2023-01-14 19:35:06.768000,-0.4958735406398773,-0.0025395958218723536
2023-01-14 19:36:06.845000,-0.4589823782444,-0.002474255859851837
2023-01-14 19:37:06.861000,-0.5853758454322815,-0.0025340199936181307
2023-01-14 19:38:06.904000,-0.5397858619689941,-0.002515912987291813
2023-01-14 19:39:07.041000,-0.5227206945419312,-0.0024241521023213863
2023-01-14 19:40:06.815000,-0.6626583337783813,-0.0024382618721574545
2023-01-14 19:41:06.719000,-0.6026116609573364,-0.0024587949737906456
2023-01-14 19:42:06.862000,-0.8741722702980042,-0.0024755001068115234
2023-01-14 19:43:06.849000,-0.7041800618171692,-0.002495173132047057
2023-01-14 19:44:06.807000,-0.7039439678192139,-0.0023296521976590157
2023-01-14 19:45:06.739000,-0.7296411991119385,-0.002536534797400236
2023-01-14 19:46:06.779000,-0.6264457106590271,-0.0026475319173187017
2023-01-14 19:47:06.813000,-0.8678265810012817,-0.0024492039810866117
2023-01-14 19:48:06.831000,-0.633527934551239,-0.002360404236242175
2023-01-14 19:49:06.841000,-0.6925402879714966,-0.002445139456540346
2023-01-14 19:50:06.843000,-0.7743039131164551,-0.0024448500480502844
2023-01-14 19:51:06.783000,-0.5357473492622375,-0.0025535281747579575
2023-01-14 19:52:06.750000,-0.5750667452812195,-0.002147384686395526
2023-01-14 19:53:06.844000,-0.6588074564933777,-0.0021873044315725565
2023-01-14 19:54:06.809000,-0.4804695248603821,-0.002355097560212016
2023-01-14 19:55:06.848000,-0.6433805823326111,-0.0025521633215248585
2023-01-14 19:56:06.670000,-0.615775465965271,-0.002469291677698493
2023-01-14 19:57:06.771000,-0.49041521549224854,-0.002486767480149865
2023-01-14 19:58:06.667000,-0.6710619926452637,-0.002377256518229842
2023-01-14 19:59:06.679000,-0.5774003863334656,-0.0024250424467027187
2023-01-14 20:00:06.642000,-1.210686206817627,-0.0025026046205312014
2023-01-14 20:01:06.840000,-0.8597478866577148,-0.0024282040540128946
2023-01-14 20:02:06.854000,-0.706598699092865,-0.0024358222726732492
2023-01-14 20:03:06.797000,-0.6695281267166138,-0.0023667020723223686
2023-01-14 20:04:06.743000,-0.7029874920845032,-0.002423000056296587
2023-01-14 20:05:06.684000,-0.8741818070411682,-0.002471479121595621
2023-01-14 20:06:06.874000,-0.8794677257537842,-0.0023836486507207155
2023-01-14 20:07:06.839000,-0.6917693614959717,-0.0024378462694585323
2023-01-14 20:08:06.737000,-0.7765469551086426,-0.002442091004922986
2023-01-14 20:09:06.831000,-0.7485765218734741,-0.0024733778554946184
2023-01-14 20:10:07.002000,-0.6597814559936523,-0.002521425485610962
2023-01-14 20:11:06.764000,-0.6649513244628906,-0.002589093055576086
2023-01-14 20:12:06.735000,-0.8230189681053162,-0.002627255395054817
2023-01-14 20:13:06.800000,-0.6006292700767517,-0.0025537116453051567
2023-01-14 20:14:06.714000,-0.7226666808128357,-0.0024532044772058725
2023-01-14 20:15:06.772000,-0.7676512002944946,-0.002486740006133914
2023-01-14 20:16:06.731000,-0.6618609428405762,-0.002559533342719078
2023-01-14 20:17:06.719000,-0.7469211220741272,-0.0024726511910557747
2023-01-14 20:18:06.842000,-0.8095372915267944,-0.0025612888857722282
2023-01-14 20:19:06.701000,-0.6343174576759338,-0.002501577837392688
2023-01-14 20:20:06.613000,-0.8540809750556946,-0.0024938604328781366
2023-01-14 20:21:06.894000,-0.8215972781181335,-0.002485424978658557
2023-01-14 20:22:06.604000,-0.5693987607955933,-0.0024808477610349655
2023-01-14 20:23:06.790000,-0.6749834418296814,-0.0024144419003278017
2023-01-14 20:24:06.816000,-0.7739104628562927,-0.0024959545116871595
2023-01-14 20:25:06.790000,-0.6037454009056091,-0.0024906001053750515
2023-01-14 20:26:06.769000,-0.6779488921165466,-0.0024823094718158245
2023-01-14 20:27:06.620000,-0.7064510583877563,-0.002406386425718665
2023-01-14 20:28:06.805000,-0.5357385873794556,-0.0025330204516649246
2023-01-14 20:29:06.830000,-0.7373912334442139,-0.0024880599230527878
2023-01-14 20:30:06.792000,-0.7037390470504761,-0.0024992083199322224
2023-01-14 20:31:06.722000,-0.5360618829727173,-0.0024579481687396765
2023-01-14 20:32:06.742000,-0.6496221423149109,-0.002449000021442771
2023-01-14 20:33:06.737000,-0.6541288495063782,-0.002399083226919174
2023-01-14 20:34:06.728000,-0.44522684812545776,-0.002584377769380808
2023-01-14 20:35:06.788000,-0.6685232520103455,-0.0024714090395718813
2023-01-14 20:36:06.817000,-0.7278305888175964,-0.0024718628264963627
2023-01-14 20:37:06.817000,-0.4803619384765625,-0.002486000070348382
2023-01-14 20:38:06.747000,-0.64464271068573,-0.002431392204016447
2023-01-14 20:39:06.707000,-0.5512574911117554,-0.002464145887643099
2023-01-14 20:40:06.817000,-0.7625471949577332,-0.002453939989209175
2023-01-14 20:41:06.681000,-0.7979748249053955,-0.002467621583491564
2023-01-14 20:42:06.784000,-0.6214544773101807,-0.0025060682091861963
2023-01-14 20:43:06.821000,-0.8788600564002991,-0.0024369109887629747
2023-01-14 20:44:06.723000,-0.6623163819313049,-0.002385893603786826
2023-01-14 20:45:06.800000,-0.6962503790855408,-0.0025591314770281315
2023-01-14 20:46:06.798000,-0.8659681677818298,-0.00228465860709548
2023-01-14 20:47:06.774000,-0.6565244793891907,-0.00247751222923398
2023-01-14 20:48:06.682000,-0.9866458177566528,-0.002364348853006959
2023-01-14 20:49:06.838000,-0.6501429080963135,-0.002563650021329522
2023-01-14 20:50:06.833000,-0.8610945343971252,-0.002460090909153223
2023-01-14 20:51:06.818000,-0.7560175061225891,-0.002534733386710286
2023-01-14 20:52:06.710000,-0.7419136762619019,-0.002244645729660988
2023-01-14 20:53:06.664000,-0.9847193360328674,-0.0027410888578742743
2023-01-14 20:54:06.717000,-0.8342347145080566,-0.0026681458111852407
2023-01-14 20:55:06.671000,-0.8831059336662292,-0.0023803901858627796
2023-01-14 20:56:06.691000,-0.7298310399055481,-0.0025233023334294558
2023-01-14 20:57:06.766000,-0.6193902492523193,-0.002446250058710575
2023-01-14 20:58:06.660000,-0.7459350228309631,-0.0025054614525288343
2023-01-14 20:59:06.776000,-0.6423517465591431,-0.0024961738381534815
2023-01-14 21:00:06.725000,-0.6189274191856384,-0.002442214172333479
2023-01-14 21:01:06.797000,-0.7866872549057007,-0.002443416742607951
2023-01-14 21:02:06.565000,-0.5761410593986511,-0.002429999876767397
2023-01-14 21:03:06.690000,-0.8455107808113098,-0.002442428609356284
2023-01-14 21:04:06.579000,-0.8719469308853149,-0.002505482640117407
2023-01-14 21:05:06.805000,-0.7905442714691162,-0.0024836817756295204
2023-01-14 21:06:06.695000,-0.9577176570892334,-0.0024623333010822535
2023-01-14 21:07:06.683000,-0.6591682434082031,-0.002423020778223872
2023-01-14 21:08:06.740000,-0.7947701811790466,-0.0025222557596862316
2023-01-14 21:09:07.199000,-0.818736732006073,-0.0024740961380302906
2023-01-14 21:10:06.683000,-0.7050668597221375,-0.0024253125302493572
2023-01-14 21:11:06.674000,-0.8000859022140503,-0.0024466579779982567
2023-01-14 21:12:06.713000,-0.59659743309021,-0.0025047073140740395
2023-01-14 21:13:06.643000,-0.5640406012535095,-0.0024817073717713356
2023-01-14 21:14:07.061000,-0.8640598058700562,-0.0024456169921904802
2023-01-14 21:15:06.708000,-0.6661207675933838,-0.0024729555007070303
2023-01-14 21:16:06.743000,-0.7147184610366821,-0.002491024322807789
2023-01-14 21:17:06.607000,-0.7784742712974548,-0.002454441972076893
2023-01-14 21:18:06.776000,-0.701120913028717,-0.0024751999881118536
2023-01-14 21:19:06.619000,-0.9058550000190735,-0.002465340308845043
2023-01-14 21:20:06.665000,-0.6470714211463928,-0.0024731794837862253
2023-01-14 21:21:06.650000,-0.8811468482017517,-0.002441441873088479
2023-01-14 21:22:06.686000,-0.6380055546760559,-0.002408524975180626
2023-01-14 21:23:06.740000,-0.7539376616477966,-0.0024401929695159197
2023-01-14 21:24:06.676000,-0.7245430946350098,-0.002467710990458727
2023-01-14 21:25:06.726000,-0.6758055686950684,-0.002483255695551634
2023-01-14 21:26:06.810000,-0.7785643339157104,-0.0024807609152048826
2023-01-14 21:27:06.517000,-0.6563114523887634,-0.0024574375711381435
2023-01-14 21:28:06.870000,-0.8150829672813416,-0.0023960713297128677
2023-01-14 21:29:06.599000,-0.7808263897895813,-0.002543384674936533
2023-01-14 21:30:06.686000,-0.7427904605865479,-0.0024474419187754393
2023-01-14 21:31:06.738000,-1.006271243095398,-0.002357043558731675
2023-01-14 21:32:06.702000,-0.8863778114318848,-0.0024240599013864994
2023-01-14 21:33:06.717000,-1.0788313150405884,-0.0024940294679254293
2023-01-14 21:34:06.621000,-0.768545389175415,-0.0025071334093809128
2023-01-14 21:35:06.516000,-0.7834140658378601,-0.0024711706209927797
2023-01-14 21:36:06.639000,-0.87771075963974,-0.002442276570945978
2023-01-14 21:37:06.828000,-0.6471354365348816,-0.002375576877966523
2023-01-14 21:38:06.734000,-0.9082655906677246,-0.0024746342096477747
2023-01-14 21:39:06.581000,-0.698248028755188,-0.0025176818016916513
2023-01-14 21:40:06.522000,-0.7146251201629639,-0.002416119910776615
2023-01-14 21:41:06.728000,-0.8649889230728149,-0.0024768863804638386
2023-01-14 21:42:06.606000,-0.6379669308662415,-0.0025349301286041737
2023-01-14 21:43:06.488000,-0.8307864665985107,-0.0025026046205312014
2023-01-14 21:44:06.721000,-0.769859254360199,-0.0024869772605597973
2023-01-14 21:45:06.634000,-0.7264800667762756,-0.0024622438941150904
2023-01-14 21:46:06.631000,-0.9300757050514221,-0.0024667999241501093
2023-01-14 21:47:06.484000,-0.6928118467330933,-0.002463586861267686
2023-01-14 21:48:06.619000,-0.8397960662841797,-0.0024724130053073168
2023-01-14 21:49:06.544000,-0.491835355758667,-0.002526411786675453
2023-01-14 21:50:06.609000,-0.6437661647796631,-0.0025125625543296337
2023-01-14 21:51:06.580000,-0.8291147947311401,-0.002451961627230048
2023-01-14 21:52:06.527000,-0.7338297963142395,-0.0025122789666056633
2023-01-14 21:53:06.855000,-1.1054009199142456,-0.00242603849619627
2023-01-14 21:54:06.608000,-0.8474618196487427,-0.0024602857884019613
2023-01-14 21:55:06.587000,-0.8549478054046631,-0.002520767506211996
2023-01-14 21:56:06.590000,-0.9058378338813782,-0.002497074892744422
2023-01-14 21:57:06.489000,-0.700207531452179,-0.002515600062906742
2023-01-14 21:58:06.653000,-0.7776094675064087,-0.002386634238064289
2023-01-14 21:59:06.929000,-0.4952244460582733,-0.00246197497472167
2023-01-14 22:00:06.766000,-0.7109962701797485,-0.002422959078103304
2023-01-14 22:01:06.620000,-0.5737993121147156,-0.0026477843057364225
2023-01-14 22:02:06.423000,-0.7989446520805359,-0.0025332821533083916
2023-01-14 22:03:06.685000,-0.7804492712020874,-0.002530680736526847
2023-01-14 22:04:06.608000,-0.8119211196899414,-0.0022567000705748796
2023-01-14 22:05:06.671000,-0.6172180771827698,-0.002524477196857333
2023-01-14 22:06:06.441000,-0.653886079788208,-0.002023245207965374
2023-01-14 22:07:06.448000,-0.5262958407402039,-0.0025825127959251404
2023-01-14 22:08:06.954000,-0.4948593080043793,-0.0024062127340584993
2023-01-14 22:09:06.642000,-0.567752480506897,-0.0025126889813691378
2023-01-14 22:10:06.578000,-0.6527649164199829,-0.0025595000479370356
2023-01-14 22:11:06.593000,-0.7414749264717102,-0.002475977875292301
2023-01-14 22:12:06.603000,-0.5669447779655457,-0.0024544165935367346
2023-01-14 22:13:06.673000,-0.6227964162826538,-0.0025067999958992004
2023-01-14 22:14:06.478000,-0.5428720712661743,-0.002550769131630659
2023-01-14 22:15:06.567000,-0.88178551197052,-0.0024853695649653673
2023-01-14 22:16:06.620000,-0.8056379556655884,-0.002340790582820773
2023-01-14 22:17:06.640000,-0.8470879197120667,-0.002449511084705591
2023-01-14 22:18:06.510000,-0.964755117893219,-0.0022766939364373684
2023-01-14 22:19:06.580000,-0.8894010186195374,-0.002476960653439164
2023-01-14 22:20:06.581000,-0.9972422122955322,-0.0022475491277873516
2023-01-14 22:21:06.703000,-0.8242794275283813,-0.002506519900634885
2023-01-14 22:22:06.531000,-0.9444572329521179,-0.00258064572699368
2023-01-14 22:23:06.794000,-0.7050496339797974,-0.002306272741407156
2023-01-14 22:24:06.683000,-0.9011049270629883,-0.0027229790575802326
2023-01-14 22:25:06.667000,-0.6733579039573669,-0.0023396278265863657
2023-01-14 22:26:06.603000,-0.9432382583618164,-0.002579279011115432
2023-01-14 22:27:06.647000,-0.9429261684417725,-0.002403980353847146
2023-01-14 22:28:06.625000,-0.7537543177604675,-0.0024445434100925922
2023-01-14 22:29:06.424000,-0.9548153877258301,-0.0024320208467543125
2023-01-14 22:30:06.562000,-0.6797882318496704,-0.002409874927252531
2023-01-14 22:31:06.629000,-0.9116189479827881,-0.0021916667465120554
2023-01-14 22:32:06.474000,-0.8609817028045654,-0.0026069399900734425
2023-01-14 22:33:06.442000,-1.0235286951065063,-0.0024902857840061188
2023-01-14 22:34:06.647000,-0.7835316061973572,-0.0022470832336694
2023-01-14 22:35:06.448000,-0.8508742451667786,-0.0021779555827379227
2023-01-14 22:36:06.547000,-0.5481759905815125,-0.0023939129896461964
2023-01-14 22:37:06.569000,-0.7379765510559082,-0.002575000049546361
2023-01-14 22:38:06.806000,-0.5878933072090149,-0.002488488331437111
2023-01-14 22:39:06.615000,-0.6993891596794128,-0.0024244808591902256
2023-01-14 22:40:06.444000,-0.5180173516273499,-0.002461449010297656
2023-01-14 22:41:06.528000,-0.5294286608695984,-0.0024178780149668455
2023-01-14 22:42:06.634000,-0.4326533079147339,-0.002497750101611018
2023-01-14 22:43:06.778000,-0.37983953952789307,-0.0025035454891622066
2023-01-14 22:44:06.508000,-0.6214831471443176,-0.0025012244004756212
2023-01-14 22:45:06.528000,-0.438802033662796,-0.0024659386835992336
2023-01-14 22:46:06.658000,-0.5760691165924072,-0.002457000082358718
2023-01-14 22:47:06.578000,-0.5912948250770569,-0.0024222093634307384
2023-01-14 22:48:06.548000,-0.5832878351211548,-0.002534311031922698
2023-01-14 22:49:06.382000,-0.8370862007141113,-0.0023774129804223776
2023-01-14 22:50:06.509000,-0.6702560782432556,-0.00249273469671607
2023-01-14 22:51:06.573000,-0.7324720025062561,-0.0025183125399053097
2023-01-14 22:52:06.594000,-0.6672700643539429,-0.002508395817130804
2023-01-14 22:53:06.595000,-0.8291202187538147,-0.0025996596086770296
2023-01-14 22:54:06.557000,-0.6148098707199097,-0.0025013042613863945
2023-01-14 22:55:06.391000,-0.8299416899681091,-0.0024622157216072083
2023-01-14 22:56:06.496000,-0.5585909485816956,-0.0024578836746513844
2023-01-14 22:57:06.483000,-0.6941655278205872,-0.0023611627984791994
2023-01-14 22:58:06.512000,-0.5570691227912903,-0.0023180698044598103
2023-01-14 22:59:06.582000,-0.6401320695877075,-0.0025400652084499598
2023-01-14 23:00:06.612000,-0.923991858959198,-0.002475599991157651
2023-01-14 23:01:06.566000,-0.7880741953849792,-0.0022563913371413946
2023-01-14 23:02:06.547000,-0.8437743782997131,-0.0024258182384073734
2023-01-14 23:03:06.596000,-0.867527186870575,-0.002286666538566351
2023-01-14 23:04:06.500000,-1.1453346014022827,-0.0024825800210237503
2023-01-14 23:05:06.586000,-1.0836267471313477,-0.0024498947896063328
2023-01-14 23:06:06.501000,-0.9572002291679382,-0.002538499888032675
2023-01-14 23:07:06.560000,-0.9486649632453918,-0.002536877989768982
2023-01-14 23:08:06.630000,-0.9302673935890198,-0.002323230728507042
2023-01-14 23:09:06.847000,-0.9645065665245056,-0.002161195734515786
2023-01-14 23:10:06.560000,-0.8337960839271545,-0.002386543434113264
2023-01-14 23:11:06.555000,-1.038851261138916,-0.0025348204653710127
2023-01-14 23:12:06.561000,-0.8298401832580566,-0.002429458312690258
2023-01-14 23:13:06.525000,-0.9967595338821411,-0.002520553069189191
2023-01-14 23:14:06.533000,-0.8491373658180237,-0.0024667379911988974
2023-01-14 23:15:06.608000,-1.0309693813323975,-0.002529999939724803
2023-01-14 23:16:06.490000,-0.8287277221679688,-0.0023462127428501844
2023-01-14 23:17:06.554000,-1.017477035522461,-0.002385795349255204
2023-01-14 23:18:06.512000,-0.6202662587165833,-0.002508860547095537
2023-01-14 23:19:06.479000,-0.8517190217971802,-0.002499630441889167
2023-01-14 23:20:06.509000,-0.6866312026977539,-0.002314844401553273
2023-01-14 23:21:06.630000,-0.8477295637130737,-0.0023777347523719072
2023-01-14 23:22:06.551000,-0.8343973755836487,-0.002540333429351449
2023-01-14 23:23:06.467000,-0.894150972366333,-0.0024513043463230133
2023-01-14 23:24:06.558000,-0.7903428077697754,-0.0024268918205052614
2023-01-14 23:25:06.351000,-0.7765239477157593,-0.0024196829181164503
2023-01-14 23:26:06.514000,-0.7141067385673523,-0.002399846212938428
2023-01-14 23:27:06.620000,-0.7088611721992493,-0.0025192368775606155
2023-01-14 23:28:06.483000,-0.5961686968803406,-0.002411196008324623
2023-01-14 23:29:06.570000,-0.6165887713432312,-0.002329066628590226
2023-01-14 23:30:06.569000,-0.7466885447502136,-0.002527813892811537
2023-01-14 23:31:06.310000,-0.7291600704193115,-0.002454229164868593
2023-01-14 23:32:06.497000,-0.6804179549217224,-0.0024579069577157497
2023-01-14 23:33:06.514000,-0.6650983095169067,-0.0023909772280603647
2023-01-14 23:34:06.437000,-0.42781132459640503,-0.0024715305771678686
2023-01-14 23:35:06.482000,-0.5354700088500977,-0.0023224877659231424
2023-01-14 23:36:06.529000,-0.5338612794876099,-0.0025999522767961025
2023-01-14 23:37:06.526000,-0.7024559378623962,-0.002457976806908846
2023-01-14 23:38:06.382000,-0.6269841194152832,-0.0023712273687124252
2023-01-14 23:39:06.794000,-0.537667453289032,-0.0024908571504056454
2023-01-14 23:40:06.445000,-0.5830767750740051,-0.002521888818591833
2023-01-14 23:41:06.567000,-0.5503029227256775,-0.0024316799826920033
2023-01-14 23:42:06.444000,-0.6270872354507446,-0.002544190501794219
2023-01-14 23:43:06.336000,-0.6664628386497498,-0.0024877144023776054
2023-01-14 23:44:06.336000,-0.7660610675811768,-0.002463133307173848
2023-01-14 23:45:06.371000,-0.43222200870513916,-0.002526500029489398
2023-01-14 23:46:06.520000,-0.7878355979919434,-0.0024788500741124153
2023-01-14 23:47:06.518000,-0.4765579402446747,-0.0022073332220315933
2023-01-14 23:48:06.498000,-0.8447005748748779,-0.0022686817683279514
2023-01-14 23:49:06.536000,-0.8865373730659485,-0.0024744418915361166
2023-01-14 23:50:06.521000,-0.7059030532836914,-0.0025856520514935255
2023-01-14 23:51:06.533000,-0.9534362554550171,-0.002338208258152008
2023-01-14 23:52:06.344000,-0.791618824005127,-0.0023827499244362116
2023-01-14 23:53:06.508000,-0.8630160093307495,-0.0023736038710922003
2023-01-14 23:54:06.450000,-0.7660796642303467,0.0038345581851899624
2023-01-14 23:55:06.495000,-0.7930047512054443,0.0008163200109265745
2023-01-14 23:56:06.428000,-0.7760460376739502,0.0007338935974985361
2023-01-14 23:57:06.492000,-0.6977335214614868,9.765000868355855e-05
2023-01-14 23:58:06.484000,-0.7489019632339478,0.0003982381022069603
2023-01-14 23:59:06.434000,-0.5672621726989746,0.000224266666918993
2023-01-15 00:00:06.651000,-0.9715250134468079,0.0007801276515237987
2023-01-15 00:01:06.619000,-0.9014348983764648,0.0007259130361489952
2023-01-15 00:02:06.451000,-0.6386828422546387,1.9880002582794987e-05
2023-01-15 00:03:06.342000,-0.7346919775009155,0.0008881777757778764
2023-01-15 00:04:06.578000,-0.415047287940979,0.0026337418239563704
2023-01-15 00:05:06.467000,-0.6874282360076904,0.0038109999150037766
2023-01-15 00:06:06.442000,-0.45934566855430603,0.00596541166305542
2023-01-15 00:07:06.443000,-0.6838861703872681,0.007600622251629829
2023-01-15 00:08:06.561000,-0.48666518926620483,0.008858594112098217
2023-01-15 00:09:06.393000,-0.6007006168365479,0.010462630540132523
2023-01-15 00:10:06.311000,-2.0782787799835205,0.012308315373957157
2023-01-15 00:11:06.467000,-0.6493047475814819,0.015305044129490852
2023-01-15 00:12:06.462000,-0.47662243247032166,0.018450720235705376
2023-01-15 00:13:06.312000,-0.46487826108932495,0.019024599343538284
2023-01-15 00:14:06.474000,-0.4432467222213745,0.018418511375784874
2023-01-15 00:15:06.271000,-0.4724426865577698,0.01886102557182312
2023-01-15 00:16:06.532000,-0.3696608245372772,0.018397526815533638
2023-01-15 00:17:06.295000,-0.7287093997001648,0.017196379601955414
2023-01-15 00:18:06.370000,-0.5079218149185181,0.016414107754826546
2023-01-15 00:19:06.301000,-0.7744750380516052,0.01600680686533451
2023-01-15 00:20:06.449000,-0.5004903078079224,0.01573505625128746
2023-01-15 00:21:06.510000,-0.7493265271186829,0.016328023746609688
2023-01-15 00:22:06.333000,-0.7825511693954468,0.01666411943733692
2023-01-15 00:23:06.347000,-0.9894955158233643,0.017051562666893005
2023-01-15 00:24:06.287000,-0.8041896820068359,0.01629270613193512
2023-01-15 00:25:06.403000,-0.736880898475647,0.015835922211408615
2023-01-15 00:26:06.359000,-0.8179227113723755,0.016734620556235313
2023-01-15 00:27:06.546000,-0.6471095085144043,0.01715773716568947
2023-01-15 00:28:06.371000,-0.8531177043914795,0.015277452766895294
2023-01-15 00:29:06.818000,-0.5683806538581848,0.014749250374734402
2023-01-15 00:30:06.372000,-0.8578460812568665,0.013625580817461014
2023-01-15 00:31:06.280000,-0.5573573112487793,0.013163133524358273
2023-01-15 00:32:06.414000,-0.740930438041687,0.013541894033551216
2023-01-15 00:33:06.468000,-0.5515002012252808,0.014096442610025406
2023-01-15 00:34:06.495000,-0.6371564865112305,0.010951399803161621
2023-01-15 00:35:06.340000,-0.8266652822494507,0.011840755119919777
2023-01-15 00:36:06.439000,-0.7058322429656982,0.01399111095815897
2023-01-15 00:37:06.378000,-0.7096622586250305,0.01735609583556652
2023-01-15 00:38:06.423000,-0.7687630653381348,0.017196372151374817
2023-01-15 00:39:06.692000,-0.7095620036125183,0.012115102261304855
2023-01-15 00:40:06.490000,-0.8696020245552063,0.01333928294479847
2023-01-15 00:41:06.548000,-0.7788408398628235,0.016870278865098953
2023-01-15 00:42:06.704000,-0.7627328038215637,0.021312842145562172
2023-01-15 00:43:06.388000,-0.5384805798530579,0.02537466585636139
2023-01-15 00:44:06.406000,-0.7429240942001343,0.028139302507042885
2023-01-15 00:45:06.413000,-0.45843324065208435,0.02849316969513893
2023-01-15 00:46:06.387000,-0.7944910526275635,0.02916399948298931
2023-01-15 00:47:06.392000,-0.4734935760498047,0.03191889822483063
2023-01-15 00:48:06.230000,-0.6399358510971069,0.03587768226861954
2023-01-15 00:49:06.296000,-0.6687361001968384,0.038300804793834686
2023-01-15 00:50:06.379000,-0.4103023111820221,0.0406629741191864
2023-01-15 00:51:06.398000,-0.6086016893386841,0.040881384164094925
2023-01-15 00:52:06.417000,-0.4421056807041168,0.041763000190258026
2023-01-15 00:53:06.213000,-0.5904155373573303,0.04224454611539841
2023-01-15 00:54:06.466000,-0.44137200713157654,0.043346256017684937
2023-01-15 00:55:06.251000,-0.6218640208244324,0.04241221398115158
2023-01-15 00:56:06.401000,-0.6178284883499146,0.034323107451200485
2023-01-15 00:57:06.244000,-0.603531539440155,0.029380105435848236
2023-01-15 00:58:06.381000,-0.511168897151947,0.031245512887835503
2023-01-15 00:59:06.338000,-0.36463335156440735,0.03416529297828674
2023-01-15 01:00:06.357000,-0.4600798785686493,0.038260675966739655
2023-01-15 01:01:06.468000,-0.3246951103210449,0.043599437922239304
2023-01-15 01:02:06.214000,-0.5886510610580444,0.045305244624614716
2023-01-15 01:03:06.357000,-0.5708531737327576,0.050321295857429504
2023-01-15 01:04:06.369000,-0.44957244396209717,0.05809520557522774
2023-01-15 01:05:06.382000,-0.6212314963340759,0.07542485743761063
2023-01-15 01:06:06.282000,-0.4120730459690094,0.21799331903457642
2023-01-15 01:07:06.514000,-0.5835491418838501,0.2377071976661682
2023-01-15 01:08:06.224000,-0.4005456864833832,0.21193744242191315
2023-01-15 01:09:06.275000,-0.5882710218429565,0.1820148229598999
2023-01-15 01:10:06.422000,-0.3585960566997528,0.16426466405391693
2023-01-15 01:11:06.235000,-0.5108751654624939,0.16876812279224396
2023-01-15 01:12:06.352000,-0.3765433132648468,0.17315271496772766
2023-01-15 01:13:06.341000,-0.5989458560943604,0.1658066362142563
2023-01-15 01:14:06.440000,-0.7783499956130981,0.15544480085372925
2023-01-15 01:15:06.234000,-0.6619089841842651,0.1478874534368515
2023-01-15 01:16:06.383000,-0.6556965112686157,0.14285382628440857
2023-01-15 01:17:06.430000,-0.7058978080749512,0.13622136414051056
2023-01-15 01:18:06.371000,-0.5959271788597107,0.14189594984054565
2023-01-15 01:19:06.315000,-0.7959932088851929,0.1489339917898178
2023-01-15 01:20:06.325000,-0.49422144889831543,0.14747649431228638
2023-01-15 01:21:06.188000,-0.8144721984863281,0.1427268385887146
2023-01-15 01:22:06.611000,-0.5161378383636475,0.14444592595100403
2023-01-15 01:23:06.361000,-0.5785170197486877,0.14410504698753357
2023-01-15 01:24:06.414000,-0.5640891790390015,0.1301366090774536
2023-01-15 01:25:06.319000,-0.4788106679916382,0.12316040694713593
2023-01-15 01:26:06.478000,-0.7539135813713074,0.13175080716609955
2023-01-15 01:27:06.342000,-0.70342618227005,0.14872808754444122
2023-01-15 01:28:06.230000,-0.5963447093963623,0.16171640157699585
2023-01-15 01:29:06.303000,-0.7424583435058594,0.15689538419246674
2023-01-15 01:30:06.407000,-0.5447387099266052,0.14588011801242828
2023-01-15 01:31:06.271000,-0.8174034357070923,0.13464993238449097
2023-01-15 01:32:06.449000,-0.7449337840080261,0.1345892995595932
2023-01-15 01:33:06.391000,-0.9137130379676819,0.1393262892961502
2023-01-15 01:34:06.304000,-0.6794340014457703,0.1410399228334427
2023-01-15 01:35:06.328000,-0.9617940783500671,0.13993345201015472
2023-01-15 01:36:06.417000,-0.5420692563056946,0.1393389254808426
2023-01-15 01:37:06.335000,-0.7766056656837463,0.13999418914318085
2023-01-15 01:38:06.315000,-0.8711822628974915,0.1436007022857666
2023-01-15 01:39:06.188000,-0.6781712174415588,0.1486501693725586
2023-01-15 01:40:06.274000,-0.8608041405677795,0.1593920737504959
2023-01-15 01:41:06.358000,-0.6954569220542908,0.1679365485906601
2023-01-15 01:42:06.316000,-0.7688056826591492,0.16978701949119568
2023-01-15 01:43:06.325000,-0.7149774432182312,0.1808473765850067
2023-01-15 01:44:06.277000,-0.7673441171646118,0.1987917721271515
2023-01-15 01:45:06.406000,-0.7031578421592712,0.20563602447509766
2023-01-15 01:46:06.486000,-0.5879493951797485,0.2082758992910385
2023-01-15 01:47:06.367000,-0.6800512671470642,0.2262870818376541
2023-01-15 01:48:06.349000,-0.4737732708454132,0.24351567029953003
2023-01-15 01:49:06.370000,-0.8328501582145691,0.2392440140247345
2023-01-15 01:50:06.418000,-0.8334028124809265,0.24354596436023712
2023-01-15 01:51:06.403000,-0.6235507130622864,0.2572081387042999
2023-01-15 01:52:06.306000,-1.092927098274231,0.27428555488586426
2023-01-15 01:53:06.218000,-0.781615138053894,0.26086604595184326
2023-01-15 01:54:06.276000,-0.9338808655738831,0.2234453558921814
2023-01-15 01:55:06.267000,-0.6111432909965515,0.22461792826652527
2023-01-15 01:56:06.231000,-0.6508331298828125,0.2571772336959839
2023-01-15 01:57:06.352000,-0.6674653887748718,0.26320257782936096
2023-01-15 01:58:06.530000,-0.6636583805084229,0.2444550096988678
2023-01-15 01:59:06.268000,-0.6758215427398682,0.2393471598625183
2023-01-15 02:00:06.332000,-0.6733750104904175,0.21910105645656586
2023-01-15 02:01:06.133000,-0.7905701398849487,0.18464069068431854
2023-01-15 02:02:06.336000,-0.7217458486557007,0.20792880654335022
2023-01-15 02:03:06.303000,-0.834892213344574,0.2650049030780792
2023-01-15 02:04:06.427000,-0.6253228187561035,0.28699207305908203
2023-01-15 02:05:06.299000,-0.6639447808265686,0.25229722261428833
2023-01-15 02:06:06.345000,-0.6483845710754395,0.21277908980846405
2023-01-15 02:07:06.353000,-0.5684502720832825,0.19821412861347198
2023-01-15 02:08:06.165000,-0.680328369140625,0.19504119455814362
2023-01-15 02:09:06.959000,-0.5389822721481323,0.18691396713256836
2023-01-15 02:10:06.153000,-0.748288094997406,0.1690586805343628
2023-01-15 02:11:06.132000,-0.7102136015892029,0.14661380648612976
2023-01-15 02:12:06.121000,-0.5972153544425964,0.1474086195230484
2023-01-15 02:13:06.279000,-0.8249689936637878,0.16362473368644714
2023-01-15 02:14:06.326000,-0.6610985398292542,0.16948512196540833
2023-01-15 02:15:06.133000,-0.6828651428222656,0.16579517722129822
2023-01-15 02:16:06.258000,-0.5604113936424255,0.1646985411643982
2023-01-15 02:17:06.278000,-0.5765665769577026,0.15956124663352966
2023-01-15 02:18:06.307000,-0.3200194537639618,0.14805403351783752
2023-01-15 02:19:06.220000,-0.3706503212451935,0.15210449695587158
2023-01-15 02:20:06.298000,-0.2851434051990509,0.15527603030204773
2023-01-15 02:21:06.297000,-0.30192792415618896,0.15309135615825653
2023-01-15 02:22:06.221000,-0.337361216545105,0.15966884791851044
2023-01-15 02:23:06.239000,-0.4970366060733795,0.18366868793964386
2023-01-15 02:24:06.229000,-0.45097461342811584,0.23261228203773499
2023-01-15 02:25:06.277000,-0.4684715270996094,0.27676087617874146
2023-01-15 02:26:06.330000,-0.4592909812927246,0.28650885820388794
2023-01-15 02:27:06.326000,-0.4020128548145294,0.2839498519897461
2023-01-15 02:28:06.302000,-0.36239299178123474,0.2696561813354492
2023-01-15 02:29:06.228000,-0.33510348200798035,0.2874681353569031
2023-01-15 02:30:06.315000,-0.3975260853767395,0.29899632930755615
2023-01-15 02:31:06.283000,-0.4287341833114624,0.25258612632751465
2023-01-15 02:32:06.240000,-0.584989070892334,0.19589442014694214
2023-01-15 02:33:06.091000,-0.651082456111908,0.20332862436771393
2023-01-15 02:34:06.483000,-0.37242719531059265,0.22750750184059143
2023-01-15 02:35:06.078000,-0.5301750302314758,0.2305295616388321
2023-01-15 02:36:06.321000,-0.5723503232002258,0.21201682090759277
2023-01-15 02:37:06.059000,-0.565478503704071,0.18878525495529175
2023-01-15 02:38:06.310000,-1.2627712488174438,0.17923101782798767
2023-01-15 02:39:06.305000,-1.616675615310669,0.17186807096004486
2023-01-15 02:40:06.122000,-1.5397659540176392,0.15632383525371552
2023-01-15 02:41:06.226000,-1.507063627243042,0.1491597592830658
2023-01-15 02:42:06.188000,-1.4600868225097656,0.15622447431087494
2023-01-15 02:43:06.354000,-1.4572021961212158,0.16473516821861267
2023-01-15 02:44:06.077000,-1.448833703994751,0.16995225846767426
2023-01-15 02:45:06.167000,-1.447137713432312,0.17358183860778809
2023-01-15 02:46:06.081000,-1.6076910495758057,0.18542174994945526
2023-01-15 02:47:06.217000,-1.6040936708450317,0.2073947787284851
2023-01-15 02:48:06.349000,-1.5890932083129883,0.23062177002429962
2023-01-15 02:49:06.363000,-1.5695382356643677,0.22910666465759277
2023-01-15 02:50:06.308000,-1.707082986831665,0.18724127113819122
2023-01-15 02:51:06.347000,-1.6330296993255615,0.15311908721923828
2023-01-15 02:52:06.257000,-1.0580188035964966,0.17796668410301208
2023-01-15 02:53:06.185000,-0.8821877837181091,0.2040790170431137
2023-01-15 02:54:06.309000,-1.5641952753067017,0.20389826595783234
2023-01-15 02:55:06.192000,-2.0183489322662354,0.1977790892124176
2023-01-15 02:56:06.178000,-1.9890607595443726,0.17780786752700806
2023-01-15 02:57:06.231000,-2.067774772644043,0.15298373997211456
2023-01-15 02:58:06.189000,-1.0115022659301758,0.1515655666589737
2023-01-15 02:59:06.183000,-1.4629552364349365,0.16626693308353424
2023-01-15 03:00:06.209000,-3.2066473960876465,0.1646677702665329
2023-01-15 03:01:06.226000,-3.0241858959198,0.16171479225158691
2023-01-15 03:02:06.028000,-3.094121217727661,0.16237138211727142
2023-01-15 03:03:06.178000,-2.9557454586029053,0.1668606847524643
2023-01-15 03:04:06.074000,-2.913632869720459,0.1714371144771576
2023-01-15 03:05:06.215000,-2.9632303714752197,0.1657218039035797
2023-01-15 03:06:06.212000,-2.925128698348999,0.13787370920181274
2023-01-15 03:07:06.039000,-2.920264959335327,0.11806897073984146
2023-01-15 03:08:06.035000,-3.008075714111328,0.10975862294435501
2023-01-15 03:09:06.164000,-3.48590350151062,0.10758248716592789
2023-01-15 03:10:06.430000,-3.3777694702148438,0.10821885615587234
2023-01-15 03:11:06.224000,-3.4447689056396484,0.1124550998210907
2023-01-15 03:12:06.157000,-3.4206180572509766,0.11740043759346008
2023-01-15 03:13:06.098000,-3.32551908493042,0.12076814472675323
2023-01-15 03:14:06.250000,-3.290926218032837,0.11959893256425858
2023-01-15 03:15:06.148000,-2.843839406967163,0.11269492655992508
2023-01-15 03:16:06.142000,-2.7718822956085205,0.10641293972730637
2023-01-15 03:17:06.063000,-2.7709057331085205,0.10225282609462738
2023-01-15 03:18:06.047000,-2.7788517475128174,0.09680191427469254
2023-01-15 03:19:06.253000,-2.8339498043060303,0.09204127639532089
2023-01-15 03:20:06.018000,-2.7639434337615967,0.08322420716285706
2023-01-15 03:21:06.023000,-2.810619354248047,0.04936138913035393
2023-01-15 03:22:06.168000,-2.7902016639709473,0.02316565439105034
2023-01-15 03:23:06.015000,-2.6530394554138184,0.021901916712522507
2023-01-15 03:24:06.149000,-2.8565571308135986,0.021811213344335556
2023-01-15 03:25:06.166000,-2.9693968296051025,0.02211928181350231
2023-01-15 03:26:06.253000,-3.0414979457855225,0.022937538102269173
2023-01-15 03:27:05.982000,-3.189526081085205,0.02404250018298626
2023-01-15 03:28:06.078000,-3.071580648422241,0.024949630722403526
2023-01-15 03:29:06.173000,-2.9456944465637207,0.02759668231010437
2023-01-15 03:30:06.245000,-2.9793336391448975,0.030218731611967087
2023-01-15 03:31:06.095000,-2.9021973609924316,0.031400468200445175
2023-01-15 03:32:06.192000,-2.9546005725860596,0.032466571778059006
2023-01-15 03:33:06.022000,-3.073258399963379,0.03420524299144745
2023-01-15 03:34:06.189000,-4.4184889793396,0.034700170159339905
2023-01-15 03:35:06.113000,-5.260998725891113,0.035871244966983795
2023-01-15 03:36:06.024000,-4.440187454223633,0.038294628262519836
2023-01-15 03:37:06.064000,-3.097304582595825,0.04308583214879036
2023-01-15 03:38:06.071000,-3.0705175399780273,0.049135442823171616
2023-01-15 03:39:06.206000,-3.083693265914917,0.05075981095433235
2023-01-15 03:40:06.091000,-2.8156380653381348,0.051868416368961334
2023-01-15 03:41:05.997000,-2.716785430908203,0.05341435223817825
2023-01-15 03:42:05.993000,-2.8781003952026367,0.053027499467134476
2023-01-15 03:43:06.145000,-2.7593576908111572,0.054453182965517044
2023-01-15 03:44:05.993000,-2.9189465045928955,0.06998457759618759
2023-01-15 03:45:05.965000,-2.9857852458953857,0.18698763847351074
2023-01-15 03:46:06.153000,-3.094895601272583,0.21797607839107513
2023-01-15 03:47:06.417000,-3.538780450820923,0.18878141045570374
2023-01-15 03:48:06.039000,-3.4551291465759277,0.17938248813152313
2023-01-15 03:49:05.996000,-3.5597333908081055,0.184125155210495
2023-01-15 03:50:06.098000,-2.863731861114502,0.17963339388370514
2023-01-15 03:51:06.100000,-2.8825371265411377,0.16573883593082428
2023-01-15 03:52:06.014000,-2.8118274211883545,0.14689838886260986
2023-01-15 03:53:06.290000,-2.8001251220703125,0.14062663912773132
2023-01-15 03:54:06.125000,-4.262805461883545,0.13698241114616394
2023-01-15 03:55:05.975000,-3.2132863998413086,0.13227687776088715
2023-01-15 03:56:06.067000,-2.9164178371429443,0.1269732266664505
2023-01-15 03:57:05.968000,-2.9132611751556396,0.11679040640592575
2023-01-15 03:58:06.169000,-2.915926218032837,0.10943925380706787
2023-01-15 03:59:06.013000,-2.9014203548431396,0.10676882416009903
2023-01-15 04:00:05.960000,-2.970628499984741,0.10099499672651291
2023-01-15 04:01:06.149000,-3.272413969039917,0.09462913870811462
2023-01-15 04:02:06.277000,-3.318138599395752,0.08839914947748184
2023-01-15 04:03:06.209000,-3.295186758041382,0.07424262166023254
2023-01-15 04:04:06.027000,-3.2725603580474854,0.03126399964094162
2023-01-15 04:05:05.993000,-3.407700777053833,0.02649104781448841
2023-01-15 04:06:06.027000,-3.3948166370391846,0.027697689831256866
2023-01-15 04:07:06.150000,-3.4205572605133057,0.033201079815626144
2023-01-15 04:08:06.085000,-3.053058624267578,0.03751283884048462
2023-01-15 04:09:05.978000,-3.124098062515259,0.037987563759088516
2023-01-15 04:10:06.080000,-2.988680362701416,0.04046424850821495
2023-01-15 04:11:06.150000,-3.1310818195343018,0.04325457289814949
2023-01-15 04:12:06.002000,-2.911123037338257,0.04417314752936363
2023-01-15 04:13:06.070000,-3.138367176055908,0.050732530653476715
2023-01-15 04:14:06.018000,-2.9385528564453125,0.06249456852674484
2023-01-15 04:15:06.129000,-2.854048013687134,0.07105753570795059
2023-01-15 04:16:06.123000,-2.8645195960998535,0.0742504820227623
2023-01-15 04:17:06.134000,-2.8521265983581543,0.07513655722141266
2023-01-15 04:18:06.104000,-2.8452088832855225,0.07510899752378464
2023-01-15 04:19:06.104000,-2.8621113300323486,0.0872436985373497
2023-01-15 04:20:06.118000,-2.759141445159912,0.19226709008216858
2023-01-15 04:21:06.142000,-2.3403851985931396,0.18489432334899902
2023-01-15 04:22:06.076000,-0.7555339336395264,0.17133356630802155
2023-01-15 04:23:05.944000,-0.8950256705284119,0.1832202523946762
2023-01-15 04:24:06.069000,-0.963674008846283,0.21370857954025269
2023-01-15 04:25:05.937000,-0.8726937174797058,0.2508046329021454
2023-01-15 04:26:06.073000,-0.7235738039016724,0.2730146050453186
2023-01-15 04:27:06.114000,-0.7285477519035339,0.2617899477481842
2023-01-15 04:28:06.022000,-0.7680180072784424,0.2391590178012848
2023-01-15 04:29:06.382000,-0.7527951002120972,0.24753659963607788
2023-01-15 04:30:06.122000,-1.0196236371994019,0.28423312306404114
2023-01-15 04:31:06.082000,-0.9983817934989929,0.31907516717910767
2023-01-15 04:32:06.032000,-1.1416821479797363,0.3571573793888092
2023-01-15 04:33:05.944000,-1.2207114696502686,0.41621261835098267
2023-01-15 04:34:06.072000,-1.0053038597106934,0.40379396080970764
2023-01-15 04:35:05.956000,-1.0249048471450806,0.35692358016967773
2023-01-15 04:36:06.085000,-1.1290490627288818,0.336287260055542
2023-01-15 04:37:05.937000,-1.2954869270324707,0.33770444989204407
2023-01-15 04:38:06.046000,-1.1441471576690674,0.3577520549297333
2023-01-15 04:39:05.934000,-1.1101900339126587,0.38502562046051025
2023-01-15 04:40:05.937000,-0.969183623790741,0.38649797439575195
2023-01-15 04:41:06.130000,-0.8513360619544983,0.3459831178188324
2023-01-15 04:42:05.955000,-0.8599746227264404,0.31083905696868896
2023-01-15 04:43:05.900000,-0.5884169936180115,0.30208393931388855
2023-01-15 04:44:05.931000,-0.854212760925293,0.302725613117218
2023-01-15 04:45:05.975000,-1.0003622770309448,0.3021899461746216
2023-01-15 04:46:05.888000,-0.9369636178016663,0.29760095477104187
2023-01-15 04:47:05.950000,-0.884227991104126,0.3097286820411682
2023-01-15 04:48:06.137000,-0.9505592584609985,0.29630354046821594
2023-01-15 04:49:05.863000,-1.028355360031128,0.25681498646736145
2023-01-15 04:50:06.072000,-1.0279872417449951,0.2056620866060257
2023-01-15 04:51:06.038000,-0.8255151510238647,0.16443197429180145
2023-01-15 04:52:05.883000,-0.8759340047836304,0.15857985615730286
2023-01-15 04:53:06.047000,-1.0137211084365845,0.16820687055587769
2023-01-15 04:54:06.041000,-1.2467564344406128,0.17440637946128845
2023-01-15 04:55:06.024000,-1.33951997756958,0.18635830283164978
2023-01-15 04:56:05.934000,-1.268996238708496,0.18030738830566406
2023-01-15 04:57:05.912000,-0.9587873816490173,0.16918964684009552
2023-01-15 04:58:05.880000,-1.2393145561218262,0.1561037302017212
2023-01-15 04:59:06.048000,-0.8676430583000183,0.15432456135749817
2023-01-15 05:00:05.918000,-0.8877591490745544,0.17342956364154816
2023-01-15 05:01:05.868000,-0.7839548587799072,0.213341623544693
2023-01-15 05:02:06.021000,-1.0992151498794556,0.2219698429107666
2023-01-15 05:03:05.955000,-1.1476399898529053,0.1862480193376541
2023-01-15 05:04:05.988000,-0.9978864789009094,0.17707344889640808
2023-01-15 05:05:05.947000,-1.0594030618667603,0.18834637105464935
2023-01-15 05:06:05.861000,-0.8006287217140198,0.19011059403419495
2023-01-15 05:07:06.090000,-0.8367003202438354,0.20277835428714752
2023-01-15 05:08:05.892000,-0.7934600710868835,0.2286757230758667
2023-01-15 05:09:06.422000,-1.08341646194458,0.2206193506717682
2023-01-15 05:10:06.059000,-1.0591611862182617,0.20584917068481445
2023-01-15 05:11:05.992000,-1.0687793493270874,0.20170655846595764
2023-01-15 05:12:06.105000,-0.660585880279541,0.19751882553100586
2023-01-15 05:13:06.076000,-0.8250136375427246,0.1819772869348526
2023-01-15 05:14:05.995000,-0.6767005324363708,0.16410881280899048
2023-01-15 05:15:05.923000,-0.9026213884353638,0.1610587239265442
2023-01-15 05:16:05.974000,-0.8873012065887451,0.16787615418434143
2023-01-15 05:17:06.015000,-1.089622139930725,0.17163512110710144
2023-01-15 05:18:05.858000,-0.660150408744812,0.16280634701251984
2023-01-15 05:19:06.010000,-0.9827634692192078,0.16449230909347534
2023-01-15 05:20:05.880000,-0.9650352001190186,0.18607409298419952
2023-01-15 05:21:05.899000,-1.187694787979126,0.2330046147108078
2023-01-15 05:22:06.029000,-1.1559665203094482,0.2309218794107437
2023-01-15 05:23:05.879000,-0.7906343936920166,0.2283393293619156
2023-01-15 05:24:06.024000,-0.7771267294883728,0.22857263684272766
2023-01-15 05:25:05.999000,-0.7513874173164368,0.2311124950647354
2023-01-15 05:26:06.029000,-0.7283402681350708,0.2492581605911255
2023-01-15 05:27:05.993000,-0.8138360977172852,0.25385355949401855
2023-01-15 05:28:05.873000,-0.7348074316978455,0.21742483973503113
2023-01-15 05:29:06.114000,-1.0085804462432861,0.1910700798034668
2023-01-15 05:30:06.034000,-0.854033350944519,0.17505106329917908
2023-01-15 05:31:06.011000,-0.7214476466178894,0.1800546646118164
2023-01-15 05:32:05.980000,-0.8234356045722961,0.20513083040714264
2023-01-15 05:33:05.986000,-0.7977851629257202,0.22080643475055695
2023-01-15 05:34:05.834000,-0.9672512412071228,0.20412391424179077
2023-01-15 05:35:05.802000,-1.1594467163085938,0.19892092049121857
2023-01-15 05:36:05.977000,-0.702922523021698,0.20556363463401794
2023-01-15 05:37:05.978000,-0.8905872702598572,0.19385389983654022
2023-01-15 05:38:05.825000,-0.5927647948265076,0.17265883088111877
2023-01-15 05:39:05.950000,-0.6855244636535645,0.16901236772537231
2023-01-15 05:40:05.963000,-0.7427791357040405,0.16673390567302704
2023-01-15 05:41:05.803000,-0.5704753994941711,0.16792315244674683
2023-01-15 05:42:05.839000,-0.7904943227767944,0.16726617515087128
2023-01-15 05:43:05.819000,-0.7433330416679382,0.1554144024848938
2023-01-15 05:44:06,-0.6309984922409058,0.14793121814727783
2023-01-15 05:45:05.972000,-0.9061967730522156,0.16133593022823334
2023-01-15 05:46:06.062000,-0.6199663281440735,0.16563419997692108
2023-01-15 05:47:05.989000,-0.8291105031967163,0.15355511009693146
2023-01-15 05:48:06.430000,-0.7813177108764648,0.13989916443824768
2023-01-15 05:49:06.127000,-0.8261111378669739,0.13456182181835175
2023-01-15 05:50:05.868000,-1.0738922357559204,0.13761009275913239
2023-01-15 05:51:06.097000,-0.8577248454093933,0.13573652505874634
2023-01-15 05:52:06.084000,-0.9240804314613342,0.14180953800678253
2023-01-15 05:53:05.931000,-0.9770873188972473,0.14086459577083588
2023-01-15 05:54:05.866000,-0.8529415130615234,0.1501491814851761
2023-01-15 05:55:05.677000,-1.1771572828292847,0.16662836074829102
2023-01-15 05:56:06.010000,-0.9473310112953186,0.16495347023010254
2023-01-15 05:57:05.908000,-0.9854879975318909,0.14418254792690277
2023-01-15 05:58:05.822000,-0.9237883687019348,0.14138661324977875
2023-01-15 05:59:06.009000,-0.6074873805046082,0.13464346528053284
2023-01-15 06:00:06.085000,-0.7600513696670532,0.12261559814214706
2023-01-15 06:01:05.914000,-0.6129608750343323,0.11147233843803406
2023-01-15 06:02:05.828000,-0.8689486384391785,0.10114526003599167
2023-01-15 06:03:06.081000,-0.9010688066482544,0.09459423273801804
2023-01-15 06:04:05.873000,-0.7824407815933228,0.09014523774385452
2023-01-15 06:05:05.802000,-0.8476064801216125,0.08539199829101562
2023-01-15 06:06:05.842000,-0.9629506468772888,0.08170387148857117
2023-01-15 06:07:05.981000,-0.8471490144729614,0.05838571861386299
2023-01-15 06:08:05.903000,-0.9920704364776611,0.022884488105773926
2023-01-15 06:09:06.058000,-1.4016598463058472,0.018624018877744675
2023-01-15 06:10:05.974000,-2.418586015701294,0.02113170735538006
2023-01-15 06:11:05.992000,-2.4888954162597656,0.028517769649624825
2023-01-15 06:12:06.022000,-2.424795150756836,0.029679488390684128
2023-01-15 06:13:05.799000,-2.537184000015259,0.02914012037217617
2023-01-15 06:14:06.266000,-2.702357769012451,0.028380896896123886
2023-01-15 06:15:06.070000,-2.640207290649414,0.026128925383090973
2023-01-15 06:16:05.979000,-2.673811674118042,0.024811875075101852
2023-01-15 06:17:05.773000,-2.8594367504119873,0.026524048298597336
2023-01-15 06:18:05.776000,-2.7513654232025146,0.02880064770579338
2023-01-15 06:19:05.761000,-2.82576060295105,0.030702706426382065
2023-01-15 06:20:06.111000,-2.9180617332458496,0.03288036957383156
2023-01-15 06:21:05.933000,-2.839245557785034,0.03959000110626221
2023-01-15 06:22:05.907000,-3.011392116546631,0.045887291431427
2023-01-15 06:23:05.907000,-3.052371025085449,0.04594327136874199
2023-01-15 06:24:05.938000,-3.020430564880371,0.042240727692842484
2023-01-15 06:25:05.762000,-3.2436211109161377,0.037477463483810425
2023-01-15 06:26:05.764000,-3.146782398223877,0.033519305288791656
2023-01-15 06:27:06.097000,-3.24765944480896,0.03238963708281517
2023-01-15 06:28:05.986000,-2.1445634365081787,0.03444613516330719
2023-01-15 06:29:05.731000,-2.0443952083587646,0.03136719390749931
2023-01-15 06:30:05.769000,-1.9894510507583618,0.028672166168689728
2023-01-15 06:31:05.993000,-2.072154998779297,0.024929823353886604
2023-01-15 06:32:05.768000,-2.032986640930176,0.023009924218058586
2023-01-15 06:33:05.813000,-2.042389392852783,0.027126610279083252
2023-01-15 06:34:05.924000,-2.005418300628662,0.029797399416565895
2023-01-15 06:35:05.585000,-1.881280541419983,0.030655158683657646
2023-01-15 06:36:05.957000,-1.9226906299591064,0.032192427664995193
2023-01-15 06:37:05.941000,-1.875474214553833,0.03456500172615051
2023-01-15 06:38:05.718000,-2.089602470397949,0.04090949892997742
2023-01-15 06:39:06.083000,-1.9184366464614868,0.049833059310913086
2023-01-15 06:40:05.913000,-1.9987545013427734,0.05428805202245712
2023-01-15 06:41:05.759000,-2.098841428756714,0.05419217795133591
2023-01-15 06:42:05.784000,-1.9097676277160645,0.04794161766767502
2023-01-15 06:43:05.826000,-1.9324183464050293,0.04376351460814476
2023-01-15 06:44:05.738000,-2.0261099338531494,0.04454691708087921
2023-01-15 06:45:05.913000,-1.8135656118392944,0.04507557302713394
2023-01-15 06:46:05.729000,-1.9545670747756958,0.04527807980775833
2023-01-15 06:47:05.717000,-2.118666887283325,0.04756641760468483
2023-01-15 06:48:05.738000,-2.008199453353882,0.05258745327591896
2023-01-15 06:49:05.906000,-1.9766184091567993,0.048571452498435974
2023-01-15 06:50:05.712000,-2.1550469398498535,0.061379000544548035
2023-01-15 06:51:05.745000,-2.0011487007141113,0.07392677664756775
2023-01-15 06:52:05.779000,-1.978430986404419,0.06510274857282639
2023-01-15 06:53:05.730000,-2.125166893005371,0.04817900061607361
2023-01-15 06:54:05.889000,-2.0456743240356445,0.03331070765852928
2023-01-15 06:55:05.760000,-2.038998603820801,0.026665180921554565
2023-01-15 06:56:05.873000,-2.198338270187378,0.02611975558102131
2023-01-15 06:57:05.942000,-1.989240288734436,0.028236186131834984
2023-01-15 06:58:05.982000,-2.2920522689819336,0.03193334490060806
2023-01-15 06:59:05.946000,-2.3588151931762695,0.039182599633932114
2023-01-15 07:00:05.773000,-2.120205879211426,0.04460683837532997
2023-01-15 07:01:05.795000,-2.347158193588257,0.052472200244665146
2023-01-15 07:02:05.716000,-2.216186285018921,0.05562065541744232
2023-01-15 07:03:05.811000,-2.2256994247436523,0.05352799966931343
2023-01-15 07:04:06.039000,-2.4475131034851074,0.04772307723760605
2023-01-15 07:05:05.706000,-2.1358346939086914,0.0409415178000927
2023-01-15 07:06:05.859000,-1.9621531963348389,0.03930926322937012
2023-01-15 07:07:05.704000,-2.254115104675293,0.044611379504203796
2023-01-15 07:08:05.749000,-2.0846354961395264,0.04733088240027428
2023-01-15 07:09:05.742000,-1.937709927558899,0.041765350848436356
2023-01-15 07:10:05.663000,-2.1168339252471924,0.03847680613398552
2023-01-15 07:11:05.829000,-1.7950375080108643,0.03351685032248497
2023-01-15 07:12:05.828000,-1.6900314092636108,0.024414043873548508
2023-01-15 07:13:05.701000,-1.6536508798599243,0.01887795515358448
2023-01-15 07:14:05.807000,-1.4615895748138428,0.017042340710759163
2023-01-15 07:15:05.545000,-1.6247508525848389,0.021343069151043892
2023-01-15 07:16:05.726000,-1.6150155067443848,0.019190579652786255
2023-01-15 07:17:05.826000,-1.5375455617904663,0.019953783601522446
2023-01-15 07:18:05.893000,-1.577244758605957,0.020523440092802048
2023-01-15 07:19:05.676000,-1.4431040287017822,0.01699640415608883
2023-01-15 07:20:05.842000,-1.062373399734497,0.013819064013659954
2023-01-15 07:21:05.868000,-1.0780065059661865,0.014002110809087753
2023-01-15 07:22:06.798000,-1.0447309017181396,0.015761500224471092
2023-01-15 07:23:05.825000,-0.9451603889465332,0.015309704467654228
2023-01-15 07:24:05.610000,-1.0900795459747314,0.015638522803783417
2023-01-15 07:25:05.785000,-1.030177116394043,0.015710633248090744
2023-01-15 07:26:05.895000,-0.9961676597595215,0.01685311831533909
2023-01-15 07:27:05.812000,-1.1137748956680298,0.018085552379488945
2023-01-15 07:28:05.677000,-1.2005349397659302,0.016638673841953278
2023-01-15 07:29:05.737000,-1.0854108333587646,0.014008903875946999
2023-01-15 07:30:05.914000,-1.3559318780899048,0.012868896126747131
2023-01-15 07:31:05.682000,-1.2902982234954834,0.012603536248207092
2023-01-15 07:32:05.729000,-1.211625337600708,0.013201775029301643
2023-01-15 07:33:05.666000,-1.2541815042495728,0.015412353910505772
2023-01-15 07:34:05.776000,-1.160217046737671,0.011431023478507996
2023-01-15 07:35:05.786000,-1.1307411193847656,0.01077966671437025
2023-01-15 07:36:05.776000,-1.1964550018310547,0.011496557854115963
2023-01-15 07:37:05.613000,-1.035677194595337,0.01285309623926878
2023-01-15 07:38:05.632000,-1.170102834701538,0.01257179956883192
2023-01-15 07:39:05.642000,-1.322790503501892,0.011111488565802574
2023-01-15 07:40:05.885000,-1.178037405014038,0.010054171085357666
2023-01-15 07:41:05.706000,-1.3332267999649048,0.008753238245844841
2023-01-15 07:42:05.890000,-1.3397071361541748,0.008201428689062595
2023-01-15 07:43:05.707000,-1.2439829111099243,0.008770361542701721
2023-01-15 07:44:05.880000,-1.4212192296981812,0.010057499632239342
2023-01-15 07:45:05.823000,-1.4152579307556152,0.010642659850418568
2023-01-15 07:46:05.629000,-1.4274382591247559,0.010390260256826878
2023-01-15 07:47:05.796000,-1.53915536403656,0.011510509997606277
2023-01-15 07:48:05.992000,-1.336342215538025,0.01149647869169712
2023-01-15 07:49:05.749000,-1.2375085353851318,0.009417944587767124
2023-01-15 07:50:05.818000,-1.5093392133712769,0.007522956468164921
2023-01-15 07:51:05.789000,-1.2561908960342407,0.005356117617338896
2023-01-15 07:52:05.633000,-1.307957410812378,0.0025233414489775896
2023-01-15 07:53:05.776000,-1.3017878532409668,0.001272489782422781
2023-01-15 07:54:05.659000,-1.1605439186096191,0.0023430651053786278
2023-01-15 07:55:05.601000,-1.2277424335479736,0.0050760312005877495
2023-01-15 07:56:05.677000,-1.0804961919784546,0.009360726922750473
2023-01-15 07:57:05.860000,-1.0387587547302246,0.01239189226180315
2023-01-15 07:58:05.850000,-1.148313045501709,0.010987633839249611
2023-01-15 07:59:05.620000,-1.0373296737670898,0.006758932024240494
2023-01-15 08:00:05.823000,-0.6899429559707642,0.003686116309836507
2023-01-15 08:01:05.641000,-0.8030115962028503,0.0008898510714061558
2023-01-15 08:02:05.632000,-0.5824254751205444,-0.0007678157999180257
2023-01-15 08:03:05.839000,-0.5917915105819702,-0.00037799999699927866
2023-01-15 08:04:05.796000,-0.7213374376296997,-0.0003491388924885541
2023-01-15 08:05:05.788000,-0.5810647010803223,0.001863674959167838
2023-01-15 08:06:05.763000,-0.5686987638473511,0.005998027045279741
2023-01-15 08:07:05.788000,-0.7472613453865051,0.006180999800562859
2023-01-15 08:08:05.755000,-0.7170460820198059,0.005253547802567482
2023-01-15 08:09:05.769000,-0.6801185607910156,0.003486540401354432
2023-01-15 08:10:05.782000,-0.7920965552330017,0.0018783403793349862
2023-01-15 08:11:05.619000,-0.5586538910865784,0.00010452778224134818
2023-01-15 08:12:05.614000,-0.6513643264770508,-0.0011430212762206793
2023-01-15 08:13:05.611000,-0.7837720513343811,-0.001571282627992332
2023-01-15 08:14:05.538000,-0.6504720449447632,-0.0006438444252125919
2023-01-15 08:15:05.629000,-0.6846842169761658,-0.001088600023649633
2023-01-15 08:16:05.609000,-0.7738900184631348,-0.001987041672691703
2023-01-15 08:17:05.663000,-0.7159523367881775,-0.0025601063389331102
2023-01-15 08:18:05.688000,-0.6189038753509521,-0.0024748912546783686
2023-01-15 08:19:05.786000,-0.8348215818405151,-0.0024346511345356703
2023-01-15 08:20:05.777000,-0.6562685966491699,-0.0026941143441945314
2023-01-15 08:21:05.614000,-0.6671181917190552,-0.0022658919915556908
2023-01-15 08:22:05.620000,-0.7310379147529602,0.00022441304463427514
2023-01-15 08:23:05.582000,-0.43180057406425476,-0.004197463393211365
2023-01-15 08:24:05.770000,-0.5701649188995361,-0.00242065847851336
2023-01-15 08:25:05.933000,-0.6271858215332031,-0.0023446667473763227
2023-01-15 08:26:05.696000,-0.5189951658248901,-0.0024075000546872616
2023-01-15 08:27:05.619000,-0.6546958088874817,-0.002378166653215885
2023-01-15 08:28:05.604000,-0.6974815726280212,-0.0024136665742844343
2023-01-15 08:29:05.710000,-0.7269713282585144,-0.0024000832345336676
2023-01-15 08:30:05.756000,-0.6810958385467529,-0.002431475091725588
2023-01-15 08:31:05.762000,-0.703567624092102,-0.002471999963745475
2023-01-15 08:32:05.810000,-0.4613643288612366,-0.0025055778678506613
2023-01-15 08:33:05.500000,-0.6932953000068665,-0.0023546817246824503
2023-01-15 08:34:05.743000,-0.6360839009284973,-0.0023016249760985374
2023-01-15 08:35:05.647000,-0.5462503433227539,-0.002395347924903035
2023-01-15 08:36:05.611000,-0.7841717600822449,-0.0023881590459495783
2023-01-15 08:37:05.576000,-0.6264430284500122,-0.002346611116081476
2023-01-15 08:38:05.672000,-0.5502791404724121,-0.0023543478455394506
2023-01-15 08:39:05.757000,-0.6862407922744751,-0.002360608661547303
2023-01-15 08:40:05.752000,-0.5445916652679443,-0.0023829794954508543
2023-01-15 08:41:05.589000,-0.6053507328033447,-0.0022154615726321936
2023-01-15 08:42:05.720000,-0.6831123232841492,-0.002231510588899255
2023-01-15 08:43:05.621000,-0.5377339720726013,-0.002174536930397153
2023-01-15 08:44:05.698000,-0.7581487894058228,-0.0021441320423036814
2023-01-15 08:45:05.742000,-0.5670437812805176,-0.0024730453733354807
2023-01-15 08:46:05.597000,-0.6020810008049011,-0.0026428718119859695
2023-01-15 08:47:05.582000,-0.873729407787323,-0.0027372222393751144
2023-01-15 08:48:05.491000,-0.6824386715888977,-0.002433840883895755
2023-01-15 08:49:05.582000,-0.8225778937339783,-0.002370916772633791
2023-01-15 08:50:05.559000,-0.766684889793396,-0.0025374898687005043
2023-01-15 08:51:05.757000,-0.620272159576416,-0.002636388875544071
2023-01-15 08:52:05.585000,-0.958271324634552,-0.0027157391887158155
2023-01-15 08:53:05.700000,-0.7515857815742493,-0.0025709522888064384
2023-01-15 08:54:05.709000,-0.7929934859275818,-0.002406302373856306
2023-01-15 08:55:05.552000,-0.9122216701507568,-0.0023898957297205925
2023-01-15 08:56:05.732000,-0.6748976707458496,-0.002481836825609207
2023-01-15 08:57:05.480000,-0.9008951187133789,-0.002422407502308488
2023-01-15 08:58:05.627000,-0.840955376625061,-0.002352428622543812
2023-01-15 08:59:05.526000,-0.8322703242301941,-0.0024739999789744616
2023-01-15 09:00:05.671000,-0.9783350229263306,-0.0024806170258671045
2023-01-15 09:01:05.579000,-0.766477644443512,-0.002374309580773115
2023-01-15 09:02:05.543000,-0.8973287343978882,-0.002474333392456174
2023-01-15 09:03:06.098000,-0.9449638724327087,-0.002446642844006419
2023-01-15 09:04:05.532000,-0.8306357264518738,-0.002491540042683482
2023-01-15 09:05:05.857000,-0.9717757105827332,-0.002534880070015788
2023-01-15 09:06:05.514000,-1.0071324110031128,-0.002450632629916072
2023-01-15 09:07:05.517000,-0.8826006054878235,-0.0024580000899732113
2023-01-15 09:08:05.743000,-1.1384556293487549,-0.0024379121605306864
2023-01-15 09:09:05.642000,-1.2855867147445679,-0.0024587316438555717
2023-01-15 09:10:05.553000,-3.3860909938812256,-0.0024871041532605886
2023-01-15 09:11:05.721000,-3.214874744415283,-0.0025190769229084253
2023-01-15 09:12:05.546000,-3.5036749839782715,-0.0025456889998167753
2023-01-15 09:13:05.525000,-3.3802666664123535,-0.0024492128286510706
2023-01-15 09:14:05.667000,-3.502560615539551,-0.0024583060294389725
2023-01-15 09:15:05.530000,-3.380862236022949,-0.002380017191171646
2023-01-15 09:16:05.707000,-3.102952241897583,-0.0025292641948908567
2023-01-15 09:17:05.583000,-3.2464733123779297,-0.0024179827887564898
2023-01-15 09:18:05.539000,-3.3197243213653564,-0.002465327037498355
2023-01-15 09:19:05.540000,-3.3244400024414062,-0.0024238249752670527
2023-01-15 09:20:05.698000,-3.4704809188842773,-0.0024998474400490522
2023-01-15 09:21:05.695000,-3.3320202827453613,-0.0023858544882386923
2023-01-15 09:22:05.538000,-3.1973884105682373,-0.0023722166661173105
2023-01-15 09:23:05.654000,-3.368058443069458,-0.0024324667174369097
2023-01-15 09:24:05.753000,-2.8275644779205322,-0.002541392808780074
2023-01-15 09:25:05.666000,-2.9425694942474365,-0.0024323149118572474
2023-01-15 09:26:05.506000,-3.148138999938965,-0.0024931798689067364
2023-01-15 09:27:05.546000,-2.8487789630889893,-0.002546703675761819
2023-01-15 09:28:05.538000,-2.921107769012451,-0.002444034442305565
2023-01-15 09:29:05.494000,-2.474470376968384,-0.002431512111797929
2023-01-15 09:30:05.678000,-0.8173457384109497,-0.002479045419022441
2023-01-15 09:31:05.478000,-0.9678901433944702,-0.002440820448100567
2023-01-15 09:32:05.557000,-0.7038670778274536,-0.0025174999609589577
2023-01-15 09:33:05.662000,-1.0108568668365479,-0.002476499881595373
2023-01-15 09:34:05.651000,-0.6853174567222595,-0.002427964238449931
2023-01-15 09:35:05.458000,-0.8306029438972473,-0.0022875333670526743
2023-01-15 09:36:05.495000,-0.9708790183067322,-0.0024333654437214136
2023-01-15 09:37:06.007000,-0.688997745513916,-0.002438025549054146
2023-01-15 09:38:05.584000,-0.921487033367157,-0.0024972499813884497
2023-01-15 09:39:05.682000,-0.7972022294998169,-0.002492156345397234
2023-01-15 09:40:05.684000,-0.8052924275398254,-0.002345217391848564
2023-01-15 09:41:05.646000,-1.27716064453125,-0.0025685238651931286
2023-01-15 09:42:05.623000,-1.0655486583709717,-0.002484458265826106
2023-01-15 09:43:05.823000,-1.2617470026016235,-0.0024753001052886248
2023-01-15 09:44:05.667000,-1.488747239112854,-0.002444857032969594
2023-01-15 09:45:05.498000,-1.049551010131836,-0.0024343242403119802
2023-01-15 09:46:05.630000,-0.9961980581283569,-0.002518848516047001
2023-01-15 09:47:05.469000,-0.9735705852508545,-0.002446394646540284
2023-01-15 09:48:05.700000,-0.9703452587127686,-0.002447921084240079
2023-01-15 09:49:05.472000,-0.9928451776504517,-0.0024743438698351383
2023-01-15 09:50:05.496000,-0.9445971846580505,-0.0024540433660149574
2023-01-15 09:51:05.606000,-0.8177868127822876,-0.002377128228545189
2023-01-15 09:52:05.632000,-1.2346718311309814,-0.0024666888639330864
2023-01-15 09:53:05.551000,-0.713567852973938,-0.0024400975089520216
2023-01-15 09:54:05.770000,-0.7664090991020203,-0.0025516364257782698
2023-01-15 09:55:05.476000,-0.8458774089813232,-0.002516081091016531
2023-01-15 09:56:05.473000,-0.8069467544555664,-0.0024781818501651287
2023-01-15 09:57:05.494000,-1.1133371591567993,-0.0025028460659086704
2023-01-15 09:58:05.591000,-1.2236634492874146,-0.002494516083970666
2023-01-15 09:59:05.621000,-1.105440378189087,-0.0024440689012408257
2023-01-15 10:00:05.711000,-1.2813245058059692,-0.002479908987879753
2023-01-15 10:01:05.471000,-1.0882433652877808,-0.002535342937335372
2023-01-15 10:02:05.623000,-0.8208218216896057,-0.0024843437131494284
2023-01-15 10:03:05.557000,-0.9860206246376038,-0.0023991793859750032
2023-01-15 10:04:05.614000,-0.9177564382553101,-0.002389583270996809
2023-01-15 10:05:05.560000,-0.9876251816749573,-0.0024592094123363495
2023-01-15 10:06:05.466000,-1.1625350713729858,-0.002416404662653804
2023-01-15 10:07:05.466000,-1.2777310609817505,-0.0025109737180173397
2023-01-15 10:08:05.496000,-1.3471205234527588,-0.002539604203775525
2023-01-15 10:09:06.249000,-1.2879283428192139,-0.00252397358417511
2023-01-15 10:10:05.630000,-1.2562744617462158,-0.0025803260505199432
2023-01-15 10:11:05.605000,-1.1551904678344727,-0.002536951331421733
2023-01-15 10:12:05.555000,-0.9346777200698853,-0.0024066756013780832
2023-01-15 10:13:05.469000,-1.1836668252944946,-0.0023712727706879377
2023-01-15 10:14:05.434000,-1.1758328676223755,-0.0024482954759150743
2023-01-15 10:15:05.585000,-0.9912341833114624,-0.0024514200631529093
2023-01-15 10:16:05.463000,-1.104217529296875,-0.00246442505158484
2023-01-15 10:17:05.476000,-1.2803517580032349,-0.0024339230731129646
2023-01-15 10:18:05.489000,-1.1673458814620972,-0.0024362856056541204
2023-01-15 10:19:05.726000,-1.5917091369628906,-0.0025430882815271616
2023-01-15 10:20:05.432000,-1.3591035604476929,-0.0024502999149262905
2023-01-15 10:21:05.837000,-1.2568790912628174,-0.0024105962365865707
2023-01-15 10:22:05.687000,-1.1826852560043335,-0.002483230782672763
2023-01-15 10:23:05.429000,-0.9459505081176758,-0.002470441861078143
2023-01-15 10:24:05.564000,-0.5758951306343079,-0.00244978372938931
2023-01-15 10:25:05.365000,-0.8374350070953369,-0.0025060882326215506
2023-01-15 10:26:05.422000,-1.027395248413086,-0.002432673005387187
2023-01-15 10:27:05.588000,-0.6218082308769226,-0.002524023177102208
2023-01-15 10:28:05.620000,-0.9875423908233643,-0.002488767495378852
2023-01-15 10:29:05.394000,-0.9347283840179443,-0.0024335200432687998
2023-01-15 10:30:05.436000,-1.06138277053833,-0.002500973641872406
2023-01-15 10:31:05.577000,-1.1201260089874268,-0.0024280217476189137
2023-01-15 10:32:05.556000,-0.8990409970283508,-0.0024503094609826803
2023-01-15 10:33:05.401000,-1.0989290475845337,-0.002406589686870575
2023-01-15 10:34:05.917000,-1.0409868955612183,-0.0025250869803130627
2023-01-15 10:35:05.392000,-1.1528382301330566,-0.0023726830258965492
2023-01-15 10:36:05.457000,-1.2911661863327026,-0.0024457317776978016
2023-01-15 10:37:05.423000,-0.9479678273200989,-0.0025126400869339705
2023-01-15 10:38:05.442000,-1.0574766397476196,-0.0024708888959139585
2023-01-15 10:39:05.463000,-1.1136806011199951,-0.0024907272309064865
2023-01-15 10:40:05.619000,-1.392194390296936,-0.0024937379639595747
2023-01-15 10:41:05.439000,-1.5957571268081665,-0.0024216363672167063
2023-01-15 10:42:05.337000,-1.4621413946151733,-0.0024627353996038437
2023-01-15 10:43:05.602000,-0.8064882755279541,-0.0025158647913485765
2023-01-15 10:44:05.431000,-0.9265957474708557,-0.002521999878808856
2023-01-15 10:45:05.400000,-0.7636396884918213,-0.0025767271872609854
2023-01-15 10:46:05.371000,-0.850725531578064,-0.002445255871862173
2023-01-15 10:47:05.417000,-0.9408828616142273,-0.002495969645678997
2023-01-15 10:48:05.612000,-0.7673437595367432,-0.002472472144290805
2023-01-15 10:49:05.422000,-0.8803640604019165,-0.0024287777487188578
2023-01-15 10:50:05.585000,-1.1365848779678345,-0.002363730687648058
2023-01-15 10:51:05.321000,-0.6861352920532227,-0.0024887954350560904
2023-01-15 10:52:05.441000,-0.9864140152931213,-0.0024305745027959347
2023-01-15 10:53:05.697000,-0.9256090521812439,-0.0024298937059938908
2023-01-15 10:54:05.469000,-2.1642727851867676,-0.0024542445316910744
2023-01-15 10:55:05.840000,-2.609804630279541,-0.0024580424651503563
2023-01-15 10:56:05.504000,-2.5994644165039062,-0.0024895216338336468
2023-01-15 10:57:05.364000,-2.486347198486328,-0.0024761632084846497
2023-01-15 10:58:05.525000,-2.7019076347351074,-0.0024533928371965885
2023-01-15 10:59:05.427000,-2.665581226348877,-0.0023877036292105913
2023-01-15 11:00:05.389000,-2.5025253295898438,-0.0023886363487690687
2023-01-15 11:01:05.743000,-2.703984022140503,-0.00247643468901515
2023-01-15 11:02:05.388000,-2.5968754291534424,-0.0024710209108889103
2023-01-15 11:03:05.604000,-2.632140874862671,-0.0025186326820403337
2023-01-15 11:04:05.364000,-2.7784273624420166,-0.0024808410089462996
2023-01-15 11:05:05.490000,-2.657186508178711,-0.002487865276634693
2023-01-15 11:06:05.387000,-2.906994581222534,-0.002482127631083131
2023-01-15 11:07:05.801000,-2.8807854652404785,-0.002493195002898574
2023-01-15 11:08:05.364000,-2.939912796020508,-0.0024234000593423843
2023-01-15 11:09:05.563000,-3.0647385120391846,-0.0024259756319224834
2023-01-15 11:10:05.918000,-3.260859489440918,-0.0024715098552405834
2023-01-15 11:11:05.355000,-2.9222524166107178,-0.0024835357908159494
2023-01-15 11:12:05.360000,-2.024690628051758,-0.0024763555265963078
2023-01-15 11:13:05.515000,-1.7600361108779907,-0.0025008085649460554
2023-01-15 11:14:05.335000,-1.819402813911438,-0.00244971108622849
2023-01-15 11:15:05.309000,-2.1320457458496094,-0.0025143902748823166
2023-01-15 11:16:05.558000,-1.9243406057357788,-0.0025350754149258137
2023-01-15 11:17:05.498000,-2.0101723670959473,-0.0024427399039268494
2023-01-15 11:18:05.653000,-2.038315534591675,-0.0024907917249947786
2023-01-15 11:19:05.482000,-1.8295925855636597,-0.0024081373121589422
2023-01-15 11:20:05.370000,-1.8526896238327026,-0.002387718064710498
2023-01-15 11:21:05.411000,-1.8428912162780762,-0.0024182857014238834
2023-01-15 11:22:05.822000,-1.5730774402618408,-0.002508255187422037
2023-01-15 11:23:05.380000,-1.789422631263733,-0.002468581311404705
2023-01-15 11:24:06.017000,-1.6292574405670166,-0.0024890850763767958
2023-01-15 11:25:05.370000,-1.570797085762024,-0.0024753022007644176
2023-01-15 11:26:05.327000,-1.7581968307495117,-0.002510520862415433
2023-01-15 11:27:05.339000,-1.5574506521224976,-0.0025144401006400585
2023-01-15 11:28:05.377000,-1.8141781091690063,-0.002468880033120513
2023-01-15 11:29:05.366000,-1.9420852661132812,-0.0024859271943569183
2023-01-15 11:30:05.270000,-1.8566659688949585,-0.0025091019924730062
2023-01-15 11:31:05.280000,-1.8305373191833496,-0.002512565115466714
2023-01-15 11:32:05.420000,-1.7345271110534668,-0.0024857271928340197
2023-01-15 11:33:05.670000,-1.5170714855194092,-0.0025076221209019423
2023-01-15 11:34:05.343000,-1.767733097076416,-0.0025136738549917936
2023-01-15 11:35:05.343000,-1.5489917993545532,-0.002442803932353854
2023-01-15 11:36:05.493000,-1.6163409948349,-0.002471829764544964
2023-01-15 11:37:05.330000,-1.784940481185913,-0.0025238695088773966
2023-01-15 11:38:05.421000,-1.5055087804794312,-0.0024540226440876722
2023-01-15 11:39:05.366000,-1.8608819246292114,-0.0024641428608447313
2023-01-15 11:40:05.408000,-1.678511381149292,-0.002451652195304632
2023-01-15 11:41:05.704000,-1.5911799669265747,-0.0025058542378246784
2023-01-15 11:42:05.333000,-1.7260948419570923,-0.0024599130265414715
2023-01-15 11:43:05.409000,-1.5378549098968506,-0.002477299887686968
2023-01-15 11:44:05.244000,-1.6305222511291504,-0.002453048713505268
2023-01-15 11:45:05.341000,-1.8617738485336304,-0.0025469388347119093
2023-01-15 11:46:05.339000,-1.4580029249191284,-0.0024649999104440212
2023-01-15 11:47:05.349000,-1.3000329732894897,-0.0024164998903870583
2023-01-15 11:48:05.243000,-1.3817181587219238,-0.002477622590959072
2023-01-15 11:49:05.243000,-1.105546474456787,-0.002443791599944234
2023-01-15 11:50:05.463000,-1.4553197622299194,-0.002375700045377016
2023-01-15 11:51:05.268000,-1.22023344039917,-0.0024923845194280148
2023-01-15 11:52:05.785000,-1.1445270776748657,-0.0024784256238490343
2023-01-15 11:53:05.646000,-1.1510684490203857,-0.002499377354979515
2023-01-15 11:54:05.432000,-1.0073646306991577,-0.002495105378329754
2023-01-15 11:55:05.348000,-1.0629637241363525,-0.0024841632694005966
2023-01-15 11:56:05.489000,-1.1499733924865723,-0.0025291042402386665
2023-01-15 11:57:05.304000,-0.948790967464447,-0.0025376295670866966
2023-01-15 11:58:05.356000,-1.2020845413208008,-0.0025542727671563625
2023-01-15 11:59:05.477000,-1.053910732269287,-0.002549423137679696
2023-01-15 12:00:05.302000,-1.0139775276184082,-0.0025451702531427145
2023-01-15 12:01:05.399000,-1.1689156293869019,-0.002415555529296398
2023-01-15 12:02:05.281000,-0.898566722869873,-0.002446469385176897
2023-01-15 12:03:05.425000,-1.1893121004104614,-0.002442071447148919
2023-01-15 12:04:05.471000,-1.1605560779571533,-0.0024980250746011734
2023-01-15 12:05:05.421000,-0.9873903393745422,-0.002433896530419588
2023-01-15 12:06:05.190000,-1.3455625772476196,-0.0024204000364989042
2023-01-15 12:07:05.457000,-1.2907884120941162,-0.002367983339354396
2023-01-15 12:08:06.258000,-1.4539955854415894,-0.0024443166330456734
2023-01-15 12:09:05.271000,-1.4715036153793335,-0.0024952832609415054
2023-01-15 12:10:05.215000,-1.3319777250289917,-0.0023831063881516457
2023-01-15 12:11:05.268000,-1.4390114545822144,-0.002410921035334468
2023-01-15 12:12:06.171000,-1.3309282064437866,-0.002451210515573621
2023-01-15 12:13:05.756000,-1.194471836090088,-0.0024985112249851227
2023-01-15 12:14:05.430000,-1.4532709121704102,-0.0024926585610955954
2023-01-15 12:15:05.503000,-1.2912135124206543,-0.002450148109346628
2023-01-15 12:16:05.245000,-1.2916733026504517,-0.002519904635846615
2023-01-15 12:17:05.271000,-1.337830662727356,-0.0025396314449608326
2023-01-15 12:18:05.252000,-1.2702546119689941,-0.002503285650163889
2023-01-15 12:19:05.269000,-1.598738670349121,-0.0023195405956357718
2023-01-15 12:20:05.276000,-1.4118270874023438,-0.0024926511105149984
2023-01-15 12:21:05.485000,-1.3228188753128052,-0.0025331999640911818
2023-01-15 12:22:05.454000,-1.3671445846557617,-0.002454666653648019
2023-01-15 12:23:05.293000,-1.2365171909332275,-0.0024437736719846725
2023-01-15 12:24:05.305000,-1.3525875806808472,-0.002475235378369689
2023-01-15 12:25:05.454000,-0.991899311542511,-0.0024795650970190763
2023-01-15 12:26:05.173000,-1.1112053394317627,-0.0024805094581097364
2023-01-15 12:27:05.569000,-1.0735403299331665,-0.0025297857355326414
2023-01-15 12:28:05.281000,-1.020232915878296,-0.002423489699140191
2023-01-15 12:29:05.382000,-1.2863038778305054,-0.0024111454840749502
2023-01-15 12:30:05.306000,-1.1141010522842407,-0.0024686723481863737
2023-01-15 12:31:05.283000,-1.2665432691574097,-0.0024726251140236855
2023-01-15 12:32:05.172000,-1.0116766691207886,-0.0025116000324487686
2023-01-15 12:33:05.383000,-1.088976263999939,-0.002454708330333233
2023-01-15 12:34:06.215000,-1.0316861867904663,-0.002495924476534128
2023-01-15 12:35:05.248000,-0.9291224479675293,-0.002505185082554817
2023-01-15 12:36:05.417000,-1.0696040391921997,-0.002527449047192931
2023-01-15 12:37:05.222000,-0.9966074228286743,-0.0024384181015193462
2023-01-15 12:38:05.541000,-0.8381379246711731,-0.0024744211696088314
2023-01-15 12:39:05.280000,-1.0420559644699097,-0.0024385652504861355
2023-01-15 12:40:05.344000,-0.9331818222999573,-0.0024944080505520105
2023-01-15 12:41:05.250000,-1.0743311643600464,-0.002443108009174466
2023-01-15 12:42:05.752000,-1.2057520151138306,-0.0024810682516545057
2023-01-15 12:43:05.217000,-1.048454761505127,-0.0024864545557647943
2023-01-15 12:44:05.244000,-1.2594746351242065,-0.0025014583952724934
2023-01-15 12:45:05.483000,-1.0191954374313354,-0.0023958261590451
2023-01-15 12:46:05.441000,-1.1835614442825317,-0.0024124544579535723
2023-01-15 12:47:05.469000,-1.2786675691604614,-0.0024981864262372255
2023-01-15 12:48:05.351000,-1.0738176107406616,-0.002450538333505392
2023-01-15 12:49:05.247000,-1.2147183418273926,-0.0025357895065099
2023-01-15 12:50:05.502000,-1.2239290475845337,-0.0024836964439600706
2023-01-15 12:51:05.260000,-1.1569998264312744,-0.0024481152649968863
2023-01-15 12:52:05.395000,-1.3586201667785645,-0.002436860464513302
2023-01-15 12:53:05.489000,-1.2918570041656494,-0.0025022856425493956
2023-01-15 12:54:05.142000,-1.0217750072479248,-0.002485400065779686
2023-01-15 12:55:05.211000,-1.2450896501541138,-0.002454468049108982
2023-01-15 12:56:05.158000,-0.9822518229484558,-0.002521978225558996
2023-01-15 12:57:05.369000,-1.1003525257110596,-0.00251453323289752
2023-01-15 12:58:05.514000,-1.1167410612106323,-0.002460738178342581
2023-01-15 12:59:05.140000,-0.9696013331413269,-0.002456528367474675
2023-01-15 13:00:05.196000,-1.131384253501892,-0.002547027077525854
2023-01-15 13:01:05.323000,-1.0390416383743286,-0.0023673828691244125
2023-01-15 13:02:05.152000,-0.9266302585601807,-0.0024684222880750895
2023-01-15 13:03:05.415000,-1.0209391117095947,-0.002390437526628375
2023-01-15 13:04:05.114000,-0.9183987975120544,-0.0024288261774927378
2023-01-15 13:05:05.235000,-1.0366849899291992,-0.0024000646080821753
2023-01-15 13:06:05.231000,-0.9066741466522217,-0.0025121697690337896
2023-01-15 13:07:05.211000,-0.7438129186630249,-0.0024549791123718023
2023-01-15 13:08:05.202000,-0.9619759321212769,-0.0024890233762562275
2023-01-15 13:09:05.422000,-0.7694663405418396,-0.002442446304485202
2023-01-15 13:10:05.131000,-1.0792933702468872,-0.002460024319589138
2023-01-15 13:11:05.990000,-1.0389589071273804,-0.002376419957727194
2023-01-15 13:12:05.444000,-0.6810430288314819,-0.0024517332203686237
2023-01-15 13:13:05.110000,-0.928593635559082,-0.0024310334119945765
2023-01-15 13:14:05.331000,-0.650063693523407,-0.0025998500641435385
2023-01-15 13:15:05.213000,-0.9290019273757935,-0.0023106334265321493
2023-01-15 13:16:05.666000,-0.8265175223350525,-0.002651300048455596
2023-01-15 13:17:05.193000,-0.735038697719574,-0.0023524039424955845
2023-01-15 13:18:05.342000,-1.0885916948318481,-0.0023482777178287506
2023-01-15 13:19:05.326000,-0.8660110831260681,-0.0026103220880031586
2023-01-15 13:20:05.181000,-0.9845244884490967,-0.002280943328514695
2023-01-15 13:21:05.223000,-0.9435781240463257,-0.002336035016924143
2023-01-15 13:22:05.429000,-0.8746612668037415,-0.0026096757501363754
2023-01-15 13:23:05.160000,-1.0535228252410889,-0.002539744134992361
2023-01-15 13:24:05.384000,-0.9149911999702454,-0.0024516829289495945
2023-01-15 13:25:05.188000,-1.0644737482070923,-0.002495069755241275
2023-01-15 13:26:05.361000,-1.2410874366760254,-0.0024420651607215405
2023-01-15 13:27:05.264000,-1.0210374593734741,-0.0024040364660322666
2023-01-15 13:28:05.164000,-1.0020883083343506,-0.0025949524715542793
2023-01-15 13:29:05.136000,-1.0268858671188354,-0.002586489310488105
2023-01-15 13:30:05.179000,-0.8139812350273132,-0.002441959222778678
2023-01-15 13:31:05.295000,-1.0311939716339111,-0.0024396341759711504
2023-01-15 13:32:05.277000,-0.8141612410545349,-0.0024576757568866014
2023-01-15 13:33:05.193000,-0.8759967684745789,-0.00247544446028769
2023-01-15 13:34:05.476000,-0.959729015827179,-0.0024140526074916124
2023-01-15 13:35:05.324000,-0.8041332364082336,-0.0024364772252738476
2023-01-15 13:36:05.293000,-0.941529393196106,-0.0025222119875252247
2023-01-15 13:37:05.531000,-0.9012405872344971,-0.0024350197054445744
2023-01-15 13:38:05.305000,-0.723371684551239,-0.0024643957149237394
2023-01-15 13:39:05.105000,-0.8435603380203247,-0.00250066677108407
2023-01-15 13:40:05.147000,-0.6939658522605896,-0.0025754545349627733
2023-01-15 13:41:05.039000,-0.7309934496879578,-0.002371142851188779
2023-01-15 13:42:05.334000,-0.8466613292694092,-0.0023965882137417793
2023-01-15 13:43:05.438000,-0.7253274917602539,-0.002460071351379156
2023-01-15 13:44:05.442000,-0.8438650369644165,-0.0024512221571058035
2023-01-15 13:45:05.070000,-1.010942816734314,-0.0023073810152709484
2023-01-15 13:46:05.040000,-0.7231510877609253,-0.002289624884724617
2023-01-15 13:47:05.103000,-0.9296416640281677,-0.0024090525694191456
2023-01-15 13:48:05.121000,-0.6572616100311279,-0.002302794950082898
2023-01-15 13:49:05.255000,-0.6991983652114868,-0.0022916921880096197
2023-01-15 13:50:05.155000,-0.8586574196815491,-0.00232422212138772
2023-01-15 13:51:05.776000,-0.7352032661437988,-0.00249943183735013
2023-01-15 13:52:05.183000,-0.7958155274391174,-0.0020395000465214252
2023-01-15 13:53:05.385000,-1.0217082500457764,-0.00234750984236598
2023-01-15 13:54:05.352000,-0.868860125541687,-0.002147170715034008
2023-01-15 13:55:05.307000,-1.0489442348480225,-0.0018240356585010886
2023-01-15 13:56:05.353000,-1.0060811042785645,-0.0022733749356120825
2023-01-15 13:57:05.294000,-0.8004335761070251,-0.0021386316511780024
2023-01-15 13:58:05.303000,-1.0313645601272583,-0.0022140832152217627
2023-01-15 13:59:05.118000,-0.9214500784873962,-0.0024577619042247534
2023-01-15 14:00:05.175000,-1.0299103260040283,-0.002502682851627469
2023-01-15 14:01:05.290000,-1.1705915927886963,-0.0024452325887978077
2023-01-15 14:02:05.148000,-0.9248812198638916,-0.0022899999748915434
2023-01-15 14:03:05.393000,-1.1136661767959595,-0.002313777804374695
2023-01-15 14:04:05.308000,-0.9254443049430847,-0.002330282935872674
2023-01-15 14:05:05.115000,-1.0841927528381348,-0.0023082245606929064
2023-01-15 14:06:05.309000,-1.0848718881607056,-0.0024066923651844263
2023-01-15 14:07:05.272000,-1.0600146055221558,-0.002319538500159979
2023-01-15 14:08:05.110000,-1.1596261262893677,-0.0020223334431648254
2023-01-15 14:09:05.059000,-1.148247241973877,-0.0025473427958786488
2023-01-15 14:10:05.395000,-1.1824582815170288,-0.0022128205746412277
2023-01-15 14:11:05.153000,-1.103057861328125,-0.002617679303511977
2023-01-15 14:12:05.113000,-1.3049143552780151,-0.0024698420893400908
2023-01-15 14:13:05.146000,-1.0613054037094116,-0.002510972321033478
2023-01-15 14:14:05.072000,-1.2768594026565552,-0.002573025645688176
2023-01-15 14:15:05.318000,-1.0216362476348877,-0.002353418618440628
2023-01-15 14:16:05.647000,-1.1241507530212402,-0.0026772082783281803
2023-01-15 14:17:05.347000,-0.947353184223175,-0.002694315742701292
2023-01-15 14:18:05.084000,-1.0621819496154785,-0.00240711634978652
2023-01-15 14:19:05.727000,-1.0194425582885742,-0.002263236790895462
2023-01-15 14:20:05.517000,-1.1152881383895874,-0.002270278986543417
2023-01-15 14:21:05.052000,-1.0853675603866577,-0.002739369636401534
2023-01-15 14:22:05.331000,-0.8558740019798279,-0.0023558775428682566
2023-01-15 14:23:06.292000,-1.1232013702392578,-0.0027283437084406614
2023-01-15 14:24:05.116000,-0.9939398765563965,-0.002309999894350767
2023-01-15 14:25:05.304000,-1.0026050806045532,-0.002327928552404046
2023-01-15 14:26:05.115000,-1.1304218769073486,-0.002384857041761279
2023-01-15 14:27:05.029000,-0.9026997089385986,-0.0023858528584241867
2023-01-15 14:28:05.124000,-1.1772100925445557,-0.002642720937728882
2023-01-15 14:29:05.121000,-1.0128191709518433,-0.00228971429169178
2023-01-15 14:30:05.100000,-1.106360673904419,-0.0026463421527296305
2023-01-15 14:31:05.109000,-1.0121678113937378,-0.002329971408471465
2023-01-15 14:32:05.317000,-0.9080525636672974,-0.002154348883777857
2023-01-15 14:33:05.080000,-1.064131736755371,-0.002414615359157324
2023-01-15 14:34:05.206000,-1.0809032917022705,-0.0024426383897662163
2023-01-15 14:35:05.064000,-1.0562001466751099,-0.002402371494099498
2023-01-15 14:36:05.007000,-1.085978388786316,-0.0027991333045065403
2023-01-15 14:37:05.286000,-0.7355695962905884,-0.00256163626909256
2023-01-15 14:38:05.236000,-1.0133575201034546,-0.0023264705669134855
2023-01-15 14:39:05.517000,-0.8353046178817749,-0.0023105957079678774
2023-01-15 14:40:05.122000,-1.027001976966858,-0.0021209130063652992
2023-01-15 14:41:05.229000,-0.9639255404472351,-0.0023765675723552704
2023-01-15 14:42:05.045000,-0.9625217914581299,-0.002090814057737589
2023-01-15 14:43:05.103000,-1.0470178127288818,-0.002455499954521656
2023-01-15 14:44:05.253000,-0.7878565192222595,-0.002500976203009486
2023-01-15 14:45:05.677000,-1.1697226762771606,-0.002177333226427436
2023-01-15 14:46:04.975000,-0.8898089528083801,-0.0026176071260124445
2023-01-15 14:47:05.070000,-0.983555018901825,-0.0022046666126698256
2023-01-15 14:48:05.220000,-0.95737624168396,-0.0025624411646276712
2023-01-15 14:49:05.049000,-0.866127073764801,-0.0024093077518045902
2023-01-15 14:50:05.086000,-1.0143555402755737,-0.0022141304798424244
2023-01-15 14:51:06.203000,-0.8045257329940796,-0.0025788249913603067
2023-01-15 14:52:05.204000,-1.2153129577636719,-0.002263600006699562
2023-01-15 14:53:05.059000,-0.9936493635177612,-0.0023530740290880203
2023-01-15 14:54:04.980000,-0.9052464365959167,-0.0023046808782964945
2023-01-15 14:55:05.094000,-0.9138137102127075,-0.002999355550855398
2023-01-15 14:56:05.041000,-0.8656896948814392,-0.0023707072250545025
2023-01-15 14:57:05.221000,-0.9712319374084473,-0.0025970269925892353
2023-01-15 14:58:05.321000,-0.6605603694915771,-0.0024815676733851433
2023-01-15 14:59:05.207000,-0.9299805760383606,-0.001941042602993548
2023-01-15 15:00:05.040000,-0.6587929129600525,-0.0024964390322566032
2023-01-15 15:01:05.047000,-0.6486219167709351,-0.0024473199155181646
2023-01-15 15:02:05.033000,-0.6814132928848267,-0.0019797561690211296
2023-01-15 15:03:05.071000,-0.46145308017730713,-0.002660525031387806
2023-01-15 15:04:04.981000,-0.7058560252189636,-0.002255520084872842
2023-01-15 15:05:05.174000,-0.617551863193512,-0.002552696969360113
2023-01-15 15:06:05.006000,-0.6651383638381958,-0.0023999714758247137
2023-01-15 15:07:05.013000,-0.9047789573669434,-0.0029510227032005787
2023-01-15 15:08:05.154000,-0.7767477035522461,-0.0027504374738782644
2023-01-15 15:09:05.306000,-0.8565644025802612,-0.002077636308968067
2023-01-15 15:10:05.048000,-0.5430333018302917,-0.0021955433767288923
2023-01-15 15:11:05.144000,-0.6988474130630493,-0.0022093888837844133
2023-01-15 15:12:05.166000,-0.5683401226997375,-0.0022380929440259933
2023-01-15 15:13:05.157000,-0.6114264726638794,-0.002506420947611332
2023-01-15 15:14:05.050000,-0.6802387833595276,-0.0024649333208799362
2023-01-15 15:15:05.037000,-0.5329580903053284,-0.002451521810144186
2023-01-15 15:16:05.114000,-0.7914809584617615,-0.00217876466922462
2023-01-15 15:17:05.056000,-0.5505806803703308,-0.0022642093244940042
2023-01-15 15:18:04.954000,-0.6973994374275208,-0.0022310211788862944
2023-01-15 15:19:05.120000,-0.7131115794181824,-0.0020935896318405867
2023-01-15 15:20:05.125000,-0.548888623714447,-0.002485195640474558
2023-01-15 15:21:04.938000,-0.7416374683380127,-0.002172510139644146
2023-01-15 15:22:05.058000,-0.564318060874939,-0.0025606530252844095
2023-01-15 15:23:05.111000,-0.6738483309745789,-0.0026919804513454437
2023-01-15 15:24:04.994000,-0.7679833769798279,-0.0023514500353485346
2023-01-15 15:25:05.232000,-0.7877523303031921,-0.0027367020957171917
2023-01-15 15:26:05.007000,-0.8685464859008789,-0.0025270571932196617
2023-01-15 15:27:05.014000,-0.6220774054527283,-0.002930405316874385
2023-01-15 15:28:05.203000,-0.7087458968162537,-0.002409745007753372
2023-01-15 15:29:05.134000,-0.6775019764900208,-0.0024909046478569508
2023-01-15 15:30:05.041000,-0.7392063736915588,-0.0027090192306786776
2023-01-15 15:31:04.945000,-0.8893841505050659,-0.0023573192302137613
2023-01-15 15:32:04.890000,-0.7641659379005432,-0.002858285792171955
2023-01-15 15:33:05.025000,-0.7554673552513123,-0.002219579881057143
2023-01-15 15:34:04.966000,-0.8198742270469666,-0.001969641540199518
2023-01-15 15:35:04.998000,-0.7138977646827698,-0.001941960770636797
2023-01-15 15:36:05.115000,-0.7899776697158813,-0.002669659908860922
2023-01-15 15:37:04.905000,-0.6886248588562012,-0.0026290444657206535
2023-01-15 15:38:04.877000,-0.6405740976333618,-0.00266100000590086
2023-01-15 15:39:04.985000,-0.7232752442359924,-0.0030218372121453285
2023-01-15 15:40:04.973000,-0.6821328401565552,-0.002952681854367256
2023-01-15 15:41:05.005000,-0.944905698299408,-0.002272849902510643
2023-01-15 15:42:05.081000,-0.8371908068656921,-0.0024084048345685005
2023-01-15 15:43:05.323000,-0.707638144493103,-0.0023282221518456936
2023-01-15 15:44:05.022000,-0.7285464406013489,-0.002268629614263773
2023-01-15 15:45:04.981000,-0.4439181089401245,-0.002952391281723976
2023-01-15 15:46:05.030000,-0.6267609596252441,-0.002384499879553914
2023-01-15 15:47:05.002000,-0.6756165623664856,-0.0027770453598350286
2023-01-15 15:48:04.987000,-0.49704429507255554,-0.0029228180646896362
2023-01-15 15:49:05.089000,-0.697892427444458,-0.0022798250429332256
2023-01-15 15:50:05.201000,-0.5424767732620239,-0.0029744075145572424
2023-01-15 15:51:04.965000,-0.625117838382721,-0.0028667200822383165
2023-01-15 15:52:05.079000,-0.6169924139976501,-0.002709672786295414
2023-01-15 15:53:04.897000,-0.40059247612953186,-0.0024079210124909878
2023-01-15 15:54:04.899000,-0.7142520546913147,-0.0028003158513456583
2023-01-15 15:55:04.999000,-0.5164242386817932,-0.002871846081689
2023-01-15 15:56:04.967000,-0.4700542688369751,-0.0028507178649306297
2023-01-15 15:57:04.858000,-0.6241139769554138,-0.002257490996271372
2023-01-15 15:58:05.101000,-0.35610756278038025,-0.0022938998881727457
2023-01-15 15:59:05.118000,-0.7049691081047058,-0.0025109804701060057
2023-01-15 16:00:05.185000,-0.6102516055107117,-0.0022969807032495737
2023-01-15 16:01:05.114000,-0.4253024160861969,-0.0025132927112281322
2023-01-15 16:02:04.929000,-0.7240638136863708,-0.002990622306242585
2023-01-15 16:03:05.096000,-0.5832221508026123,-0.0021055659744888544
2023-01-15 16:04:04.931000,-0.6720193028450012,-0.0024652325082570314
2023-01-15 16:05:04.923000,-0.6742942929267883,-0.002605465240776539
2023-01-15 16:06:05.068000,-0.5594370365142822,-0.002824627561494708
2023-01-15 16:07:04.868000,-0.7672845125198364,-0.002771057654172182
2023-01-15 16:08:04.901000,-0.5114576816558838,-0.002792470622807741
2023-01-15 16:09:04.965000,-0.6447842717170715,-0.002608477370813489
2023-01-15 16:10:04.895000,-0.7917616367340088,-0.00261689187027514
2023-01-15 16:11:04.859000,-0.5114310383796692,-0.002248500008136034
2023-01-15 16:12:04.836000,-0.7243680953979492,-0.002695769304409623
2023-01-15 16:13:04.897000,-0.5376319289207458,-0.002600525040179491
2023-01-15 16:14:04.965000,-0.6169480085372925,-0.002623907057568431
2023-01-15 16:15:04.863000,-0.7256301641464233,-0.0021531861275434494
2023-01-15 16:16:05.070000,-0.4755712151527405,-0.0022351110819727182
2023-01-15 16:17:04.813000,-0.6256833672523499,-0.0023076743818819523
2023-01-15 16:18:05.051000,-0.43032407760620117,-0.002498348942026496
2023-01-15 16:19:04.853000,-0.510154664516449,-0.0024751219898462296
2023-01-15 16:20:04.953000,-0.5954830050468445,-0.0021879998967051506
2023-01-15 16:21:04.925000,-0.5207566022872925,-0.0024771636817604303
2023-01-15 16:22:04.803000,-0.7877072691917419,-0.0021317200735211372
2023-01-15 16:23:04.950000,-0.5241659283638,-0.0023447778075933456
2023-01-15 16:24:04.865000,-0.6801618933677673,-0.002655333373695612
2023-01-15 16:25:04.890000,-0.6497688293457031,-0.0022818297147750854
2023-01-15 16:26:04.953000,-0.5161968469619751,-0.0022675576619803905
2023-01-15 16:27:04.919000,-0.6876440048217773,-0.002715905662626028
2023-01-15 16:28:04.836000,-0.514096736907959,-0.002754908986389637
2023-01-15 16:29:04.936000,-0.6312291622161865,-0.0028315577656030655
2023-01-15 16:30:05.128000,-0.6824419498443604,-0.002764706965535879
2023-01-15 16:31:04.911000,-0.5334717035293579,-0.002760587027296424
2023-01-15 16:32:04.801000,-0.740963339805603,-0.0022676046937704086
2023-01-15 16:33:04.812000,-0.6438310742378235,-0.002365649910643697
2023-01-15 16:34:04.916000,-0.742142915725708,-0.0025595116894692183
2023-01-15 16:35:04.858000,-0.5874496102333069,-0.0023134571965783834
2023-01-15 16:36:05.026000,-0.4805745780467987,-0.0026455868501216173
2023-01-15 16:37:04.906000,-0.629802942276001,-0.0025876034051179886
2023-01-15 16:38:04.886000,-0.4192313849925995,-0.002321372041478753
2023-01-15 16:39:04.939000,-0.6438356041908264,-0.0024382893461734056
2023-01-15 16:40:04.948000,-0.541634202003479,-0.0025209453888237476
2023-01-15 16:41:04.935000,-0.5016663670539856,-0.002163870492950082
2023-01-15 16:42:04.860000,-0.5723709464073181,-0.0026684727054089308
2023-01-15 16:43:04.892000,-0.40603429079055786,-0.0024644089862704277
2023-01-15 16:44:04.799000,-0.5924404263496399,-0.0024494363460689783
2023-01-15 16:45:04.978000,-0.5463085770606995,-0.0022598367650061846
2023-01-15 16:46:04.860000,-0.5476503372192383,-0.002736809430643916
2023-01-15 16:47:05.130000,-0.6487013101577759,-0.0021962665487080812
2023-01-15 16:48:04.766000,-0.7151398062705994,-0.002251674886792898
2023-01-15 16:49:04.767000,-0.8442865014076233,-0.0023379535414278507
2023-01-15 16:50:04.831000,-0.9157264232635498,-0.0026751086115837097
2023-01-15 16:51:04.998000,-0.5505558848381042,-0.002443756675347686
2023-01-15 16:52:05.048000,-0.8523402810096741,-0.002439295407384634
2023-01-15 16:53:04.980000,-0.7255392670631409,-0.0029157819226384163
2023-01-15 16:54:04.843000,-0.7584114074707031,-0.002546785632148385
2023-01-15 16:55:05.005000,-0.7628892064094543,-0.002614044351503253
2023-01-15 16:56:04.865000,-0.5438955426216125,-0.002397473668679595
2023-01-15 16:57:04.873000,-0.9084083437919617,-0.0026809554547071457
2023-01-15 16:58:04.755000,-0.7725898623466492,-0.0024872999638319016
2023-01-15 16:59:04.852000,-0.7636750936508179,-0.0026721428148448467
2023-01-15 17:00:04.903000,-0.8888139128684998,-0.0027842631097882986
2023-01-15 17:01:04.970000,-0.6339642405509949,-0.002242857124656439
2023-01-15 17:02:04.890000,-0.7687330842018127,-0.0020657600834965706
2023-01-15 17:03:04.804000,-0.7825034856796265,-0.0020845714025199413
2023-01-15 17:04:04.789000,-0.6394556164741516,-0.0023772127460688353
2023-01-15 17:05:04.889000,-0.8170533776283264,-0.002868794836103916
2023-01-15 17:06:05.077000,-0.6509702205657959,-0.0022744694724678993
2023-01-15 17:07:05,-0.8090897798538208,-0.002478560898452997
2023-01-15 17:08:05.095000,-0.9054182767868042,-0.002838830230757594
2023-01-15 17:09:04.865000,-0.710303544998169,-0.0026736981235444546
2023-01-15 17:10:05.356000,-0.7116174697875977,-0.0022612926550209522
2023-01-15 17:11:04.745000,-0.7133168578147888,-0.003020260017365217
2023-01-15 17:12:04.903000,-0.5769513249397278,-0.00266580400057137
2023-01-15 17:13:04.887000,-0.7927795052528381,-0.0029254781547933817
2023-01-15 17:14:04.864000,-0.7074391841888428,-0.002548785647377372
2023-01-15 17:15:04.886000,-0.5581833124160767,-0.0028540000785142183
2023-01-15 17:16:04.726000,-0.6714280843734741,-0.002885462949052453
2023-01-15 17:17:04.881000,-0.615055501461029,-0.0027630189433693886
2023-01-15 17:18:04.866000,-0.5256449580192566,-0.0027503888122737408
2023-01-15 17:19:05.072000,-0.7049405574798584,-0.002330574905499816
2023-01-15 17:20:04.889000,-0.5458565950393677,-0.002756220055744052
2023-01-15 17:21:04.825000,-0.4286235272884369,-0.002223700052127242
2023-01-15 17:22:04.977000,-0.6497814655303955,-0.002505906857550144
2023-01-15 17:23:04.831000,-0.5610385537147522,-0.002932050032541156
2023-01-15 17:24:04.906000,-0.5617457628250122,-0.0025338935665786266
2023-01-15 17:25:04.720000,-0.6402982473373413,-0.002292032353579998
2023-01-15 17:26:04.973000,-0.5161077976226807,-0.0025210953317582607
2023-01-15 17:27:04.835000,-0.5119692087173462,-0.002247157972306013
2023-01-15 17:28:04.893000,-0.6629387736320496,-0.0021415953524410725
2023-01-15 17:29:04.712000,-0.46748462319374084,-0.002669891342520714
2023-01-15 17:30:04.831000,-0.4680880010128021,-0.002254227176308632
2023-01-15 17:31:04.760000,-0.5124804973602295,-0.002357130404561758
2023-01-15 17:32:04.707000,-0.38419902324676514,-0.002322092652320862
2023-01-15 17:33:04.811000,-0.593298614025116,-0.002198181813582778
2023-01-15 17:34:04.863000,-0.6516778469085693,-0.0023913749027997255
2023-01-15 17:35:05.042000,-0.531096339225769,-0.002372469287365675
2023-01-15 17:36:04.806000,-0.7015478610992432,-0.0022266956511884928
2023-01-15 17:37:04.749000,-0.6766865849494934,-0.002310022246092558
2023-01-15 17:38:04.973000,-0.578550398349762,-0.0026645853649824858
2023-01-15 17:39:04.977000,-0.7051005363464355,-0.002861090935766697
2023-01-15 17:40:04.796000,-0.6005831956863403,-0.0026963818818330765
2023-01-15 17:41:05.045000,-0.5638683438301086,-0.002480365801602602
2023-01-15 17:42:04.705000,-0.7671571373939514,-0.0028442766051739454
2023-01-15 17:43:04.902000,-0.7222369313240051,-0.002544450107961893
2023-01-15 17:44:04.991000,-0.5616598129272461,-0.0024198333267122507
2023-01-15 17:45:04.701000,-0.7446189522743225,-0.002395880874246359
2023-01-15 17:46:04.900000,-0.6243837475776672,-0.0025188694708049297
2023-01-15 17:47:05.183000,-0.6301392316818237,-0.002605150919407606
2023-01-15 17:48:04.715000,-0.7266890406608582,-0.0028051498811692
2023-01-15 17:49:04.783000,-0.5259088277816772,-0.0025821509771049023
2023-01-15 17:50:04.872000,-0.46768322587013245,-0.002022369531914592
2023-01-15 17:51:04.825000,-0.6820676326751709,-0.002285500057041645
2023-01-15 17:52:04.899000,-0.4185135066509247,-0.002464571502059698
2023-01-15 17:53:04.776000,-0.5035803318023682,-0.002577744657173753
2023-01-15 17:54:04.735000,-0.652596652507782,-0.002163410186767578
2023-01-15 17:55:04.818000,-0.5901145935058594,-0.0024435417726635933
2023-01-15 17:56:04.773000,-0.5305238962173462,-0.0024129615630954504
2023-01-15 17:57:04.781000,-0.8472632765769958,-0.0028454286511987448
2023-01-15 17:58:04.951000,-0.6570144891738892,-0.0025336085818707943
2023-01-15 17:59:04.675000,-0.6408575773239136,-0.0022042682394385338
2023-01-15 18:00:04.809000,-0.5497026443481445,-0.0023472250904887915
2023-01-15 18:01:04.741000,-0.3896328806877136,-0.002185242483392358
2023-01-15 18:02:04.766000,-0.554205060005188,-0.0023960277903825045
2023-01-15 18:03:04.817000,-0.48589447140693665,-0.00252281641587615
2023-01-15 18:04:04.735000,-0.3740430176258087,-0.0025031398981809616
2023-01-15 18:05:04.725000,-0.56087726354599,-0.002708842046558857
2023-01-15 18:06:04.807000,-0.6162222623825073,-0.0025528937112540007
2023-01-15 18:07:04.750000,-0.4532971680164337,-0.0024188810493797064
2023-01-15 18:08:04.651000,-0.8257299065589905,-0.0025391667149960995
2023-01-15 18:09:04.923000,-0.5546535849571228,-0.0026382666546851397
2023-01-15 18:10:04.779000,-0.5312588810920715,-0.0028757608961313963
2023-01-15 18:11:04.907000,-0.6841220855712891,-0.002620625076815486
2023-01-15 18:12:04.759000,-0.6122375726699829,-0.0022244523279368877
2023-01-15 18:13:04.652000,-0.5193976759910583,-0.002374890958890319
2023-01-15 18:14:04.743000,-0.534835934638977,-0.0027191999834030867
2023-01-15 18:15:04.694000,-0.657001793384552,-0.0019640980754047632
2023-01-15 18:16:04.632000,-0.8545697927474976,-0.0025807199999690056
2023-01-15 18:17:04.656000,-0.814357578754425,-0.0024922105949372053
2023-01-15 18:18:04.737000,-0.7782644033432007,-0.002214465057477355
2023-01-15 18:19:04.988000,-0.8419369459152222,-0.0027940263971686363
2023-01-15 18:20:04.769000,-0.6162358522415161,-0.002781146438792348
2023-01-15 18:21:04.685000,-0.6127158999443054,-0.0023449622094631195
2023-01-15 18:22:04.892000,-0.808226466178894,-0.0025841521564871073
2023-01-15 18:23:05.012000,-0.7940179109573364,-0.0023777317255735397
2023-01-15 18:24:04.995000,-0.7419747710227966,-0.002173833316192031
2023-01-15 18:25:04.696000,-0.8225409984588623,-0.0026662033051252365
2023-01-15 18:26:04.686000,-0.9254166483879089,-0.0026771489065140486
2023-01-15 18:27:04.770000,-0.7813097238540649,-0.0023023332469165325
2023-01-15 18:28:04.659000,-0.6864842176437378,-0.002325681736692786
2023-01-15 18:29:04.879000,-0.8353967666625977,-0.0024181297048926353
2023-01-15 18:30:04.844000,-0.769176185131073,-0.0025696579832583666
2023-01-15 18:31:04.704000,-0.5556472539901733,-0.0022807500790804625
2023-01-15 18:32:04.794000,-0.7843618988990784,-0.0021124877966940403
2023-01-15 18:33:04.709000,-0.8634975552558899,-0.00307826092466712
2023-01-15 18:34:04.684000,-0.5723099112510681,-0.0025072889402508736
2023-01-15 18:35:04.704000,-0.5172777771949768,-0.0022489046677947044
2023-01-15 18:36:04.597000,-0.5849195122718811,-0.002604274544864893
2023-01-15 18:37:04.652000,-0.41507774591445923,-0.0029280465096235275
2023-01-15 18:38:04.716000,-0.41906970739364624,-0.0028232380282133818
2023-01-15 18:39:04.720000,-0.5787619352340698,-0.0028532701544463634
2023-01-15 18:40:04.669000,-0.47008994221687317,-0.002481879899278283
2023-01-15 18:41:04.722000,-0.4234003722667694,-0.0026014340110123158
2023-01-15 18:42:04.644000,-0.5595427751541138,-0.0026559524703770876
2023-01-15 18:43:04.986000,-0.622283399105072,-0.0019966873805969954
2023-01-15 18:44:04.773000,-0.5082892775535583,-0.002889784285798669
2023-01-15 18:45:04.648000,-0.6142746210098267,-0.0030133845284581184
2023-01-15 18:46:05.006000,-0.6557459235191345,-0.0030065106693655252
2023-01-15 18:47:04.600000,-0.4087862968444824,-0.002973204478621483
2023-01-15 18:48:04.782000,-0.6966724991798401,-0.0023603409063071012
2023-01-15 18:49:04.916000,-0.5614784359931946,-0.002697957446798682
2023-01-15 18:50:04.754000,-0.5303053259849548,-0.0026378913316875696
2023-01-15 18:51:04.635000,-0.863783061504364,-0.0024933333043009043
2023-01-15 18:52:04.704000,-0.7824419736862183,-0.002446883823722601
2023-01-15 18:53:04.600000,-0.686862051486969,-0.0026933657936751842
2023-01-15 18:54:04.635000,-0.7667354345321655,-0.002773081650957465
2023-01-15 18:55:04.856000,-0.5541598796844482,-0.002718999981880188
2023-01-15 18:56:04.799000,-0.7090953588485718,-0.0022399460431188345
2023-01-15 18:57:04.740000,-0.5891826748847961,-0.0022816078271716833
2023-01-15 18:58:04.717000,-0.5777075290679932,-0.002444192999973893
2023-01-15 18:59:04.653000,-0.6427643299102783,-0.0023805093951523304
2023-01-15 19:00:04.674000,-0.5335697531700134,-0.002365388907492161
2023-01-15 19:01:04.675000,-0.5710300207138062,-0.002261907095089555
2023-01-15 19:02:04.674000,-0.7141189575195312,-0.002413500100374222
2023-01-15 19:03:04.635000,-0.559073269367218,-0.002675049938261509
2023-01-15 19:04:04.725000,-0.7154712677001953,-0.0024850701447576284
2023-01-15 19:05:04.701000,-0.710951566696167,-0.002255680738016963
2023-01-15 19:06:04.881000,-0.7005928754806519,-0.0025707499589771032
2023-01-15 19:07:04.660000,-0.8103355169296265,-0.0026264884509146214
2023-01-15 19:08:04.721000,-0.7249311208724976,-0.0023438462521880865
2023-01-15 19:09:05.197000,-0.4822345972061157,-0.002776666544377804
2023-01-15 19:10:04.574000,-0.61297607421875,-0.0030137321446090937
2023-01-15 19:11:04.703000,-0.5857424736022949,-0.002539795357733965
2023-01-15 19:12:04.622000,-0.39081600308418274,-0.0025838366709649563
2023-01-15 19:13:04.931000,-0.5910654664039612,-0.0024898862466216087
2023-01-15 19:14:04.831000,-0.6047667264938354,-0.0023165366146713495
2023-01-15 19:15:04.566000,-0.4481351971626282,-0.002159296302124858
2023-01-15 19:16:04.816000,-0.5859441161155701,-0.002106428612023592
2023-01-15 19:17:04.798000,-0.506952166557312,-0.0022343334276229143
2023-01-15 19:18:04.700000,-0.40919095277786255,-0.002330235205590725
2023-01-15 19:19:04.671000,-0.6108191013336182,-0.0024400667753070593
2023-01-15 19:20:04.664000,-0.5927693843841553,-0.002399868331849575
2023-01-15 19:21:04.593000,-0.47147634625434875,-0.0021102000027894974
2023-01-15 19:22:04.768000,-0.7208429574966431,-0.002530190395191312
2023-01-15 19:23:04.638000,-0.5479450821876526,-0.0021424998994916677
2023-01-15 19:24:04.576000,-0.5970596671104431,-0.0020881362725049257
2023-01-15 19:25:04.588000,-0.7344827651977539,-0.0027737233322113752
2023-01-15 19:26:04.670000,-0.5996581315994263,-0.002405155450105667
2023-01-15 19:27:04.568000,-0.6308794021606445,-0.0021277947816997766
2023-01-15 19:28:04.652000,-0.5375475883483887,-0.0024501224979758263
2023-01-15 19:29:04.587000,-0.504963219165802,-0.002472291700541973
2023-01-15 19:30:04.822000,-0.6576904654502869,-0.0027716585900634527
2023-01-15 19:31:04.649000,-0.5838781595230103,-0.00231604534201324
2023-01-15 19:32:04.724000,-0.5630850195884705,-0.0025084782391786575
2023-01-15 19:33:04.874000,-0.8105355501174927,-0.002490033395588398
2023-01-15 19:34:04.581000,-0.6458820104598999,-0.0027834998909384012
2023-01-15 19:35:04.543000,-0.6312451362609863,-0.0026844090316444635
2023-01-15 19:36:04.625000,-0.6841261982917786,-0.0028201041277498007
2023-01-15 19:37:04.547000,-0.61993807554245,-0.0028184650000184774
2023-01-15 19:38:04.698000,-0.5190279483795166,-0.002495866734534502
2023-01-15 19:39:04.530000,-0.7283761501312256,-0.0028696341905742884
2023-01-15 19:40:04.664000,-1.0171512365341187,-0.002855488331988454
2023-01-15 19:41:04.577000,-0.8159053921699524,-0.0024246000684797764
2023-01-15 19:42:04.652000,-0.9013081789016724,-0.002396400086581707
2023-01-15 19:43:04.719000,-0.8245118856430054,-0.002268596552312374
2023-01-15 19:44:04.942000,-0.6403824090957642,-0.002359609818086028
2023-01-15 19:45:04.670000,-0.7268989682197571,-0.002299514366313815
2023-01-15 19:46:04.703000,-0.8107569813728333,-0.0026179635897278786
2023-01-15 19:47:04.616000,-0.6255526542663574,-0.0025776599068194628
2023-01-15 19:48:04.596000,-0.8909829258918762,-0.002658153884112835
2023-01-15 19:49:04.667000,-0.772797167301178,-0.0023283420596271753
2023-01-15 19:50:04.585000,-0.5869966745376587,-0.003014381043612957
2023-01-15 19:51:04.647000,-0.6576346158981323,-0.0031296666711568832
2023-01-15 19:52:04.820000,-0.630577564239502,-0.0027370392344892025
2023-01-15 19:53:04.602000,-0.6284292936325073,-0.002020216314122081
2023-01-15 19:54:04.543000,-0.6067839860916138,-0.002184083452448249
2023-01-15 19:55:04.534000,-0.8342239856719971,-0.002388523891568184
2023-01-15 19:56:04.767000,-0.6850051283836365,-0.002930559916421771
2023-01-15 19:57:04.583000,-0.56386798620224,-0.0030735416803508997
2023-01-15 19:58:04.521000,-0.6699352860450745,-0.0027017209213227034
2023-01-15 19:59:04.534000,-0.44854313135147095,-0.0027558112051337957
2023-01-15 20:00:04.537000,-0.6698225140571594,-0.0024431885685771704
2023-01-15 20:01:04.757000,-0.7328869104385376,-0.0020814999006688595
2023-01-15 20:02:04.522000,-0.6305404305458069,-0.0023382727522403
2023-01-15 20:03:04.790000,-0.807040810585022,-0.0021861777640879154
2023-01-15 20:04:04.492000,-0.7145566940307617,-0.002487675752490759
2023-01-15 20:05:04.628000,-0.7366840243339539,-0.002348138950765133
2023-01-15 20:06:04.761000,-0.9035658240318298,-0.0021225200034677982
2023-01-15 20:07:04.628000,-0.6024309396743774,-0.0021594706922769547
2023-01-15 20:08:04.686000,-0.5894669890403748,-0.0025355000980198383
2023-01-15 20:09:04.627000,-0.6980907320976257,-0.002581142820417881
2023-01-15 20:10:04.518000,-0.619411826133728,-0.0025038181338459253
2023-01-15 20:11:04.517000,-0.9108495712280273,-0.0026940798852592707
2023-01-15 20:12:04.621000,-0.5738807916641235,-0.0023993332870304585
2023-01-15 20:13:04.540000,-0.6552008390426636,-0.002722238190472126
2023-01-15 20:14:04.584000,-0.7293400168418884,-0.0029733830597251654
2023-01-15 20:15:04.799000,-0.547888457775116,-0.002793547697365284
2023-01-15 20:16:04.589000,-0.5479183793067932,-0.0022560416255146265
2023-01-15 20:17:04.839000,-0.6283098459243774,-0.002338829217478633
2023-01-15 20:18:04.802000,-0.5941205024719238,-0.0030950233340263367
2023-01-15 20:19:04.609000,-0.5151647925376892,-0.002999634249135852
2023-01-15 20:20:04.479000,-0.6858540177345276,-0.00272382702678442
2023-01-15 20:21:04.565000,-0.5359235405921936,-0.003189150942489505
2023-01-15 20:22:04.647000,-0.5685823559761047,-0.003256729105487466
2023-01-15 20:23:04.509000,-0.7297530770301819,-0.0026060184463858604
2023-01-15 20:24:04.686000,-0.5717447996139526,-0.0020844601094722748
2023-01-15 20:25:04.662000,-0.5858681797981262,-0.002219743560999632
2023-01-15 20:26:04.591000,-0.5953758955001831,-0.002688954584300518
2023-01-15 20:27:04.431000,-0.523265540599823,-0.0024402972776442766
2023-01-15 20:28:04.510000,-0.5761207342147827,-0.002243425464257598
2023-01-15 20:29:04.454000,-0.8970785140991211,-0.0024742453824728727
2023-01-15 20:30:04.459000,-0.7316340208053589,-0.002856568666175008
2023-01-15 20:31:04.726000,-0.704973578453064,-0.0022961751092225313
2023-01-15 20:32:04.789000,-0.9005845785140991,-0.0022011001128703356
2023-01-15 20:33:04.468000,-0.7941405177116394,-0.0022158499341458082
2023-01-15 20:34:04.498000,-0.6563262939453125,-0.002617127727717161
2023-01-15 20:35:04.462000,-0.6466973423957825,-0.002497133333235979
2023-01-15 20:36:04.721000,-0.6037654280662537,-0.002580163301900029
2023-01-15 20:37:04.426000,-0.38938334584236145,-0.002085878048092127
2023-01-15 20:38:04.577000,-0.5987657904624939,-0.0023015306796878576
2023-01-15 20:39:04.746000,-0.54557204246521,-0.0022549149580299854
2023-01-15 20:40:04.486000,-0.46105682849884033,-0.0028059433680027723
2023-01-15 20:41:04.439000,-0.6759175658226013,-0.002633872674778104
2023-01-15 20:42:04.498000,-0.7114498615264893,-0.0026864667888730764
2023-01-15 20:43:04.691000,-0.6803745627403259,-0.0023673800751566887
2023-01-15 20:44:04.536000,-0.8303321599960327,-0.002494500018656254
2023-01-15 20:45:04.411000,-0.6075438857078552,-0.0025419790763407946
2023-01-15 20:46:04.575000,-1.0314761400222778,-0.002491469494998455
2023-01-15 20:47:04.419000,-0.915919303894043,-0.002382355509325862
2023-01-15 20:48:04.494000,-0.4452678859233856,-0.002423209371045232
2023-01-15 20:49:04.559000,-0.5207162499427795,-0.002272196114063263
2023-01-15 20:50:04.440000,-0.6841790080070496,-0.002302685286849737
2023-01-15 20:51:04.742000,-0.6296102404594421,-0.002132836263626814
2023-01-15 20:52:04.543000,-0.8337573409080505,-0.0023608305491507053
2023-01-15 20:53:04.439000,-0.8395622372627258,-0.0024216780439019203
2023-01-15 20:54:04.729000,-0.6912206411361694,-0.002376686315983534
2023-01-15 20:55:04.701000,-1.0652837753295898,-0.0021208147518336773
2023-01-15 20:56:04.555000,-0.8795899748802185,-0.002592118689790368
2023-01-15 20:57:04.460000,-0.8832220435142517,-0.002470433246344328
2023-01-15 20:58:04.716000,-0.907650351524353,-0.002519962377846241
2023-01-15 20:59:04.505000,-0.8653737306594849,-0.002421716693788767
2023-01-15 21:00:04.438000,-0.8203465342521667,-0.002705520950257778
2023-01-15 21:01:04.424000,-0.9531391263008118,-0.002314566634595394
2023-01-15 21:02:04.697000,-0.9427432417869568,-0.002456770744174719
2023-01-15 21:03:04.383000,-1.2426291704177856,-0.0023544286377727985
2023-01-15 21:04:04.533000,-1.1932244300842285,-0.002635795855894685
2023-01-15 21:05:04.577000,-1.1037060022354126,-0.0027028084732592106
2023-01-15 21:06:04.395000,-1.2686091661453247,-0.0024167948868125677
2023-01-15 21:07:04.506000,-1.2669583559036255,-0.002416418632492423
2023-01-15 21:08:04.516000,-1.0864676237106323,-0.002427200088277459
2023-01-15 21:09:04.674000,-1.2880120277404785,-0.0022643334232270718
2023-01-15 21:10:04.432000,-1.297417163848877,-0.0025856862775981426
2023-01-15 21:11:04.463000,-1.183797836303711,-0.0023725470528006554
2023-01-15 21:12:04.511000,-1.2773520946502686,-0.0025656730867922306
2023-01-15 21:13:04.501000,-1.3246660232543945,-0.00266477488912642
2023-01-15 21:14:04.400000,-1.2317887544631958,-0.0023549434263259172
2023-01-15 21:15:04.502000,-1.3059768676757812,-0.002741859992966056
2023-01-15 21:16:04.490000,-1.3224326372146606,-0.00222287280485034
2023-01-15 21:17:04.651000,-1.2715866565704346,-0.0024252363946288824
2023-01-15 21:18:04.434000,-1.2229018211364746,-0.0024527660571038723
2023-01-15 21:19:04.463000,-1.17622971534729,-0.0024909230414777994
2023-01-15 21:20:04.555000,-1.092036247253418,-0.002500222297385335
2023-01-15 21:21:04.376000,-0.9499714374542236,-0.0024252142757177353
2023-01-15 21:22:04.471000,-1.0692998170852661,-0.0025143332313746214
2023-01-15 21:23:04.487000,-0.8072145581245422,-0.0026496779173612595
2023-01-15 21:24:04.482000,-0.7979108095169067,-0.0024150998797267675
2023-01-15 21:25:04.506000,-0.8109786510467529,-0.0024335593916475773
2023-01-15 21:26:04.481000,-0.7964420318603516,-0.0026175084058195353
2023-01-15 21:27:04.745000,-1.467429518699646,-0.002187666716054082
2023-01-15 21:28:04.484000,-0.8004077076911926,-0.0022196273785084486
2023-01-15 21:29:04.350000,-0.8488671183586121,-0.002474187407642603
2023-01-15 21:30:04.380000,-0.7978338003158569,-0.0022580979857593775
2023-01-15 21:31:04.411000,-0.670822024345398,-0.00230814004316926
2023-01-15 21:32:04.673000,-0.8030972480773926,-0.002604000037536025
2023-01-15 21:33:04.603000,-0.605636477470398,-0.0024880908895283937
2023-01-15 21:34:04.403000,-0.7624596953392029,-0.002407904714345932
2023-01-15 21:35:04.449000,-0.765222430229187,-0.0025115106254816055
2023-01-15 21:36:04.356000,-0.9443304538726807,-0.002456511138007045
2023-01-15 21:37:04.503000,-0.8842686414718628,-0.002327559981495142
2023-01-15 21:38:04.406000,-0.7512421607971191,-0.0021918148268014193
2023-01-15 21:39:04.401000,-0.784034252166748,-0.002236620057374239
2023-01-15 21:40:04.466000,-0.7038800120353699,-0.0024448069743812084
2023-01-15 21:41:04.410000,-0.6693827509880066,-0.002334593329578638
2023-01-15 21:42:04.631000,-0.712581992149353,-0.0025755439419299364
2023-01-15 21:43:04.347000,-0.6314229369163513,-0.0026542034465819597
2023-01-15 21:44:04.398000,-0.6753584742546082,-0.0026617369148880243
2023-01-15 21:45:04.367000,-0.6924741268157959,-0.0022694615181535482
2023-01-15 21:46:04.658000,-0.7356626987457275,-0.0023802041541785
2023-01-15 21:47:04.445000,-0.7255387306213379,-0.003156431019306183
2023-01-15 21:48:04.383000,-0.8413094878196716,-0.0023004389367997646
2023-01-15 21:49:04.329000,-0.7847110033035278,-0.0025955946184694767
2023-01-15 21:50:04.428000,-0.829046905040741,-0.0025056060403585434
2023-01-15 21:51:04.618000,-0.6877194046974182,-0.0026276428252458572
2023-01-15 21:52:04.526000,-0.6873919367790222,-0.002513305516913533
2023-01-15 21:53:04.406000,-0.5617958307266235,-0.002424348844215274
2023-01-15 21:54:04.322000,-0.5193021297454834,-0.0024421834386885166
2023-01-15 21:55:04.467000,-0.5812475681304932,-0.0025659583043307066
2023-01-15 21:56:04.615000,-0.6476341485977173,-0.0025828611105680466
2023-01-15 21:57:04.593000,-0.6745664477348328,-0.002733036410063505
2023-01-15 21:58:04.321000,-0.6393423676490784,-0.002498444402590394
2023-01-15 21:59:04.439000,-0.599091112613678,-0.0026143589057028294
2023-01-15 22:00:04.481000,-0.47550535202026367,-0.002718074945732951
2023-01-15 22:01:04.555000,-0.43212538957595825,-0.002443690551444888
2023-01-15 22:02:04.444000,-0.6642846465110779,-0.002513511572033167
2023-01-15 22:03:04.302000,-0.6528688669204712,-0.0026115714572370052
2023-01-15 22:04:04.413000,-0.556240439414978,-0.002650999929755926
2023-01-15 22:05:04.451000,-0.6754770874977112,-0.0022147856652736664
2023-01-15 22:06:04.483000,-1.2843186855316162,-0.00247150007635355
2023-01-15 22:07:04.377000,-2.0002429485321045,-0.002695114351809025
2023-01-15 22:08:04.426000,-0.6484262347221375,-0.0021382777485996485
2023-01-15 22:09:04.540000,-0.6768043637275696,-0.0024023333098739386
2023-01-15 22:10:04.388000,-0.7197034358978271,-0.0023352557327598333
2023-01-15 22:11:04.417000,-0.6853752732276917,-0.002181722316890955
2023-01-15 22:12:04.577000,-0.7158650159835815,-0.002609972143545747
2023-01-15 22:13:04.274000,-0.7809346914291382,-0.00237316288985312
2023-01-15 22:14:04.590000,-0.7423504590988159,-0.0022424901835620403
2023-01-15 22:15:04.580000,-0.7582070827484131,-0.0027439582627266645
2023-01-15 22:16:04.444000,-0.7139107584953308,-0.0023127186577767134
2023-01-15 22:17:04.313000,-0.7416268587112427,-0.0024748779833316803
2023-01-15 22:18:04.663000,-0.7580319046974182,-0.0025669513270258904
2023-01-15 22:19:04.343000,-0.7229899764060974,-0.00241265632212162
2023-01-15 22:20:04.313000,-0.7350064516067505,-0.0025033829733729362
2023-01-15 22:21:04.318000,-0.7051572799682617,-0.0026469735894352198
2023-01-15 22:22:04.511000,-0.7959797978401184,-0.002420530654489994
2023-01-15 22:23:04.352000,-0.7701029777526855,-0.002248500008136034
2023-01-15 22:24:04.381000,-0.8949366807937622,-0.0023965805303305387
2023-01-15 22:25:04.312000,-0.8553288578987122,-0.0025080644991248846
2023-01-15 22:26:04.417000,-0.8132059574127197,-0.0024503928143531084
2023-01-15 22:27:04.262000,-0.7808999419212341,-0.0023857608903199434
2023-01-15 22:28:04.544000,-0.8917290568351746,-0.002480916678905487
2023-01-15 22:29:04.276000,-0.9044328927993774,-0.002530379220843315
2023-01-15 22:30:04.265000,-0.8021138310432434,-0.002461526310071349
2023-01-15 22:31:04.364000,-0.7972640991210938,-0.002446808386594057
2023-01-15 22:32:04.447000,-0.9418588876724243,-0.0024438572581857443
2023-01-15 22:33:04.396000,-0.781396210193634,-0.002407653955742717
2023-01-15 22:34:04.485000,-0.7520620226860046,-0.0024632757995277643
2023-01-15 22:35:04.337000,-0.6968491077423096,-0.0024309600703418255
2023-01-15 22:36:04.542000,-0.7452821135520935,-0.0024688823614269495
2023-01-15 22:37:04.378000,-0.7703278064727783,-0.0022298148833215237
2023-01-15 22:38:04.309000,-0.7301573753356934,-0.002519967732951045
2023-01-15 22:39:04.251000,-0.7364422082901001,-0.00257786363363266
2023-01-15 22:40:04.261000,-0.7389227151870728,-0.0025327999610453844
2023-01-15 22:41:04.294000,-0.6731494069099426,-0.002483025658875704
2023-01-15 22:42:04.370000,-0.6495252847671509,-0.0023828684352338314
2023-01-15 22:43:04.312000,-0.5302338600158691,-0.0025019794702529907
2023-01-15 22:44:04.386000,-0.5460165739059448,-0.002449000021442771
2023-01-15 22:45:04.293000,-0.4909132421016693,-0.0023325642105191946
2023-01-15 22:46:04.334000,-0.4220275282859802,-0.002328000031411648
2023-01-15 22:47:04.317000,-0.5021475553512573,-0.002432564040645957
2023-01-15 22:48:04.315000,-0.4504920244216919,-0.0024327347055077553
2023-01-15 22:49:04.252000,-0.5277230143547058,-0.002463066717609763
2023-01-15 22:50:04.418000,-0.616320788860321,-0.002515388885512948
2023-01-15 22:51:04.377000,-0.6638943552970886,-0.0024217143654823303
2023-01-15 22:52:04.238000,-0.6383334398269653,-0.002458363538607955
2023-01-15 22:53:04.392000,-0.6820551156997681,-0.0025246571749448776
2023-01-15 22:54:04.216000,-0.636952817440033,-0.0024552703835070133
2023-01-15 22:55:04.279000,-0.603421688079834,-0.002584457164630294
2023-01-15 22:56:04.389000,-0.6484935879707336,-0.002552580088376999
2023-01-15 22:57:04.510000,-0.47734129428863525,-0.002457449911162257
2023-01-15 22:58:04.367000,-0.6641916632652283,-0.0025999348144978285
2023-01-15 22:59:04.265000,-0.575873851776123,-0.002530804369598627
2023-01-15 23:00:04.356000,-0.5175374150276184,-0.002479566028341651
2023-01-15 23:01:04.251000,-0.4593951106071472,-0.0025706591550260782
2023-01-15 23:02:04.240000,-0.4074174165725708,-0.00256930198520422
2023-01-15 23:03:04.350000,-0.448356032371521,-0.001417975639924407
2023-01-15 23:04:04.255000,-0.49906617403030396,0.011843588203191757
2023-01-15 23:05:04.256000,-0.55699622631073,0.0009803809225559235
2023-01-15 23:06:04.573000,-0.5349674224853516,0.001139782601967454
2023-01-15 23:07:04.375000,-0.547362208366394,0.001106530660763383
2023-01-15 23:08:04.329000,-0.43319597840309143,0.0012701277155429125
2023-01-15 23:09:04.381000,-0.44744226336479187,0.0019034221768379211
2023-01-15 23:10:04.336000,-0.4901478886604309,0.0030709230341017246
2023-01-15 23:11:04.242000,-0.41450706124305725,0.00440065935254097
2023-01-15 23:12:04.322000,-0.4976324439048767,0.0055816383101046085
2023-01-15 23:13:04.187000,-0.48682087659835815,0.00650427769869566
2023-01-15 23:14:04.231000,-0.45155346393585205,0.007148179225623608
2023-01-15 23:15:04.447000,-0.41261208057403564,0.008221332915127277
2023-01-15 23:16:04.213000,-0.413242369890213,0.008840999566018581
2023-01-15 23:17:04.191000,-0.36400464177131653,0.008567444048821926
2023-01-15 23:18:04.407000,-0.5227946639060974,0.008640533313155174
2023-01-15 23:19:04.232000,-0.5800024271011353,0.009283339604735374
2023-01-15 23:20:04.298000,-0.48052430152893066,0.00995735451579094
2023-01-15 23:21:04.265000,-0.4700324535369873,0.011050499975681305
2023-01-15 23:22:04.325000,-0.4158201217651367,0.012773649767041206
2023-01-15 23:23:04.454000,-0.4963570833206177,0.014712207950651646
2023-01-15 23:24:04.407000,-0.4472930431365967,0.019902817904949188
2023-01-15 23:25:04.286000,-0.4528747797012329,0.022059665992856026
2023-01-15 23:26:04.449000,-0.442569375038147,0.02401873841881752
2023-01-15 23:27:04.203000,-0.39266300201416016,0.027489926666021347
2023-01-15 23:28:04.211000,-0.39041250944137573,0.027742749080061913
2023-01-15 23:29:04.172000,-0.3763704299926758,0.0291722621768713
2023-01-15 23:30:04.355000,-0.3756899833679199,0.03251219540834427
2023-01-15 23:31:04.183000,-0.37138181924819946,0.03397788107395172
2023-01-15 23:32:04.257000,-0.49278077483177185,0.031933024525642395
2023-01-15 23:33:04.260000,-0.5971295833587646,0.029711904004216194
2023-01-15 23:34:04.266000,-0.7306510806083679,0.030837848782539368
2023-01-15 23:35:04.190000,-0.5719045996665955,0.03601352125406265
2023-01-15 23:36:04.182000,-0.5161455273628235,0.04822741448879242
2023-01-15 23:37:04.209000,-0.4273286461830139,0.05458378046751022
2023-01-15 23:38:04.161000,-0.3464408814907074,0.05432626232504845
2023-01-15 23:39:04.464000,-0.3447786271572113,0.05171482637524605
2023-01-15 23:40:04.160000,-0.3416922986507416,0.04885977879166603
2023-01-15 23:41:04.206000,-0.34024670720100403,0.04741127789020538
2023-01-15 23:42:04.139000,-0.31591975688934326,0.0488552488386631
2023-01-15 23:43:04.444000,-0.3692886233329773,0.051092199981212616
2023-01-15 23:44:04.306000,-0.32310763001441956,0.05258242040872574
2023-01-15 23:45:04.185000,-0.3880716860294342,0.05171770602464676
2023-01-15 23:46:04.302000,-0.4087003767490387,0.04973968118429184
2023-01-15 23:47:04.290000,-0.40516918897628784,0.049844544380903244
2023-01-15 23:48:04.226000,-0.4020206034183502,0.05336923524737358
2023-01-15 23:49:04.251000,-0.36719420552253723,0.06037401780486107
2023-01-15 23:50:04.633000,-0.34660980105400085,0.06982788443565369
2023-01-15 23:51:04.333000,-0.3347489833831787,0.08687795698642731
2023-01-15 23:52:04.214000,-0.3208613097667694,0.19746866822242737
2023-01-15 23:53:04.328000,-0.323299378156662,0.19687221944332123
2023-01-15 23:54:04.127000,-0.33550453186035156,0.21062245965003967
2023-01-15 23:55:04.133000,-0.45793724060058594,0.22652430832386017
2023-01-15 23:56:04.151000,-0.6245781183242798,0.23256248235702515
2023-01-15 23:57:04.184000,-0.5256407260894775,0.219532310962677
2023-01-15 23:58:04.171000,-0.47331735491752625,0.19888783991336823
2023-01-15 23:59:04.143000,-0.5596320629119873,0.19145062565803528
