timestamp,0/Active Power,1/Active Power
2023-07-17 00:03:11.452000,-0.18952827155590057,0.11424889415502548
2023-07-17 00:26:11.230000,-0.1417539417743683,0.3364088535308838
2023-07-17 00:29:11.101000,-0.14394855499267578,0.36728164553642273
2023-07-17 00:45:11.429000,-0.1700545996427536,1.6354655027389526
2023-07-17 00:48:11.423000,-0.19070973992347717,1.706670880317688
2023-07-17 00:55:11.780000,-0.18286988139152527,1.7159523963928223
2023-07-17 00:58:11.249000,-0.24379311501979828,1.8328559398651123
2023-07-17 01:00:11.727000,-0.1587374210357666,1.7394237518310547
2023-07-17 01:01:11.867000,-0.15243759751319885,1.5056769847869873
2023-07-17 01:04:11.467000,-0.3168262839317322,1.405935525894165
2023-07-17 01:24:11.489000,-0.1949918419122696,1.7539339065551758
2023-07-17 01:32:11.358000,-0.1446819007396698,1.5955015420913696
2023-07-17 01:36:11.040000,-0.10832666605710983,1.9336789846420288
2023-07-17 01:42:11.408000,-0.219041109085083,2.1472907066345215
2023-07-17 01:53:11.277000,-0.20313578844070435,2.2567298412323
2023-07-17 01:55:11.244000,-0.39904043078422546,2.2147796154022217
2023-07-17 01:56:11.334000,-0.3496241867542267,2.2528960704803467
2023-07-17 02:01:10.931000,-0.17036083340644836,1.2871915102005005
2023-07-17 02:06:11.326000,-0.2913452088832855,1.2450116872787476
2023-07-17 02:08:10.987000,-0.29963934421539307,1.0290378332138062
2023-07-17 02:15:11.294000,-0.18712376058101654,0.7429109215736389
2023-07-17 02:18:10.918000,-0.13657234609127045,0.6840982437133789
2023-07-17 02:21:11.268000,-0.2926557958126068,0.4893738925457001
2023-07-17 02:22:11.471000,-0.3175734281539917,0.5095664858818054
2023-07-17 02:23:11.531000,-0.1867067962884903,0.5608276724815369
2023-07-17 02:27:11.241000,-0.12561507523059845,1.1355420351028442
2023-07-17 02:29:10.978000,-0.11340426653623581,1.7978543043136597
2023-07-17 02:30:11.022000,-0.11741776764392853,1.4787788391113281
2023-07-17 02:43:11.350000,-0.36699751019477844,2.831216335296631
2023-07-17 02:45:11.008000,-0.3753778338432312,2.5492894649505615
2023-07-17 02:53:11.289000,-0.3045468330383301,2.316821336746216
2023-07-17 02:57:11.595000,-0.3546934127807617,1.7867567539215088
2023-07-17 03:03:11.408000,-0.30911344289779663,2.0662612915039062
2023-07-17 03:07:11.412000,-0.3469400703907013,0.6857258081436157
2023-07-17 03:08:11.312000,-0.22682566940784454,0.705651581287384
2023-07-17 03:09:10.905000,-0.20931048691272736,0.7112341523170471
2023-07-17 03:17:11.218000,-0.0602547824382782,1.668245553970337
2023-07-17 03:20:11.319000,-0.06915876269340515,1.768646240234375
2023-07-17 03:25:11.092000,-0.3182916045188904,1.4429160356521606
2023-07-17 03:32:11.401000,-0.28228694200515747,1.373270869255066
2023-07-17 03:38:11.608000,-0.47281980514526367,1.4425938129425049
2023-07-17 03:40:11.104000,-0.3230423033237457,1.7235214710235596
2023-07-17 03:41:11.248000,-0.26525840163230896,2.043678045272827
2023-07-17 03:44:11.094000,-0.28081947565078735,1.6432969570159912
2023-07-17 03:45:11.257000,-0.30658987164497375,1.4505760669708252
2023-07-17 03:56:11.534000,-0.2134696990251541,1.452101707458496
2023-07-17 04:03:11.565000,-0.33494675159454346,1.051164984703064
2023-07-17 04:04:11.509000,-0.34570398926734924,1.6680456399917603
2023-07-17 04:26:11.189000,-0.19444601237773895,1.3147985935211182
2023-07-17 04:28:11.505000,-0.201058030128479,1.1708039045333862
2023-07-17 04:32:11.128000,-0.273496150970459,1.3509550094604492
2023-07-17 04:37:10.831000,-0.22628189623355865,1.2763370275497437
2023-07-17 04:44:11.104000,-0.1902972161769867,1.3774821758270264
2023-07-17 04:45:10.971000,-0.21905207633972168,2.3010075092315674
2023-07-17 04:50:11.022000,-0.08806540071964264,1.1416958570480347
2023-07-17 04:51:11.504000,-0.06885236501693726,1.9652973413467407
2023-07-17 04:52:11.484000,-0.0618055984377861,3.0729894638061523
2023-07-17 04:54:11.613000,-0.23937901854515076,1.2342114448547363
2023-07-17 04:56:11.524000,-0.25221046805381775,1.295850157737732
2023-07-17 05:04:11.479000,-0.16637766361236572,1.4814081192016602
2023-07-17 05:07:11.173000,-0.24732573330402374,0.6576800346374512
2023-07-17 05:14:11.024000,-0.22276264429092407,0.27893370389938354
2023-07-17 05:16:11.515000,-0.2023136019706726,0.3323611617088318
2023-07-17 05:17:10.976000,-0.19411948323249817,0.3555687665939331
2023-07-17 05:19:11.060000,-0.19574201107025146,0.364435613155365
2023-07-17 05:29:10.973000,-0.13373567163944244,0.5270827412605286
2023-07-17 05:33:10.791000,-0.2503788471221924,0.6243122220039368
2023-07-17 05:35:11.127000,-0.11760501563549042,0.5137889981269836
2023-07-17 05:39:11.059000,-0.14502975344657898,0.3350575566291809
2023-07-17 05:41:11.492000,-0.1673533171415329,0.2976800799369812
2023-07-17 05:45:10.952000,-0.3477543890476227,0.22268515825271606
2023-07-17 05:47:11.279000,-0.32701605558395386,0.18834757804870605
2023-07-17 05:53:11.087000,-0.15400011837482452,0.08858947455883026
2023-07-17 06:00:10.955000,-0.59429532289505,0.0995173379778862
2023-07-17 06:02:10.775000,-0.44994086027145386,0.11835739761590958
2023-07-17 06:06:11.082000,-0.4072752594947815,0.11887399852275848
2023-07-17 06:08:11.096000,-0.4097948372364044,0.09900054335594177
2023-07-17 06:16:11.009000,-0.058763399720191956,0.06862463057041168
2023-07-17 06:20:11.012000,-0.2225273996591568,0.25496020913124084
2023-07-17 06:23:11.030000,-0.42376235127449036,0.25371918082237244
2023-07-17 06:27:11.064000,-0.24697357416152954,0.25417083501815796
2023-07-17 06:30:10.994000,-0.24521246552467346,0.2560674250125885
2023-07-17 06:33:11.117000,-0.2629877030849457,0.2532235085964203
2023-07-17 06:35:11.066000,-0.29283228516578674,0.24601715803146362
2023-07-17 06:38:10.975000,-0.34892919659614563,0.2527012228965759
2023-07-17 06:48:11.060000,-0.1980457752943039,0.3826224207878113
2023-07-17 06:50:10.991000,-0.3474324643611908,0.3538092076778412
2023-07-17 06:54:11.010000,-0.1961667388677597,0.31351733207702637
2023-07-17 06:55:11.038000,-0.2018299549818039,0.3036869466304779
2023-07-17 06:56:10.942000,-0.22969307005405426,0.2908605635166168
2023-07-17 06:58:11.071000,-0.1450917273759842,0.25983792543411255
2023-07-17 06:59:10.983000,-0.12777826189994812,0.24525588750839233
2023-07-17 07:00:10.946000,-0.1292317658662796,0.2308114767074585
2023-07-17 07:01:11.098000,-0.13182184100151062,0.2127934992313385
2023-07-17 07:02:10.900000,-0.1924334466457367,0.19223704934120178
2023-07-17 07:04:11.069000,-0.34258538484573364,0.1365436613559723
2023-07-17 07:05:11.675000,-0.23093336820602417,0.11619004607200623
2023-07-17 07:08:10.982000,-0.16716401278972626,0.11762505769729614
2023-07-17 07:09:10.939000,-0.16527196764945984,0.11991415917873383
2023-07-17 07:10:10.847000,-0.1634531468153,0.12170307338237762
2023-07-17 07:12:11.067000,-0.22219066321849823,0.12050463259220123
2023-07-17 07:14:11.083000,-0.39753928780555725,0.11298933625221252
2023-07-17 07:16:11.158000,-0.13122431933879852,0.10191290825605392
2023-07-17 07:19:11.070000,-0.1287458837032318,0.0909879207611084
2023-07-17 07:20:11.156000,-0.15043093264102936,0.08820153027772903
2023-07-17 07:21:10.854000,-0.14775188267230988,0.08327262103557587
2023-07-17 07:23:10.993000,-0.18228310346603394,0.07415938377380371
2023-07-17 07:25:10.959000,-0.0847012996673584,0.03477434068918228
2023-07-17 07:27:11.082000,-0.21099579334259033,0.030903756618499756
2023-07-17 07:31:11.088000,-0.07638238370418549,0.030082600191235542
2023-07-17 07:33:10.896000,-0.18725965917110443,0.02646174468100071
2023-07-17 07:34:11.018000,-0.2098536640405655,0.020755091682076454
2023-07-17 07:35:10.908000,-0.2198457419872284,0.020628318190574646
2023-07-17 07:36:10.979000,-0.2493073046207428,0.026089929044246674
2023-07-17 07:37:10.857000,-0.2525729537010193,0.02803751267492771
2023-07-17 07:39:10.912000,-0.20417357981204987,0.025643590837717056
2023-07-17 07:40:11.077000,-0.20536647737026215,0.02339800074696541
2023-07-17 07:43:10.973000,-0.2657124102115631,0.01552007906138897
2023-07-17 07:45:10.980000,-0.21559672057628632,0.01202984806150198
2023-07-17 07:47:11.015000,-0.21079838275909424,0.007597174029797316
2023-07-17 07:50:10.851000,-0.17059901356697083,0.00365826184861362
2023-07-17 07:51:10.946000,-0.15050141513347626,0.0022414999548345804
2023-07-17 07:52:11.035000,-0.16838540136814117,0.0006539199966937304
2023-07-17 07:53:11.012000,-0.16375108063220978,7.387233927147463e-05
2023-07-17 07:56:10.780000,-0.3036019504070282,-0.00034882500767707825
2023-07-17 07:57:11.333000,-0.18759916722774506,-0.00197049998678267
2023-07-17 08:01:10.996000,-0.1685619205236435,-0.0018825000151991844
2023-07-17 08:02:10.932000,-0.15935145318508148,0.0034796278923749924
2023-07-17 08:04:11.013000,-0.11240511387586594,-0.0018850909546017647
2023-07-17 08:05:10.956000,-0.27104297280311584,-0.001856764662079513
2023-07-17 08:06:10.935000,-0.2776520252227783,-0.0018696000333875418
2023-07-17 08:07:11.063000,-0.2041105329990387,-0.001844434766098857
2023-07-17 08:09:11.041000,-0.1750219464302063,-0.0018043636810034513
2023-07-17 08:10:10.926000,-0.17672422528266907,-0.001850837143138051
2023-07-17 08:11:11.065000,-0.16187874972820282,-0.00185904442332685
2023-07-17 08:12:11.029000,-0.16392606496810913,-0.001890930230729282
2023-07-17 08:13:11.083000,-0.16755914688110352,-0.001933733350597322
2023-07-17 08:15:10.809000,-0.17853161692619324,-0.0019074146402999759
2023-07-17 08:16:11.006000,-0.20271900296211243,-0.0018862045835703611
2023-07-17 08:17:11.459000,-0.20499329268932343,-0.0019151739543303847
2023-07-17 08:18:10.949000,-0.2036038637161255,-0.0017282222397625446
2023-07-17 08:20:11.076000,-0.3611058294773102,-0.0018695121398195624
2023-07-17 08:23:11.112000,-0.21382096409797668,-0.0018669773126021028
2023-07-17 08:25:11.001000,-0.15504224598407745,-0.0019482439383864403
2023-07-17 08:27:11.048000,-0.11805730313062668,-0.001891440013423562
2023-07-17 08:31:11.319000,-0.16835923492908478,-0.0018894633976742625
2023-07-17 08:32:10.990000,-0.2669949233531952,-0.0018036363180726767
2023-07-17 08:34:11.032000,-0.3026856780052185,-0.0019015121506527066
2023-07-17 08:35:11.009000,-0.13484790921211243,-0.0019224523566663265
2023-07-17 08:36:10.961000,-0.10847513377666473,-0.0018633488798514009
2023-07-17 08:37:10.958000,-0.0652569979429245,-0.001943651121109724
2023-07-17 08:39:10.898000,-0.06335211545228958,-0.0019000000320374966
2023-07-17 08:43:10.954000,-0.10670643299818039,-0.0018569999374449253
2023-07-17 08:48:10.969000,-0.26908087730407715,-0.0019252856727689505
2023-07-17 09:01:10.895000,-0.1466854214668274,-0.001956274500116706
2023-07-17 09:02:10.843000,-0.14711371064186096,-0.001911233994178474
2023-07-17 09:03:10.889000,-0.1534188687801361,-0.0019712045323103666
2023-07-17 09:07:10.978000,-0.21146699786186218,-0.0018435814417898655
2023-07-17 09:08:10.940000,-0.23302528262138367,-0.0019087105756625533
2023-07-17 09:14:10.891000,-0.19438613951206207,-0.0018947659991681576
2023-07-17 09:15:10.879000,-0.11120503395795822,-0.0018533000256866217
2023-07-17 09:22:10.781000,-0.19085703790187836,0.01343483291566372
2023-07-17 09:23:11.054000,-0.19862747192382812,0.014540711417794228
2023-07-17 09:28:11.028000,-0.14332713186740875,0.02944980002939701
2023-07-17 09:31:10.818000,-0.15680791437625885,0.03368231654167175
2023-07-17 09:32:10.944000,-0.17041561007499695,0.036024536937475204
2023-07-17 09:33:10.922000,-0.20413118600845337,0.036508675664663315
2023-07-17 09:35:10.731000,-0.2157781720161438,0.03164150193333626
2023-07-17 09:40:10.591000,-0.2957674562931061,0.019530175253748894
2023-07-17 09:41:10.881000,-0.18547001481056213,0.01839570514857769
2023-07-17 09:43:10.972000,-0.1853317767381668,0.019367799162864685
2023-07-17 09:46:10.855000,-0.21164526045322418,0.022236309945583344
2023-07-17 09:47:10.748000,-0.16325335204601288,0.020712021738290787
2023-07-17 09:50:10.900000,-0.2110113948583603,0.016879934817552567
2023-07-17 09:52:11.004000,-0.08426118642091751,0.01845613308250904
2023-07-17 09:54:10.715000,-0.11698756366968155,0.02202433906495571
2023-07-17 09:55:11.018000,-0.12368026375770569,0.022084534168243408
2023-07-17 10:01:10.699000,-0.19815558195114136,0.011235089041292667
2023-07-17 10:04:11.261000,-0.3391082286834717,0.0077163721434772015
2023-07-17 10:05:10.722000,-0.2797737121582031,0.006804285570979118
2023-07-17 10:07:10.998000,-0.1935063898563385,0.004702043253928423
2023-07-17 10:09:10.696000,-0.20249339938163757,0.004156437236815691
2023-07-17 10:11:10.795000,-0.1801391988992691,0.0036910667549818754
2023-07-17 10:16:10.773000,-0.2893843650817871,0.001735444413498044
2023-07-17 10:19:10.842000,-0.1433161050081253,0.000826022238470614
2023-07-17 10:21:10.858000,-0.17211152613162994,0.0003969069803133607
2023-07-17 10:22:10.734000,-0.1825592815876007,0.0002361190563533455
2023-07-17 10:24:10.678000,-0.23144403100013733,0.000338736834237352
2023-07-17 10:25:10.898000,-0.16731072962284088,0.0005916052614338696
2023-07-17 10:26:10.851000,-0.14917491376399994,-0.00042873172787949443
2023-07-17 10:27:10.785000,-0.11446871608495712,-0.0017565404996275902
2023-07-17 10:32:10.895000,-0.15409569442272186,-0.0019287021132186055
2023-07-17 10:35:10.874000,-0.17162247002124786,-0.0018939796136692166
2023-07-17 10:36:10.732000,-0.17296743392944336,-0.0018527391366660595
2023-07-17 10:38:10.746000,-0.1797359138727188,-0.0018122439505532384
2023-07-17 10:40:11.009000,-0.3613765835762024,-0.001860051299445331
2023-07-17 10:41:10.860000,-0.367730051279068,-0.0021504599135369062
2023-07-17 10:42:11.003000,-0.289115846157074,-0.001747581409290433
2023-07-17 10:43:10.742000,-0.1774999499320984,-0.0019227297743782401
2023-07-17 10:46:10.745000,-0.20127816498279572,-0.001863948768004775
2023-07-17 10:48:11.187000,-0.1490970253944397,-0.0019116000039502978
2023-07-17 10:49:10.688000,-0.14513865113258362,-0.0019000000320374966
2023-07-17 10:51:10.743000,-0.12445416301488876,-0.0018934999825432897
2023-07-17 10:52:11.094000,-0.13063471019268036,-0.0019066666718572378
2023-07-17 10:53:10.692000,-0.14888957142829895,-0.0018953332910314202
2023-07-17 10:54:10.939000,-0.3427760601043701,-0.0019117777701467276
2023-07-17 10:55:10.881000,-0.3447081446647644,-0.0018791836919263005
2023-07-17 10:56:10.838000,-0.3544883131980896,-0.0019242195412516594
2023-07-17 10:58:10.653000,-0.13673840463161469,-0.0019121463410556316
2023-07-17 10:59:10.849000,-0.1269168257713318,-0.0018547317013144493
2023-07-17 11:02:10.685000,-0.12617754936218262,-0.0018787442240864038
2023-07-17 11:03:10.690000,-0.13631688058376312,-0.001950568170286715
2023-07-17 11:07:10.770000,-0.206950843334198,-0.0017699783202260733
2023-07-17 11:10:10.685000,-0.0976644977927208,-0.0019200666574761271
2023-07-17 11:12:10.858000,-0.12411324679851532,-0.0017073616618290544
2023-07-17 11:13:10.934000,-0.1268664002418518,-0.0017035832861438394
2023-07-17 11:14:10.837000,-0.11914173513650894,-0.0017499737441539764
2023-07-17 11:16:10.634000,-0.11051219701766968,-0.001832368434406817
2023-07-17 11:17:10.769000,-0.16956031322479248,-0.0017730999970808625
2023-07-17 11:18:10.708000,-0.2144959270954132,-0.0018642143113538623
2023-07-17 11:21:10.894000,-0.42628100514411926,-0.0017168823396787047
2023-07-17 11:23:10.802000,-0.15853911638259888,-0.001880647032521665
2023-07-17 11:24:10.854000,-0.14865607023239136,-0.0018787418957799673
2023-07-17 11:25:10.540000,-0.1509813368320465,-0.0018772432813420892
2023-07-17 11:26:10.798000,-0.14993354678153992,-0.001835166709497571
2023-07-17 11:28:10.687000,-0.20256753265857697,-0.0018309999722987413
2023-07-17 11:30:10.654000,-0.1969938427209854,-0.0019358221907168627
2023-07-17 11:31:10.660000,-0.3036094009876251,-0.0019453414715826511
2023-07-17 11:32:10.698000,-0.351268470287323,-0.0018871162319555879
2023-07-17 11:34:10.622000,-0.1965978890657425,-0.0019565527327358723
2023-07-17 11:35:10.961000,-0.22630172967910767,-0.0019200666574761271
2023-07-17 11:36:10.756000,-0.24592174589633942,-0.0019008780363947153
2023-07-17 11:38:10.868000,-0.15568463504314423,-0.0018828571774065495
2023-07-17 11:40:10.601000,-0.14404860138893127,-0.001960146240890026
2023-07-17 11:41:10.894000,-0.15402096509933472,-0.0019499268382787704
2023-07-17 11:42:11.229000,-0.1543496549129486,-0.0019069487461820245
2023-07-17 11:43:10.962000,-0.1613646298646927,-0.001979999942705035
2023-07-17 11:45:10.783000,-0.4122508764266968,-0.0020170852076262236
2023-07-17 11:47:10.801000,-0.2837992012500763,-0.0019225714495405555
2023-07-17 11:48:10.739000,-0.11318806558847427,-0.0018534878036007285
2023-07-17 11:51:10.675000,-0.1155528649687767,-0.001913973013870418
2023-07-17 11:52:10.351000,-0.1357983946800232,-0.001917897374369204
2023-07-17 11:53:10.635000,-0.14486835896968842,-0.0019201162504032254
2023-07-17 11:55:10.856000,-0.15558335185050964,-0.0020246943458914757
2023-07-17 11:56:10.701000,-0.1691247820854187,-0.001941142836585641
2023-07-17 11:57:10.670000,-0.16765771806240082,-0.0019427447114139795
2023-07-17 11:58:10.841000,-0.23387961089611053,-0.001926674391143024
2023-07-17 11:59:10.726000,-0.3557303249835968,-0.0019501249771565199
2023-07-17 12:00:10.403000,-0.3482905626296997,-0.0018991457764059305
2023-07-17 12:01:10.785000,-0.2020581066608429,-0.001890153856948018
2023-07-17 12:03:10.885000,-0.17978781461715698,-0.001958394655957818
2023-07-17 12:05:10.735000,-0.18171873688697815,-0.0018263488309457898
2023-07-17 12:06:10.436000,-0.1997465044260025,-0.0019141915254294872
2023-07-17 12:07:10.741000,-0.21047087013721466,-0.0018700488144531846
2023-07-17 12:08:10.722000,-0.22364826500415802,-0.0019039767794311047
2023-07-17 12:09:10.566000,-0.16059991717338562,-0.0019373636459931731
2023-07-17 12:10:10.531000,-0.1323813796043396,-0.0019025600049644709
2023-07-17 12:11:10.815000,-0.24634692072868347,-0.0018267692066729069
2023-07-17 12:12:10.683000,-0.28287044167518616,-0.0018604117212817073
2023-07-17 12:13:10.714000,-0.26389080286026,-0.0019039999460801482
2023-07-17 12:14:10.645000,-0.12283353507518768,-0.0018808571621775627
2023-07-17 12:15:10.929000,-0.14697282016277313,-0.0018597777234390378
2023-07-17 12:16:10.830000,-0.1771032065153122,-0.0018900714349001646
2023-07-17 12:17:10.484000,-0.21383224427700043,-0.0019450571853667498
2023-07-17 12:18:10.656000,-0.20194177329540253,-0.0019185499986633658
2023-07-17 12:19:10.345000,-0.12507839500904083,-0.0018952703103423119
2023-07-17 12:20:10.890000,-0.12657250463962555,-0.0019112619338557124
2023-07-17 12:21:10.709000,-0.12677216529846191,-0.0018968936055898666
2023-07-17 12:22:10.275000,-0.25829723477363586,-0.0018881428986787796
2023-07-17 12:23:10.765000,-0.3019143342971802,-0.0018929047510027885
2023-07-17 12:24:10.718000,-0.2600954473018646,-0.0019120000069960952
2023-07-17 12:25:10.646000,-0.16186803579330444,-0.0019336249679327011
2023-07-17 12:26:10.698000,-0.11758163571357727,-0.001931790728121996
2023-07-17 12:27:10.389000,-0.08799571543931961,-0.0018985640490427613
2023-07-17 12:28:10.790000,-0.09540809690952301,-0.0018922894960269332
2023-07-17 12:29:10.925000,-0.0941142663359642,-0.0018988571828231215
2023-07-17 12:30:10.374000,-0.09257126599550247,-0.0019319230923429132
2023-07-17 12:31:10.362000,-0.1086558848619461,-0.0019082380458712578
2023-07-17 12:32:11.055000,-0.12354733049869537,-0.0019110222347080708
2023-07-17 12:33:10.677000,-0.14162904024124146,-0.0019571161828935146
2023-07-17 12:34:11.074000,-0.18213047087192535,-0.0019818400032818317
2023-07-17 12:36:10.799000,-0.41714340448379517,-0.0018584999488666654
2023-07-17 12:37:10.267000,-0.41311582922935486,-0.0019131765002384782
2023-07-17 12:38:10.666000,-0.39807870984077454,-0.0019285116577520967
2023-07-17 12:39:10.696000,-0.26188817620277405,-0.0019308599876239896
2023-07-17 12:40:10.734000,-0.24281781911849976,-0.0019566889386624098
2023-07-17 12:41:10.409000,-0.24126678705215454,-0.0020259511657059193
2023-07-17 12:42:10.702000,-0.22990944981575012,-0.0018424857407808304
2023-07-17 12:43:10.252000,-0.22246438264846802,-0.0019247428281232715
2023-07-17 12:44:10.699000,-0.21932068467140198,-0.00209220452234149
2023-07-17 12:45:10.707000,-0.20408912003040314,-0.0020305307116359472
2023-07-17 12:46:10.618000,-0.1899459958076477,-0.002056361176073551
2023-07-17 12:47:10.810000,-0.2090301513671875,-0.001959512708708644
2023-07-17 12:48:10.694000,-0.22782167792320251,-0.0018929762300103903
2023-07-17 12:50:10.756000,-0.3173985779285431,-0.0018394285580143332
2023-07-17 12:51:10.298000,-0.2981448173522949,-0.0018878297414630651
2023-07-17 12:52:10.547000,-0.14790932834148407,-0.0017931052716448903
2023-07-17 12:53:10.338000,-0.14794956147670746,-0.0019632000476121902
2023-07-17 12:54:10.674000,-0.14241601526737213,-0.0018554878188297153
2023-07-17 12:55:11.007000,-0.1559952050447464,-0.0018490313086658716
2023-07-17 12:56:10.370000,-0.18853071331977844,-0.0019681111443787813
2023-07-17 12:58:10.654000,-0.19951827824115753,-0.0019021304324269295
2023-07-17 12:59:10.534000,-0.1944357454776764,-0.0019177499925717711
2023-07-17 13:00:10.629000,-0.1882830262184143,-0.002240000059828162
2023-07-17 13:01:10.690000,-0.20650382339954376,-0.0018930856604129076
2023-07-17 13:02:10.351000,-0.3646937608718872,-0.0020228619687259197
2023-07-17 13:03:10.708000,-0.3953874409198761,-0.00192482047714293
2023-07-17 13:04:10.673000,-0.29189541935920715,-0.001924937474541366
2023-07-17 13:05:10.633000,-0.1440790444612503,-0.0020169755443930626
2023-07-17 13:07:10.677000,-0.09667801856994629,-0.0020499001257121563
2023-07-17 13:08:10.708000,-0.09816969931125641,-0.0019910624250769615
2023-07-17 13:09:10.669000,-0.10223686695098877,-0.0019290713826194406
2023-07-17 13:10:10.570000,-0.13557536900043488,-0.001904684235341847
2023-07-17 13:11:10.318000,-0.16668738424777985,-0.00194276194088161
2023-07-17 13:12:10.597000,-0.21680940687656403,-0.0019010768737643957
2023-07-17 13:13:10.765000,-0.3112231194972992,-0.0019474838627502322
2023-07-17 13:14:10.658000,-0.29413366317749023,-0.0019833792466670275
2023-07-17 13:15:10.671000,-0.24010218679904938,-0.0020382581278681755
2023-07-17 13:16:10.536000,-0.12856554985046387,-0.0020135347731411457
2023-07-17 13:17:10.684000,-0.1311068832874298,-0.0019237804226577282
2023-07-17 13:18:10.865000,-0.13135267794132233,-0.0018960238667204976
2023-07-17 13:19:11.074000,-0.14600589871406555,-0.0018433170625939965
2023-07-17 13:20:10.685000,-0.17416879534721375,-0.0018848864128813148
2023-07-17 13:21:10.227000,-0.17915424704551697,-0.0017882222309708595
2023-07-17 13:22:11.144000,-0.18477393686771393,-0.002013391349464655
2023-07-17 13:23:10.656000,-0.17475993931293488,-0.0017740980256348848
2023-07-17 13:24:10.746000,-0.1720622330904007,-0.0018951891688629985
2023-07-17 13:26:10.750000,-0.1631009429693222,-0.0018526249332353473
2023-07-17 13:27:10.547000,-0.3474249541759491,-0.0018417208921164274
2023-07-17 13:28:10.732000,-0.34988167881965637,-0.0018716000486165285
2023-07-17 13:30:10.208000,-0.1729993224143982,-0.002006914233788848
2023-07-17 13:31:10.215000,-0.16374307870864868,-0.001985904760658741
2023-07-17 13:33:10.554000,-0.19770695269107819,-0.0020139545667916536
2023-07-17 13:34:11.122000,-0.20313507318496704,-0.0019479230977594852
2023-07-17 13:35:10.661000,-0.22211752831935883,-0.0019119749777019024
2023-07-17 13:36:10.630000,-0.1830320805311203,-0.0020531800109893084
2023-07-17 13:39:10.325000,-0.12610743939876556,-0.001783406245522201
2023-07-17 13:40:10.518000,-0.1323530524969101,-0.0019699756521731615
2023-07-17 13:41:10.587000,-0.2652750015258789,-0.00200139032676816
2023-07-17 13:42:10.526000,-0.22073909640312195,-0.0019315237877890468
2023-07-17 13:43:10.584000,-0.1357584148645401,-0.001875688903965056
2023-07-17 13:44:10.254000,-0.13716953992843628,-0.0019605555571615696
2023-07-17 13:45:10.480000,-0.16258664429187775,-0.001939674955792725
2023-07-17 13:46:10.774000,-0.14924144744873047,-0.0018451462965458632
2023-07-17 13:47:10.284000,-0.1317642629146576,-0.0019205849384889007
2023-07-17 13:48:10.884000,-0.15085053443908691,-0.0019316666293889284
2023-07-17 13:49:10.676000,-0.19495458900928497,-0.001844313694164157
2023-07-17 13:50:10.697000,-0.20757582783699036,-0.0020273125264793634
2023-07-17 13:51:10.633000,-0.23234115540981293,-0.001857295399531722
2023-07-17 13:52:10.221000,-0.2348208874464035,-0.0017462619580328465
2023-07-17 13:53:10.708000,-0.260210245847702,-0.0019411190878599882
2023-07-17 13:54:10.588000,-0.32795679569244385,-0.001930522732436657
2023-07-17 13:55:10.605000,-0.28892359137535095,-0.0019426828948780894
2023-07-17 13:56:10.222000,-0.15453924238681793,-0.001960860565304756
2023-07-17 13:57:10.745000,-0.13359598815441132,-0.001957045402377844
2023-07-17 13:58:10.542000,-0.13729293644428253,-0.0019486399833112955
2023-07-17 13:59:10.667000,-0.19241824746131897,-0.0019725714810192585
2023-07-17 14:00:10.549000,-0.23195146024227142,-0.0019058221951127052
2023-07-17 14:02:10.244000,-0.20328357815742493,-0.0019247838063165545
2023-07-17 14:03:10.603000,-0.1427636444568634,-0.0019826304633170366
2023-07-17 14:04:10.611000,-0.2209194451570511,-0.0019777368288487196
2023-07-17 14:05:10.268000,-0.31573471426963806,-0.0019450000254437327
2023-07-17 14:06:10.575000,-0.2957054078578949,-0.0019509807461872697
2023-07-17 14:07:10.624000,-0.15433481335639954,-0.001964318100363016
2023-07-17 14:08:10.631000,-0.16169656813144684,-0.0019371428061276674
2023-07-17 14:09:10.332000,-0.17100752890110016,-0.0020025349222123623
2023-07-17 14:10:10.667000,-0.16936752200126648,-0.001878857146948576
2023-07-17 14:11:10.264000,-0.20412206649780273,-0.0018825263250619173
2023-07-17 14:12:10.481000,-0.1754692643880844,-0.0019156000344082713
2023-07-17 14:13:10.482000,-0.15474264323711395,-0.0018879111157730222
2023-07-17 14:14:10.590000,-0.14726275205612183,-0.001955608604475856
2023-07-17 14:16:10.620000,-0.16748356819152832,-0.001923848525620997
2023-07-17 14:17:10.499000,-0.1659826785326004,-0.001958925975486636
2023-07-17 14:19:10.219000,-0.3251456320285797,-0.0019555555190891027
2023-07-17 14:20:10.636000,-0.31710919737815857,-0.0019424313213676214
2023-07-17 14:21:10.674000,-0.20149973034858704,-0.0019253571517765522
2023-07-17 14:23:10.756000,-0.17858350276947021,-0.0019756052643060684
2023-07-17 14:24:10.551000,-0.18669302761554718,-0.0019523468799889088
2023-07-17 14:25:10.465000,-0.18816308677196503,-0.001959949964657426
2023-07-17 14:26:10.483000,-0.16956521570682526,-0.0019792448729276657
2023-07-17 14:27:10.669000,-0.15943260490894318,-0.0019565653055906296
2023-07-17 14:28:10.728000,-0.1598554104566574,-0.0019492857391014695
2023-07-17 14:29:10.139000,-0.1627880185842514,-0.002029323484748602
2023-07-17 14:30:10.617000,-0.16484349966049194,-0.0019590207375586033
2023-07-17 14:31:10.457000,-0.18468566238880157,-0.001932658487930894
2023-07-17 14:32:10.213000,-0.349094420671463,-0.0019439524039626122
2023-07-17 14:33:10.305000,-0.3821190595626831,-0.0019465675577521324
2023-07-17 14:34:10.573000,-0.27144891023635864,-0.0019545000977814198
2023-07-17 14:35:10.736000,-0.20721374452114105,-0.001960847759619355
2023-07-17 14:36:10.785000,-0.18621204793453217,-0.001956854248419404
2023-07-17 14:37:10.221000,-0.13192951679229736,-0.0019115853356197476
2023-07-17 14:38:10.637000,-0.13065926730632782,-0.0019519778434187174
2023-07-17 14:39:10.535000,-0.14190983772277832,-0.0019596500787883997
2023-07-17 14:41:10.553000,-0.1472543627023697,-0.00199575605802238
2023-07-17 14:42:10.522000,-0.12683799862861633,-0.001983500085771084
2023-07-17 14:43:10.525000,-0.13418126106262207,-0.0019401111640036106
2023-07-17 14:44:10.554000,-0.18450459837913513,-0.001998000079765916
2023-07-17 14:45:10.466000,-0.36916255950927734,-0.0019994887989014387
2023-07-17 14:46:10.548000,-0.3535211682319641,-0.001976767322048545
2023-07-17 14:47:10.395000,-0.21006138622760773,-0.001968047581613064
2023-07-17 14:48:10.594000,-0.1408827304840088,-0.0020178919658064842
2023-07-17 14:49:10.347000,-0.14096716046333313,-0.001970694400370121
2023-07-17 14:50:10.421000,-0.12156916409730911,-0.0020215334370732307
2023-07-17 14:51:10.406000,-0.12018746882677078,-0.001958969747647643
2023-07-17 14:52:10.604000,-0.12864162027835846,-0.001977854175493121
2023-07-17 14:53:10.570000,-0.10854741930961609,-0.0020017141941934824
2023-07-17 14:54:10.601000,-0.07992955297231674,-0.002003808505833149
2023-07-17 14:55:10.592000,-0.14829812943935394,-0.0020417110063135624
2023-07-17 14:56:10.221000,-0.3065328001976013,-0.0019917446188628674
2023-07-17 14:57:10.630000,-0.28783178329467773,-0.0019767112098634243
2023-07-17 14:59:10.473000,-0.10152753442525864,-0.0020473957993090153
2023-07-17 15:00:10.589000,-0.11944493651390076,-0.002027217298746109
2023-07-17 15:01:10.158000,-0.17412197589874268,-0.0020357707981020212
2023-07-17 15:03:10.116000,-0.248474583029747,-0.002005957532674074
2023-07-17 15:04:10.730000,-0.26453739404678345,-0.0020109533797949553
2023-07-17 15:05:09.980000,-0.27472469210624695,-0.0019581110682338476
2023-07-17 15:06:10.138000,-0.25067177414894104,-0.0019241395639255643
2023-07-17 15:07:10.422000,-0.21027936041355133,-0.001949499943293631
2023-07-17 15:09:10.204000,-0.28070375323295593,-0.0020069545134902
2023-07-17 15:10:10.242000,-0.3951164782047272,-0.001921883667819202
2023-07-17 15:11:10.521000,-0.4149424433708191,-0.0019136189948767424
2023-07-17 15:12:10.522000,-0.336685448884964,-0.0020504286512732506
2023-07-17 15:13:10.568000,-0.25209474563598633,-0.0019207058940082788
2023-07-17 15:14:10.468000,-0.21547439694404602,-0.0018678371561691165
2023-07-17 15:15:10.118000,-0.20667286217212677,-0.002004319103434682
2023-07-17 15:16:10.579000,-0.20677565038204193,-0.0019163477700203657
2023-07-17 15:17:10.421000,-0.15275859832763672,-0.0019524783128872514
2023-07-17 15:18:10.838000,-0.14705201983451843,-0.0019965237006545067
2023-07-17 15:20:10.393000,-0.1519910991191864,-0.0019538605120033026
2023-07-17 15:21:10.857000,-0.14798666536808014,-0.002020422136411071
2023-07-17 15:22:11.069000,-0.1251772940158844,-0.0019851666875183582
2023-07-17 15:23:11,-0.25525376200675964,-0.001936950022354722
2023-07-17 15:24:10.525000,-0.3547700047492981,-0.0020344348158687353
2023-07-17 15:25:10.555000,-0.34063416719436646,-0.0020124081056565046
2023-07-17 15:26:10.528000,-0.22837993502616882,-0.002088487846776843
2023-07-17 15:27:10.385000,-0.16203457117080688,-0.0019487646641209722
2023-07-17 15:28:10.146000,-0.15993820130825043,-0.001981588313356042
2023-07-17 15:29:10.145000,-0.1576586216688156,-0.0019584319088608027
2023-07-17 15:32:10.400000,-0.12131288647651672,-0.001976204104721546
2023-07-17 15:33:10.596000,-0.1281958669424057,-0.0019749070052057505
2023-07-17 15:34:10.171000,-0.13433130085468292,-0.0020065500866621733
2023-07-17 15:35:10.066000,-0.2587653398513794,-0.0020064443815499544
2023-07-17 15:36:10.568000,-0.36037033796310425,-0.0020287500228732824
2023-07-17 15:37:10.082000,-0.29917111992836,-0.001976391300559044
2023-07-17 15:38:10.191000,-0.13795903325080872,-0.0019511282444000244
2023-07-17 15:39:10.164000,-0.11947031319141388,-0.0019284583395347
2023-07-17 15:40:10.069000,-0.11946691572666168,-0.0019281372660771012
2023-07-17 15:41:10.115000,-0.12187761813402176,-0.0020723408088088036
2023-07-17 15:42:10.508000,-0.12521027028560638,-0.0020753478165715933
2023-07-17 15:43:10.058000,-0.1748467981815338,-0.002048326190561056
2023-07-17 15:44:10.397000,-0.1774555891752243,-0.0019495238084346056
2023-07-17 15:45:10.163000,-0.19633708894252777,-0.0018534883856773376
2023-07-17 15:46:10.631000,-0.22339874505996704,-0.0017862727399915457
2023-07-17 15:47:10.284000,-0.3369303047657013,-0.0019528333796188235
2023-07-17 15:48:10.151000,-0.32496339082717896,-0.002127707237377763
2023-07-17 15:49:10.133000,-0.19129179418087006,-0.002053250093013048
2023-07-17 15:51:10.153000,-0.18617545068264008,-0.001908214297145605
2023-07-17 15:54:10.575000,-0.171411395072937,-0.002039782702922821
2023-07-17 15:55:10.629000,-0.1682116985321045,-0.0020293251145631075
2023-07-17 15:56:10.123000,-0.18809184432029724,-0.0021106998901814222
2023-07-17 15:57:10.109000,-0.19745402038097382,-0.0020233921241015196
2023-07-17 15:58:10.619000,-0.20227846503257751,-0.0020277630537748337
2023-07-17 15:59:10.389000,-0.21082016825675964,-0.002038052538409829
2023-07-17 16:00:10.408000,-0.2475161850452423,-0.001987340860068798
2023-07-17 16:01:10.071000,-0.3298001289367676,-0.001997536513954401
2023-07-17 16:02:10.671000,-0.29580721259117126,-0.0019512156723067164
2023-07-17 16:03:10.144000,-0.20331458747386932,-0.0019542917143553495
2023-07-17 16:04:10.133000,-0.12873435020446777,-0.0020033554174005985
2023-07-17 16:05:10.528000,-0.10930871963500977,-0.001986514311283827
2023-07-17 16:06:10.390000,-0.09732208400964737,-0.001970023149624467
2023-07-17 16:07:10.277000,-0.1296604424715042,-0.0019352432573214173
2023-07-17 16:08:10.704000,-0.15367765724658966,-0.0019491590792313218
2023-07-17 16:09:10.167000,-0.077033132314682,-0.0019820465240627527
2023-07-17 16:10:10.394000,-0.05143338441848755,-0.002018142957240343
2023-07-17 16:11:10.139000,-0.052676666527986526,-0.001953749917447567
2023-07-17 16:12:10.422000,-0.06919071823358536,-0.0019680834375321865
2023-07-17 16:13:10.417000,-0.12883897125720978,-0.0019034706056118011
2023-07-17 16:14:10.153000,-0.23119616508483887,-0.001926911761984229
2023-07-17 16:15:10.435000,-0.3554860055446625,-0.0019719665870070457
2023-07-17 16:16:10.610000,-0.33679887652397156,-0.0018063181778416038
2023-07-17 16:17:10.387000,-0.2335910201072693,-0.001920880051329732
2023-07-17 16:18:10.116000,-0.2250625640153885,-0.0020553667563945055
2023-07-17 16:19:10.505000,-0.19917671382427216,-0.001987277762964368
2023-07-17 16:20:10.159000,-0.19048717617988586,-0.0018087916541844606
2023-07-17 16:22:10.833000,-0.19339311122894287,-0.002248978242278099
2023-07-17 16:23:10.482000,-0.22566832602024078,-0.0019745745230466127
2023-07-17 16:24:10.442000,-0.2448522001504898,-0.002167085651308298
2023-07-17 16:25:10.041000,-0.24982821941375732,-0.0021097026765346527
2023-07-17 16:26:10.163000,-0.19525863230228424,-0.0021514594554901123
2023-07-17 16:27:10.504000,-0.31008055806159973,-0.0019010499818250537
2023-07-17 16:28:10.516000,-0.2958487868309021,-0.0020795250311493874
2023-07-17 16:29:10.399000,-0.22910335659980774,-0.0017448049038648605
2023-07-17 16:30:10.384000,-0.1350598931312561,-0.0019707917235791683
2023-07-17 16:31:10.401000,-0.1625322848558426,-0.0019767601042985916
2023-07-17 16:32:10.545000,-0.18405646085739136,-0.00185458327177912
2023-07-17 16:33:10.073000,-0.20566226541996002,-0.0020384720992296934
2023-07-17 16:34:10.492000,-0.20295214653015137,-0.002124000107869506
2023-07-17 16:35:10.067000,-0.2132444977760315,-0.0019101176876574755
2023-07-17 16:36:10.342000,-0.14374615252017975,-0.0020216756965965033
2023-07-17 16:37:10.484000,-0.14729417860507965,-0.0020440237130969763
2023-07-17 16:38:10.087000,-0.32398512959480286,-0.0018893529195338488
2023-07-17 16:39:10.493000,-0.33332881331443787,-0.0018672285368666053
2023-07-17 16:40:10.377000,-0.24539564549922943,-0.0020093570929020643
2023-07-17 16:41:10.389000,-0.1669933944940567,-0.0019573599565774202
2023-07-17 16:42:10.278000,-0.15170468389987946,-0.0020736251026391983
2023-07-17 16:43:10.406000,-0.1549433171749115,-0.0019467234378680587
2023-07-17 16:44:10.055000,-0.16147378087043762,-0.0018231315771117806
2023-07-17 16:45:10.408000,-0.16599106788635254,-0.0019236135995015502
2023-07-17 16:46:10.498000,-0.16069698333740234,-0.0020239129662513733
2023-07-17 16:47:10.405000,-0.17158302664756775,-0.001947375014424324
2023-07-17 16:48:10.576000,-0.1744437962770462,-0.001954181818291545
2023-07-17 16:49:10.466000,-0.17598320543766022,-0.0020389766432344913
2023-07-17 16:50:10.238000,-0.15533101558685303,-0.001978727290406823
2023-07-17 16:51:10.333000,-0.1829003542661667,-0.002007975708693266
2023-07-17 16:52:10.496000,-0.3551796078681946,-0.0021259267814457417
2023-07-17 16:53:10.345000,-0.3424205183982849,-0.0019832926336675882
2023-07-17 16:54:10.437000,-0.3065200448036194,-0.0019530425779521465
2023-07-17 16:55:10.491000,-0.22193221747875214,-0.0020111626945436
2023-07-17 16:56:10.569000,-0.22897830605506897,-0.0020934634376317263
2023-07-17 16:57:10.603000,-0.23097293078899384,-0.002049046568572521
2023-07-17 16:58:10.059000,-0.16593621671199799,-0.0019678936805576086
2023-07-17 16:59:10.066000,-0.13310593366622925,-0.0020000000949949026
2023-07-17 17:00:10.127000,-0.1317237764596939,-0.001975276507437229
2023-07-17 17:01:09.998000,-0.1290338635444641,-0.0019612093456089497
2023-07-17 17:02:10.369000,-0.13152822852134705,-0.00198095734231174
2023-07-17 17:03:10.664000,-0.15523670613765717,-0.0019958780612796545
2023-07-17 17:04:10.500000,-0.17473706603050232,-0.001941534923389554
2023-07-17 17:05:10.056000,-0.24854369461536407,-0.001962630543857813
2023-07-17 17:06:10.042000,-0.36122503876686096,-0.001962200039997697
2023-07-17 17:07:10.082000,-0.30875474214553833,-0.0019787894561886787
2023-07-17 17:08:10.321000,-0.11135811358690262,-0.0020082341507077217
2023-07-17 17:09:10.506000,-0.11548106372356415,-0.001989128300920129
2023-07-17 17:10:10.089000,-0.1180172860622406,-0.0018851463682949543
2023-07-17 17:11:10.872000,-0.13921217620372772,-0.001895229215733707
2023-07-17 17:12:10.422000,-0.14982596039772034,-0.001941473688930273
2023-07-17 17:13:10.603000,-0.1483483463525772,-0.0019459722097963095
2023-07-17 17:14:09.945000,-0.14240553975105286,-0.001914977328851819
2023-07-17 17:15:10.154000,-0.14785301685333252,-0.0018546590581536293
2023-07-17 17:16:10.535000,-0.1718144714832306,-0.0019728722982108593
2023-07-17 17:17:10.254000,-0.17291375994682312,-0.0019639332313090563
2023-07-17 17:18:09.998000,-0.2714773714542389,-0.0019525318639352918
2023-07-17 17:19:10.103000,-0.2952682673931122,-0.0019139782525599003
2023-07-17 17:20:10.075000,-0.27988937497138977,-0.001929285703226924
2023-07-17 17:21:10.305000,-0.12160468101501465,-0.0019715228118002415
2023-07-17 17:23:10.496000,-0.13083434104919434,-0.0019868509843945503
2023-07-17 17:24:10.302000,-0.13514940440654755,-0.0019880784675478935
2023-07-17 17:26:10.537000,-0.1274869441986084,-0.0020940001122653484
2023-07-17 17:27:10.329000,-0.163434237241745,-0.0019597825594246387
2023-07-17 17:28:10.110000,-0.1698324978351593,-0.0020494998898357153
2023-07-17 17:29:10.423000,-0.2774636745452881,-0.0020097142551094294
2023-07-17 17:30:10.299000,-0.3297663927078247,-0.00194863835349679
2023-07-17 17:31:10.373000,-0.3078964650630951,-0.0019448912935331464
2023-07-17 17:32:10.220000,-0.17455250024795532,-0.0020073922351002693
2023-07-17 17:33:10.504000,-0.18892289698123932,-0.002009978285059333
2023-07-17 17:34:10.128000,-0.22779114544391632,-0.002112844493240118
2023-07-17 17:35:10.011000,-0.21984468400478363,-0.0019679777324199677
2023-07-17 17:36:10.326000,-0.17692306637763977,-0.0019888095557689667
2023-07-17 17:37:10.067000,-0.17443633079528809,-0.0020659565925598145
2023-07-17 17:38:10.314000,-0.15431608259677887,-0.0019870868418365717
2023-07-17 17:39:10.480000,-0.1464793086051941,-0.002088181907311082
2023-07-17 17:40:10.356000,-0.14177970588207245,-0.001963108777999878
2023-07-17 17:41:10.055000,-0.1421666443347931,-0.002057780511677265
2023-07-17 17:42:10.033000,-0.16851089894771576,-0.002002146327868104
2023-07-17 17:43:09.930000,-0.3172203600406647,-0.001891428604722023
2023-07-17 17:44:10.580000,-0.3894973695278168,-0.002100931713357568
2023-07-17 17:45:10.456000,-0.38103967905044556,-0.0020472391042858362
2023-07-17 17:46:09.942000,-0.26362037658691406,-0.0020423182286322117
2023-07-17 17:47:10.025000,-0.18057316541671753,-0.0020166889298707247
2023-07-17 17:48:10.331000,-0.18206429481506348,-0.002003543544560671
2023-07-17 17:49:10.009000,-0.18300312757492065,-0.0020736828446388245
2023-07-17 17:50:10.056000,-0.18938705325126648,-0.002102270722389221
2023-07-17 17:51:10.032000,-0.22249862551689148,-0.002049076836556196
2023-07-17 17:52:10.277000,-0.2222902476787567,-0.0019939388148486614
2023-07-17 17:53:10.314000,-0.2144189029932022,-0.002075148979201913
2023-07-17 17:56:10.032000,-0.20947453379631042,-0.0020197799894958735
2023-07-17 17:57:09.988000,-0.32592758536338806,-0.0020587556064128876
2023-07-17 17:58:10.032000,-0.35265201330184937,-0.0020031591411679983
2023-07-17 17:59:10.340000,-0.22281727194786072,-0.0020293043926358223
2023-07-17 18:00:10.063000,-0.13282155990600586,-0.002019478240981698
2023-07-17 18:01:09.968000,-0.12932483851909637,-0.0020597917027771473
2023-07-17 18:02:09.930000,-0.11278166621923447,-0.0020175199024379253
2023-07-17 18:03:10.060000,-0.11656281352043152,-0.0019483750220388174
2023-07-17 18:04:10.333000,-0.12001574784517288,-0.0020151666831225157
2023-07-17 18:06:10.272000,-0.1770704835653305,-0.0019847957883030176
2023-07-17 18:07:10.291000,-0.21520544588565826,-0.0019870800897479057
2023-07-17 18:08:10.264000,-0.15878230333328247,-0.0020068695303052664
2023-07-17 18:09:10.004000,-0.1380189210176468,-0.002000571461394429
2023-07-17 18:10:10.008000,-0.27349787950515747,-0.0019377233693376184
2023-07-17 18:11:10.380000,-0.2827930450439453,-0.0019556316547095776
2023-07-17 18:12:09.976000,-0.23838914930820465,-0.0019943953957408667
2023-07-17 18:13:10.185000,-0.13036522269248962,-0.0020739110186696053
2023-07-17 18:14:10.438000,-0.13682951033115387,-0.001956543419510126
2023-07-17 18:15:10.377000,-0.17607131600379944,-0.00203999993391335
2023-07-17 18:17:10.423000,-0.1930348426103592,-0.001956725027412176
2023-07-17 18:18:09.917000,-0.16778868436813354,-0.0019640284590423107
2023-07-17 18:19:09.941000,-0.163896381855011,-0.001977774081751704
2023-07-17 18:20:09.761000,-0.16234970092773438,-0.0019884705543518066
2023-07-17 18:21:10.315000,-0.32144778966903687,-0.002038185251876712
2023-07-17 18:22:10.234000,-0.33563321828842163,-0.0019999309442937374
2023-07-17 18:23:10.321000,-0.2944698929786682,-0.001959222136065364
2023-07-17 18:24:10.278000,-0.22000692784786224,-0.0019726278260350227
2023-07-17 18:25:09.917000,-0.21065950393676758,-0.00197967397980392
2023-07-17 18:26:10.370000,-0.12668535113334656,-0.002032638294622302
2023-07-17 18:27:10.360000,-0.11850423365831375,-0.0020076362416148186
2023-07-17 18:28:10.405000,-0.11672506481409073,-0.0019860665779560804
2023-07-17 18:29:10.370000,-0.11563533544540405,-0.0019932291470468044
2023-07-17 18:30:09.962000,-0.12359506636857986,-0.0019764883909374475
2023-07-17 18:31:09.970000,-0.1373070329427719,-0.001987622119486332
2023-07-17 18:32:10.221000,-0.10496179759502411,-0.0020704595372080803
2023-07-17 18:33:10.002000,-0.10384151339530945,-0.0019211859907954931
2023-07-17 18:34:09.876000,-0.14688551425933838,-0.0019893748685717583
2023-07-17 18:35:10.287000,-0.323945015668869,-0.001998205203562975
2023-07-17 18:36:10.302000,-0.2415696382522583,-0.001933019608259201
2023-07-17 18:37:09.993000,-0.21743939816951752,-0.0019599555525928736
2023-07-17 18:38:10.487000,-0.06827075034379959,-0.001960800029337406
2023-07-17 18:39:10.311000,-0.119418203830719,-0.0020006485283374786
2023-07-17 18:40:10.340000,-0.1656283438205719,-0.001972625032067299
2023-07-17 18:41:10.384000,-0.17086471617221832,-0.002036342164501548
2023-07-17 18:44:10.180000,-0.20885100960731506,-0.0019344359170645475
2023-07-17 18:45:10.148000,-0.2171197384595871,-0.0019356285920366645
2023-07-17 18:46:10.268000,-0.20652468502521515,-0.0020030213054269552
2023-07-17 18:47:10.363000,-0.21427911520004272,-0.001997114159166813
2023-07-17 18:48:10.404000,-0.22436359524726868,-0.002033093012869358
2023-07-17 18:50:10.403000,-0.3519562780857086,-0.002005146350711584
2023-07-17 18:51:10.353000,-0.2193070501089096,-0.002040097489953041
2023-07-17 18:52:10.301000,-0.20076441764831543,-0.001997351413592696
2023-07-17 18:53:10.426000,-0.19249849021434784,-0.002023138804361224
2023-07-17 18:54:10.371000,-0.2003076672554016,-0.0020397379994392395
2023-07-17 18:55:10.435000,-0.21693964302539825,-0.002004750072956085
2023-07-17 18:56:10.390000,-0.22884014248847961,-0.002035305602476001
2023-07-17 18:57:10.204000,-0.2381386011838913,-0.0019882044289261103
2023-07-17 18:58:10.237000,-0.22633521258831024,-0.002032615477219224
2023-07-17 18:59:10.483000,-0.21738427877426147,-0.0019394389819353819
2023-07-17 19:00:10.140000,-0.14218711853027344,-0.001961852889508009
2023-07-17 19:01:10.306000,-0.1430206298828125,-0.001985622337087989
2023-07-17 19:02:10.046000,-0.33299317955970764,-0.0019842050969600677
2023-07-17 19:03:09.923000,-0.3280945420265198,-0.001976302359253168
2023-07-17 19:04:10.450000,-0.26597535610198975,-0.002002999885007739
2023-07-17 19:05:10.123000,-0.16517756879329681,-0.001983907073736191
2023-07-17 19:06:09.872000,-0.16147704422473907,-0.001994068268686533
2023-07-17 19:07:10.321000,-0.16626541316509247,-0.001965261995792389
2023-07-17 19:08:10.077000,-0.19980742037296295,-0.001969150034710765
2023-07-17 19:10:10.199000,-0.1260579526424408,-0.0019663500133901834
2023-07-17 19:11:10.423000,-0.1311996877193451,-0.0019851874094456434
2023-07-17 19:12:10.265000,-0.16477613151073456,-0.0020999473053961992
2023-07-17 19:13:09.930000,-0.30061718821525574,-0.0019576046615839005
2023-07-17 19:14:10.278000,-0.2704441249370575,-0.0019805883057415485
2023-07-17 19:15:10.305000,-0.14517168700695038,-0.001992214238271117
2023-07-17 19:16:10.289000,-0.1302163302898407,-0.0019562647212296724
2023-07-17 19:18:09.967000,-0.16696561872959137,-0.0019585122354328632
2023-07-17 19:19:10.347000,-0.18775027990341187,-0.001956766005605459
2023-07-17 19:20:09.908000,-0.18975672125816345,-0.0019645364955067635
2023-07-17 19:21:10.205000,-0.18348778784275055,-0.0019947958644479513
2023-07-17 19:22:09.878000,-0.16973839700222015,-0.001985804410651326
2023-07-17 19:23:10.293000,-0.1698584258556366,-0.0019925744272768497
2023-07-17 19:24:09.956000,-0.1691640019416809,-0.0019913124851882458
2023-07-17 19:25:09.942000,-0.19136638939380646,-0.001919595175422728
2023-07-17 19:26:10.171000,-0.28464654088020325,-0.0019639763049781322
2023-07-17 19:27:10.182000,-0.3957771360874176,-0.001960830297321081
2023-07-17 19:29:10.397000,-0.23440441489219666,-0.0020225306507200003
2023-07-17 19:30:09.866000,-0.11409450322389603,-0.002034511649981141
2023-07-17 19:31:10.397000,-0.10996679961681366,-0.001921958290040493
2023-07-17 19:32:10.401000,-0.1193760335445404,-0.0019701041746884584
2023-07-17 19:33:10.259000,-0.12248203158378601,-0.0020075924694538116
2023-07-17 19:34:10.220000,-0.1322484016418457,-0.0020505599677562714
2023-07-17 19:35:10.022000,-0.16673512756824493,-0.0019566889386624098
2023-07-17 19:36:10.227000,-0.1842765212059021,-0.001943808514624834
2023-07-17 19:37:10.394000,-0.2111140340566635,-0.0019851739052683115
2023-07-17 19:38:10.192000,-0.17361412942409515,-0.002000729087740183
2023-07-17 19:39:10.185000,-0.1266733705997467,-0.001990234013646841
2023-07-17 19:40:10.380000,-0.2397012561559677,-0.0019385777413845062
2023-07-17 19:41:10.176000,-0.2908758521080017,-0.002009093062952161
2023-07-17 19:42:10.146000,-0.24043503403663635,-0.001964360009878874
2023-07-17 19:43:09.960000,-0.15037065744400024,-0.0019452045671641827
2023-07-17 19:44:10.136000,-0.11364608258008957,-0.0020140213891863823
2023-07-17 19:45:09.948000,-0.09346088021993637,-0.0019746830221265554
2023-07-17 19:46:10.322000,-0.082406185567379,-0.0019205434946343303
2023-07-17 19:47:09.859000,-0.09619166702032089,-0.0019852444529533386
2023-07-17 19:48:10.243000,-0.10059639811515808,-0.001954541774466634
2023-07-17 19:49:10.158000,-0.10115374624729156,-0.001908047590404749
2023-07-17 19:51:10.235000,-0.14221954345703125,-0.0019714166410267353
2023-07-17 19:53:10.192000,-0.30003610253334045,-0.001929829828441143
2023-07-17 19:54:10.229000,-0.376146137714386,-0.002013434888795018
2023-07-17 19:56:10.312000,-0.23418927192687988,-0.002014460042119026
2023-07-17 19:57:10.159000,-0.21938607096672058,-0.0019949565175920725
2023-07-17 19:59:10.174000,-0.24561698734760284,-0.0019927499815821648
2023-07-17 20:00:10.163000,-0.2511661946773529,-0.002051727147772908
2023-07-17 20:01:10.033000,-0.2308148443698883,-0.0020707673393189907
2023-07-17 20:02:10.275000,-0.15391463041305542,-0.001997957471758127
2023-07-17 20:03:10.329000,-0.15412843227386475,-0.0020375107415020466
2023-07-17 20:04:10.276000,-0.26523715257644653,-0.0020343863870948553
2023-07-17 20:05:10.308000,-0.3067203760147095,-0.001978195970878005
2023-07-17 20:06:10.296000,-0.28320780396461487,-0.0020893695764243603
2023-07-17 20:07:10.246000,-0.15933597087860107,-0.0019497708417475224
2023-07-17 20:08:10.122000,-0.19169531762599945,-0.001972449943423271
2023-07-17 20:09:09.860000,-0.19725145399570465,-0.0019739267881959677
2023-07-17 20:10:09.992000,-0.2133919596672058,-0.0020143170841038227
2023-07-17 20:11:10.210000,-0.15730349719524384,-0.0020100222900509834
2023-07-17 20:12:10.347000,-0.13984733819961548,-0.0020125554874539375
2023-07-17 20:13:09.807000,-0.14154957234859467,-0.0020399284549057484
2023-07-17 20:14:09.906000,-0.15385955572128296,-0.0019447073573246598
2023-07-17 20:15:10.200000,-0.1800362467765808,-0.001976311206817627
2023-07-17 20:16:10.208000,-0.1722976267337799,-0.002022461500018835
2023-07-17 20:17:10.194000,-0.15994498133659363,-0.0019933946896344423
2023-07-17 20:18:10.220000,-0.30967792868614197,-0.0020106136798858643
2023-07-17 20:19:09.906000,-0.3452114760875702,-0.0019593946635723114
2023-07-17 20:20:10.091000,-0.34856128692626953,-0.0019335681572556496
2023-07-17 20:21:10.064000,-0.234283447265625,-0.001975052524358034
2023-07-17 20:27:10.151000,-0.1740805059671402,-0.0019429486710578203
2023-07-17 20:38:10.081000,-0.18940849602222443,-0.001976166618987918
2023-07-17 20:39:10.149000,-0.19559720158576965,-0.001997181912884116
2023-07-17 21:07:09.849000,-0.16033151745796204,-0.0019942941144108772
2023-07-17 21:08:09.810000,-0.17345277965068817,-0.002033326542004943
2023-07-17 21:09:10.296000,-0.1885354220867157,-0.0019297173712402582
2023-07-17 21:36:09.753000,-0.19936662912368774,-0.0018807777669280767
2023-07-17 21:46:10.279000,-0.15919989347457886,-0.0019544772803783417
2023-07-17 21:47:09.779000,-0.18417446315288544,-0.0019231621408835053
2023-07-17 21:48:10.157000,-0.3664945065975189,-0.0020068781450390816
2023-07-17 21:49:09.744000,-0.2836656868457794,-0.001967682968825102
2023-07-17 21:51:10.094000,-0.13948296010494232,0.005186243914067745
2023-07-17 21:54:09.883000,-0.1276969164609909,-0.001985263079404831
2023-07-17 21:55:10.006000,-0.12733429670333862,-0.00196654349565506
2023-07-17 21:56:10.182000,-0.14798733592033386,-0.0019771363586187363
2023-07-17 21:58:09.750000,-0.21691228449344635,0.02889738790690899
2023-07-17 21:59:10.118000,-0.1500534564256668,0.031014954671263695
2023-07-17 22:00:09.534000,-0.12434014678001404,0.03340565785765648
2023-07-17 22:01:10.113000,-0.09137551486492157,0.0348028801381588
2023-07-17 22:02:09.747000,-0.2451816350221634,0.034335073083639145
2023-07-17 22:03:10.231000,-0.23212569952011108,0.035638123750686646
2023-07-17 22:04:10.034000,-0.19842107594013214,0.03819615766406059
2023-07-17 22:05:09.771000,-0.08803921937942505,0.04257090389728546
2023-07-17 22:08:09.911000,-0.19398319721221924,0.0531325489282608
2023-07-17 22:09:09.738000,-0.19915112853050232,0.05479107052087784
2023-07-17 22:10:10.080000,-0.1987556368112564,0.04728345200419426
2023-07-17 22:11:10.077000,-0.20600052177906036,0.03336683660745621
2023-07-17 22:12:09.994000,-0.21963465213775635,0.025684308260679245
2023-07-17 22:13:10.175000,-0.22495733201503754,0.024542808532714844
2023-07-17 22:14:09.716000,-0.2173791229724884,0.024872951209545135
2023-07-17 22:15:09.766000,-0.2731575071811676,0.024041665717959404
2023-07-17 22:23:10.043000,-0.16753420233726501,0.02288299985229969
2023-07-17 22:24:10.046000,-0.16862186789512634,0.021131157875061035
2023-07-17 22:29:09.696000,-0.3455147445201874,0.017036903649568558
2023-07-17 22:30:10.050000,-0.37266165018081665,0.01770847663283348
2023-07-17 22:32:09.774000,-0.17892971634864807,0.0179262924939394
2023-07-17 22:37:09.731000,-0.14066652953624725,0.013900302350521088
2023-07-17 22:43:09.742000,-0.15539218485355377,0.03023473173379898
2023-07-17 22:45:09.690000,-0.15673837065696716,0.03925035893917084
2023-07-17 22:46:09.972000,-0.17676949501037598,0.04366971179842949
2023-07-17 22:47:09.668000,-0.20225368440151215,0.04975846782326698
2023-07-17 22:48:10.123000,-0.20561352372169495,0.05637379363179207
2023-07-17 22:49:09.680000,-0.1935560256242752,0.06124584376811981
2023-07-17 22:50:10.125000,-0.12233874946832657,0.06358712166547775
2023-07-17 22:53:09.711000,-0.21793845295906067,0.06766685098409653
2023-07-17 22:54:10.280000,-0.31516221165657043,0.07286281138658524
2023-07-17 22:55:10.309000,-0.31082645058631897,0.08246047794818878
2023-07-17 22:56:09.948000,-0.23089714348316193,0.17176812887191772
2023-07-17 22:57:09.990000,-0.1547255665063858,0.20090220868587494
2023-07-17 22:58:09.971000,-0.18392544984817505,0.1965908259153366
2023-07-17 22:59:10.077000,-0.19979073107242584,0.19585788249969482
2023-07-17 23:00:10.129000,-0.12518973648548126,0.20084010064601898
2023-07-17 23:01:09.588000,-0.12601608037948608,0.20860251784324646
2023-07-17 23:04:10.082000,-0.14919917285442352,0.2276061624288559
2023-07-17 23:06:09.633000,-0.1349070966243744,0.23617510497570038
2023-07-17 23:07:10.019000,-0.21710865199565887,0.24703241884708405
2023-07-17 23:08:10.139000,-0.24808336794376373,0.2518593370914459
2023-07-17 23:09:09.687000,-0.2046779841184616,0.2449195384979248
2023-07-17 23:10:10.011000,-0.12024296820163727,0.22401076555252075
2023-07-17 23:11:09.963000,-0.12320941686630249,0.19916243851184845
2023-07-17 23:13:10.055000,-0.11406119912862778,0.18304312229156494
2023-07-17 23:14:09.662000,-0.12295858561992645,0.1721283495426178
2023-07-17 23:15:09.609000,-0.17927144467830658,0.16414512693881989
2023-07-17 23:16:10.116000,-0.2014230340719223,0.17273585498332977
2023-07-17 23:17:10.051000,-0.20852738618850708,0.20394404232501984
2023-07-17 23:19:10.141000,-0.25010478496551514,0.2579517364501953
2023-07-17 23:20:09.459000,-0.41478458046913147,0.261076420545578
2023-07-17 23:21:10.007000,-0.39429351687431335,0.25266048312187195
2023-07-17 23:22:09.629000,-0.3466104567050934,0.2399446815252304
2023-07-17 23:23:09.633000,-0.15864036977291107,0.2380588799715042
2023-07-17 23:24:09.710000,-0.15533019602298737,0.245897114276886
2023-07-17 23:26:09.709000,-0.17128732800483704,0.2978503108024597
2023-07-17 23:27:10.052000,-0.17167937755584717,0.3120785057544708
2023-07-17 23:28:09.956000,-0.15924906730651855,0.3286409080028534
2023-07-17 23:29:09.598000,-0.15607838332653046,0.3479154109954834
2023-07-17 23:30:09.999000,-0.16548475623130798,0.36269596219062805
2023-07-17 23:31:10.012000,-0.33499327301979065,0.37525656819343567
2023-07-17 23:32:10.149000,-0.48425695300102234,0.3845953941345215
2023-07-17 23:37:09.924000,-0.46137288212776184,0.43185165524482727
2023-07-17 23:38:09.627000,-0.44906380772590637,0.44411489367485046
2023-07-17 23:39:09.938000,-0.43658506870269775,0.4567555785179138
2023-07-17 23:40:10.061000,-0.4262501001358032,0.4733246862888336
2023-07-17 23:41:09.710000,-0.42492949962615967,0.49344193935394287
2023-07-17 23:43:10.159000,-0.44614377617836,0.541544497013092
2023-07-17 23:44:09.686000,-0.44650086760520935,0.561914324760437
2023-07-17 23:46:10.044000,-0.323220819234848,0.5964033007621765
2023-07-17 23:47:10.089000,-0.2523112893104553,0.6115947961807251
2023-07-17 23:48:10.030000,-0.12435133010149002,0.6281033158302307
2023-07-17 23:49:09.947000,-0.08048461377620697,0.6431887745857239
2023-07-17 23:50:09.715000,-0.10388240218162537,0.6605802774429321
2023-07-17 23:51:09.652000,-0.10694459825754166,0.6714687943458557
2023-07-17 23:52:10.022000,-0.14374928176403046,0.6726880073547363
2023-07-17 23:54:10.161000,-0.2002931833267212,0.6315517425537109
2023-07-17 23:55:09.412000,-0.20797187089920044,0.6088583469390869
2023-07-17 23:56:10.085000,-0.21518413722515106,0.6043297648429871
2023-07-17 23:57:09.675000,-0.22152495384216309,0.6237273812294006
2023-07-17 23:58:09.947000,-0.24535124003887177,0.6395959258079529
2023-07-17 23:59:10.005000,-0.3668740689754486,0.6102098822593689
2023-07-18 00:00:09.915000,-0.4068354070186615,0.5702954530715942
2023-07-18 00:01:09.668000,-0.30788087844848633,0.5460928678512573
2023-07-18 00:03:09.645000,-0.22323885560035706,0.4759521186351776
2023-07-18 00:04:10.038000,-0.22456488013267517,0.47717827558517456
2023-07-18 00:06:09.985000,-0.23845762014389038,0.3857041597366333
2023-07-18 00:07:09.992000,-0.2325511872768402,0.33356499671936035
2023-07-18 00:08:10.098000,-0.22559089958667755,0.27056241035461426
2023-07-18 00:09:09.981000,-0.19139425456523895,0.20424993336200714
2023-07-18 00:11:09.582000,-0.18058398365974426,0.2325201779603958
2023-07-18 00:12:09.552000,-0.30140814185142517,0.27741971611976624
2023-07-18 00:13:09.919000,-0.3320208787918091,0.32389432191848755
2023-07-18 00:14:10.024000,-0.3239516615867615,0.35727792978286743
2023-07-18 00:17:09.629000,-0.16847968101501465,0.43720200657844543
2023-07-18 00:18:09.583000,-0.1663861870765686,0.4382299482822418
2023-07-18 00:20:09.997000,-0.1631757766008377,0.4477294683456421
2023-07-18 00:22:09.589000,-0.1788811832666397,0.6441705226898193
2023-07-18 00:24:09.597000,-0.3282095789909363,0.8041949272155762
2023-07-18 00:25:10.050000,-0.25310206413269043,0.8412015438079834
2023-07-18 00:26:09.642000,-0.17779406905174255,0.8709344267845154
2023-07-18 00:27:10.081000,-0.1815539002418518,0.8320149779319763
2023-07-18 00:29:09.984000,-0.15540489554405212,0.6672071218490601
2023-07-18 00:31:09.892000,-0.10960020124912262,0.723659098148346
2023-07-18 00:32:09.621000,-0.111091248691082,0.7263017892837524
2023-07-18 00:33:09.580000,-0.08435636758804321,0.696160078048706
2023-07-18 00:34:09.645000,-0.05947120115160942,0.5920394659042358
2023-07-18 00:36:10.251000,-0.09321840107440948,0.37564846873283386
2023-07-18 00:37:09.559000,-0.29439473152160645,0.38280510902404785
2023-07-18 00:38:09.590000,-0.333693265914917,0.40256065130233765
2023-07-18 00:39:09.600000,-0.28515228629112244,0.44272464513778687
2023-07-18 00:40:09.903000,-0.11961086839437485,0.484270840883255
2023-07-18 00:41:09.551000,-0.1300075352191925,0.4692590534687042
2023-07-18 00:42:09.608000,-0.14191102981567383,0.37268537282943726
2023-07-18 00:43:09.554000,-0.14034844934940338,0.3382715880870819
2023-07-18 00:44:09.882000,-0.13897518813610077,0.33305105566978455
2023-07-18 00:45:10.069000,-0.14178715646266937,0.33926787972450256
2023-07-18 00:46:09.500000,-0.19359344244003296,0.32679110765457153
2023-07-18 00:47:09.881000,-0.17827969789505005,0.3410821855068207
2023-07-18 00:48:09.971000,-0.19731581211090088,0.46974319219589233
2023-07-18 00:49:09.577000,-0.18066371977329254,0.6191885471343994
2023-07-18 00:50:09.527000,-0.1794475018978119,0.6673369407653809
2023-07-18 00:51:09.925000,-0.35828492045402527,0.7054405212402344
2023-07-18 00:52:10.039000,-0.35488560795783997,0.7347871661186218
2023-07-18 00:53:09.947000,-0.2415710985660553,0.7346817851066589
2023-07-18 00:54:09.515000,-0.21768245100975037,0.7266948819160461
2023-07-18 00:55:09.535000,-0.2151738554239273,0.7091813087463379
2023-07-18 00:56:09.945000,-0.19824790954589844,0.6396996378898621
2023-07-18 00:57:09.911000,-0.16490259766578674,0.562597930431366
2023-07-18 00:58:10.057000,-0.1572732776403427,0.5568358898162842
2023-07-18 00:59:09.915000,-0.15685990452766418,0.5576989054679871
2023-07-18 01:01:09.884000,-0.18517301976680756,0.5968537330627441
2023-07-18 01:02:09.593000,-0.22071081399917603,0.6287888884544373
2023-07-18 01:03:09.977000,-0.22527801990509033,0.6421325206756592
2023-07-18 01:04:09.609000,-0.356557160615921,0.6413105130195618
2023-07-18 01:05:09.340000,-0.29059791564941406,0.6231141686439514
2023-07-18 01:06:09.893000,-0.23699204623699188,0.5973529815673828
2023-07-18 01:07:09.678000,-0.11808951944112778,0.5600066184997559
2023-07-18 01:08:09.931000,-0.11489085108041763,0.5248409509658813
2023-07-18 01:09:10.004000,-0.11882615089416504,0.5086995363235474
2023-07-18 01:10:09.545000,-0.1517360359430313,0.48851484060287476
2023-07-18 01:11:09.905000,-0.1800677627325058,0.46713370084762573
2023-07-18 01:12:09.606000,-0.20987392961978912,0.44672536849975586
2023-07-18 01:13:09.546000,-0.21288593113422394,0.4309866428375244
2023-07-18 01:14:09.495000,-0.13185162842273712,0.4231131672859192
2023-07-18 01:15:09.866000,-0.30675217509269714,0.41561004519462585
2023-07-18 01:16:09.843000,-0.2903054654598236,0.41036027669906616
2023-07-18 01:17:09.982000,-0.1898936778306961,0.4080182909965515
2023-07-18 01:19:10.078000,-0.1522371768951416,0.40815648436546326
2023-07-18 01:20:09.533000,-0.16247229278087616,0.4033212959766388
2023-07-18 01:21:09.542000,-0.14888596534729004,0.38756731152534485
2023-07-18 01:22:09.507000,-0.1666879504919052,0.3626956641674042
2023-07-18 01:23:10.101000,-0.17567147314548492,0.34339672327041626
2023-07-18 01:24:09.815000,-0.17473357915878296,0.3380853235721588
2023-07-18 01:25:10.137000,-0.17419548332691193,0.3331700563430786
2023-07-18 01:26:09.854000,-0.19642719626426697,0.33619415760040283
2023-07-18 01:27:09.870000,-0.19444485008716583,0.3543170094490051
2023-07-18 01:28:09.469000,-0.2213989496231079,0.3660213351249695
2023-07-18 01:29:09.529000,-0.32185715436935425,0.37436309456825256
2023-07-18 01:30:09.866000,-0.2726006805896759,0.38104626536369324
2023-07-18 01:31:09.578000,-0.23059141635894775,0.38116857409477234
2023-07-18 01:32:09.848000,-0.10545004904270172,0.3719561994075775
2023-07-18 01:33:09.569000,-0.11340288072824478,0.36998221278190613
2023-07-18 01:34:09.590000,-0.15863347053527832,0.371482253074646
2023-07-18 01:35:09.938000,-0.16365614533424377,0.3614131808280945
2023-07-18 01:40:09.875000,-0.1636500209569931,0.2806396484375
2023-07-18 01:42:09.786000,-0.264982134103775,0.25066274404525757
2023-07-18 01:46:09.842000,-0.20944398641586304,0.2772321105003357
2023-07-18 01:47:10.160000,-0.147140771150589,0.28955382108688354
2023-07-18 01:48:09.696000,-0.14145101606845856,0.3006349802017212
2023-07-18 01:49:10.321000,-0.14522121846675873,0.2923552095890045
2023-07-18 01:50:10.213000,-0.15607641637325287,0.2800537943840027
2023-07-18 01:51:09.530000,-0.15373346209526062,0.29682648181915283
2023-07-18 01:57:09.970000,-0.36158907413482666,0.33952489495277405
2023-07-18 02:03:09.882000,-0.1855340301990509,0.3234119117259979
2023-07-18 02:08:09.895000,-0.3431921601295471,0.19773776829242706
2023-07-18 02:10:09.847000,-0.18021561205387115,0.12623484432697296
2023-07-18 02:13:09.485000,-0.12026476860046387,0.11833245307207108
2023-07-18 02:14:09.450000,-0.1390414834022522,0.121214359998703
2023-07-18 02:15:09.553000,-0.14160357415676117,0.13177305459976196
2023-07-18 02:16:09.481000,-0.13945382833480835,0.14235706627368927
2023-07-18 02:17:09.508000,-0.12216994911432266,0.15465058386325836
2023-07-18 02:18:09.493000,-0.14415645599365234,0.1619390994310379
2023-07-18 02:19:09.472000,-0.15049144625663757,0.16984795033931732
2023-07-18 02:20:09.606000,-0.3042313754558563,0.1696477085351944
2023-07-18 02:21:09.455000,-0.3448278307914734,0.1799963265657425
2023-07-18 02:22:09.490000,-0.3498983383178711,0.20442813634872437
2023-07-18 02:23:09.770000,-0.2291037142276764,0.2214299440383911
2023-07-18 02:24:10.038000,-0.18298208713531494,0.21658554673194885
2023-07-18 02:25:09.728000,-0.18856461346149445,0.20965516567230225
2023-07-18 02:27:09.944000,-0.19839943945407867,0.1991986483335495
2023-07-18 02:30:09.884000,-0.14043961465358734,0.13357119262218475
2023-07-18 02:32:09.854000,-0.13483810424804688,0.1252906620502472
2023-07-18 02:33:09.447000,-0.08080308139324188,0.11970241367816925
2023-07-18 02:34:09.501000,-0.19470256567001343,0.10886405408382416
2023-07-18 02:35:09.782000,-0.24702101945877075,0.0933586061000824
2023-07-18 02:36:09.888000,-0.19500431418418884,0.09150047600269318
2023-07-18 02:41:09.512000,-0.1397312879562378,0.11434438824653625
2023-07-18 02:44:09.512000,-0.16988734900951385,0.12129192799329758
2023-07-18 02:50:09.392000,-0.19224824011325836,0.12146797776222229
2023-07-18 02:52:09.846000,-0.1941719651222229,0.13734672963619232
2023-07-18 02:54:09.462000,-0.21548791229724884,0.14567270874977112
2023-07-18 02:55:09.900000,-0.21523168683052063,0.15282508730888367
2023-07-18 02:59:09.826000,-0.3857944905757904,0.13992653787136078
2023-07-18 03:01:09.418000,-0.16803434491157532,0.1235731840133667
2023-07-18 03:03:09.453000,-0.17130979895591736,0.11920525878667831
2023-07-18 03:04:09.342000,-0.1586875021457672,0.13624374568462372
2023-07-18 03:06:09.402000,-0.142444908618927,0.16333727538585663
2023-07-18 03:07:09.959000,-0.14266972243785858,0.17507357895374298
2023-07-18 03:09:09.941000,-0.19463099539279938,0.18771730363368988
2023-07-18 03:10:09.786000,-0.23079624772071838,0.18844832479953766
2023-07-18 03:11:09.777000,-0.1499452292919159,0.1784757822751999
2023-07-18 03:12:09.343000,-0.3164528012275696,0.17806605994701385
2023-07-18 03:16:09.764000,-0.11255413293838501,0.22162781655788422
2023-07-18 03:18:09.770000,-0.1600358486175537,0.27683308720588684
2023-07-18 03:19:09.428000,-0.17369745671749115,0.2963390052318573
2023-07-18 03:20:09.890000,-0.18002665042877197,0.2869246006011963
2023-07-18 03:21:09.357000,-0.16691213846206665,0.2626184821128845
2023-07-18 03:22:09.762000,-0.16746696829795837,0.22875219583511353
2023-07-18 03:25:09.399000,-0.16735440492630005,0.25708019733428955
2023-07-18 03:26:09.349000,-0.3410816788673401,0.35003021359443665
2023-07-18 03:27:09.692000,-0.3456382751464844,0.45785874128341675
2023-07-18 03:29:09.704000,-0.1614450067281723,0.6071380972862244
2023-07-18 03:30:09.776000,-0.15868541598320007,0.6375389695167542
2023-07-18 03:31:09.772000,-0.16871042549610138,0.6227125525474548
2023-07-18 03:32:09.754000,-0.19200560450553894,0.5903540849685669
2023-07-18 03:34:09.790000,-0.23064514994621277,0.6026485562324524
2023-07-18 03:35:09.330000,-0.16842447221279144,0.6217741966247559
2023-07-18 03:37:09.465000,-0.12577006220817566,0.6590781211853027
2023-07-18 03:38:09.897000,-0.08497349917888641,0.6439586281776428
2023-07-18 03:39:09.770000,-0.1994377225637436,0.610512912273407
2023-07-18 03:40:09.651000,-0.22244057059288025,0.5891374349594116
2023-07-18 03:41:09.771000,-0.22292307019233704,0.5168351531028748
2023-07-18 03:42:09.866000,-0.11568669974803925,0.37817367911338806
2023-07-18 03:44:09.349000,-0.15569163858890533,0.2332070916891098
2023-07-18 03:45:09.700000,-0.17195335030555725,0.1715465784072876
2023-07-18 03:46:09.751000,-0.21442122757434845,0.13081735372543335
2023-07-18 03:47:09.749000,-0.219661682844162,0.1333131641149521
2023-07-18 03:48:09.836000,-0.21510615944862366,0.13445869088172913
2023-07-18 03:52:09.692000,-0.227198526263237,0.23347626626491547
2023-07-18 03:53:09.733000,-0.12988333404064178,0.2310575544834137
2023-07-18 03:54:09.309000,-0.13111984729766846,0.21344605088233948
2023-07-18 03:57:09.813000,-0.14208686351776123,0.15185308456420898
2023-07-18 03:59:09.691000,-0.19590754806995392,0.13093675673007965
2023-07-18 04:00:09.387000,-0.2221316695213318,0.11406202614307404
2023-07-18 04:01:09.753000,-0.22390544414520264,0.10208351165056229
2023-07-18 04:02:09.738000,-0.1775362640619278,0.10938727110624313
2023-07-18 04:04:09.335000,-0.31591787934303284,0.2337678074836731
2023-07-18 04:05:09.765000,-0.32882043719291687,0.28127264976501465
2023-07-18 04:10:09.318000,-0.18392911553382874,0.2779470384120941
2023-07-18 04:11:09.819000,-0.2070595771074295,0.3237001299858093
2023-07-18 04:13:09.381000,-0.2281312644481659,0.4814925491809845
2023-07-18 04:14:09.408000,-0.23257800936698914,0.5036159753799438
2023-07-18 04:15:09.286000,-0.2287634015083313,0.5312735438346863
2023-07-18 04:16:10.042000,-0.21293078362941742,0.5681841969490051
2023-07-18 04:18:09.291000,-0.3283141851425171,0.7425785660743713
2023-07-18 04:19:09.670000,-0.32175299525260925,0.8925192356109619
2023-07-18 04:20:09.662000,-0.23906300961971283,0.9947255849838257
2023-07-18 04:21:09.742000,-0.1737576723098755,1.0198665857315063
2023-07-18 04:22:09.789000,-0.20777086913585663,1.0316790342330933
2023-07-18 04:23:10.437000,-0.2210703045129776,1.0396499633789062
2023-07-18 04:24:09.644000,-0.1659841388463974,1.056773066520691
2023-07-18 04:25:09.784000,-0.12002023309469223,1.066454291343689
2023-07-18 04:26:09.270000,-0.1231476292014122,1.0651299953460693
2023-07-18 04:27:09.737000,-0.12383228540420532,1.056044101715088
2023-07-18 04:28:09.744000,-0.11447523534297943,1.041939616203308
2023-07-18 04:29:09.729000,-0.12236522883176804,1.0488165616989136
2023-07-18 04:31:09.795000,-0.3003913462162018,1.0887277126312256
2023-07-18 04:32:09.659000,-0.32224351167678833,1.1094025373458862
2023-07-18 04:33:09.768000,-0.29916706681251526,1.1367665529251099
2023-07-18 04:34:09.682000,-0.14081943035125732,1.169450044631958
2023-07-18 04:35:09.659000,-0.10607603192329407,1.1749480962753296
2023-07-18 04:36:09.293000,-0.1075422465801239,1.1658121347427368
2023-07-18 04:38:09.561000,-0.13137181103229523,1.1311674118041992
2023-07-18 04:39:09.699000,-0.13130386173725128,1.1352663040161133
2023-07-18 04:40:09.734000,-0.12126671522855759,1.1762100458145142
2023-07-18 04:41:09.641000,-0.12800468504428864,1.2303457260131836
2023-07-18 04:42:09.538000,-0.28821679949760437,1.2422631978988647
2023-07-18 04:43:09.339000,-0.3114542067050934,1.226353406906128
2023-07-18 04:44:09.358000,-0.23125021159648895,1.2101272344589233
2023-07-18 04:45:09.269000,-0.1513763815164566,1.2215389013290405
2023-07-18 04:46:09.371000,-0.1617688685655594,1.2091203927993774
2023-07-18 04:47:09.721000,-0.16094979643821716,1.1546951532363892
2023-07-18 04:48:09.304000,-0.14917880296707153,1.128501534461975
2023-07-18 04:49:09.726000,-0.13640491664409637,1.135227918624878
2023-07-18 04:50:09.317000,-0.15425047278404236,1.1359914541244507
2023-07-18 04:51:09.843000,-0.16744431853294373,1.1288098096847534
2023-07-18 04:52:09.735000,-0.1730213314294815,1.0273444652557373
2023-07-18 04:53:09.362000,-0.15662190318107605,0.9007202386856079
2023-07-18 04:54:09.645000,-0.13263648748397827,0.8263170123100281
2023-07-18 04:55:09.278000,-0.13262398540973663,0.8010574579238892
2023-07-18 04:57:09.719000,-0.2804410755634308,0.7276805639266968
2023-07-18 04:58:09.754000,-0.25700289011001587,0.6467365026473999
2023-07-18 04:59:09.287000,-0.10788915306329727,0.48544934391975403
2023-07-18 05:01:09.649000,-0.15821655094623566,0.2919556498527527
2023-07-18 05:02:09.308000,-0.19404001533985138,0.25167927145957947
2023-07-18 05:03:09.747000,-0.12843692302703857,0.2596457898616791
2023-07-18 05:04:09.331000,-0.07414211332798004,0.35426971316337585
2023-07-18 05:05:09.650000,-0.048858851194381714,0.5055898427963257
2023-07-18 05:06:09.730000,-0.04852628335356712,0.6284551620483398
2023-07-18 05:07:09.637000,-0.04718831554055214,0.6927750110626221
2023-07-18 05:08:09.728000,-0.04675465077161789,0.7292543053627014
2023-07-18 05:09:09.351000,-0.09579531848430634,0.724240243434906
2023-07-18 05:10:09.896000,-0.26544076204299927,0.721409797668457
2023-07-18 05:12:09.334000,-0.1968182474374771,0.7694867253303528
2023-07-18 05:13:09.264000,-0.20697475969791412,0.8176035284996033
2023-07-18 05:14:09.682000,-0.21128785610198975,0.8677767515182495
2023-07-18 05:15:09.614000,-0.21691307425498962,0.8397009372711182
2023-07-18 05:16:09.216000,-0.21913060545921326,0.7685087323188782
2023-07-18 05:17:09.347000,-0.22252893447875977,0.6976165175437927
2023-07-18 05:18:09.244000,-0.21941475570201874,0.7119048833847046
2023-07-18 05:19:09.253000,-0.22154051065444946,0.7398663759231567
2023-07-18 05:20:09.338000,-0.2119576334953308,0.7058346271514893
2023-07-18 05:21:09.780000,-0.19791118800640106,0.6029301285743713
2023-07-18 05:22:09.566000,-0.30815696716308594,0.46078819036483765
2023-07-18 05:23:09.704000,-0.3876533508300781,0.37728142738342285
2023-07-18 05:25:09.814000,-0.23228925466537476,0.3543618619441986
2023-07-18 05:26:09.690000,-0.1749129593372345,0.331159770488739
2023-07-18 05:27:09.682000,-0.1413637101650238,0.26448938250541687
2023-07-18 05:28:09.636000,-0.11129776388406754,0.23246586322784424
2023-07-18 05:29:09.332000,-0.09502953290939331,0.2542891204357147
2023-07-18 05:30:09.751000,-0.09834698587656021,0.3195096552371979
2023-07-18 05:31:09.622000,-0.09939896315336227,0.35971689224243164
2023-07-18 05:32:09.592000,-0.1113944798707962,0.42190656065940857
2023-07-18 05:33:09.236000,-0.22369837760925293,0.4667119085788727
2023-07-18 05:34:09.766000,-0.37679028511047363,0.44799599051475525
2023-07-18 05:35:09.528000,-0.38451552391052246,0.41973209381103516
2023-07-18 05:36:09.629000,-0.13750788569450378,0.3799326419830322
2023-07-18 05:37:09.702000,-0.123328797519207,0.36773648858070374
2023-07-18 05:38:09.749000,-0.12366423010826111,0.4004721939563751
2023-07-18 05:39:09.667000,-0.12537841498851776,0.4415491223335266
2023-07-18 05:40:09.192000,-0.1273408830165863,0.4395030438899994
2023-07-18 05:41:09.371000,-0.1430424153804779,0.4042975604534149
2023-07-18 05:42:09.645000,-0.16395685076713562,0.3635268211364746
2023-07-18 05:44:09.615000,-0.17379358410835266,0.3587343096733093
2023-07-18 05:45:09.472000,-0.17313255369663239,0.3750656545162201
2023-07-18 05:46:09.901000,-0.17310307919979095,0.35161250829696655
2023-07-18 05:49:09.263000,-0.3368226885795593,0.324312686920166
2023-07-18 05:50:09.575000,-0.2506536543369293,0.3596774637699127
2023-07-18 05:52:09.631000,-0.1962880641222,0.35407885909080505
2023-07-18 05:55:09.298000,-0.20470799505710602,0.17909882962703705
2023-07-18 05:56:09.204000,-0.20001466572284698,0.11851416528224945
2023-07-18 05:57:09.297000,-0.21169604361057281,0.08421316742897034
2023-07-18 05:58:09.298000,-0.2190363109111786,0.03714273124933243
2023-07-18 06:02:09.348000,-0.20331470668315887,0.027149837464094162
2023-07-18 06:03:09.618000,-0.13685128092765808,0.03517606109380722
2023-07-18 06:04:09.242000,-0.04207335039973259,0.0424199216067791
2023-07-18 06:05:09.228000,-0.0569804310798645,0.05018540099263191
2023-07-18 06:07:09.738000,-0.19070585072040558,0.06300248950719833
2023-07-18 06:09:09.567000,-0.23024533689022064,0.06988555938005447
2023-07-18 06:14:09.246000,-0.3423733711242676,0.2764793038368225
2023-07-18 06:15:09.024000,-0.40218812227249146,0.30371662974357605
2023-07-18 06:18:09.714000,-0.1327754110097885,0.4297340214252472
2023-07-18 06:19:09.192000,-0.13052858412265778,0.38497111201286316
2023-07-18 06:20:09.551000,-0.12247468531131744,0.2798434793949127
2023-07-18 06:21:09.525000,-0.13873913884162903,0.24096374213695526
2023-07-18 06:23:09.148000,-0.1730906367301941,0.2908610999584198
2023-07-18 06:24:09.634000,-0.18616992235183716,0.3145480751991272
2023-07-18 06:25:09.545000,-0.3588450849056244,0.31147491931915283
2023-07-18 06:26:09.168000,-0.39639654755592346,0.23432819545269012
2023-07-18 06:27:09.483000,-0.2682020962238312,0.1328858882188797
2023-07-18 06:29:09.524000,-0.15098148584365845,0.04753246530890465
2023-07-18 06:30:09.229000,-0.15573234856128693,0.042800307273864746
2023-07-18 06:31:09.623000,-0.1546352207660675,0.045311421155929565
2023-07-18 06:32:09.315000,-0.13893932104110718,0.03700006380677223
2023-07-18 06:33:09.270000,-0.1406441032886505,0.03337525203824043
2023-07-18 06:34:09.250000,-0.16297386586666107,0.043196551501750946
2023-07-18 06:35:09.543000,-0.1899341642856598,0.086082823574543
2023-07-18 06:36:09.557000,-0.210366889834404,0.2808961570262909
2023-07-18 06:37:09.765000,-0.1479082703590393,0.34081894159317017
2023-07-18 06:38:09.563000,-0.14349645376205444,0.35755011439323425
2023-07-18 06:39:09.694000,-0.3102756440639496,0.3679221570491791
2023-07-18 06:40:09.710000,-0.2902712821960449,0.37047651410102844
2023-07-18 06:41:09.541000,-0.27272874116897583,0.3752654790878296
2023-07-18 06:42:09.329000,-0.14504264295101166,0.3697390556335449
2023-07-18 06:44:09.674000,-0.13884316384792328,0.3134158253669739
2023-07-18 06:45:09.623000,-0.17959874868392944,0.21976730227470398
2023-07-18 06:46:09.150000,-0.19350609183311462,0.15900518000125885
2023-07-18 06:48:09.116000,-0.17114663124084473,0.1402391940355301
2023-07-18 06:49:09.570000,-0.16158044338226318,0.17796741425991058
2023-07-18 06:50:09.654000,-0.15962448716163635,0.17205628752708435
2023-07-18 06:51:09.537000,-0.15928512811660767,0.11201280355453491
2023-07-18 06:52:09.216000,-0.15928645431995392,0.07742846757173538
2023-07-18 06:53:09.222000,-0.33384257555007935,0.040775999426841736
2023-07-18 06:55:08.980000,-0.266671746969223,0.021673694252967834
2023-07-18 06:56:09.877000,-0.1728416234254837,0.004143478348851204
2023-07-18 06:58:09.512000,-0.19653132557868958,-0.0020455000922083855
2023-07-18 06:59:09.594000,-0.20110681653022766,-0.001971236430108547
2023-07-18 07:01:09.489000,-0.1478138566017151,-0.0019009714014828205
2023-07-18 07:02:09.600000,-0.11369728296995163,-0.0013490512501448393
2023-07-18 07:03:09.240000,-0.0838899165391922,0.008445902727544308
2023-07-18 07:04:09.186000,-0.0651865303516388,-0.00169870734680444
2023-07-18 07:05:09.098000,-0.06179499998688698,-0.0019211859907954931
2023-07-18 07:06:09.192000,-0.17364487051963806,-0.0019110697321593761
2023-07-18 07:07:09.522000,-0.2639813721179962,-0.00206484436057508
2023-07-18 07:08:09.553000,-0.2627217471599579,-0.0019937949255108833
2023-07-18 07:09:09.607000,-0.16653239727020264,0.00988834910094738
2023-07-18 07:10:09.132000,-0.15965168178081512,0.018868086859583855
2023-07-18 07:12:09.553000,-0.15417353808879852,0.013494524173438549
2023-07-18 07:13:09.226000,-0.16672560572624207,0.021219465881586075
2023-07-18 07:15:09.551000,-0.17352928221225739,0.025695977732539177
2023-07-18 07:16:09.149000,-0.14966022968292236,0.02645985782146454
2023-07-18 07:17:09.555000,-0.3525295555591583,0.026417933404445648
2023-07-18 07:18:09.165000,-0.3677881062030792,0.025940611958503723
2023-07-18 07:19:09.236000,-0.3059999942779541,0.025628749281167984
2023-07-18 07:20:09.578000,-0.2011566460132599,0.025008555501699448
2023-07-18 07:21:09.635000,-0.19432330131530762,0.02451787143945694
2023-07-18 07:22:09.200000,-0.19259336590766907,0.02430063486099243
2023-07-18 07:23:09.515000,-0.18260683119297028,0.02541404403746128
2023-07-18 07:24:09.652000,-0.19131731986999512,0.0271735992282629
2023-07-18 07:25:09.097000,-0.2306039035320282,0.027753859758377075
2023-07-18 07:26:09.495000,-0.2410072535276413,0.025254713371396065
2023-07-18 07:27:09.524000,-0.22045953571796417,0.019975023344159126
2023-07-18 07:28:09.506000,-0.14285339415073395,0.01597621664404869
2023-07-18 07:29:09.198000,-0.13906700909137726,0.01623597741127014
2023-07-18 07:30:09.534000,-0.13162358105182648,0.018154973164200783
2023-07-18 07:31:09.542000,-0.3340618312358856,0.019087284803390503
2023-07-18 07:32:09.174000,-0.3105705678462982,0.019670730456709862
2023-07-18 07:33:09.463000,-0.31976616382598877,0.021995700895786285
2023-07-18 07:34:09.522000,-0.20249928534030914,0.026053477078676224
2023-07-18 07:35:09.383000,-0.22440138459205627,0.02994004264473915
2023-07-18 07:36:09.127000,-0.2193453460931778,0.0316355861723423
2023-07-18 07:37:09.482000,-0.1410226821899414,0.031466126441955566
2023-07-18 07:38:09.152000,-0.14055049419403076,0.031267907470464706
2023-07-18 07:39:09.499000,-0.1398492306470871,0.033169928938150406
2023-07-18 07:40:09.199000,-0.13131088018417358,0.036318589001894
2023-07-18 07:41:09.553000,-0.1396903544664383,0.03693453595042229
2023-07-18 07:42:09.489000,-0.13689850270748138,0.035567913204431534
2023-07-18 07:43:09.159000,-0.13705132901668549,0.03092954307794571
2023-07-18 07:44:09.506000,-0.15997295081615448,0.029435789212584496
2023-07-18 07:45:09.124000,-0.32299989461898804,0.02726351097226143
2023-07-18 07:46:09.489000,-0.32300838828086853,0.02103513479232788
2023-07-18 07:47:09.495000,-0.17250369489192963,0.014222067780792713
2023-07-18 07:48:09.192000,-0.16003724932670593,0.005265808664262295
2023-07-18 07:49:09.579000,-0.17916038632392883,0.0017197646666318178
2023-07-18 07:50:09.058000,-0.18493787944316864,0.0019926840905100107
2023-07-18 07:51:09.567000,-0.1875486969947815,0.003101232461631298
2023-07-18 07:52:09.214000,-0.16727998852729797,0.004390073008835316
2023-07-18 07:53:09.586000,-0.17071987688541412,0.008823391050100327
2023-07-18 07:54:09.566000,-0.17039303481578827,0.012353391386568546
2023-07-18 07:55:09.207000,-0.1662447452545166,0.013293938711285591
2023-07-18 07:56:09.170000,-0.17134994268417358,0.012184813618659973
2023-07-18 07:58:09.510000,-0.398563414812088,0.01413743942975998
2023-07-18 07:59:09.468000,-0.38469234108924866,0.016188152134418488
2023-07-18 08:00:09.255000,-0.1904163360595703,0.015781568363308907
2023-07-18 08:01:09.401000,-0.12733235955238342,0.019119232892990112
2023-07-18 08:02:09.711000,-0.12623320519924164,0.028463199734687805
2023-07-18 08:03:09.188000,-0.12482144683599472,0.03380070626735687
2023-07-18 08:04:09.130000,-0.12744750082492828,0.03530989959836006
2023-07-18 08:05:09.584000,-0.14841687679290771,0.036177605390548706
2023-07-18 08:06:09.579000,-0.15934577584266663,0.03647693619132042
2023-07-18 08:07:09.490000,-0.12558937072753906,0.035120684653520584
2023-07-18 08:08:09.453000,-0.21998348832130432,0.03197972849011421
2023-07-18 08:09:09.473000,-0.2784806191921234,0.025365367531776428
2023-07-18 08:10:09.459000,-0.1852310448884964,0.017449315637350082
2023-07-18 08:11:09.445000,-0.05049534887075424,0.013633149676024914
2023-07-18 08:12:09.498000,-0.050496332347393036,0.015130764804780483
2023-07-18 08:13:09.202000,-0.07960348576307297,0.01472602877765894
2023-07-18 08:14:09.142000,-0.12928195297718048,0.00940790493041277
2023-07-18 08:15:09.582000,-0.1683775633573532,0.006167749874293804
2023-07-18 08:16:09.448000,-0.17102749645709991,0.012235785834491253
2023-07-18 08:18:09.521000,-0.20882263779640198,0.04366490989923477
2023-07-18 08:19:09.664000,-0.21823729574680328,0.05893595516681671
2023-07-18 08:20:09.509000,-0.20564860105514526,0.07179100066423416
2023-07-18 08:21:09.749000,-0.2099308967590332,0.07954695075750351
2023-07-18 08:22:09.548000,-0.35012292861938477,0.08139896392822266
2023-07-18 08:23:09.401000,-0.3883186876773834,0.08505802601575851
2023-07-18 08:24:09.462000,-0.3563261330127716,0.18843808770179749
2023-07-18 08:25:09.350000,-0.25798308849334717,0.19316883385181427
2023-07-18 08:26:09.482000,-0.22109654545783997,0.18929190933704376
2023-07-18 08:27:09.458000,-0.22157293558120728,0.18312422931194305
2023-07-18 08:28:09.134000,-0.2095566689968109,0.16471901535987854
2023-07-18 08:29:09.088000,-0.22736962139606476,0.13480035960674286
2023-07-18 08:30:09.058000,-0.22709167003631592,0.10873275250196457
2023-07-18 08:31:09.526000,-0.22626526653766632,0.10412169247865677
2023-07-18 08:32:09.050000,-0.20531708002090454,0.11270076781511307
2023-07-18 08:33:09.479000,-0.18024790287017822,0.1224745437502861
2023-07-18 08:34:09.493000,-0.14642632007598877,0.13182200491428375
2023-07-18 08:35:09.476000,-0.12995223701000214,0.11989837884902954
2023-07-18 08:36:09.408000,-0.27730435132980347,0.09827692806720734
2023-07-18 08:37:09.018000,-0.30905628204345703,0.06569026410579681
2023-07-18 08:38:09.441000,-0.22267797589302063,0.03633038327097893
2023-07-18 08:39:09.609000,-0.14614754915237427,0.05525953695178032
2023-07-18 08:40:09.575000,-0.14918158948421478,0.05893133208155632
2023-07-18 08:42:09.086000,-0.18086892366409302,0.03788718208670616
2023-07-18 08:43:09.471000,-0.18120063841342926,0.034937478601932526
2023-07-18 08:45:09.552000,-0.18614384531974792,0.02446097880601883
2023-07-18 08:46:09.033000,-0.1917858123779297,0.026497893035411835
2023-07-18 08:47:09.055000,-0.2020440697669983,0.042760103940963745
2023-07-18 08:49:09.573000,-0.321811705827713,0.12724696099758148
2023-07-18 08:50:09.581000,-0.29002517461776733,0.1695956140756607
2023-07-18 08:51:09.509000,-0.22375857830047607,0.1349262148141861
2023-07-18 08:52:09.502000,-0.10762613266706467,0.08864273875951767
2023-07-18 08:53:09.125000,-0.1370609551668167,0.034115683287382126
2023-07-18 08:54:09.387000,-0.14483340084552765,0.022717952728271484
2023-07-18 08:55:09.326000,-0.14733918011188507,0.021556371822953224
2023-07-18 08:56:09.456000,-0.12485869973897934,0.027247311547398567
2023-07-18 08:57:09.125000,-0.1413201540708542,0.041671957820653915
2023-07-18 08:58:09.459000,-0.16397179663181305,0.05472073331475258
2023-07-18 08:59:09.094000,-0.19371265172958374,0.06270068883895874
2023-07-18 09:00:09.080000,-0.33348512649536133,0.06727277487516403
2023-07-18 09:01:09.015000,-0.3053511083126068,0.07062618434429169
2023-07-18 09:02:09.482000,-0.2169133722782135,0.07029657065868378
2023-07-18 09:03:09.435000,-0.14639760553836823,0.06629827618598938
2023-07-18 09:04:09.373000,-0.12440569698810577,0.058786433190107346
2023-07-18 09:05:09.541000,-0.12542568147182465,0.05195597559213638
2023-07-18 09:06:09.017000,-0.12696753442287445,0.0572737380862236
2023-07-18 09:07:09.073000,-0.14867252111434937,0.06853356212377548
2023-07-18 09:08:09.404000,-0.1429792195558548,0.07349762320518494
2023-07-18 09:10:09.023000,-0.18315573036670685,0.07414313405752182
2023-07-18 09:11:09.266000,-0.1714632213115692,0.0720270425081253
2023-07-18 09:12:09.379000,-0.10493984818458557,0.06895619630813599
2023-07-18 09:14:09.138000,-0.28550460934638977,0.06391613930463791
2023-07-18 09:15:09.436000,-0.27477654814720154,0.05939485877752304
2023-07-18 09:16:08.967000,-0.2521533966064453,0.05487969145178795
2023-07-18 09:17:09.045000,-0.1302710473537445,0.05302658677101135
2023-07-18 09:18:09.428000,-0.13008171319961548,0.05046217888593674
2023-07-18 09:19:09.464000,-0.16826529800891876,0.04761441424489021
2023-07-18 09:20:09.580000,-0.20838002860546112,0.04448315128684044
2023-07-18 09:21:09.497000,-0.2303827553987503,0.04221593216061592
2023-07-18 09:22:09.054000,-0.24005842208862305,0.037040553987026215
2023-07-18 09:25:09.170000,-0.19052043557167053,0.021581673994660378
2023-07-18 09:27:09.106000,-0.2132560759782791,0.012865087017416954
2023-07-18 09:30:09.038000,-0.18259918689727783,0.004253999795764685
2023-07-18 09:33:09.395000,-0.1721148043870926,0.0023268333170562983
2023-07-18 09:36:09.010000,-0.14551623165607452,0.013550595380365849
2023-07-18 09:37:09.066000,-0.14575476944446564,0.01318497397005558
2023-07-18 09:38:09.034000,-0.14691685140132904,0.0107900220900774
2023-07-18 09:39:09.099000,-0.1505414992570877,0.007658261805772781
2023-07-18 09:41:08.959000,-0.38094422221183777,0.005941316951066256
2023-07-18 09:44:08.975000,-0.43045148253440857,0.013280282728374004
2023-07-18 09:45:09.045000,-0.4433077275753021,0.014502630569040775
2023-07-18 09:48:08.953000,-0.437301903963089,0.011932234279811382
2023-07-18 09:49:09.438000,-0.4654971957206726,0.011025394313037395
2023-07-18 09:50:09.050000,-0.46767088770866394,0.009395389817655087
2023-07-18 09:51:08.988000,-0.4974488914012909,0.007368307560682297
2023-07-18 09:52:09,-0.5801531076431274,0.008103577420115471
2023-07-18 09:57:08.960000,-0.4201177954673767,0.041635528206825256
2023-07-18 09:59:08.960000,-0.4450891315937042,0.041458290070295334
2023-07-18 10:00:09.238000,-0.4451127052307129,0.036852024495601654
2023-07-18 10:01:09.064000,-0.445565402507782,0.032579220831394196
2023-07-18 10:03:08.915000,-0.3692074418067932,0.03754313662648201
2023-07-18 10:05:09.032000,-0.49314773082733154,0.04155706986784935
2023-07-18 10:06:08.972000,-0.7580974102020264,0.04487597197294235
2023-07-18 10:09:08.957000,-0.8121310472488403,0.03569052368402481
2023-07-18 10:10:09.035000,-0.8371826410293579,0.034565895795822144
2023-07-18 10:11:09.079000,-0.8476218581199646,0.03540857136249542
2023-07-18 10:12:08.967000,-0.8490095138549805,0.034100331366062164
2023-07-18 10:15:08.783000,-0.8627308011054993,0.02750317193567753
2023-07-18 10:16:09.027000,-0.8083685636520386,0.026803720742464066
2023-07-18 10:19:08.993000,-0.8415297269821167,0.019337914884090424
2023-07-18 10:20:09.333000,-0.9666861295700073,0.018038757145404816
2023-07-18 10:21:08.953000,-0.9722133874893188,0.020801205188035965
2023-07-18 10:22:09.043000,-0.7657760381698608,0.023770250380039215
2023-07-18 10:24:08.974000,-0.2171650379896164,0.02286875620484352
2023-07-18 10:25:08.920000,-0.17172062397003174,0.02160404622554779
2023-07-18 10:26:08.974000,-0.17095810174942017,0.020811092108488083
2023-07-18 10:27:08.999000,-0.1649554818868637,0.0201062373816967
2023-07-18 10:28:09.303000,-0.17202816903591156,0.02030451036989689
2023-07-18 10:29:08.977000,-0.18858277797698975,0.020595574751496315
2023-07-18 10:30:08.891000,-0.17760556936264038,0.019610699266195297
2023-07-18 10:33:08.957000,-0.38228416442871094,0.019131889566779137
2023-07-18 10:37:09.310000,-0.16823017597198486,0.011536049656569958
2023-07-18 10:40:08.966000,-0.16147547960281372,0.0065793911926448345
2023-07-18 10:45:08.904000,-0.35970550775527954,0.0006450212677009404
2023-07-18 10:46:08.928000,-0.21742354333400726,-8.461363904643804e-05
2023-07-18 10:47:08.974000,-0.20311202108860016,-0.0008588378550484776
2023-07-18 10:48:08.895000,-0.1765224039554596,-0.0017898204969242215
2023-07-18 10:49:08.923000,-0.18979574739933014,-0.001129243290051818
2023-07-18 10:50:08.980000,-0.2013266533613205,-0.0017509429017081857
2023-07-18 10:52:09.002000,-0.16676142811775208,-0.0018275555921718478
2023-07-18 10:53:09.331000,-0.16004082560539246,-0.0018412249628454447
2023-07-18 10:55:08.725000,-0.13856221735477448,-0.0019147200509905815
2023-07-18 10:59:08.929000,-0.295728862285614,-0.0019104999955743551
2023-07-18 11:00:08.882000,-0.19222451746463776,-0.0019086041720584035
2023-07-18 11:02:08.859000,-0.1914985626935959,-0.0018528371583670378
2023-07-18 11:05:08.849000,-0.17754507064819336,-0.0018123938934877515
2023-07-18 11:06:08.859000,-0.1758289933204651,-0.0019188163569197059
2023-07-18 11:07:08.923000,-0.16875781118869781,-0.0017930243629962206
2023-07-18 11:08:08.980000,-0.1633015275001526,-0.0018898717826232314
2023-07-18 11:09:08.859000,-0.19310541450977325,-0.0018335238564759493
2023-07-18 11:11:08.903000,-0.37018752098083496,-0.0018727234564721584
2023-07-18 11:12:09.283000,-0.34238311648368835,-0.0019162105163559318
2023-07-18 11:13:08.855000,-0.18697811663150787,-0.001811761874705553
2023-07-18 11:15:08.845000,-0.12528902292251587,-0.0018420243868604302
2023-07-18 11:17:08.862000,-0.1515159010887146,-0.0019112143199890852
2023-07-18 11:18:08.867000,-0.1507290154695511,-0.0017608333146199584
2023-07-18 11:20:09.442000,-0.1750071942806244,-0.0019198717782273889
2023-07-18 11:21:08.948000,-0.1803036779165268,-0.0018329512095078826
2023-07-18 11:22:08.907000,-0.08901888132095337,-0.0018473478266969323
2023-07-18 11:24:08.921000,-0.20192189514636993,-0.0017676190473139286
2023-07-18 11:25:08.998000,-0.24687398970127106,-0.001858043484389782
2023-07-18 11:27:08.832000,-0.07695656269788742,-0.001901066629216075
2023-07-18 11:28:08.891000,-0.06802526861429214,-0.0018676744075492024
2023-07-18 11:29:08.889000,-0.1415858268737793,-0.001871553249657154
2023-07-18 11:30:08.977000,-0.16920337080955505,-0.0019164145924150944
2023-07-18 11:32:08.934000,-0.20865100622177124,-0.0018551578978076577
2023-07-18 11:34:08.902000,-0.24101513624191284,-0.0018415333470329642
2023-07-18 11:35:08.704000,-0.3455307185649872,-0.0018523888429626822
2023-07-18 11:38:08.871000,-0.22102703154087067,-0.0018912500236183405
2023-07-18 11:39:09.253000,-0.22348277270793915,-0.0019176750211045146
2023-07-18 11:40:08.933000,-0.23524881899356842,-0.001969046425074339
2023-07-18 11:41:08.884000,-0.2503475546836853,-0.001932658487930894
2023-07-18 11:42:08.932000,-0.2391776442527771,-0.0019333242671564221
2023-07-18 11:43:08.806000,-0.2268580198287964,-0.0018939130241051316
2023-07-18 11:44:08.928000,-0.21217262744903564,-0.0019027021480724216
2023-07-18 11:45:08.798000,-0.21393491327762604,-0.0018987179500982165
2023-07-18 11:46:09.307000,-0.2135312706232071,-0.001889837789349258
2023-07-18 11:47:08.809000,-0.19819962978363037,-0.0018996046856045723
2023-07-18 11:48:08.864000,-0.19272634387016296,-0.0019285532180219889
2023-07-18 11:49:08.790000,-0.3757062256336212,-0.0019430731190368533
2023-07-18 11:50:08.891000,-0.41786840558052063,-0.0019032142590731382
2023-07-18 11:51:08.884000,-0.3782282769680023,-0.0019211999606341124
2023-07-18 11:52:09.265000,-0.14103764295578003,-0.0019468443933874369
2023-07-18 11:53:08.897000,-0.13907495141029358,-0.00195944681763649
2023-07-18 11:54:08.932000,-0.1426987200975418,-0.001951666665263474
2023-07-18 11:55:08.896000,-0.1412786990404129,-0.00196704245172441
2023-07-18 11:56:09.223000,-0.1495509296655655,-0.001971146324649453
2023-07-18 11:57:08.869000,-0.17196038365364075,-0.001972833415493369
2023-07-18 11:58:09.269000,-0.20059746503829956,-0.0019350243965163827
2023-07-18 11:59:08.872000,-0.2097238153219223,-0.0018308889120817184
2023-07-18 12:00:08.904000,-0.20512381196022034,-0.0019337825942784548
2023-07-18 12:01:09.414000,-0.11618031561374664,-0.0019481851486489177
2023-07-18 12:02:08.896000,-0.152114138007164,-0.001946822158060968
2023-07-18 12:03:08.965000,-0.28983739018440247,-0.001929977792315185
2023-07-18 12:04:08.839000,-0.282953679561615,-0.0019499511690810323
2023-07-18 12:05:09.332000,-0.15107403695583344,-0.001941025024279952
2023-07-18 12:06:08.911000,-0.14262813329696655,-0.0018848695326596498
2023-07-18 12:07:09.261000,-0.13284333050251007,-0.001940166694112122
2023-07-18 12:08:08.822000,-0.13582827150821686,-0.0019302272703498602
2023-07-18 12:09:08.867000,-0.16219940781593323,-0.00214077509008348
2023-07-18 12:10:08.857000,-0.1930265724658966,-0.001843326142989099
2023-07-18 12:11:08.806000,-0.2004532814025879,-0.0019444042118266225
2023-07-18 12:12:08.868000,-0.2013946771621704,-0.0018581249751150608
2023-07-18 12:13:08.917000,-0.20992223918437958,-0.0019360571168363094
2023-07-18 12:14:08.803000,-0.21005141735076904,-0.0019000263419002295
2023-07-18 12:15:08.661000,-0.3244381546974182,-0.0019567941781133413
2023-07-18 12:16:09.146000,-0.3511556088924408,-0.0018407058669254184
2023-07-18 12:17:08.873000,-0.3212716281414032,-0.0020170356146991253
2023-07-18 12:19:08.948000,-0.10716885328292847,-0.0019297930411994457
2023-07-18 12:20:09.208000,-0.11508788168430328,-0.0017418124480172992
2023-07-18 12:21:08.833000,-0.13034428656101227,-0.001953191589564085
2023-07-18 12:22:08.842000,-0.13179627060890198,-0.0019524749368429184
2023-07-18 12:23:09.182000,-0.12217956781387329,-0.001733574434183538
2023-07-18 12:24:08.918000,-0.12287403643131256,-0.0019503111252561212
2023-07-18 12:25:09.021000,-0.1566050946712494,-0.0019337646663188934
2023-07-18 12:26:08.948000,-0.24817536771297455,-0.0018889111233875155
2023-07-18 12:27:08.802000,-0.3211289346218109,-0.0019724376033991575
2023-07-18 12:29:08.819000,-0.08833882957696915,-0.0019331224029883742
2023-07-18 12:30:08.862000,-0.07498034834861755,-0.0018420243868604302
2023-07-18 12:31:08.887000,-0.06439778208732605,-0.0019455000292509794
2023-07-18 12:32:09.235000,-0.05020584911108017,-0.0019184146076440811
2023-07-18 12:33:08.800000,-0.055963434278964996,-0.0018393635982647538
2023-07-18 12:34:09.266000,-0.11922211945056915,-0.0018696190090849996
2023-07-18 12:35:08.767000,-0.15454363822937012,-0.0018986250506713986
2023-07-18 12:36:08.795000,-0.18864578008651733,-0.0019449583487585187
2023-07-18 12:37:09.248000,-0.23486363887786865,-0.0019424500642344356
2023-07-18 12:38:08.982000,-0.25016969442367554,-0.001872833352535963
2023-07-18 12:39:08.876000,-0.24232594668865204,-0.0018706097034737468
2023-07-18 12:40:09.217000,-0.2958756983280182,-0.0019744616001844406
2023-07-18 12:41:08.774000,-0.37927067279815674,-0.0018557872390374541
2023-07-18 12:42:08.802000,-0.37072503566741943,-0.0019855278078466654
2023-07-18 12:43:08.826000,-0.30915653705596924,-0.00193423917517066
2023-07-18 12:44:08.863000,-0.21352794766426086,-0.001908232574351132
2023-07-18 12:45:08.967000,-0.2264833301305771,-0.0019452156266197562
2023-07-18 12:46:08.829000,-0.22743311524391174,-0.0018885957542806864
2023-07-18 12:47:08.836000,-0.2108897864818573,-0.0018950222292914987
2023-07-18 12:48:08.841000,-0.2116718292236328,-0.001921352930366993
2023-07-18 12:49:08.847000,-0.21222786605358124,-0.001870409119874239
2023-07-18 12:51:08.749000,-0.16104638576507568,-0.0019045853987336159
2023-07-18 12:52:08.837000,-0.14889739453792572,-0.001918717403896153
2023-07-18 12:53:08.762000,-0.1650765985250473,-0.0019331136718392372
2023-07-18 12:54:08.762000,-0.24316036701202393,-0.0019162162207067013
2023-07-18 12:55:08.614000,-0.32333803176879883,-0.0019205333665013313
2023-07-18 12:56:09.228000,-0.3012160360813141,-0.0019186428980901837
2023-07-18 12:57:08.832000,-0.17779281735420227,-0.0019138571806252003
2023-07-18 12:58:08.811000,-0.1883452832698822,-0.0019389302469789982
2023-07-18 12:59:08.844000,-0.21838748455047607,-0.0019339534919708967
2023-07-18 13:00:08.810000,-0.18687857687473297,-0.0019505814416334033
2023-07-18 13:01:08.812000,-0.16522447764873505,-0.0019275101367384195
2023-07-18 13:02:08.844000,-0.1650749295949936,-0.0019372571259737015
2023-07-18 13:03:08.868000,-0.15333391726016998,-0.0019493999425321817
2023-07-18 13:04:08.829000,-0.13671766221523285,-0.001923354109749198
2023-07-18 13:05:08.797000,-0.12382221966981888,-0.0019111220026388764
2023-07-18 13:06:08.776000,-0.11763418465852737,-0.0019151739543303847
2023-07-18 13:07:08.813000,-0.23499706387519836,-0.0018861874705180526
2023-07-18 13:08:08.738000,-0.3057020306587219,-0.0019255217630416155
2023-07-18 13:09:08.796000,-0.33062827587127686,-0.0019297727849334478
2023-07-18 13:10:08.817000,-0.17331920564174652,-0.001922026975080371
2023-07-18 13:11:08.810000,-0.1615753173828125,-0.0019271521596238017
2023-07-18 13:12:08.757000,-0.14997196197509766,-0.0019299188861623406
2023-07-18 13:13:08.754000,-0.15357226133346558,-0.0019280000124126673
2023-07-18 13:14:08.809000,-0.16199687123298645,-0.0019035434816032648
2023-07-18 13:15:08.793000,-0.16481053829193115,-0.0018975000130012631
2023-07-18 13:16:08.742000,-0.20557008683681488,-0.0019204090349376202
2023-07-18 13:17:08.730000,-0.22490088641643524,-0.001930459518916905
2023-07-18 13:19:08.828000,-0.3165510296821594,-0.0019047659588977695
2023-07-18 13:20:08.770000,-0.27430689334869385,-0.00190407142508775
2023-07-18 13:21:08.876000,-0.12210985273122787,-0.0019126046681776643
2023-07-18 13:22:08.804000,-0.12048488110303879,-0.0019050652626901865
2023-07-18 13:23:08.816000,-0.1251750886440277,-0.001908405451104045
2023-07-18 13:24:08.811000,-0.13873058557510376,-0.0018975918646901846
2023-07-18 13:25:08.783000,-0.18433117866516113,-0.0019346249755471945
2023-07-18 13:26:08.826000,-0.19877564907073975,-0.0019513695733621716
2023-07-18 13:27:08.824000,-0.21520116925239563,-0.0018883261363953352
2023-07-18 13:28:08.789000,-0.14667153358459473,-0.001935836742632091
2023-07-18 13:29:08.784000,-0.11681819707155228,-0.0019312045769765973
2023-07-18 13:30:08.836000,-0.11777153611183167,-0.0019492439460009336
2023-07-18 13:31:08.789000,-0.1177430972456932,-0.0018940476002171636
2023-07-18 13:32:08.906000,-0.22251996397972107,-0.0019158138893544674
2023-07-18 13:33:08.701000,-0.29353097081184387,-0.001872644410468638
2023-07-18 13:34:08.694000,-0.25361520051956177,-0.0019009574316442013
2023-07-18 13:35:08.554000,-0.15571185946464539,-0.0019734466914087534
2023-07-18 13:36:08.737000,-0.08702973276376724,-0.001947880955412984
2023-07-18 13:37:09.169000,-0.10803010314702988,-0.001898833317682147
2023-07-18 13:38:08.803000,-0.11263708025217056,-0.0019737291149795055
2023-07-18 13:39:08.929000,-0.1122327521443367,-0.0019666666630655527
2023-07-18 13:40:08.765000,-0.1368435025215149,-0.001968854106962681
2023-07-18 13:41:08.795000,-0.20361734926700592,-0.001998404273763299
2023-07-18 13:42:08.812000,-0.22494079172611237,-0.0020200577564537525
2023-07-18 13:43:08.691000,-0.2196812480688095,-0.0019498085603117943
2023-07-18 13:44:08.836000,-0.21773096919059753,-0.0018911794759333134
2023-07-18 13:45:08.775000,-0.2241157442331314,-0.001956624910235405
2023-07-18 13:46:08.725000,-0.356724351644516,-0.0019071041606366634
2023-07-18 13:47:08.835000,-0.36667850613594055,-0.0019913192372769117
2023-07-18 13:48:08.776000,-0.3177791237831116,-0.0019397500436753035
2023-07-18 13:49:08.705000,-0.24114075303077698,-0.0020312617998570204
2023-07-18 13:50:08.799000,-0.2457653135061264,-0.0019633180927485228
2023-07-18 13:52:08.728000,-0.14426544308662415,-0.001964583294466138
2023-07-18 13:53:08.745000,-0.146237313747406,-0.00197782926261425
2023-07-18 13:54:08.700000,-0.14346440136432648,-0.001968775410205126
2023-07-18 13:55:08.787000,-0.14310544729232788,-0.0019694145303219557
2023-07-18 13:56:08.741000,-0.15869514644145966,-0.0019779778085649014
2023-07-18 13:57:08.667000,-0.17018412053585052,-0.001992615405470133
2023-07-18 13:58:09.164000,-0.24950341880321503,-0.0020145117305219173
2023-07-18 13:59:08.710000,-0.38889074325561523,-0.0019996757619082928
2023-07-18 14:00:08.713000,-0.38846808671951294,-0.0019736040849238634
2023-07-18 14:01:08.701000,-0.2135053277015686,-0.001924511045217514
2023-07-18 14:02:08.804000,-0.15604698657989502,-0.0019915332086384296
2023-07-18 14:03:08.764000,-0.14818920195102692,-0.0018998292507603765
2023-07-18 14:04:08.703000,-0.15810365974903107,-0.001952719991095364
2023-07-18 14:05:08.791000,-0.1656034290790558,-0.0019395318813621998
2023-07-18 14:06:09.102000,-0.16517800092697144,-0.0019843042828142643
2023-07-18 14:07:08.750000,-0.15637314319610596,-0.001984422327950597
2023-07-18 14:08:08.674000,-0.15939053893089294,-0.0019412222318351269
2023-07-18 14:09:08.804000,-0.16367027163505554,-0.001957326428964734
2023-07-18 14:10:08.702000,-0.3604154884815216,-0.0019848537631332874
2023-07-18 14:11:08.789000,-0.32831233739852905,-0.0019356738775968552
2023-07-18 14:12:08.742000,-0.23391535878181458,-0.001984170638024807
2023-07-18 14:13:08.690000,-0.17268036305904388,-0.0019354285905137658
2023-07-18 14:14:09.156000,-0.1735110878944397,-0.0019375475822016597
2023-07-18 14:15:08.538000,-0.16060231626033783,-0.002000347711145878
2023-07-18 14:16:08.748000,-0.1537184715270996,-0.0019808372016996145
2023-07-18 14:17:08.726000,-0.15812039375305176,-0.001958828652277589
2023-07-18 14:18:08.787000,-0.16200342774391174,-0.0020455666817724705
2023-07-18 14:19:09.152000,-0.16374771296977997,-0.0019036111189052463
2023-07-18 14:20:08.733000,-0.18096445500850677,-0.00198519229888916
2023-07-18 14:21:09.110000,-0.2002791315317154,-0.001997800078243017
2023-07-18 14:22:08.744000,-0.2239031195640564,-0.00190400006249547
2023-07-18 14:23:08.702000,-0.21815401315689087,-0.0020322431810200214
2023-07-18 14:24:08.651000,-0.3924213945865631,-0.0018097179709002376
2023-07-18 14:25:08.644000,-0.29490694403648376,-0.001936119981110096
2023-07-18 14:26:08.744000,-0.2838957607746124,-0.001924620009958744
2023-07-18 14:27:08.683000,-0.12102355062961578,-0.0019668221939355135
2023-07-18 14:28:08.675000,-0.13195422291755676,-0.0019415110582485795
2023-07-18 14:29:08.736000,-0.14055505394935608,-0.0019922826904803514
2023-07-18 14:30:08.703000,-0.13728316128253937,-0.0019528461853042245
2023-07-18 14:31:08.741000,-0.13630332052707672,-0.0019558044150471687
2023-07-18 14:32:08.730000,-0.1449788510799408,-0.0019317499827593565
2023-07-18 14:33:08.741000,-0.18553152680397034,-0.0019745000172406435
2023-07-18 14:34:08.690000,-0.20863063633441925,-0.0019848409574478865
2023-07-18 14:35:08.627000,-0.21396762132644653,-0.002041857223957777
2023-07-18 14:36:08.647000,-0.22041232883930206,-0.001957452390342951
2023-07-18 14:37:09.160000,-0.2559143304824829,-0.002033521654084325
2023-07-18 14:38:08.693000,-0.3858100473880768,-0.0019304046873003244
2023-07-18 14:40:08.647000,-0.14029636979103088,-0.00213092309422791
2023-07-18 14:41:08.734000,-0.090854212641716,-0.001966166542842984
2023-07-18 14:42:09.089000,-0.041846033185720444,-0.001972086960449815
2023-07-18 14:43:08.676000,-0.04155368357896805,-0.0019924999214708805
2023-07-18 14:44:09.076000,-0.05636170133948326,-0.0019525127718225121
2023-07-18 14:45:08.683000,-0.06464999914169312,-0.0019714771769940853
2023-07-18 14:46:08.711000,-0.10037103295326233,-0.0019904375076293945
2023-07-18 14:47:08.723000,-0.15105798840522766,-0.0019871951080858707
2023-07-18 14:48:08.706000,-0.1829426884651184,-0.0020051999017596245
2023-07-18 14:49:08.636000,-0.21904665231704712,-0.0021169523242861032
2023-07-18 14:50:08.684000,-0.2605690062046051,-0.002005387796089053
2023-07-18 14:51:08.746000,-0.37271055579185486,-0.001960156951099634
2023-07-18 14:52:08.726000,-0.3377746045589447,-0.0019575750920921564
2023-07-18 14:53:08.769000,-0.22503213584423065,-0.0020409473218023777
2023-07-18 14:54:09.127000,-0.1732524335384369,-0.0019470263505354524
2023-07-18 14:55:08.573000,-0.15890459716320038,-0.001984222326427698
2023-07-18 14:56:08.748000,-0.15435218811035156,-0.0020218912977725267
2023-07-18 14:57:08.725000,-0.15319019556045532,-0.001986999996006489
2023-07-18 14:58:08.694000,-0.16916178166866302,-0.0019386153435334563
2023-07-18 14:59:08.698000,-0.18842828273773193,-0.002001534914597869
2023-07-18 15:00:08.755000,-0.23108506202697754,-0.001987763214856386
2023-07-18 15:01:09.068000,-0.24436993896961212,-0.0020329756662249565
2023-07-18 15:02:08.705000,-0.3402869403362274,-0.0019562651868909597
2023-07-18 15:03:08.850000,-0.3117862939834595,-0.001918609719723463
2023-07-18 15:04:08.709000,-0.16067396104335785,-0.001961716916412115
2023-07-18 15:05:08.690000,-0.14680041372776031,-0.0019203952979296446
2023-07-18 15:06:08.662000,-0.14707686007022858,-0.001952902413904667
2023-07-18 15:07:08.822000,-0.16368398070335388,-0.0019979318603873253
2023-07-18 15:08:08.676000,-0.18531130254268646,-0.001953394617885351
2023-07-18 15:09:09.243000,-0.21018585562705994,-0.0018996739527210593
2023-07-18 15:10:08.667000,-0.2098960429430008,-0.001973414560779929
2023-07-18 15:11:08.655000,-0.1914069950580597,-0.0019874146673828363
2023-07-18 15:12:08.801000,-0.18363969027996063,-0.0019747500773519278
2023-07-18 15:13:08.706000,-0.18472599983215332,-0.002091639908030629
2023-07-18 15:14:08.615000,-0.19224989414215088,-0.00195990689098835
2023-07-18 15:15:08.899000,-0.3133227527141571,-0.001976794796064496
2023-07-18 15:16:08.607000,-0.38321444392204285,-0.0019269773038104177
2023-07-18 15:17:08.609000,-0.36846795678138733,-0.0019758667331188917
2023-07-18 15:19:08.661000,-0.166253462433815,-0.001967976102605462
2023-07-18 15:20:08.599000,-0.1538562774658203,-0.002021488267928362
2023-07-18 15:21:08.633000,-0.15843233466148376,-0.001937326043844223
2023-07-18 15:22:08.697000,-0.18330766260623932,-0.0020135599188506603
2023-07-18 15:23:08.693000,-0.1911352127790451,-0.00204861699603498
2023-07-18 15:24:08.798000,-0.21432873606681824,-0.0020175641402602196
2023-07-18 15:25:08.626000,-0.17381444573402405,-0.001984432339668274
2023-07-18 15:26:08.682000,-0.14647246897220612,-0.0020061281975358725
2023-07-18 15:27:08.623000,-0.13050316274166107,-0.0019770930521190166
2023-07-18 15:28:08.638000,-0.12409760057926178,-0.0019802749156951904
2023-07-18 15:29:08.576000,-0.2737483084201813,-0.001987309427931905
2023-07-18 15:30:08.638000,-0.2801038920879364,-0.001993600046262145
2023-07-18 15:31:08.657000,-0.17242276668548584,-0.0019857273437082767
2023-07-18 15:32:08.575000,-0.14926286041736603,-0.0019866221118718386
2023-07-18 15:33:08.579000,-0.18090079724788666,-0.001987391384318471
2023-07-18 15:34:08.649000,-0.22129882872104645,-0.0020003332756459713
2023-07-18 15:35:08.555000,-0.16651518642902374,-0.002032604767009616
2023-07-18 15:36:08.594000,-0.12544210255146027,-0.0019711842760443687
2023-07-18 15:37:08.595000,-0.12535829842090607,-0.001974466722458601
2023-07-18 15:38:08.680000,-0.12678176164627075,-0.001953260973095894
2023-07-18 15:39:08.692000,-0.1271231770515442,-0.0019718462135642767
2023-07-18 15:40:08.672000,-0.14577843248844147,-0.0019470768747851253
2023-07-18 15:41:08.670000,-0.1981644332408905,-0.00194647500757128
2023-07-18 15:42:08.554000,-0.3489362895488739,-0.0019663332495838404
2023-07-18 15:43:08.559000,-0.3203474283218384,-0.001981809502467513
2023-07-18 15:44:08.739000,-0.22131817042827606,-0.001983176451176405
2023-07-18 15:45:08.664000,-0.14612333476543427,-0.0019895609002560377
2023-07-18 15:46:08.564000,-0.1037374809384346,-0.0019918158650398254
2023-07-18 15:47:08.644000,-0.10209932923316956,-0.0019380244193598628
2023-07-18 15:48:08.603000,-0.11822746694087982,-0.0020179750863462687
2023-07-18 15:49:08.645000,-0.11311619728803635,-0.0019702971912920475
2023-07-18 15:50:08.696000,-0.11777031421661377,-0.0019610929302871227
2023-07-18 15:51:08.646000,-0.12272701412439346,-0.0019516111351549625
2023-07-18 15:52:08.654000,-0.2028341442346573,-0.001998833380639553
2023-07-18 15:53:08.655000,-0.37058162689208984,-0.0020030455198138952
2023-07-18 15:54:08.666000,-0.3889482915401459,-0.0019897446036338806
2023-07-18 15:55:09.029000,-0.23945096135139465,-0.001982297282665968
2023-07-18 15:56:08.582000,-0.25858068466186523,-0.0019553902093321085
2023-07-18 15:57:08.613000,-0.2694390118122101,-0.0018934347899630666
2023-07-18 15:58:08.578000,-0.2718968391418457,-0.0019731249194592237
2023-07-18 15:59:08.725000,-0.18717911839485168,-0.001987236784771085
2023-07-18 16:00:08.649000,-0.14783799648284912,-0.001978888874873519
2023-07-18 16:01:08.551000,-0.13279882073402405,-0.002000377746298909
2023-07-18 16:02:08.627000,-0.133657768368721,-0.0020260245073586702
2023-07-18 16:03:08.707000,-0.13395877182483673,-0.002007934730499983
2023-07-18 16:04:08.611000,-0.15499471127986908,-0.001976895844563842
2023-07-18 16:05:08.566000,-0.15896481275558472,-0.002009419957175851
2023-07-18 16:06:08.583000,-0.31666529178619385,-0.002010087016969919
2023-07-18 16:07:09.048000,-0.3762270212173462,-0.002003365894779563
2023-07-18 16:08:08.684000,-0.3850734829902649,-0.001976375002413988
2023-07-18 16:09:08.588000,-0.2861592769622803,-0.002042320789769292
2023-07-18 16:10:08.582000,-0.223403200507164,-0.002037577796727419
2023-07-18 16:11:09.035000,-0.21412110328674316,-0.0019545946270227432
2023-07-18 16:12:08.620000,-0.22644294798374176,-0.0020823809318244457
2023-07-18 16:13:08.574000,-0.2225874960422516,-0.002047999994829297
2023-07-18 16:15:08.591000,-0.21552686393260956,-0.002051102463155985
2023-07-18 16:16:08.528000,-0.16022199392318726,-0.0019945951644331217
2023-07-18 16:17:08.698000,-0.12442194670438766,-0.0020075454376637936
2023-07-18 16:18:08.573000,-0.12297254800796509,-0.0020151794888079166
2023-07-18 16:19:08.649000,-0.12106821686029434,-0.0019877059385180473
2023-07-18 16:20:08.640000,-0.2704820930957794,-0.0018965416820719838
2023-07-18 16:21:08.527000,-0.3088758587837219,-0.0020215599797666073
2023-07-18 16:22:08.648000,-0.2397131472826004,-0.0019005861831828952
2023-07-18 16:23:08.507000,-0.1604851484298706,-0.0020818484481424093
2023-07-18 16:24:08.538000,-0.18030066788196564,-0.0020086427684873343
2023-07-18 16:25:08.637000,-0.19544203579425812,-0.0020290000829845667
2023-07-18 16:26:08.554000,-0.161245197057724,-0.001961749978363514
2023-07-18 16:27:08.983000,-0.1130070835351944,-0.0019876500591635704
2023-07-18 16:28:08.522000,-0.1350914090871811,-0.0019654545467346907
2023-07-18 16:29:08.652000,-0.12899263203144073,-0.001956622116267681
2023-07-18 16:30:08.574000,-0.1306387037038803,-0.0019890714902430773
2023-07-18 16:31:08.592000,-0.1118786484003067,-0.0019832339603453875
2023-07-18 16:32:08.589000,-0.11163506656885147,-0.0020473094191402197
2023-07-18 16:33:09.081000,-0.2589662969112396,-0.001963268266990781
2023-07-18 16:34:08.613000,-0.3182417154312134,-0.002021647058427334
2023-07-18 16:35:08.551000,-0.33233773708343506,-0.0019976585172116756
2023-07-18 16:36:08.539000,-0.1882164031267166,-0.0020261225290596485
2023-07-18 16:37:08.589000,-0.14644679427146912,-0.002009780379012227
2023-07-18 16:38:08.515000,-0.145363450050354,-0.001923809526488185
2023-07-18 16:39:08.581000,-0.12446088343858719,-0.0019755715038627386
2023-07-18 16:40:08.539000,-0.12245489656925201,-0.001964390277862549
2023-07-18 16:41:08.575000,-0.12738966941833496,-0.0019905250519514084
2023-07-18 16:42:08.982000,-0.13769376277923584,-0.0020317500457167625
2023-07-18 16:43:08.557000,-0.1504732221364975,-0.001987658441066742
2023-07-18 16:44:08.602000,-0.34554553031921387,-0.001999978208914399
2023-07-18 16:45:08.549000,-0.36301085352897644,-0.001978818094357848
2023-07-18 16:46:08.588000,-0.28224438428878784,-0.0019789524376392365
2023-07-18 16:47:08.562000,-0.18062137067317963,-0.0020417673513293266
2023-07-18 16:48:08.581000,-0.1777334213256836,-0.002025487134233117
2023-07-18 16:49:08.537000,-0.16805005073547363,-0.0019809091463685036
2023-07-18 16:50:08.530000,-0.16615203022956848,-0.0019598158542066813
2023-07-18 16:51:08.569000,-0.15059533715248108,-0.001917347777634859
2023-07-18 16:52:08.518000,-0.13108448684215546,-0.0020808998961001635
2023-07-18 16:53:08.545000,-0.1256881058216095,-0.001953384606167674
2023-07-18 16:54:08.555000,-0.13129182159900665,-0.0020328443497419357
2023-07-18 16:55:08.572000,-0.10571831464767456,-0.0019767105113714933
2023-07-18 16:56:08.624000,-0.10757619887590408,-0.001970473676919937
2023-07-18 16:57:08.669000,-0.18246614933013916,-0.0019546905532479286
2023-07-18 16:58:08.580000,-0.3178149461746216,-0.0019625455606728792
2023-07-18 16:59:08.558000,-0.4707856774330139,-0.001957652159035206
2023-07-18 17:00:08.579000,-0.5836990475654602,-0.0019649737514555454
2023-07-18 17:01:08.506000,-0.4871499836444855,-0.00196867436170578
2023-07-18 17:02:08.522000,-0.4927994906902313,-0.0019409573869779706
2023-07-18 17:03:08.594000,-0.47925853729248047,-0.002003052504733205
2023-07-18 17:04:08.613000,-0.48074090480804443,-0.001987829804420471
2023-07-18 17:05:08.528000,-0.4635886251926422,-0.001988349948078394
2023-07-18 17:06:08.471000,-0.4439137876033783,-0.001987250056117773
2023-07-18 17:07:08.625000,-0.4369056820869446,-0.001995558151975274
2023-07-18 17:08:08.566000,-0.4606872797012329,-0.0019711628556251526
2023-07-18 17:09:08.547000,-0.45225781202316284,-0.0019700953271239996
2023-07-18 17:10:08.519000,-0.4519897401332855,-0.001997229177504778
2023-07-18 17:11:08.537000,-0.5047261118888855,-0.001999888801947236
2023-07-18 17:12:08.599000,-0.5486815571784973,-0.001965499948710203
2023-07-18 17:13:08.762000,-0.3932047486305237,-0.0020140488632023335
2023-07-18 17:14:08.673000,-0.21935369074344635,-0.0019639511592686176
2023-07-18 17:15:08.507000,-0.12448470294475555,-0.001950634177774191
2023-07-18 17:16:08.508000,-0.1488332450389862,-0.0019737316761165857
2023-07-18 17:17:08.521000,-0.149661585688591,-0.0019874791614711285
2023-07-18 17:18:08.580000,-0.15092413127422333,-0.001986955525353551
2023-07-18 17:19:08.458000,-0.12551036477088928,-0.0020000231452286243
2023-07-18 17:20:08.572000,-0.13400796055793762,-0.0019904894288629293
2023-07-18 17:21:08.584000,-0.17139631509780884,-0.002020317129790783
2023-07-18 17:22:08.486000,-0.21219399571418762,-0.0020231110975146294
2023-07-18 17:23:08.554000,-0.22211290895938873,-0.0019883171189576387
2023-07-18 17:24:08.474000,-0.4138824939727783,-0.002012217417359352
2023-07-18 17:25:08.486000,-0.4195280969142914,-0.0019131702138110995
2023-07-18 17:26:08.585000,-0.3734641969203949,-0.0019265370210632682
2023-07-18 17:27:08.601000,-0.23806911706924438,-0.0020036743953824043
2023-07-18 17:28:08.624000,-0.2392922043800354,-0.0019778695423156023
2023-07-18 17:29:08.502000,-0.2248734086751938,-0.002009565243497491
2023-07-18 17:30:08.574000,-0.21305011212825775,-0.001988928532227874
2023-07-18 17:31:08.617000,-0.20901435613632202,-0.0019241190748289227
2023-07-18 17:32:08.478000,-0.22760911285877228,-0.0020068571902811527
2023-07-18 17:33:08.584000,-0.22532348334789276,-0.001986348768696189
2023-07-18 17:34:08.922000,-0.23195239901542664,-0.001985531998798251
2023-07-18 17:35:08.456000,-0.35467761754989624,-0.00195040472317487
2023-07-18 17:36:08.545000,-0.37093088030815125,-0.0020043181721121073
2023-07-18 17:37:08.478000,-0.2952594757080078,-0.0019924649968743324
2023-07-18 17:38:08.544000,-0.19311006367206573,-0.002007177798077464
2023-07-18 17:39:08.501000,-0.1892707645893097,-0.001966658513993025
2023-07-18 17:40:08.530000,-0.21300220489501953,-0.002057674340903759
2023-07-18 17:41:08.510000,-0.21435025334358215,-0.002025139518082142
2023-07-18 17:42:08.467000,-0.21016618609428406,-0.0019028157694265246
2023-07-18 17:43:08.568000,-0.18399016559123993,-0.002005933318287134
2023-07-18 17:44:08.564000,-0.18238386511802673,-0.0018717105267569423
2023-07-18 17:45:08.581000,-0.18187351524829865,-0.0019615748897194862
2023-07-18 17:46:08.538000,-0.18199747800827026,-0.001921739079989493
2023-07-18 17:47:08.533000,-0.18756620585918427,-0.0020081389229744673
2023-07-18 17:48:08.564000,-0.2350197285413742,-0.0021029303316026926
2023-07-18 17:49:08.501000,-0.37896835803985596,-0.002038711216300726
2023-07-18 17:50:08.698000,-0.36303555965423584,-0.002040217397734523
2023-07-18 17:51:08.523000,-0.3068925440311432,-0.002009666757658124
2023-07-18 17:52:08.543000,-0.16492661833763123,-0.0019508333643898368
2023-07-18 17:53:08.560000,-0.18034060299396515,-0.0019544523674994707
2023-07-18 17:54:08.464000,-0.20708175003528595,-0.0019447027007117867
2023-07-18 17:55:08.566000,-0.21339017152786255,-0.002030314179137349
2023-07-18 17:57:08.491000,-0.18585681915283203,-0.001995604718104005
2023-07-18 17:58:08.479000,-0.10049083083868027,-0.0019186511635780334
2023-07-18 17:59:08.572000,-0.06282377988100052,-0.0019237659871578217
2023-07-18 18:00:08.426000,-0.061153799295425415,-0.0019360810983926058
2023-07-18 18:01:08.470000,-0.061790864914655685,-0.0019696399103850126
2023-07-18 18:02:08.492000,-0.10278517007827759,-0.002038217382505536
2023-07-18 18:03:08.545000,-0.23904603719711304,-0.002028525108471513
2023-07-18 18:04:08.509000,-0.29642340540885925,-0.0019978685304522514
2023-07-18 18:05:08.528000,-0.20301684737205505,-0.0020198000129312277
2023-07-18 18:06:08.912000,-0.2338407337665558,-0.0019979802891612053
2023-07-18 18:07:08.501000,-0.2462180107831955,-0.001982638379558921
2023-07-18 18:08:08.468000,-0.22784116864204407,-0.0019885743968188763
2023-07-18 18:09:08.513000,-0.16654933989048004,-0.001988111063838005
2023-07-18 18:10:08.528000,-0.15436890721321106,-0.0020009090658277273
2023-07-18 18:11:08.458000,-0.1414652317762375,-0.001964024268090725
2023-07-18 18:12:08.507000,-0.16360382735729218,-0.0019630976021289825
2023-07-18 18:13:08.539000,-0.1664469689130783,-0.0019639760721474886
2023-07-18 18:14:08.584000,-0.174484983086586,-0.0020205641631036997
2023-07-18 18:15:08.495000,-0.25458279252052307,-0.001988048665225506
2023-07-18 18:16:08.422000,-0.3580795228481293,-0.001967386342585087
2023-07-18 18:17:08.588000,-0.3639172911643982,-0.0020014892797917128
2023-07-18 18:18:08.438000,-0.23029804229736328,-0.0019678946118801832
2023-07-18 18:19:08.456000,-0.20279830694198608,-0.0020009486470371485
2023-07-18 18:20:08.419000,-0.22364908456802368,-0.0019948214758187532
2023-07-18 18:21:08.445000,-0.22416920959949493,-0.001951708341948688
2023-07-18 18:22:08.491000,-0.22193489968776703,-0.001990083372220397
2023-07-18 18:23:08.437000,-0.20239293575286865,-0.0019442857010290027
2023-07-18 18:24:08.476000,-0.20114465057849884,-0.0019312631338834763
2023-07-18 18:25:08.451000,-0.19863355159759521,-0.0019795417319983244
2023-07-18 18:26:08.455000,-0.31574511528015137,-0.001933735329657793
2023-07-18 18:27:08.484000,-0.36220020055770874,-0.0019823024049401283
2023-07-18 18:28:08.711000,-0.3454936742782593,-0.0019697630777955055
2023-07-18 18:29:08.414000,-0.2013332098722458,-0.0019762380979955196
2023-07-18 18:30:08.526000,-0.22465695440769196,-0.00197954336181283
2023-07-18 18:31:08.520000,-0.20930516719818115,-0.001972534926608205
2023-07-18 18:32:08.412000,-0.21193721890449524,-0.0019631891045719385
2023-07-18 18:33:08.438000,-0.21090883016586304,-0.001943111070431769
2023-07-18 18:34:08.479000,-0.1388012319803238,-0.0019607499707490206
2023-07-18 18:35:08.707000,-0.1304101198911667,-0.0019566817209124565
2023-07-18 18:36:08.389000,-0.14028440415859222,-0.0020925127901136875
2023-07-18 18:37:08.420000,-0.13436561822891235,-0.002007456496357918
2023-07-18 18:38:08.361000,-0.13257354497909546,-0.001927410252392292
2023-07-18 18:39:08.430000,-0.114070363342762,-0.0018785682041198015
2023-07-18 18:40:08.489000,-0.2778516709804535,-0.002007313771173358
2023-07-18 18:41:08.415000,-0.31951481103897095,-0.002012640004977584
2023-07-18 18:42:08.482000,-0.3458283245563507,-0.0019704285077750683
2023-07-18 18:43:08.417000,-0.22025510668754578,-0.0019424473866820335
2023-07-18 18:44:08.448000,-0.23168784379959106,-0.001994704594835639
2023-07-18 18:45:08.389000,-0.238822802901268,-0.0020389999262988567
2023-07-18 18:46:08.543000,-0.22844083607196808,-0.0019752499647438526
2023-07-18 18:47:08.507000,-0.1994929164648056,-0.002067590830847621
2023-07-18 18:49:08.464000,-0.17926402390003204,-0.0020113778300583363
2023-07-18 18:50:08.389000,-0.16668251156806946,-0.001993658486753702
2023-07-18 18:51:08.506000,-0.11045201867818832,-0.0019807659555226564
2023-07-18 18:52:08.444000,-0.11896221339702606,-0.002052255906164646
2023-07-18 18:53:08.428000,-0.1301344335079193,-0.0019864500500261784
2023-07-18 18:54:08.382000,-0.30375704169273376,-0.002030906965956092
2023-07-18 18:55:08.435000,-0.26625674962997437,-0.0019946000538766384
2023-07-18 18:56:08.494000,-0.13516347110271454,-0.0020149347838014364
2023-07-18 18:57:08.442000,-0.12231476604938507,-0.002036302350461483
2023-07-18 18:58:08.418000,-0.1578194499015808,-0.002044717315584421
2023-07-18 18:59:08.416000,-0.19937288761138916,-0.0020393170416355133
2023-07-18 19:00:08.441000,-0.23514069616794586,-0.002056119032204151
2023-07-18 19:01:08.452000,-0.18144884705543518,-0.001999049913138151
2023-07-18 19:02:08.447000,-0.13984021544456482,-0.0019498649053275585
2023-07-18 19:03:08.405000,-0.08237161487340927,-0.0019490232225507498
2023-07-18 19:04:08.352000,-0.061316367238759995,-0.001978907035663724
2023-07-18 19:05:08.454000,-0.060522500425577164,-0.002026525093242526
2023-07-18 19:06:08.353000,-0.1053939163684845,-0.0019621304236352444
2023-07-18 19:07:08.408000,-0.2585153579711914,-0.001974702114239335
2023-07-18 19:08:08.445000,-0.273325115442276,-0.00210272497497499
2023-07-18 19:09:08.416000,-0.16943061351776123,-0.001955558080226183
2023-07-18 19:11:08.455000,-0.18651220202445984,-0.0019909285474568605
2023-07-18 19:12:08.490000,-0.19832263886928558,-0.0019692557398229837
2023-07-18 19:13:08.474000,-0.203453928232193,-0.0019327691989019513
2023-07-18 19:14:08.340000,-0.22123125195503235,-0.0019367826171219349
2023-07-18 19:15:08.378000,-0.2319495528936386,-0.0020593542139977217
2023-07-18 19:16:08.350000,-0.24483369290828705,-0.001958404667675495
2023-07-18 19:17:08.443000,-0.2849244773387909,-0.0019928445108234882
2023-07-18 19:18:08.423000,-0.389153391122818,-0.0019422683399170637
2023-07-18 19:19:08.446000,-0.3660535216331482,-0.0019813182298094034
2023-07-18 19:20:08.443000,-0.2317841798067093,-0.0020193830132484436
2023-07-18 19:22:08.973000,-0.2343718707561493,-0.0020188181661069393
2023-07-18 19:23:08.396000,-0.17292888462543488,-0.0020248666405677795
2023-07-18 19:24:08.430000,-0.16864454746246338,-0.0020496579818427563
2023-07-18 19:25:08.402000,-0.16689075529575348,-0.00196828949265182
2023-07-18 19:26:08.425000,-0.16104918718338013,-0.0019759023562073708
2023-07-18 19:27:08.328000,-0.14627474546432495,-0.002004473702982068
2023-07-18 19:28:08.417000,-0.1473417729139328,-0.002015571342781186
2023-07-18 19:29:08.471000,-0.16573378443717957,-0.0019919024780392647
2023-07-18 19:30:08.527000,-0.1761913299560547,-0.0019867499358952045
2023-07-18 19:31:08.413000,-0.34538114070892334,-0.00202443590387702
2023-07-18 19:32:08.454000,-0.39383891224861145,-0.002009380841627717
2023-07-18 19:33:08.406000,-0.32285305857658386,-0.0019763477612286806
2023-07-18 19:34:08.837000,-0.21218767762184143,-0.001978302374482155
2023-07-18 19:35:08.783000,-0.14267073571681976,-0.002023795386776328
2023-07-18 19:36:09.455000,-0.14203526079654694,-0.0019953332375735044
2023-07-18 19:37:08.748000,-0.1410101056098938,-0.00201017945073545
2023-07-18 19:38:08.914000,-0.14111652970314026,-0.0020108537282794714
2023-07-18 19:39:08.452000,-0.1652967780828476,-0.0020922122057527304
2023-07-18 19:40:08.776000,-0.183292418718338,-0.0020140500273555517
2023-07-18 19:41:08.426000,-0.19646164774894714,-0.0020565944723784924
2023-07-18 19:42:08.398000,-0.1824982613325119,-0.0019288461189717054
2023-07-18 19:43:08.395000,-0.1580413430929184,-0.001970386365428567
2023-07-18 19:44:08.316000,-0.15310707688331604,-0.0019043999491259456
2023-07-18 19:45:08.352000,-0.3166883587837219,-0.0019949523266404867
2023-07-18 19:46:08.426000,-0.3145921528339386,-0.0019773878157138824
2023-07-18 19:47:08.341000,-0.2140604853630066,-0.0019491304410621524
2023-07-18 19:48:08.349000,-0.18576189875602722,-0.002015224890783429
2023-07-18 19:49:08.372000,-0.17863675951957703,-0.001984157832339406
2023-07-18 19:50:08.316000,-0.17303358018398285,-0.0020339523907750845
2023-07-18 19:51:08.475000,-0.15974844992160797,-0.0020762381609529257
2023-07-18 19:52:08.382000,-0.16308580338954926,-0.001864384626969695
2023-07-18 19:53:08.521000,-0.17535609006881714,-0.002000816399231553
2023-07-18 19:55:08.390000,-0.20917215943336487,-0.0020473250187933445
2023-07-18 19:56:08.339000,-0.22676420211791992,-0.002032733289524913
2023-07-18 19:57:08.308000,-0.15067803859710693,-0.001996857114136219
2023-07-18 19:58:08.410000,-0.3193793296813965,-0.0020155434031039476
2023-07-18 19:59:08.386000,-0.2842640280723572,-0.0019760443828999996
2023-07-18 20:00:08.389000,-0.20584851503372192,-0.0020348913967609406
2023-07-18 20:01:08.430000,-0.12733621895313263,-0.0020099743269383907
2023-07-18 20:02:08.445000,-0.12724563479423523,-0.0019234545761719346
2023-07-18 20:03:08.340000,-0.17131322622299194,-0.0019912500865757465
2023-07-18 20:04:08.345000,-0.18055333197116852,-0.0020676765125244856
2023-07-18 20:05:08.406000,-0.1983957141637802,-0.0020372499711811543
2023-07-18 20:06:08.339000,-0.1890033781528473,-0.0019569736905395985
2023-07-18 20:07:08.359000,-0.1700369268655777,-0.0020589614287018776
2023-07-18 20:08:08.354000,-0.179216668009758,-0.0020931458566337824
2023-07-18 20:09:08.872000,-0.27174386382102966,-0.0019363889005035162
2023-07-18 20:10:08.346000,-0.27908360958099365,-0.001942043425515294
2023-07-18 20:11:08.503000,-0.14950603246688843,-0.002002536552026868
2023-07-18 20:12:08.409000,-0.15067242085933685,-0.0019843478221446276
2023-07-18 20:13:08.406000,-0.08824601769447327,-0.001971404766663909
2023-07-18 20:14:08.306000,-0.07593975216150284,-0.0020087948068976402
2023-07-18 20:15:08.788000,-0.08297896385192871,-0.00196497212164104
2023-07-18 20:16:08.789000,-0.1347864866256714,-0.001972111174836755
2023-07-18 20:17:08.316000,-0.1539994776248932,-0.0019928535912185907
2023-07-18 20:18:08.323000,-0.16137726604938507,-0.001984021160751581
2023-07-18 20:19:08.320000,-0.1774442344903946,-0.0019625250715762377
2023-07-18 20:20:08.374000,-0.2225649207830429,-0.001931513543240726
2023-07-18 20:21:08.427000,-0.2519190013408661,-0.001970272744074464
2023-07-18 20:22:08.369000,-0.36246588826179504,-0.0019922424107789993
2023-07-18 20:23:08.303000,-0.3536818027496338,-0.001958961598575115
2023-07-18 20:24:08.275000,-0.31682127714157104,-0.0019759999122470617
2023-07-18 20:25:08.362000,-0.21555888652801514,-0.0019782939925789833
2023-07-18 20:26:08.343000,-0.15285128355026245,-0.0019870370160788298
2023-07-18 20:27:08.855000,-0.16114355623722076,-0.001956749940291047
2023-07-18 20:28:08.311000,-0.17577967047691345,-0.001963224960491061
2023-07-18 20:29:08.500000,-0.1613302230834961,-0.001969842007383704
2023-07-18 20:30:08.353000,-0.17245079576969147,-0.0019237380474805832
2023-07-18 20:31:08.580000,-0.16424177587032318,-0.0019885250367224216
2023-07-18 20:32:08.302000,-0.17911212146282196,-0.0019408604130148888
2023-07-18 20:33:08.304000,-0.18275102972984314,-0.001966166775673628
2023-07-18 20:34:08.317000,-0.19408968091011047,-0.0019929755944758654
2023-07-18 20:36:08.361000,-0.3705816864967346,-0.001970777753740549
2023-07-18 20:37:08.367000,-0.3895518481731415,-0.001990613527595997
2023-07-18 20:38:08.257000,-0.2763528525829315,-0.0019729998894035816
2023-07-18 20:39:08.280000,-0.19361567497253418,-0.001975621562451124
2023-07-18 20:40:08.256000,-0.19256283342838287,-0.001993022160604596
2023-07-18 20:41:08.364000,-0.18831701576709747,-0.0019565122202038765
2023-07-18 20:42:08.303000,-0.19297096133232117,-0.0019570698495954275
2023-07-18 20:43:08.328000,-0.2224891185760498,-0.0019972820300608873
2023-07-18 20:44:08.280000,-0.24022632837295532,-0.0019813477993011475
2023-07-18 20:45:08.333000,-0.24222926795482635,-0.002080925041809678
2023-07-18 20:46:08.461000,-0.16245244443416595,-0.0020459608640521765
2023-07-18 20:47:08.403000,-0.12240973114967346,-0.001993488287553191
2023-07-18 20:48:08.356000,-0.1144382506608963,-0.0019704001024365425
2023-07-18 20:49:08.275000,-0.26164835691452026,-0.0019990976434201
2023-07-18 20:50:08.354000,-0.2637486755847931,-0.0021300455555319786
2023-07-18 20:51:08.263000,-0.21595211327075958,-0.0019530277932062745
2023-07-18 20:52:08.419000,-0.13813532888889313,-0.002028289483860135
2023-07-18 20:53:08.383000,-0.15977920591831207,-0.0019216571236029267
2023-07-18 20:54:08.291000,-0.1919420212507248,-0.0019684499129652977
2023-07-18 20:55:08.291000,-0.20150421559810638,-0.0020234249532222748
2023-07-18 20:56:08.291000,-0.12402699887752533,-0.0019917499739676714
2023-07-18 20:57:08.280000,-0.12467940151691437,-0.0019814390689134598
2023-07-18 20:58:08.268000,-0.12463594973087311,-0.0019927381072193384
2023-07-18 20:59:08.267000,-0.13201677799224854,-0.001989424927160144
2023-07-18 21:00:08.256000,-0.33139756321907043,-0.0019947111140936613
2023-07-18 21:01:08.306000,-0.3034448027610779,-0.0006774800131097436
2023-07-18 21:02:08.370000,-0.2024679332971573,0.002435804810374975
2023-07-18 21:03:08.398000,-0.1448032259941101,-0.0018926829798147082
2023-07-18 21:04:08.270000,-0.15921401977539062,-0.0019898125901818275
2023-07-18 21:05:08.228000,-0.1700962781906128,-0.0020654499530792236
2023-07-18 21:06:08.315000,-0.1705891489982605,-0.001963675022125244
2023-07-18 21:07:08.318000,-0.1798422485589981,-0.0022669772151857615
2023-07-18 21:08:08.346000,-0.1912214607000351,0.013454729691147804
2023-07-18 21:09:08.306000,-0.18297304213047028,0.012124666944146156
2023-07-18 21:10:08.243000,-0.16929790377616882,0.012989567592740059
2023-07-18 21:11:08.369000,-0.16078387200832367,0.01360735297203064
2023-07-18 21:12:08.321000,-0.1580241620540619,0.012620756402611732
2023-07-18 21:13:08.387000,-0.20704641938209534,0.011422022245824337
2023-07-18 21:14:08.290000,-0.2871551513671875,0.012962444685399532
2023-07-18 21:15:08.299000,-0.2871797978878021,0.01432847324758768
2023-07-18 21:16:08.307000,-0.25935086607933044,0.018286624923348427
2023-07-18 21:17:08.269000,-0.15952686965465546,0.01981436274945736
2023-07-18 21:18:08.220000,-0.1531081348657608,0.020977694541215897
2023-07-18 21:19:08.275000,-0.14269451797008514,0.019993435591459274
2023-07-18 21:20:08.309000,-0.06715209782123566,0.01994466595351696
2023-07-18 21:21:08.289000,-0.12769821286201477,0.021473925560712814
2023-07-18 21:22:08.272000,-0.14933189749717712,0.02226174995303154
2023-07-18 21:23:08.251000,-0.1671404391527176,0.021648500114679337
2023-07-18 21:24:08.351000,-0.1886357069015503,0.02035829983651638
2023-07-18 21:25:08.371000,-0.1968790590763092,0.017784999683499336
2023-07-18 21:26:08.334000,-0.2078045904636383,0.012339920736849308
2023-07-18 21:27:08.317000,-0.21595428884029388,0.009080122224986553
2023-07-18 21:28:08.315000,-0.3953736424446106,0.01093188114464283
2023-07-18 21:29:08.222000,-0.38435375690460205,0.013333125039935112
2023-07-18 21:30:08.254000,-0.24628585577011108,0.014580000191926956
2023-07-18 21:31:08.273000,-0.22979609668254852,0.018781490623950958
2023-07-18 21:32:08.198000,-0.2334163337945938,0.03531166538596153
2023-07-18 21:33:08.298000,-0.23038138449192047,0.048647135496139526
2023-07-18 21:34:08.267000,-0.21765029430389404,0.05503268167376518
2023-07-18 21:35:08.304000,-0.20410536229610443,0.05848364159464836
2023-07-18 21:36:08.272000,-0.15954090654850006,0.06580991297960281
2023-07-18 21:37:08.362000,-0.12622764706611633,0.0713677778840065
2023-07-18 21:38:08.298000,-0.12605039775371552,0.07449358701705933
2023-07-18 21:39:08.357000,-0.13713310658931732,0.06902433186769485
2023-07-18 21:40:08.212000,-0.19118225574493408,0.06645286083221436
2023-07-18 21:41:08.265000,-0.32221269607543945,0.07279004901647568
2023-07-18 21:42:08.244000,-0.32636383175849915,0.11920459568500519
2023-07-18 21:43:08.329000,-0.2362169772386551,0.21232666075229645
2023-07-18 21:44:08.233000,-0.2172403186559677,0.22132670879364014
2023-07-18 21:45:08.173000,-0.2254026234149933,0.22033686935901642
2023-07-18 21:46:08.256000,-0.15437130630016327,0.2110741138458252
2023-07-18 21:47:08.239000,-0.1540910303592682,0.20266197621822357
2023-07-18 21:48:08.213000,-0.16352243721485138,0.19989556074142456
2023-07-18 21:49:08.238000,-0.15616253018379211,0.1895875632762909
2023-07-18 21:50:08.241000,-0.14032384753227234,0.15895356237888336
2023-07-18 21:51:08.376000,-0.1849488615989685,0.1422349214553833
2023-07-18 21:52:08.268000,-0.29415369033813477,0.13977518677711487
2023-07-18 21:53:08.289000,-0.2903900742530823,0.137673482298851
2023-07-18 21:54:08.329000,-0.17993846535682678,0.12857161462306976
2023-07-18 21:55:08.280000,-0.1786123663187027,0.12354792654514313
2023-07-18 21:56:08.251000,-0.13537636399269104,0.11734820902347565
2023-07-18 21:57:08.305000,-0.1361292451620102,0.12105581164360046
2023-07-18 21:58:08.293000,-0.1270865797996521,0.11058453470468521
2023-07-18 21:59:08.308000,-0.1168990358710289,0.0954269990324974
2023-07-18 22:00:08.619000,-0.11842904984951019,0.10386516898870468
2023-07-18 22:01:08.344000,-0.12090743333101273,0.10944312065839767
2023-07-18 22:02:08.158000,-0.1448608636856079,0.10914972424507141
2023-07-18 22:03:08.287000,-0.16066506505012512,0.12273009866476059
2023-07-18 22:04:08.279000,-0.19341148436069489,0.14036999642848969
2023-07-18 22:05:08.205000,-0.28755518794059753,0.1425967961549759
2023-07-18 22:06:08.209000,-0.35987091064453125,0.14176221191883087
2023-07-18 22:07:08.221000,-0.33831673860549927,0.14491426944732666
2023-07-18 22:08:08.289000,-0.24530074000358582,0.185577392578125
2023-07-18 22:09:08.309000,-0.16838005185127258,0.22692546248435974
2023-07-18 22:10:08.232000,-0.16457514464855194,0.25233569741249084
2023-07-18 22:11:08.228000,-0.177479550242424,0.25510311126708984
2023-07-18 22:12:08.300000,-0.188874751329422,0.24176958203315735
2023-07-18 22:13:08.252000,-0.1888946294784546,0.2276816964149475
2023-07-18 22:14:08.236000,-0.17972055077552795,0.227371945977211
2023-07-18 22:15:08.260000,-0.17014823853969574,0.21781280636787415
2023-07-18 22:16:08.162000,-0.17077146470546722,0.22639979422092438
2023-07-18 22:17:08.202000,-0.19644924998283386,0.24932202696800232
2023-07-18 22:18:08.225000,-0.1961595118045807,0.26085448265075684
2023-07-18 22:19:08.209000,-0.2735605239868164,0.25356972217559814
2023-07-18 22:20:08.297000,-0.29193368554115295,0.2210724800825119
2023-07-18 22:21:08.167000,-0.18445783853530884,0.22348004579544067
2023-07-18 22:22:08.328000,-0.07127629965543747,0.24020574986934662
2023-07-18 22:23:08.174000,-0.05917941778898239,0.24953675270080566
2023-07-18 22:24:08.277000,-0.060418467968702316,0.24624338746070862
2023-07-18 22:25:08.189000,-0.06171226501464844,0.2457171380519867
2023-07-18 22:26:08.179000,-0.10086914896965027,0.2724268436431885
2023-07-18 22:27:08.207000,-0.18801115453243256,0.3225579857826233
2023-07-18 22:28:08.247000,-0.23074358701705933,0.35255166888237
2023-07-18 22:29:08.185000,-0.2572519779205322,0.3383325934410095
2023-07-18 22:30:08.225000,-0.19113606214523315,0.23496972024440765
2023-07-18 22:31:08.264000,-0.16531585156917572,0.13323912024497986
2023-07-18 22:32:08.217000,-0.3054490089416504,0.1962912678718567
2023-07-18 22:33:08.237000,-0.2995864152908325,0.2522716522216797
2023-07-18 22:34:08.224000,-0.26451683044433594,0.2820989191532135
2023-07-18 22:35:08.178000,-0.16608870029449463,0.23032213747501373
2023-07-18 22:36:08.309000,-0.17637719213962555,0.2694559395313263
2023-07-18 22:37:08.209000,-0.19855362176895142,0.2887932062149048
2023-07-18 22:38:08.162000,-0.19023659825325012,0.2937266230583191
2023-07-18 22:39:08.298000,-0.1940646767616272,0.3085257112979889
2023-07-18 22:40:08.235000,-0.1873435378074646,0.2822568118572235
2023-07-18 22:41:08.270000,-0.18533813953399658,0.2682676315307617
2023-07-18 22:42:08.294000,-0.18514932692050934,0.25564703345298767
2023-07-18 22:43:08.257000,-0.3577129542827606,0.22585070133209229
2023-07-18 22:44:08.255000,-0.36976736783981323,0.23539012670516968
2023-07-18 22:45:08.222000,-0.30134326219558716,0.25271013379096985
2023-07-18 22:46:08.268000,-0.22420936822891235,0.22272366285324097
2023-07-18 22:47:08.260000,-0.22616852819919586,0.2223581075668335
2023-07-18 22:48:08.217000,-0.19914619624614716,0.25063881278038025
2023-07-18 22:49:08.198000,-0.1390192061662674,0.24224787950515747
2023-07-18 22:50:08.139000,-0.13296763598918915,0.230504110455513
2023-07-18 22:51:08.161000,-0.14566880464553833,0.1813555657863617
2023-07-18 22:52:08.157000,-0.1522425264120102,0.20250304043293
2023-07-18 22:53:08.235000,-0.15395106375217438,0.23452861607074738
2023-07-18 22:54:08.246000,-0.15024667978286743,0.2614351809024811
2023-07-18 22:55:08.253000,-0.17613485455513,0.22443154454231262
2023-07-18 22:56:08.260000,-0.217473566532135,0.18165051937103271
2023-07-18 22:57:08.833000,-0.3882516324520111,0.12958739697933197
2023-07-18 22:58:08.185000,-0.28871241211891174,0.1233738586306572
2023-07-18 22:59:08.183000,-0.27551183104515076,0.14926862716674805
2023-07-18 23:00:08.134000,-0.1309613734483719,0.18613272905349731
2023-07-18 23:01:08.261000,-0.13335008919239044,0.17348335683345795
2023-07-18 23:02:08.118000,-0.11968515068292618,0.19014719128608704
2023-07-18 23:03:08.158000,-0.11475689709186554,0.2496233433485031
2023-07-18 23:04:08.187000,-0.12388879805803299,0.30707409977912903
2023-07-18 23:05:08.171000,-0.1357111930847168,0.2577141225337982
2023-07-18 23:06:08.207000,-0.15380778908729553,0.2876323461532593
2023-07-18 23:07:08.129000,-0.1864318698644638,0.30133435130119324
2023-07-18 23:08:08.155000,-0.19880516827106476,0.31800156831741333
2023-07-18 23:09:08.192000,-0.19166091084480286,0.35438457131385803
2023-07-18 23:10:08.182000,-0.20380033552646637,0.35538312792778015
2023-07-18 23:11:08.124000,-0.3352820575237274,0.29372280836105347
2023-07-18 23:12:08.168000,-0.31825950741767883,0.24173720180988312
2023-07-18 23:13:08.169000,-0.16668695211410522,0.2013164907693863
2023-07-18 23:14:08.176000,-0.1705184429883957,0.1997545212507248
2023-07-18 23:15:08.268000,-0.18823391199111938,0.19323740899562836
2023-07-18 23:16:08.192000,-0.1936745047569275,0.20434440672397614
2023-07-18 23:17:08.122000,-0.19658175110816956,0.23733973503112793
2023-07-18 23:18:08.150000,-0.2028716504573822,0.22294160723686218
2023-07-18 23:19:08.234000,-0.20139938592910767,0.22799496352672577
2023-07-18 23:20:08.233000,-0.20412448048591614,0.25793153047561646
2023-07-18 23:21:08.208000,-0.14908604323863983,0.2698076367378235
2023-07-18 23:22:08.144000,-0.12760011851787567,0.2920437455177307
2023-07-18 23:23:08.186000,-0.1687946617603302,0.2082388550043106
2023-07-18 23:24:08.166000,-0.28310278058052063,0.22793598473072052
2023-07-18 23:25:08.193000,-0.24196483194828033,0.3083660900592804
2023-07-18 23:26:08.272000,-0.12886564433574677,0.39231783151626587
2023-07-18 23:27:08.265000,-0.07863226532936096,0.47688421607017517
2023-07-18 23:28:08.116000,-0.0944036990404129,0.49958041310310364
2023-07-18 23:29:08.210000,-0.12211313098669052,0.4728824198246002
2023-07-18 23:30:08.127000,-0.10732786357402802,0.43309319019317627
2023-07-18 23:31:08.080000,-0.08706163614988327,0.2942001223564148
2023-07-18 23:32:08.185000,-0.14711341261863708,0.3285376727581024
2023-07-18 23:33:08.147000,-0.16397111117839813,0.35694968700408936
2023-07-18 23:34:08.220000,-0.2527790069580078,0.30793267488479614
2023-07-18 23:35:08.177000,-0.3324400782585144,0.31818920373916626
2023-07-18 23:36:08.196000,-0.31669601798057556,0.32530689239501953
2023-07-18 23:37:08.060000,-0.1863398551940918,0.3648322522640228
2023-07-18 23:38:08.072000,-0.1669500321149826,0.3457711338996887
2023-07-18 23:39:08.200000,-0.20529970526695251,0.3709036707878113
2023-07-18 23:40:08.135000,-0.21920590102672577,0.3667847514152527
2023-07-18 23:41:08.143000,-0.21906772255897522,0.4005592167377472
2023-07-18 23:42:08.623000,-0.19915150105953217,0.33435359597206116
2023-07-18 23:43:08.174000,-0.19279339909553528,0.3402673900127411
2023-07-18 23:44:08.163000,-0.1910834014415741,0.3130800426006317
2023-07-18 23:45:08.246000,-0.18182718753814697,0.29094454646110535
2023-07-18 23:46:08.200000,-0.2027347981929779,0.3136492371559143
2023-07-18 23:47:08.173000,-0.23164372146129608,0.3346933424472809
2023-07-18 23:48:08.132000,-0.36705389618873596,0.3528366684913635
2023-07-18 23:49:08.249000,-0.368850976228714,0.30329522490501404
2023-07-18 23:50:08.126000,-0.30917230248451233,0.3018537163734436
2023-07-18 23:51:08.166000,-0.1670355498790741,0.3040435314178467
2023-07-18 23:52:08.190000,-0.13658106327056885,0.3309244215488434
2023-07-18 23:53:08.186000,-0.14181213080883026,0.33784809708595276
2023-07-18 23:54:08.149000,-0.14060050249099731,0.33297792077064514
2023-07-18 23:55:08.154000,-0.18679772317409515,0.36922410130500793
2023-07-18 23:56:08.046000,-0.19463995099067688,0.32909926772117615
2023-07-18 23:57:08.131000,-0.21059907972812653,0.3427203893661499
2023-07-18 23:58:08.268000,-0.1944919377565384,0.3924722969532013
2023-07-18 23:59:08.052000,-0.18823476135730743,0.3275777995586395
2023-07-19 00:00:08.136000,-0.18778657913208008,0.32473400235176086
2023-07-19 00:01:08.146000,-0.1875571310520172,0.34226059913635254
2023-07-19 00:02:08.126000,-0.3559046685695648,0.36018210649490356
2023-07-19 00:03:08.114000,-0.3414957523345947,0.3683047890663147
2023-07-19 00:04:08.122000,-0.21786856651306152,0.35439884662628174
2023-07-19 00:05:08.150000,-0.18371973931789398,0.36421045660972595
2023-07-19 00:06:08.165000,-0.18609707057476044,0.4574867784976959
2023-07-19 00:07:08.139000,-0.18651284277439117,0.5153616666793823
2023-07-19 00:08:08.075000,-0.1916007548570633,0.4586259722709656
2023-07-19 00:09:08.189000,-0.12139429897069931,0.4573898911476135
2023-07-19 00:10:08.071000,-0.10897071659564972,0.45099833607673645
2023-07-19 00:11:08.109000,-0.12725645303726196,0.4592371881008148
2023-07-19 00:12:08.145000,-0.13303729891777039,0.47025585174560547
2023-07-19 00:13:08.059000,-0.13760027289390564,0.47392594814300537
2023-07-19 00:14:08.104000,-0.2180810123682022,0.48591840267181396
2023-07-19 00:15:08.083000,-0.32131800055503845,0.506915271282196
2023-07-19 00:16:08.096000,-0.31926628947257996,0.5430094003677368
2023-07-19 00:17:08.069000,-0.1954338550567627,0.535464882850647
2023-07-19 00:18:08.149000,-0.15590864419937134,0.4588390290737152
2023-07-19 00:19:08.189000,-0.1431845724582672,0.42671558260917664
2023-07-19 00:20:08.031000,-0.14551499485969543,0.4927653670310974
2023-07-19 00:21:08.162000,-0.14704635739326477,0.48646080493927
2023-07-19 00:23:08.069000,-0.12587712705135345,0.4647085964679718
2023-07-19 00:24:08.149000,-0.12634418904781342,0.48349037766456604
2023-07-19 00:25:08.153000,-0.23758161067962646,0.48543235659599304
2023-07-19 00:26:08.208000,-0.3148699104785919,0.45104554295539856
2023-07-19 00:28:08.335000,-0.188757985830307,0.41637444496154785
2023-07-19 00:29:08.202000,-0.14204801619052887,0.41707685589790344
2023-07-19 00:30:08.113000,-0.09514936804771423,0.3945004642009735
2023-07-19 00:32:08.090000,-0.08904818445444107,0.46109047532081604
2023-07-19 00:33:08.231000,-0.11108405143022537,0.4603646695613861
2023-07-19 00:34:08.186000,-0.12463460117578506,0.42416536808013916
2023-07-19 00:35:08.120000,-0.15381167829036713,0.43306130170822144
2023-07-19 00:36:08.388000,-0.13240742683410645,0.4372082054615021
2023-07-19 00:38:08.039000,-0.15656058490276337,0.5040616393089294
2023-07-19 00:39:08.006000,-0.30410245060920715,0.567523181438446
2023-07-19 00:40:08.038000,-0.3393327295780182,0.6259852051734924
2023-07-19 00:42:08.094000,-0.202582448720932,0.6523132920265198
2023-07-19 00:43:08.132000,-0.19144302606582642,0.6663485765457153
2023-07-19 00:44:08.030000,-0.1978394091129303,0.7057337760925293
2023-07-19 00:45:07.995000,-0.21682089567184448,0.726729691028595
2023-07-19 00:46:08.097000,-0.20270410180091858,0.7820407152175903
2023-07-19 00:47:08.130000,-0.2003268301486969,0.8990740776062012
2023-07-19 00:48:08.132000,-0.20015665888786316,0.9687113165855408
2023-07-19 00:50:08.070000,-0.18068216741085052,0.8847239017486572
2023-07-19 00:51:08.056000,-0.20104387402534485,0.9281330704689026
2023-07-19 00:52:08.122000,-0.22032096982002258,0.772480845451355
2023-07-19 00:53:08.074000,-0.38238734006881714,0.6656777858734131
2023-07-19 00:54:08.007000,-0.3837783634662628,0.6071127653121948
2023-07-19 00:55:08.229000,-0.25110486149787903,0.4826924800872803
2023-07-19 00:57:08.033000,-0.14932386577129364,0.37347325682640076
2023-07-19 00:58:08.113000,-0.15099786221981049,0.3759186863899231
2023-07-19 01:01:08.033000,-0.1695089191198349,0.2551102042198181
2023-07-19 01:02:08.015000,-0.17627476155757904,0.23820173740386963
2023-07-19 01:03:07.970000,-0.19936314225196838,0.23196572065353394
2023-07-19 01:05:08.053000,-0.1394277811050415,0.26210951805114746
2023-07-19 01:07:08.095000,-0.31035545468330383,0.2663687467575073
2023-07-19 01:08:08.107000,-0.23484276235103607,0.25044018030166626
2023-07-19 01:09:08.060000,-0.13112770020961761,0.28085872530937195
2023-07-19 01:10:08.125000,-0.10086576640605927,0.31512147188186646
2023-07-19 01:12:08.052000,-0.11979318410158157,0.23746885359287262
2023-07-19 01:16:08.026000,-0.18368986248970032,0.2247454971075058
2023-07-19 01:17:08.060000,-0.3645753264427185,0.3126803934574127
2023-07-19 01:19:08.101000,-0.21559898555278778,0.5021085143089294
2023-07-19 01:20:07.975000,-0.17133350670337677,0.49866044521331787
2023-07-19 01:21:08.060000,-0.18753480911254883,0.41208693385124207
2023-07-19 01:22:08.588000,-0.19188736379146576,0.3389650285243988
2023-07-19 01:23:08.026000,-0.19592159986495972,0.30761006474494934
2023-07-19 01:24:08.003000,-0.14781127870082855,0.2984127104282379
2023-07-19 01:25:08.109000,-0.14522233605384827,0.3023318350315094
2023-07-19 01:26:08.040000,-0.12386111915111542,0.3222128450870514
2023-07-19 01:29:08.133000,-0.1221284493803978,0.3422967493534088
2023-07-19 01:30:08.090000,-0.18706853687763214,0.4398176670074463
2023-07-19 01:33:07.942000,-0.31440335512161255,0.41686752438545227
2023-07-19 01:38:08.032000,-0.1329323947429657,0.4054800570011139
2023-07-19 01:45:08.496000,-0.38181036710739136,0.45534858107566833
2023-07-19 01:49:07.970000,-0.16914290189743042,0.4410683810710907
2023-07-19 01:50:08.128000,-0.1411847025156021,0.5065930485725403
2023-07-19 01:51:07.953000,-0.14278553426265717,0.6315029859542847
2023-07-19 01:52:08.001000,-0.1559866964817047,0.6783534288406372
2023-07-19 01:53:08.275000,-0.17309442162513733,0.5027114748954773
2023-07-19 01:57:07.958000,-0.26319658756256104,0.7658836245536804
2023-07-19 01:58:08.092000,-0.31123197078704834,0.7614337801933289
2023-07-19 01:59:07.989000,-0.30702975392341614,0.8037050366401672
2023-07-19 02:00:07.934000,-0.1461750715970993,0.8541897535324097
2023-07-19 02:01:08.056000,-0.14826259016990662,0.8954957723617554
2023-07-19 02:02:07.960000,-0.16455259919166565,0.9590482711791992
2023-07-19 02:05:07.988000,-0.2115841805934906,1.0616079568862915
2023-07-19 02:06:07.929000,-0.1844611018896103,1.106135368347168
2023-07-19 02:07:08.032000,-0.18319730460643768,1.1683095693588257
2023-07-19 02:12:08.497000,-0.21869266033172607,2.1343207359313965
2023-07-19 02:13:09.012000,-0.14700853824615479,1.584963321685791
2023-07-19 02:21:08.002000,-0.21675421297550201,1.6124211549758911
2023-07-19 02:22:07.975000,-0.33148643374443054,1.0385375022888184
2023-07-19 02:23:08.011000,-0.29805970191955566,1.0006330013275146
2023-07-19 02:24:08.001000,-0.27761828899383545,1.0261008739471436
2023-07-19 02:26:07.998000,-0.12263739854097366,0.908602237701416
2023-07-19 02:27:08.071000,-0.14336928725242615,0.9060559272766113
2023-07-19 02:30:07.930000,-0.13821275532245636,0.767728328704834
2023-07-19 02:31:08.323000,-0.15841974318027496,0.894340455532074
2023-07-19 02:33:07.940000,-0.166727676987648,0.9720615148544312
2023-07-19 02:34:07.955000,-0.17164325714111328,0.9742125868797302
2023-07-19 02:35:07.960000,-0.25736600160598755,0.9882277846336365
2023-07-19 02:38:08.278000,-0.17397324740886688,1.0655161142349243
2023-07-19 02:40:07.955000,-0.1090221181511879,1.0463368892669678
2023-07-19 02:41:07.945000,-0.10483379662036896,1.1953973770141602
2023-07-19 02:43:07.960000,-0.16022029519081116,1.5503519773483276
2023-07-19 02:45:07.977000,-0.11726699769496918,1.7050074338912964
2023-07-19 02:46:08.014000,-0.09818284958600998,1.9548195600509644
2023-07-19 02:50:07.977000,-0.32712358236312866,1.8678256273269653
2023-07-19 02:51:07.932000,-0.21869505941867828,1.28857421875
2023-07-19 02:52:07.939000,-0.2120840698480606,1.351718544960022
2023-07-19 02:53:08.067000,-0.21095313131809235,1.681349277496338
2023-07-19 02:54:07.940000,-0.22007876634597778,1.6823116540908813
2023-07-19 02:59:07.862000,-0.2550807297229767,1.5244064331054688
2023-07-19 03:00:07.865000,-0.33613911271095276,1.755081295967102
2023-07-19 03:01:07.959000,-0.3161948621273041,1.4175986051559448
2023-07-19 03:02:07.914000,-0.16504913568496704,1.1382509469985962
2023-07-19 03:04:07.971000,-0.18918538093566895,1.1406428813934326
2023-07-19 03:05:07.921000,-0.1899518221616745,1.160703420639038
2023-07-19 03:06:07.885000,-0.1922430843114853,1.1542513370513916
2023-07-19 03:07:07.921000,-0.2186124175786972,1.1136138439178467
2023-07-19 03:08:07.956000,-0.2117472141981125,1.2029173374176025
2023-07-19 03:09:07.864000,-0.20012672245502472,1.1966289281845093
2023-07-19 03:10:07.917000,-0.17132273316383362,0.8940213322639465
2023-07-19 03:11:07.995000,-0.17309050261974335,0.895577073097229
2023-07-19 03:12:07.934000,-0.1749039590358734,1.036474347114563
2023-07-19 03:13:07.896000,-0.3120764195919037,0.9850472807884216
2023-07-19 03:14:07.900000,-0.35605722665786743,0.8927703499794006
2023-07-19 03:15:07.921000,-0.37132275104522705,0.9200382828712463
2023-07-19 03:16:07.903000,-0.28906959295272827,1.0767842531204224
2023-07-19 03:17:07.969000,-0.22424432635307312,1.0816879272460938
2023-07-19 03:18:07.986000,-0.19826854765415192,1.0788865089416504
2023-07-19 03:20:07.864000,-0.1114530861377716,1.1118593215942383
2023-07-19 03:21:07.884000,-0.11310435086488724,1.0648877620697021
2023-07-19 03:22:08.003000,-0.11596439778804779,1.0955207347869873
2023-07-19 03:23:07.935000,-0.13773761689662933,1.1394388675689697
2023-07-19 03:25:07.919000,-0.14737147092819214,1.2479491233825684
2023-07-19 03:26:07.872000,-0.15059012174606323,1.4020216464996338
2023-07-19 03:27:07.893000,-0.29840728640556335,1.137664556503296
2023-07-19 03:28:07.880000,-0.3328436613082886,1.016217827796936
2023-07-19 03:29:07.886000,-0.23994983732700348,1.0836942195892334
2023-07-19 03:30:07.892000,-0.15680013597011566,1.3710726499557495
2023-07-19 03:32:07.864000,-0.19371411204338074,2.4138264656066895
2023-07-19 03:33:07.884000,-0.2006552815437317,2.3821821212768555
2023-07-19 03:35:07.899000,-0.159433051943779,2.4288907051086426
2023-07-19 03:37:07.847000,-0.1274581402540207,2.127786159515381
2023-07-19 03:39:07.860000,-0.1499495655298233,2.1203722953796387
2023-07-19 03:40:07.885000,-0.26282405853271484,2.1255359649658203
2023-07-19 03:41:07.862000,-0.3266766667366028,2.273975133895874
2023-07-19 03:42:07.823000,-0.3025877773761749,2.5108654499053955
2023-07-19 03:43:07.946000,-0.17891812324523926,2.7124216556549072
2023-07-19 03:44:08.414000,-0.14020225405693054,2.7115225791931152
2023-07-19 03:45:07.868000,-0.061068400740623474,2.116217851638794
2023-07-19 03:47:07.924000,-0.08592429757118225,2.8850345611572266
2023-07-19 03:48:07.918000,-0.08570321649312973,2.471250534057617
2023-07-19 03:50:07.911000,-0.051375117152929306,1.8979984521865845
2023-07-19 03:51:07.873000,-0.2976894974708557,1.8747156858444214
2023-07-19 03:52:07.942000,-0.31634682416915894,1.8361200094223022
2023-07-19 03:53:07.917000,-0.2382921576499939,1.2828378677368164
2023-07-19 03:54:07.863000,-0.2055504322052002,1.0527907609939575
2023-07-19 03:55:07.835000,-0.23796598613262177,0.8523741364479065
2023-07-19 03:56:07.798000,-0.23957544565200806,0.8064881563186646
2023-07-19 03:58:07.819000,-0.1916889250278473,0.8403834104537964
2023-07-19 03:59:07.855000,-0.19542498886585236,0.822902262210846
2023-07-19 04:00:07.900000,-0.19893339276313782,0.7723075151443481
2023-07-19 04:01:07.922000,-0.1984739452600479,0.7391518950462341
2023-07-19 04:02:07.909000,-0.2042057067155838,0.720024585723877
2023-07-19 04:03:07.908000,-0.23071861267089844,0.6911608576774597
2023-07-19 04:04:07.882000,-0.3239825665950775,0.6750147938728333
2023-07-19 04:05:07.906000,-0.41717734932899475,0.6792652606964111
2023-07-19 04:06:07.950000,-0.38813215494155884,0.6863542199134827
2023-07-19 04:07:07.970000,-0.2274531126022339,0.7105841636657715
2023-07-19 04:08:07.822000,-0.1452929973602295,0.7199023962020874
2023-07-19 04:09:07.835000,-0.14316776394844055,0.7244805693626404
2023-07-19 04:10:07.812000,-0.140724778175354,0.7809075117111206
2023-07-19 04:11:07.800000,-0.16061633825302124,0.8001037240028381
2023-07-19 04:12:07.812000,-0.16889099776744843,0.6912953853607178
2023-07-19 04:13:07.804000,-0.1760793924331665,0.6225286722183228
2023-07-19 04:14:07.799000,-0.1709287315607071,0.6108630895614624
2023-07-19 04:15:07.865000,-0.21375879645347595,0.6002241373062134
2023-07-19 04:16:07.917000,-0.17993800342082977,0.6067484617233276
2023-07-19 04:17:07.826000,-0.14062431454658508,0.6443320512771606
2023-07-19 04:18:07.873000,-0.2760434150695801,0.7033976912498474
2023-07-19 04:19:07.773000,-0.32620322704315186,0.8128349184989929
2023-07-19 04:20:07.648000,-0.254237562417984,0.9455310702323914
2023-07-19 04:21:07.845000,-0.15271705389022827,1.0624045133590698
2023-07-19 04:22:07.814000,-0.126312255859375,1.1957606077194214
2023-07-19 04:23:07.873000,-0.13352151215076447,1.2357795238494873
2023-07-19 04:24:07.845000,-0.13059349358081818,1.3994508981704712
2023-07-19 04:25:07.814000,-0.15269479155540466,1.269144892692566
2023-07-19 04:26:07.827000,-0.16486938297748566,1.2074874639511108
2023-07-19 04:27:07.871000,-0.17980608344078064,1.0210176706314087
2023-07-19 04:28:07.886000,-0.181118905544281,0.8712813854217529
2023-07-19 04:29:07.850000,-0.17359332740306854,0.8435894250869751
2023-07-19 04:30:07.884000,-0.1475936472415924,0.8213295340538025
2023-07-19 04:31:07.861000,-0.33242174983024597,0.8113619685173035
2023-07-19 04:33:07.985000,-0.22973428666591644,0.6664152145385742
2023-07-19 04:34:07.823000,-0.16447950899600983,0.632952094078064
2023-07-19 04:35:07.839000,-0.18831461668014526,0.6840128898620605
2023-07-19 04:36:07.814000,-0.18830575048923492,0.8182223439216614
2023-07-19 04:37:07.836000,-0.1810479462146759,0.9395982027053833
2023-07-19 04:38:07.840000,-0.18692851066589355,1.0790128707885742
2023-07-19 04:39:07.807000,-0.20191684365272522,1.1252456903457642
2023-07-19 04:40:07.865000,-0.20310328900814056,0.9901342391967773
2023-07-19 04:42:07.845000,-0.3133723735809326,1.0762938261032104
2023-07-19 04:43:07.850000,-0.3132871091365814,1.1376590728759766
2023-07-19 04:44:07.744000,-0.20918133854866028,1.149573564529419
2023-07-19 04:45:07.822000,-0.14114771783351898,1.3451288938522339
2023-07-19 04:46:07.846000,-0.12867066264152527,1.1825178861618042
2023-07-19 04:47:07.881000,-0.12738190591335297,1.143731713294983
2023-07-19 04:48:08.059000,-0.13182879984378815,1.195773720741272
2023-07-19 04:50:07.768000,-0.13617393374443054,1.3934330940246582
2023-07-19 04:51:07.749000,-0.10078039765357971,1.2585300207138062
2023-07-19 04:53:07.849000,-0.06581296771764755,0.9353784322738647
2023-07-19 04:54:07.834000,-0.05192194879055023,1.1477702856063843
2023-07-19 04:55:07.818000,-0.15366725623607635,1.3951750993728638
2023-07-19 04:56:07.788000,-0.30912086367607117,1.3010436296463013
2023-07-19 04:58:07.796000,-0.28339487314224243,1.4169409275054932
2023-07-19 04:59:07.865000,-0.21713992953300476,1.4813334941864014
2023-07-19 05:01:07.781000,-0.23379233479499817,1.4904569387435913
2023-07-19 05:03:07.745000,-0.1896289587020874,1.6604061126708984
2023-07-19 05:05:08.411000,-0.19264109432697296,1.7848182916641235
2023-07-19 05:07:07.847000,-0.2212093472480774,0.9473502039909363
2023-07-19 05:08:07.796000,-0.24396400153636932,0.9942400455474854
2023-07-19 05:09:07.780000,-0.3285997211933136,1.0296134948730469
2023-07-19 05:10:07.899000,-0.3747299313545227,1.2201118469238281
2023-07-19 05:11:07.835000,-0.25240129232406616,1.326703667640686
2023-07-19 05:12:07.744000,-0.13678337633609772,0.9795073866844177
2023-07-19 05:13:07.717000,-0.13623447716236115,0.8222740292549133
2023-07-19 05:14:07.757000,-0.14545658230781555,0.760802686214447
2023-07-19 05:15:07.768000,-0.17268960177898407,0.8269656300544739
2023-07-19 05:16:07.774000,-0.1772615760564804,0.982789158821106
2023-07-19 05:17:07.807000,-0.16723160445690155,0.9917494058609009
2023-07-19 05:18:07.769000,-0.1704588681459427,1.1017423868179321
2023-07-19 05:19:07.761000,-0.20223921537399292,0.9519592523574829
2023-07-19 05:20:07.705000,-0.2224896401166916,0.8071432709693909
2023-07-19 05:21:07.766000,-0.15352950990200043,0.6985225081443787
2023-07-19 05:22:07.819000,-0.2691059410572052,0.7085191011428833
2023-07-19 05:23:07.852000,-0.32885608077049255,0.8152723908424377
2023-07-19 05:24:07.903000,-0.3174845576286316,0.7564915418624878
2023-07-19 05:25:07.847000,-0.1529814600944519,0.5933155417442322
2023-07-19 05:26:07.811000,-0.13367964327335358,0.48979926109313965
2023-07-19 05:27:07.753000,-0.1247907355427742,0.4651517868041992
2023-07-19 05:28:07.835000,-0.13630762696266174,0.4907379448413849
2023-07-19 05:29:07.729000,-0.1446426957845688,0.5234403610229492
2023-07-19 05:30:07.761000,-0.16437901556491852,0.5344901084899902
2023-07-19 05:31:07.777000,-0.1792587786912918,0.6163197159767151
2023-07-19 05:32:07.838000,-0.1787615716457367,0.8827914595603943
2023-07-19 05:33:07.761000,-0.301866739988327,1.874979019165039
2023-07-19 05:34:07.713000,-0.3236234486103058,2.545271158218384
2023-07-19 05:35:07.805000,-0.27771487832069397,2.1479485034942627
2023-07-19 05:36:07.891000,-0.17268341779708862,1.939777135848999
2023-07-19 05:37:07.813000,-0.17423638701438904,1.4743834733963013
2023-07-19 05:39:07.802000,-0.19022615253925323,1.2158867120742798
2023-07-19 05:40:07.568000,-0.2146645188331604,0.8690261244773865
2023-07-19 05:43:07.811000,-0.1569807231426239,0.986089825630188
2023-07-19 05:44:07.711000,-0.1253373622894287,0.96633380651474
2023-07-19 05:45:07.761000,-0.12549515068531036,0.9131614565849304
2023-07-19 05:46:07.799000,-0.1357579231262207,0.9285477995872498
2023-07-19 05:47:07.698000,-0.339751660823822,1.128171443939209
2023-07-19 05:48:07.722000,-0.3238922953605652,1.2575221061706543
2023-07-19 05:49:07.714000,-0.31489530205726624,1.0776044130325317
2023-07-19 05:50:07.748000,-0.1639612764120102,0.945278525352478
2023-07-19 05:54:07.757000,-0.06292038410902023,0.7826690673828125
2023-07-19 05:55:07.737000,-0.08501750230789185,0.8062152862548828
2023-07-19 05:57:07.799000,-0.07328979671001434,0.9455831050872803
2023-07-19 05:58:07.892000,-0.06233936548233032,1.136231780052185
2023-07-19 06:01:07.729000,-0.35362768173217773,1.6156904697418213
2023-07-19 06:03:07.900000,-0.24144846200942993,1.1456159353256226
2023-07-19 06:04:07.749000,-0.23357243835926056,1.2928920984268188
2023-07-19 06:05:07.729000,-0.2267051488161087,1.329697608947754
2023-07-19 06:06:07.808000,-0.21191300451755524,1.3032104969024658
2023-07-19 06:09:07.769000,-0.22042988240718842,1.0940139293670654
2023-07-19 06:12:07.709000,-0.24112574756145477,1.0129486322402954
2023-07-19 06:13:07.747000,-0.22406220436096191,0.9783602952957153
2023-07-19 06:17:07.702000,-0.21095117926597595,1.0218631029129028
2023-07-19 06:20:07.732000,-0.23010046780109406,1.2122482061386108
2023-07-19 06:21:07.729000,-0.2321685552597046,1.0632238388061523
2023-07-19 06:22:07.742000,-0.22957932949066162,1.0602357387542725
2023-07-19 06:24:07.780000,-0.22763516008853912,1.5655571222305298
2023-07-19 06:25:07.792000,-0.31451576948165894,1.9681155681610107
2023-07-19 06:26:07.783000,-0.3045186400413513,1.9359219074249268
2023-07-19 06:27:07.729000,-0.16600346565246582,1.7037122249603271
2023-07-19 06:28:07.678000,-0.16600516438484192,1.7588260173797607
2023-07-19 06:30:07.756000,-0.1661858856678009,0.9855589866638184
2023-07-19 06:32:07.719000,-0.1587725132703781,1.054828405380249
2023-07-19 06:42:07.674000,-0.1830204725265503,1.6239959001541138
2023-07-19 06:43:07.748000,-0.19158002734184265,1.8845068216323853
2023-07-19 06:45:07.715000,-0.17047718167304993,1.7958115339279175
2023-07-19 06:46:07.664000,-0.16125142574310303,1.7794629335403442
2023-07-19 06:47:07.642000,-0.1876274198293686,1.3241686820983887
2023-07-19 06:48:07.730000,-0.19867384433746338,1.044771671295166
2023-07-19 06:49:07.637000,-0.1892852932214737,1.0229896306991577
2023-07-19 06:50:07.713000,-0.13159383833408356,1.2750200033187866
2023-07-19 06:51:07.694000,-0.16731689870357513,1.4936639070510864
2023-07-19 06:52:07.801000,-0.3196541666984558,1.2394734621047974
2023-07-19 06:53:07.665000,-0.28510698676109314,0.925552248954773
2023-07-19 06:54:07.631000,-0.13676266372203827,0.7432626485824585
2023-07-19 06:55:07.494000,-0.1269800215959549,0.5930137634277344
2023-07-19 06:56:07.649000,-0.15789218246936798,0.6409611701965332
2023-07-19 06:57:07.744000,-0.16304728388786316,0.653658390045166
2023-07-19 06:58:07.765000,-0.16760900616645813,0.7002077698707581
2023-07-19 06:59:07.751000,-0.11092524975538254,0.6296737790107727
2023-07-19 07:00:07.769000,-0.11434073001146317,0.5836828351020813
2023-07-19 07:03:07.736000,-0.12243683636188507,0.9428279399871826
2023-07-19 07:04:08.357000,-0.13143044710159302,0.9438449740409851
2023-07-19 07:07:07.768000,-0.34604892134666443,0.765922486782074
2023-07-19 07:08:07.688000,-0.2559627592563629,1.0520391464233398
2023-07-19 07:09:07.726000,-0.24814637005329132,0.8834040760993958
2023-07-19 07:10:07.624000,-0.23733842372894287,0.7156683802604675
2023-07-19 07:11:07.678000,-0.2291695773601532,0.735499918460846
2023-07-19 07:12:07.665000,-0.2090340256690979,0.837759256362915
2023-07-19 07:14:07.712000,-0.2323470562696457,1.5918484926223755
2023-07-19 07:15:07.650000,-0.3394535481929779,1.5671526193618774
2023-07-19 07:16:07.647000,-0.4237631857395172,1.509926199913025
2023-07-19 07:17:07.743000,-0.37733909487724304,1.5054931640625
2023-07-19 07:18:07.751000,-0.24039414525032043,1.5391607284545898
2023-07-19 07:20:07.634000,-0.2521289885044098,1.4332753419876099
2023-07-19 07:21:08.282000,-0.24094846844673157,1.488669514656067
2023-07-19 07:22:07.682000,-0.1968313306570053,1.4780172109603882
2023-07-19 07:23:07.590000,-0.20715691149234772,1.4976224899291992
2023-07-19 07:24:07.708000,-0.20723195374011993,1.5038236379623413
2023-07-19 07:26:07.940000,-0.17005915939807892,1.4482452869415283
2023-07-19 07:27:07.724000,-0.17539508640766144,1.4324450492858887
2023-07-19 07:30:08.055000,-0.5587370991706848,1.3697600364685059
2023-07-19 07:32:07.595000,-0.3089626729488373,1.3287500143051147
2023-07-19 07:33:07.657000,-0.2931170165538788,1.319429874420166
2023-07-19 07:34:07.591000,-0.28667864203453064,1.3077422380447388
2023-07-19 07:40:07.701000,-0.3638257682323456,1.2450052499771118
2023-07-19 07:44:07.736000,-0.46694913506507874,1.2418354749679565
2023-07-19 07:45:07.603000,-0.3355160057544708,1.1997781991958618
2023-07-19 07:47:07.687000,-0.39121437072753906,1.1518727540969849
2023-07-19 07:48:07.675000,-0.39472442865371704,1.131165862083435
2023-07-19 07:49:07.679000,-0.3232666552066803,1.1180808544158936
2023-07-19 07:50:07.641000,-0.2894432842731476,1.129296898841858
2023-07-19 07:52:07.671000,-0.20445969700813293,1.1196879148483276
2023-07-19 07:54:07.764000,-0.20643329620361328,1.0967198610305786
2023-07-19 07:55:07.697000,-0.39154568314552307,1.0824559926986694
2023-07-19 07:56:07.572000,-0.3935216963291168,1.081050157546997
2023-07-19 07:57:07.625000,-0.2563844323158264,1.0704654455184937
2023-07-19 07:58:07.685000,-0.13775283098220825,1.0627918243408203
2023-07-19 07:59:07.692000,-0.14464500546455383,1.0349804162979126
2023-07-19 08:01:07.638000,-0.1332249790430069,1.0205304622650146
2023-07-19 08:02:07.961000,-0.14977994561195374,1.0228203535079956
2023-07-19 08:03:07.636000,-0.15608623623847961,1.024293303489685
2023-07-19 08:05:07.932000,-0.13268212974071503,1.0236378908157349
2023-07-19 08:07:07.752000,-0.3185886740684509,0.988021194934845
2023-07-19 08:08:07.630000,-0.33441784977912903,0.9679036140441895
2023-07-19 08:10:07.667000,-0.2576844096183777,0.8550503253936768
2023-07-19 08:11:07.585000,-0.22763049602508545,0.8159118890762329
2023-07-19 08:12:07.580000,-0.22637739777565002,0.8307622671127319
2023-07-19 08:13:07.672000,-0.21577924489974976,0.8532987833023071
2023-07-19 08:15:07.901000,-0.21668070554733276,0.8443160057067871
2023-07-19 08:16:07.782000,-0.23935741186141968,0.948872983455658
2023-07-19 08:18:07.660000,-0.3047540783882141,0.920307457447052
2023-07-19 08:19:07.620000,-0.40987271070480347,0.9085181951522827
2023-07-19 08:20:07.604000,-0.4170353412628174,0.7173523306846619
2023-07-19 08:21:07.538000,-0.3875444829463959,0.6529880166053772
2023-07-19 08:22:07.620000,-0.2929501235485077,0.5916305184364319
2023-07-19 08:23:07.619000,-0.21405018866062164,0.4608134925365448
2023-07-19 08:24:07.535000,-0.2130851000547409,0.4316355884075165
2023-07-19 08:25:07.641000,-0.2135254591703415,0.4154531955718994
2023-07-19 08:26:07.618000,-0.23644019663333893,0.3725619614124298
2023-07-19 08:28:07.582000,-0.27198970317840576,0.3189365267753601
2023-07-19 08:29:07.579000,-0.26065653562545776,0.3600996434688568
2023-07-19 08:30:07.611000,-0.2451273649930954,0.39214974641799927
2023-07-19 08:31:07.573000,-0.24061088263988495,0.4288904666900635
2023-07-19 08:32:07.900000,-0.23816154897212982,0.45680326223373413
2023-07-19 08:33:07.643000,-0.3875437080860138,0.43716827034950256
2023-07-19 08:37:07.639000,-0.24440787732601166,0.3479686975479126
2023-07-19 08:38:07.592000,-0.17829947173595428,0.3405577540397644
2023-07-19 08:39:07.589000,-0.14428068697452545,0.34593313932418823
2023-07-19 08:40:07.671000,-0.12349963188171387,0.39004790782928467
2023-07-19 08:41:07.647000,-0.11804021894931793,0.4214566648006439
2023-07-19 08:42:07.524000,-0.13720770180225372,0.45038703083992004
2023-07-19 08:43:07.587000,-0.1418989598751068,0.47765421867370605
2023-07-19 08:45:07.383000,-0.17014937102794647,0.5245721340179443
2023-07-19 08:46:07.599000,-0.34896162152290344,0.5250694155693054
2023-07-19 08:48:07.636000,-0.29380688071250916,0.3676339089870453
2023-07-19 08:49:07.594000,-0.16386361420154572,0.30408820509910583
2023-07-19 08:50:07.622000,-0.17748701572418213,0.31492525339126587
2023-07-19 08:51:07.553000,-0.18704451620578766,0.31304728984832764
2023-07-19 08:52:07.533000,-0.19204097986221313,0.3241836428642273
2023-07-19 08:54:07.666000,-0.19139330089092255,0.3506193459033966
2023-07-19 08:56:07.596000,-0.2387799322605133,0.3578304350376129
2023-07-19 08:57:07.604000,-0.4154868423938751,0.34466037154197693
2023-07-19 08:59:07.595000,-0.31665217876434326,0.2817622423171997
2023-07-19 09:01:07.589000,-0.2337038815021515,0.34456536173820496
2023-07-19 09:02:07.592000,-0.22995446622371674,0.38506433367729187
2023-07-19 09:03:07.811000,-0.22991864383220673,0.4000912308692932
2023-07-19 09:04:07.560000,-0.22946171462535858,0.39915475249290466
2023-07-19 09:05:07.506000,-0.22835643589496613,0.38082003593444824
2023-07-19 09:06:07.565000,-0.24352587759494781,0.3450378477573395
2023-07-19 09:07:07.515000,-0.2597803771495819,0.30309030413627625
2023-07-19 09:08:07.634000,-0.2739284038543701,0.25637170672416687
2023-07-19 09:09:07.551000,-0.25699323415756226,0.2357594072818756
2023-07-19 09:10:07.562000,-0.27059096097946167,0.22782766819000244
2023-07-19 09:11:07.556000,-0.35009023547172546,0.20955784618854523
2023-07-19 09:12:07.542000,-0.33921605348587036,0.20932655036449432
2023-07-19 09:13:08.119000,-0.3208109140396118,0.23896294832229614
2023-07-19 09:15:07.595000,-0.1967836171388626,0.2551564872264862
2023-07-19 09:16:07.507000,-0.19949734210968018,0.2536396086215973
2023-07-19 09:17:07.508000,-0.21286234259605408,0.25307807326316833
2023-07-19 09:18:07.548000,-0.2266889363527298,0.25962400436401367
2023-07-19 09:19:07.619000,-0.2499113380908966,0.25896283984184265
2023-07-19 09:20:07.489000,-0.1863713562488556,0.2596413195133209
2023-07-19 09:21:07.578000,-0.16609527170658112,0.25698891282081604
2023-07-19 09:22:07.560000,-0.1898171603679657,0.25173911452293396
2023-07-19 09:23:07.619000,-0.15930265188217163,0.24161924421787262
2023-07-19 09:24:07.587000,-0.10436968505382538,0.2372470498085022
2023-07-19 09:25:07.338000,-0.2412738800048828,0.2370816171169281
2023-07-19 09:26:07.615000,-0.2210925966501236,0.2355581670999527
2023-07-19 09:27:07.650000,-0.111190065741539,0.23131485283374786
2023-07-19 09:28:07.604000,-0.0881849154829979,0.22531229257583618
2023-07-19 09:29:07.580000,-0.10462389886379242,0.22048316895961761
2023-07-19 09:30:07.607000,-0.12749814987182617,0.2130328267812729
2023-07-19 09:31:07.550000,-0.1833193302154541,0.19968709349632263
2023-07-19 09:32:07.518000,-0.21025337278842926,0.18821239471435547
2023-07-19 09:33:07.557000,-0.19844381511211395,0.17676442861557007
2023-07-19 09:34:07.567000,-0.20293620228767395,0.1680610477924347
2023-07-19 09:35:07.493000,-0.22391530871391296,0.16197504103183746
2023-07-19 09:37:07.552000,-0.2331743985414505,0.1531848907470703
2023-07-19 09:38:07.509000,-0.42178118228912354,0.14964230358600616
2023-07-19 09:39:07.521000,-0.3426774740219116,0.1428339034318924
2023-07-19 09:40:07.684000,-0.2835676670074463,0.14077222347259521
2023-07-19 09:41:07.609000,-0.16011209785938263,0.13982363045215607
2023-07-19 09:42:07.525000,-0.15766476094722748,0.13630275428295135
2023-07-19 09:43:07.516000,-0.1600072830915451,0.1292322278022766
2023-07-19 09:44:07.529000,-0.15687081217765808,0.1220834031701088
2023-07-19 09:45:07.605000,-0.19033518433570862,0.1137872263789177
2023-07-19 09:46:07.573000,-0.23320674896240234,0.10427650064229965
2023-07-19 09:47:07.562000,-0.24870431423187256,0.09172094613313675
2023-07-19 09:48:07.559000,-0.2230822592973709,0.07942003011703491
2023-07-19 09:49:07.502000,-0.3289135694503784,0.046584587544202805
2023-07-19 09:50:07.486000,-0.3084915578365326,0.025574423372745514
2023-07-19 09:51:07.543000,-0.17007559537887573,0.02268330752849579
2023-07-19 09:52:07.546000,-0.13714711368083954,0.01991826295852661
2023-07-19 09:53:07.466000,-0.13868793845176697,0.018177788704633713
2023-07-19 09:54:07.499000,-0.16673576831817627,0.017297642305493355
2023-07-19 09:57:07.572000,-0.20323589444160461,0.01629113405942917
2023-07-19 09:58:07.574000,-0.20075397193431854,0.01573658362030983
2023-07-19 09:59:07.581000,-0.19813375174999237,0.016441041603684425
2023-07-19 10:00:07.463000,-0.21171686053276062,0.017424650490283966
2023-07-19 10:01:07.489000,-0.19746114313602448,0.01862063631415367
2023-07-19 10:02:07.581000,-0.26472845673561096,0.0191484447568655
2023-07-19 10:05:07.299000,-0.2857472002506256,0.018483221530914307
2023-07-19 10:06:07.466000,-0.15171858668327332,0.017595652490854263
2023-07-19 10:07:07.543000,-0.16197632253170013,0.017152568325400352
2023-07-19 10:08:07.513000,-0.18368253111839294,0.016962405294179916
2023-07-19 10:09:07.445000,-0.191888689994812,0.01624141074717045
2023-07-19 10:10:07.521000,-0.2160978615283966,0.01430219504982233
2023-07-19 10:11:07.465000,-0.13711275160312653,0.01086648739874363
2023-07-19 10:12:07.462000,-0.13843901455402374,0.006878414656966925
2023-07-19 10:13:07.598000,-0.11898183077573776,0.003451052587479353
2023-07-19 10:14:07.535000,-0.12109079957008362,0.0010418974561616778
2023-07-19 10:15:07.596000,-0.13164101541042328,-0.00028628570726141334
2023-07-19 10:16:07.521000,-0.22135992348194122,-0.0007260277634486556
2023-07-19 10:17:07.549000,-0.32065069675445557,-0.0001452368451282382
2023-07-19 10:18:07.521000,-0.32344818115234375,0.0005925609730184078
2023-07-19 10:19:07.519000,-0.22650983929634094,0.0005470930482260883
2023-07-19 10:20:07.431000,-0.2252648025751114,0.00026270453236065805
2023-07-19 10:21:07.504000,-0.13531242311000824,-2.888571543735452e-05
2023-07-19 10:22:07.489000,-0.13536974787712097,-0.0006878298008814454
2023-07-19 10:23:07.625000,-0.1350640058517456,-0.001686000032350421
2023-07-19 10:24:07.499000,-0.1345587521791458,-0.0024389754980802536
2023-07-19 10:26:07.431000,-0.15758220851421356,-0.0024825832806527615
2023-07-19 10:27:07.503000,-0.17177993059158325,-0.001717432402074337
2023-07-19 10:28:07.486000,-0.17405405640602112,-0.0017742058262228966
2023-07-19 10:29:07.489000,-0.2024317979812622,-0.0018172195414081216
2023-07-19 10:30:07.592000,-0.34973466396331787,-0.0017043845728039742
2023-07-19 10:31:07.464000,-0.33191415667533875,-0.001797978300601244
2023-07-19 10:32:07.485000,-0.23753148317337036,-0.001713649951852858
2023-07-19 10:33:07.442000,-0.16984368860721588,-0.0017600612482056022
2023-07-19 10:34:07.484000,-0.3095816671848297,-0.0016529791755601764
2023-07-19 10:35:07.494000,-0.44145411252975464,-0.0017069231253117323
2023-07-19 10:36:07.418000,-0.4428209066390991,-0.0017741749761626124
2023-07-19 10:37:07.454000,-0.42065244913101196,-0.0018112558173015714
2023-07-19 10:38:07.520000,-0.4208665192127228,-0.001798934768885374
2023-07-19 10:39:07.402000,-0.42059510946273804,-0.0018625869415700436
2023-07-19 10:40:07.516000,-0.5276206135749817,-0.0018518484430387616
2023-07-19 10:41:07.397000,-0.5852617621421814,-0.0018171538831666112
2023-07-19 10:42:07.521000,-0.5815160274505615,-0.0017758371541276574
2023-07-19 10:43:07.418000,-0.44180524349212646,-0.0018223499646410346
2023-07-19 10:44:07.477000,-0.43968328833580017,-0.0018868537154048681
2023-07-19 10:45:07.257000,-0.4193120002746582,-0.0018473999807611108
2023-07-19 10:46:07.442000,-0.4235245883464813,-0.0018010344356298447
2023-07-19 10:47:07.488000,-0.41077902913093567,-0.0017905667191371322
2023-07-19 10:48:07.620000,-0.2626928985118866,-0.0018145525828003883
2023-07-19 10:49:07.438000,-0.14858509600162506,-0.001850131549872458
2023-07-19 10:50:07.460000,-0.13052769005298615,-0.001834685681387782
2023-07-19 10:51:07.515000,-0.12585321068763733,-0.001870071399025619
2023-07-19 10:52:07.410000,-0.12425070255994797,-0.0018466153414919972
2023-07-19 10:53:07.498000,-0.10262051969766617,-0.0018582249758765101
2023-07-19 10:54:07.395000,-0.22877264022827148,-0.0018211163114756346
2023-07-19 10:55:07.481000,-0.3265059292316437,-0.0017886250279843807
2023-07-19 10:56:07.418000,-0.3702464699745178,-0.0017202927265316248
2023-07-19 10:57:07.556000,-0.2790188789367676,-0.0019300909480080009
2023-07-19 10:58:07.513000,-0.24792765080928802,-0.001885149977169931
2023-07-19 10:59:07.486000,-0.25256189703941345,-0.0018159749452024698
2023-07-19 11:00:07.502000,-0.25225403904914856,-0.0018537347204983234
2023-07-19 11:01:07.526000,-0.23269705474376678,-0.0018442778382450342
2023-07-19 11:02:07.436000,-0.23300863802433014,-0.0018174736760556698
2023-07-19 11:03:07.452000,-0.23324570059776306,-0.0018135641003027558
2023-07-19 11:04:07.430000,-0.2321797013282776,-0.0018651667051017284
2023-07-19 11:05:07.465000,-0.23650184273719788,-0.0018008408369496465
2023-07-19 11:06:07.417000,-0.2586008608341217,-0.0018509755609557033
2023-07-19 11:07:07.479000,-0.25391536951065063,-0.0018966828938573599
2023-07-19 11:08:07.387000,-0.42052096128463745,-0.0018057499546557665
2023-07-19 11:09:07.482000,-0.38443678617477417,-0.001852697692811489
2023-07-19 11:10:07.429000,-0.26993995904922485,-0.0018686443800106645
2023-07-19 11:11:07.417000,-0.20773370563983917,-0.0018373023485764861
2023-07-19 11:12:07.500000,-0.19329409301280975,-0.0018856363603845239
2023-07-19 11:13:07.460000,-0.18823525309562683,-0.0018573750276118517
2023-07-19 11:14:07.565000,-0.20782142877578735,-0.001875695656053722
2023-07-19 11:15:07.496000,-0.21181584894657135,-0.0017839111387729645
2023-07-19 11:16:07.367000,-0.2129300981760025,-0.001813386334106326
2023-07-19 11:17:07.429000,-0.19142425060272217,-0.0019345151958987117
2023-07-19 11:18:07.444000,-0.19056078791618347,-0.0018298536306247115
2023-07-19 11:19:07.405000,-0.19016171991825104,-0.001805369509384036
2023-07-19 11:20:07.425000,-0.18944737315177917,-0.0018468779744580388
2023-07-19 11:21:07.442000,-0.3438446521759033,-0.0018782727420330048
2023-07-19 11:22:07.507000,-0.37459155917167664,-0.0019031628035008907
2023-07-19 11:23:07.503000,-0.33419662714004517,-0.0019159767543897033
2023-07-19 11:24:07.475000,-0.1925569474697113,-0.0018686585826799273
2023-07-19 11:25:07.235000,-0.11969245225191116,-0.001824837876483798
2023-07-19 11:26:07.490000,-0.10963749885559082,-0.0018434047233313322
2023-07-19 11:27:07.423000,-0.10791005194187164,-0.0018252173904329538
2023-07-19 11:28:07.747000,-0.12237939983606339,-0.001793642877601087
2023-07-19 11:29:07.432000,-0.14229366183280945,-0.00183012499473989
2023-07-19 11:30:07.428000,-0.16283801198005676,-0.0018172499258071184
2023-07-19 11:31:07.420000,-0.18692469596862793,-0.001799510675482452
2023-07-19 11:32:07.429000,-0.39675232768058777,-0.0017993333749473095
2023-07-19 11:33:07.443000,-0.3277018964290619,-0.00188547617290169
2023-07-19 11:34:07.455000,-0.19860337674617767,-0.001864260877482593
2023-07-19 11:35:07.402000,-0.1583402007818222,-0.0018325122073292732
2023-07-19 11:36:07.467000,-0.1734912097454071,-0.00187868089415133
2023-07-19 11:37:07.403000,-0.18396985530853271,-0.0018725581467151642
2023-07-19 11:38:07.420000,-0.1873673051595688,-0.0018745609559118748
2023-07-19 11:39:07.436000,-0.17483557760715485,-0.0019001555629074574
2023-07-19 11:40:07.562000,-0.20430096983909607,-0.0018878205446526408
2023-07-19 11:41:07.374000,-0.21334512531757355,-0.0018198085017502308
2023-07-19 11:42:07.374000,-0.23877476155757904,-0.0017541086999699473
2023-07-19 11:43:07.409000,-0.20659604668617249,-0.001784282037988305
2023-07-19 11:44:07.382000,-0.15598931908607483,-0.0018555531278252602
2023-07-19 11:45:07.382000,-0.20641522109508514,-0.0018826923333108425
2023-07-19 11:46:07.518000,-0.35239019989967346,-0.0018036136170849204
2023-07-19 11:47:07.410000,-0.3427653908729553,-0.0018618275644257665
2023-07-19 11:48:07.363000,-0.2890538275241852,-0.0019295000238344073
2023-07-19 11:49:07.451000,-0.15267008543014526,-0.0017451071180403233
2023-07-19 11:50:07.378000,-0.17875953018665314,-0.0019160415977239609
2023-07-19 11:51:07.377000,-0.17597036063671112,-0.0017930000321939588
2023-07-19 11:52:07.357000,-0.19211989641189575,-0.0018274999456480145
2023-07-19 11:53:07.336000,-0.19561971724033356,-0.001694066682830453
2023-07-19 11:54:07.474000,-0.21453329920768738,-0.0019321817671880126
2023-07-19 11:55:07.436000,-0.21989987790584564,-0.0018671333091333508
2023-07-19 11:56:07.343000,-0.22941526770591736,-0.0017590243369340897
2023-07-19 11:57:07.385000,-0.21063697338104248,-0.0018913999665528536
2023-07-19 11:58:07.476000,-0.20512886345386505,-0.002025822177529335
2023-07-19 11:59:07.516000,-0.31558671593666077,-0.00193004438187927
2023-07-19 12:00:07.406000,-0.36719071865081787,-0.0019558158237487078
2023-07-19 12:01:07.434000,-0.31082651019096375,-0.0017974762013182044
2023-07-19 12:02:07.404000,-0.21199354529380798,-0.0019673556089401245
2023-07-19 12:03:07.409000,-0.1944565773010254,-0.0019820788875222206
2023-07-19 12:04:07.379000,-0.17757725715637207,-0.0016737953992560506
2023-07-19 12:05:07.174000,-0.18208681046962738,-0.0019388889195397496
2023-07-19 12:06:07.354000,-0.18614605069160461,-0.0019507178803905845
2023-07-19 12:07:07.596000,-0.19046778976917267,-0.0017684523481875658
2023-07-19 12:08:07.490000,-0.19719330966472626,-0.0017969117034226656
2023-07-19 12:09:07.459000,-0.1259227693080902,-0.0017796744359657168
2023-07-19 12:10:07.594000,-0.14117127656936646,-0.001664828509092331
2023-07-19 12:11:07.369000,-0.13374251127243042,-0.001672789454460144
2023-07-19 12:12:07.360000,-0.24732956290245056,-0.0018194210715591908
2023-07-19 12:13:07.316000,-0.2814558446407318,-0.0018181666964665055
2023-07-19 12:14:07.435000,-0.2803530991077423,-0.0018734103068709373
2023-07-19 12:15:07.327000,-0.13994693756103516,-0.0018724523251876235
2023-07-19 12:16:07.371000,-0.16263526678085327,-0.001827195635996759
2023-07-19 12:17:07.339000,-0.2052903175354004,-0.001830297871492803
2023-07-19 12:18:07.338000,-0.24064816534519196,-0.0018205675296485424
2023-07-19 12:19:07.412000,-0.16881032288074493,-0.0017993403598666191
2023-07-19 12:20:07.368000,-0.15135502815246582,-0.0019321750150993466
2023-07-19 12:21:07.390000,-0.133906289935112,-0.001827899948693812
2023-07-19 12:22:07.377000,-0.1326444149017334,-0.0019527500262483954
2023-07-19 12:23:07.363000,-0.2686994671821594,-0.0018266976112499833
2023-07-19 12:24:07.312000,-0.2962377369403839,-0.0019095685565844178
2023-07-19 12:25:07.287000,-0.2745603024959564,-0.0019015000434592366
2023-07-19 12:26:07.385000,-0.17583343386650085,-0.0017917316872626543
2023-07-19 12:28:07.424000,-0.19559058547019958,-0.0019243111601099372
2023-07-19 12:29:07.520000,-0.177662193775177,-0.0017973094945773482
2023-07-19 12:30:07.353000,-0.17625433206558228,-0.001870857086032629
2023-07-19 12:31:07.424000,-0.17116199433803558,-0.001870413077995181
2023-07-19 12:32:07.341000,-0.17138561606407166,-0.0019188571022823453
2023-07-19 12:33:07.342000,-0.17804156243801117,-0.0018731750315055251
2023-07-19 12:34:07.408000,-0.19452466070652008,-0.001858075032941997
2023-07-19 12:35:07.424000,-0.19817160069942474,-0.0018445098539814353
2023-07-19 12:36:07.425000,-0.19268067181110382,-0.00180964102037251
2023-07-19 12:37:07.359000,-0.2981645166873932,-0.001881261938251555
2023-07-19 12:38:07.361000,-0.3453693389892578,-0.0018237736076116562
2023-07-19 12:39:07.390000,-0.34018513560295105,-0.0018840000266209245
2023-07-19 12:40:07.416000,-0.21703846752643585,-0.0018773488700389862
2023-07-19 12:41:07.322000,-0.14626264572143555,-0.0018371915211901069
2023-07-19 12:42:07.380000,-0.16528740525245667,-0.001857775030657649
2023-07-19 12:43:07.370000,-0.09865210205316544,-0.001881787902675569
2023-07-19 12:44:07.349000,-0.07847398519515991,-0.0018508856883272529
2023-07-19 12:45:07.160000,-0.06000948324799538,-0.001839159056544304
2023-07-19 12:46:07.357000,-0.05901281535625458,-0.0018575150752440095
2023-07-19 12:47:07.348000,-0.11108005046844482,-0.0018758666701614857
2023-07-19 12:48:07.266000,-0.14717915654182434,-0.0018488935893401504
2023-07-19 12:49:07.275000,-0.1886589527130127,-0.0018190714763477445
2023-07-19 12:50:07.266000,-0.21838796138763428,-0.0019301162101328373
2023-07-19 12:51:07.368000,-0.40903741121292114,-0.0019447674276307225
2023-07-19 12:52:07.304000,-0.40980395674705505,-0.0018301666714251041
2023-07-19 12:53:07.480000,-0.21876974403858185,-0.0018663076916709542
2023-07-19 12:54:07.359000,-0.1399606317281723,-0.001930000027641654
2023-07-19 12:55:07.351000,-0.1458635777235031,-0.0019223846029490232
2023-07-19 12:56:07.396000,-0.15442997217178345,-0.001892148982733488
2023-07-19 12:57:07.325000,-0.16239963471889496,-0.0019113830057904124
2023-07-19 12:58:07.357000,-0.17770133912563324,-0.001837108749896288
2023-07-19 12:59:07.476000,-0.19833265244960785,-0.0018156738951802254
2023-07-19 13:00:07.352000,-0.18735623359680176,-0.0019217916997149587
2023-07-19 13:01:07.323000,-0.1873442381620407,-0.0018683599773794413
2023-07-19 13:02:07.343000,-0.19235843420028687,-0.0019587441347539425
2023-07-19 13:03:07.313000,-0.19177260994911194,-0.0019528836710378528
2023-07-19 13:04:07.293000,-0.33867737650871277,-0.0019358431454747915
2023-07-19 13:05:07.255000,-0.36190658807754517,-0.0019107083790004253
2023-07-19 13:06:07.329000,-0.3308330774307251,-0.0018731458112597466
2023-07-19 13:07:07.267000,-0.21697357296943665,-0.0018877391703426838
2023-07-19 13:08:07.343000,-0.20453253388404846,-0.0019005917711183429
2023-07-19 13:09:07.375000,-0.19160883128643036,-0.0019189500017091632
2023-07-19 13:10:07.364000,-0.1906997263431549,-0.0019048477988690138
2023-07-19 13:11:07.271000,-0.1920083463191986,-0.001966125098988414
2023-07-19 13:12:07.305000,-0.19522207975387573,-0.001850525033660233
2023-07-19 13:13:07.273000,-0.2093750685453415,-0.001931787934154272
2023-07-19 13:14:07.380000,-0.23809905350208282,-0.0018462702864781022
2023-07-19 13:15:07.312000,-0.4337298274040222,-0.0018353171180933714
2023-07-19 13:16:07.376000,-0.40418994426727295,-0.0019063721410930157
2023-07-19 13:17:07.413000,-0.21854035556316376,-0.001899024355225265
2023-07-19 13:18:07.380000,-0.1285623461008072,-0.0018427142640575767
2023-07-19 13:19:07.305000,-0.1151614636182785,-0.001893318141810596
2023-07-19 13:20:07.106000,-0.10786218196153641,-0.0019207500154152513
2023-07-19 13:21:07.286000,-0.1165807694196701,-0.0018754999618977308
2023-07-19 13:22:07.319000,-0.13292114436626434,-0.0019193863263353705
2023-07-19 13:23:07.355000,-0.17002122104167938,-0.0019081395585089922
2023-07-19 13:24:07.281000,-0.17517904937267303,-0.0018591063562780619
2023-07-19 13:25:07.355000,-0.19557404518127441,-0.0019165814155712724
2023-07-19 13:26:07.314000,-0.15479615330696106,-0.001904046512208879
2023-07-19 13:27:07.355000,-0.12049513310194016,-0.0018958048895001411
2023-07-19 13:28:07.358000,-0.17390508949756622,-0.0018729736329987645
2023-07-19 13:29:07.489000,-0.31896594166755676,-0.0019198377849534154
2023-07-19 13:30:07.342000,-0.322219580411911,-0.0018925226759165525
2023-07-19 13:31:07.280000,-0.26614508032798767,-0.0019179555820301175
2023-07-19 13:32:07.335000,-0.13672539591789246,-0.001876289490610361
2023-07-19 13:33:07.370000,-0.1442132592201233,-0.0018954871920868754
2023-07-19 13:34:07.363000,-0.14692042768001556,-0.0018309230217710137
2023-07-19 13:35:07.265000,-0.16961191594600677,-0.0018567872466519475
2023-07-19 13:36:07.340000,-0.1771596521139145,-0.0018203809158876538
2023-07-19 13:37:07.306000,-0.18496845662593842,-0.0019345778273418546
2023-07-19 13:38:07.316000,-0.19670400023460388,-0.001922150026075542
2023-07-19 13:39:07.206000,-0.19525101780891418,-0.0019278510008007288
2023-07-19 13:40:07.289000,-0.18545323610305786,-0.0018740714294835925
2023-07-19 13:41:07.256000,-0.1704821139574051,-0.0018909554928541183
2023-07-19 13:42:07.260000,-0.2524770498275757,-0.0019429749809205532
2023-07-19 13:43:07.282000,-0.34499654173851013,-0.0018568048253655434
2023-07-19 13:44:07.343000,-0.30926942825317383,-0.0018891777144744992
2023-07-19 13:45:07.250000,-0.18647292256355286,-0.001943959970958531
2023-07-19 13:46:07.256000,-0.20020326972007751,-0.0019024318316951394
2023-07-19 13:47:07.351000,-0.20018453896045685,-0.0019318974809721112
2023-07-19 13:48:07.243000,-0.21399687230587006,-0.0018196363234892488
2023-07-19 13:49:07.244000,-0.20780989527702332,-0.0019093214068561792
2023-07-19 13:50:07.405000,-0.20238827168941498,-0.0019279090920463204
2023-07-19 13:51:07.197000,-0.17666567862033844,-0.0018795599462464452
2023-07-19 13:52:07.496000,-0.11354538053274155,-0.0019260799745097756
2023-07-19 13:53:07.266000,-0.10816891491413116,-0.0020060832612216473
2023-07-19 13:54:07.252000,-0.07438691705465317,-0.001921055605635047
2023-07-19 13:55:07.074000,-0.1893267184495926,-0.0019440697506070137
2023-07-19 13:56:07.253000,-0.2393852323293686,-0.0019221063703298569
2023-07-19 13:57:07.326000,-0.21362046897411346,-0.001954775070771575
2023-07-19 13:58:07.334000,-0.10038281977176666,-0.001976452302187681
2023-07-19 13:59:07.270000,-0.11842851340770721,-0.0018970000091940165
2023-07-19 14:00:07.267000,-0.1467031091451645,-0.0019307073671370745
2023-07-19 14:01:07.346000,-0.22504960000514984,-0.001921999966725707
2023-07-19 14:02:07.233000,-0.2574673295021057,-0.0019290810450911522
2023-07-19 14:03:07.238000,-0.2539651095867157,-0.0018767317524179816
2023-07-19 14:04:07.253000,-0.244985893368721,-0.0019180952804163098
2023-07-19 14:05:07.359000,-0.23866428434848785,-0.0018713499885052443
2023-07-19 14:06:07.184000,-0.3854500949382782,-0.0018016943940892816
2023-07-19 14:07:07.282000,-0.3453577756881714,-0.0018962444737553596
2023-07-19 14:08:07.272000,-0.23439110815525055,-0.0018933468963950872
2023-07-19 14:09:07.275000,-0.1447313278913498,-0.0018877857364714146
2023-07-19 14:10:07.284000,-0.15500955283641815,-0.001909956568852067
2023-07-19 14:11:07.207000,-0.14793656766414642,-0.001916702138260007
2023-07-19 14:12:07.318000,-0.1371907889842987,-0.00190328573808074
2023-07-19 14:13:07.327000,-0.13151980936527252,-0.0019206278957426548
2023-07-19 14:14:07.227000,-0.1624828279018402,-0.001889866660349071
2023-07-19 14:15:07.280000,-0.19564291834831238,-0.0019421555334702134
2023-07-19 14:16:07.323000,-0.22741977870464325,-0.0018870000494644046
2023-07-19 14:17:07.205000,-0.2178644835948944,-0.0019128095591440797
2023-07-19 14:18:07.252000,-0.17183469235897064,-0.0019546817056834698
2023-07-19 14:19:07.349000,-0.17402131855487823,-0.0019078162731602788
2023-07-19 14:20:07.233000,-0.3459836542606354,-0.0019619024824351072
2023-07-19 14:21:07.259000,-0.3195013701915741,-0.001925625023432076
2023-07-19 14:22:07.241000,-0.30644217133522034,-0.0019487631507217884
2023-07-19 14:23:07.283000,-0.1466357558965683,-0.0019364772597327828
2023-07-19 14:24:07.204000,-0.18006309866905212,-0.0019254222279414535
2023-07-19 14:25:07.236000,-0.21668274700641632,-0.0018837209790945053
2023-07-19 14:26:07.262000,-0.25969284772872925,-0.0019468780374154449
2023-07-19 14:27:07.181000,-0.2586226165294647,-0.0018764999695122242
2023-07-19 14:28:07.313000,-0.23724409937858582,-0.0019347826018929482
2023-07-19 14:29:07.169000,-0.21589168906211853,-0.0019821999594569206
2023-07-19 14:30:07.034000,-0.21110336482524872,-0.0018471701769158244
2023-07-19 14:31:07.292000,-0.19857120513916016,-0.0019261627458035946
2023-07-19 14:32:07.224000,-0.1839689165353775,-0.0020017174538224936
2023-07-19 14:33:07.205000,-0.21579091250896454,-0.001948744640685618
2023-07-19 14:34:07.232000,-0.350496768951416,-0.001970048760995269
2023-07-19 14:35:07.239000,-0.3339548707008362,-0.001886957441456616
2023-07-19 14:36:07.203000,-0.19155296683311462,-0.001919833361171186
2023-07-19 14:37:07.176000,-0.18568365275859833,-0.0018256499897688627
2023-07-19 14:38:07.167000,-0.19707636535167694,-0.00198312196880579
2023-07-19 14:39:07.257000,-0.14638645946979523,-0.0019110222347080708
2023-07-19 14:40:07.263000,-0.1202307641506195,-0.0019349767826497555
2023-07-19 14:41:07.287000,-0.13454386591911316,-0.0021262045484036207
2023-07-19 14:42:07.266000,-0.14868082106113434,-0.0020047947764396667
2023-07-19 14:43:07.247000,-0.15190242230892181,-0.0019944999366998672
2023-07-19 14:44:07.209000,-0.1411953717470169,-0.001967609627172351
2023-07-19 14:45:07.283000,-0.15131598711013794,-0.0019288095645606518
2023-07-19 14:46:07.252000,-0.23480263352394104,-0.001865613623522222
2023-07-19 14:47:07.232000,-0.37301355600357056,-0.0019142093369737267
2023-07-19 14:48:07.276000,-0.35152286291122437,-0.0019983260426670313
2023-07-19 14:49:07.237000,-0.1788642853498459,-0.001929368358105421
2023-07-19 14:50:07.208000,-0.1530272215604782,-0.0019898000173270702
2023-07-19 14:51:07.227000,-0.14447848498821259,-0.001932184211909771
2023-07-19 14:52:07.324000,-0.1313888132572174,-0.001926933298818767
2023-07-19 14:53:07.143000,-0.12037400156259537,-0.0019077659817412496
2023-07-19 14:54:07.241000,-0.12050165235996246,-0.001946309464983642
2023-07-19 14:55:07.251000,-0.1364356428384781,-0.0019456215668469667
2023-07-19 14:56:07.282000,-0.14847402274608612,-0.0018932915991172194
2023-07-19 14:57:07.169000,-0.2585766315460205,-0.001889947336167097
2023-07-19 14:58:07.261000,-0.3694179356098175,-0.0019980540964752436
2023-07-19 14:59:07.144000,-0.35710635781288147,-0.0019376428099349141
2023-07-19 15:00:07.196000,-0.19160853326320648,-0.0019216666696593165
2023-07-19 15:01:07.212000,-0.1710415631532669,-0.0019303750013932586
2023-07-19 15:02:07.172000,-0.16559426486492157,-0.0019387073116376996
2023-07-19 15:03:07.280000,-0.16169925034046173,-0.001961384667083621
2023-07-19 15:04:07.176000,-0.17477619647979736,-0.0019251276971772313
2023-07-19 15:05:07.129000,-0.2045726776123047,-0.0019184499979019165
2023-07-19 15:06:07.179000,-0.1928953230381012,-0.0019039091421291232
2023-07-19 15:07:07.270000,-0.16155077517032623,-0.0019806749187409878
2023-07-19 15:08:07.125000,-0.14708679914474487,-0.0019494167063385248
2023-07-19 15:09:07.189000,-0.134080171585083,-0.0020416362676769495
2023-07-19 15:10:07.007000,-0.12939828634262085,-0.0019809999503195286
2023-07-19 15:11:07.155000,-0.2161172330379486,-0.0019053947180509567
2023-07-19 15:12:07.215000,-0.2988090217113495,-0.001999266678467393
2023-07-19 15:13:07.199000,-0.315682977437973,-0.001991860568523407
2023-07-19 15:14:07.164000,-0.3129209578037262,-0.001933282008394599
2023-07-19 15:15:07.193000,-0.2114270031452179,-0.0019417083822190762
2023-07-19 15:16:07.226000,-0.2254033237695694,-0.001993476180359721
2023-07-19 15:17:07.257000,-0.24071596562862396,-0.0019613958429545164
2023-07-19 15:18:07.202000,-0.25146713852882385,-0.0019450652180239558
2023-07-19 15:19:07.172000,-0.17870184779167175,-0.001986177871003747
2023-07-19 15:20:07.223000,-0.15311715006828308,-0.0019525106763467193
2023-07-19 15:21:07.266000,-0.16556599736213684,-0.0019778599962592125
2023-07-19 15:22:07.224000,-0.1768503338098526,-0.001966722309589386
2023-07-19 15:23:07.183000,-0.1789538860321045,-0.001979048829525709
2023-07-19 15:24:07.186000,-0.16316016018390656,-0.0019858372397720814
2023-07-19 15:25:07.199000,-0.2994752526283264,-0.0019252380589023232
2023-07-19 15:26:07.183000,-0.3587688207626343,-0.0019453673157840967
2023-07-19 15:27:07.206000,-0.3328389525413513,-0.0020160500425845385
2023-07-19 15:28:07.160000,-0.18803086876869202,-0.0020255919080227613
2023-07-19 15:29:07.304000,-0.1609179675579071,-0.002012684242799878
2023-07-19 15:30:07.101000,-0.16962175071239471,-0.0018776340875774622
2023-07-19 15:31:07.214000,-0.16143938899040222,-0.0020060637034475803
2023-07-19 15:32:07.156000,-0.14671576023101807,-0.0019684499129652977
2023-07-19 15:33:07.108000,-0.13944880664348602,-0.0019483863143250346
2023-07-19 15:34:07.234000,-0.13490556180477142,-0.0019315652316436172
2023-07-19 15:35:07.181000,-0.15537483990192413,-0.002139174845069647
2023-07-19 15:36:07.213000,-0.18346601724624634,-0.0020279795862734318
2023-07-19 15:37:07.170000,-0.23802931606769562,-0.0019169142469763756
2023-07-19 15:38:07.222000,-0.32845625281333923,-0.0020307826343923807
2023-07-19 15:39:07.124000,-0.4255993366241455,-0.001998820574954152
2023-07-19 15:40:07.143000,-0.38722920417785645,-0.0020756591111421585
2023-07-19 15:41:07.165000,-0.2594761252403259,-0.002025826135650277
2023-07-19 15:42:07.196000,-0.2096310704946518,-0.0019786888733506203
2023-07-19 15:43:07.197000,-0.20710138976573944,-0.002020244486629963
2023-07-19 15:44:07.209000,-0.19599305093288422,-0.001975799910724163
2023-07-19 15:45:07.217000,-0.1312023401260376,-0.001964061288163066
2023-07-19 15:46:07.084000,-0.11682219803333282,-0.002029942348599434
2023-07-19 15:47:07.223000,-0.11152543127536774,-0.0018684081733226776
2023-07-19 15:48:07.199000,-0.09556739777326584,-0.001972086960449815
2023-07-19 15:49:07.152000,-0.23774194717407227,-0.001946294098161161
2023-07-19 15:50:06.959000,-0.2563256621360779,-0.001970565179362893
2023-07-19 15:51:07.093000,-0.1930624395608902,-0.001949434750713408
2023-07-19 15:52:07.079000,-0.12728896737098694,-0.0019573846366256475
2023-07-19 15:53:07.139000,-0.17506060004234314,-0.0019461200572550297
2023-07-19 15:54:07.148000,-0.2123551219701767,-0.0019964103121310472
2023-07-19 15:55:07.223000,-0.2174718827009201,-0.0019825666677206755
2023-07-19 15:56:07.173000,-0.13703995943069458,-0.0019740513525903225
2023-07-19 15:57:07.071000,-0.13317571580410004,-0.00199516280554235
2023-07-19 15:58:07.104000,-0.13211725652217865,-0.002004113746806979
2023-07-19 15:59:07.159000,-0.13124334812164307,-0.002007586881518364
2023-07-19 16:00:07.152000,-0.1319861263036728,-0.0019707174506038427
2023-07-19 16:01:07.233000,-0.1483386754989624,-0.0019959500059485435
2023-07-19 16:02:07.179000,-0.1922624260187149,-0.0019592433236539364
2023-07-19 16:03:07.179000,-0.35280996561050415,-0.0019508139230310917
2023-07-19 16:04:07.132000,-0.3602212369441986,-0.0019228095188736916
2023-07-19 16:05:07.063000,-0.34506291151046753,-0.0020157000981271267
2023-07-19 16:06:07.164000,-0.20178593695163727,-0.0019598084036260843
2023-07-19 16:07:07.129000,-0.18109971284866333,-0.0018775525968521833
2023-07-19 16:08:07.201000,-0.18069735169410706,-0.0020058683585375547
2023-07-19 16:09:07.100000,-0.19715608656406403,-0.0020021842792630196
2023-07-19 16:10:07.199000,-0.20236681401729584,-0.001979575026780367
2023-07-19 16:11:07.160000,-0.1931985467672348,-0.001962692243978381
2023-07-19 16:12:07.136000,-0.17555013298988342,-0.001971723511815071
2023-07-19 16:13:07.109000,-0.1593952625989914,-0.001973787322640419
2023-07-19 16:14:07.118000,-0.1830810308456421,-0.0019678163807839155
2023-07-19 16:15:07.158000,-0.1897355616092682,-0.0020024001132696867
2023-07-19 16:16:07.142000,-0.22415119409561157,-0.001997131621465087
2023-07-19 16:17:07.199000,-0.3438763916492462,-0.001982408110052347
2023-07-19 16:18:07.096000,-0.2594778835773468,-0.0019641064573079348
2023-07-19 16:19:07.197000,-0.1092585027217865,-0.0019811666570603848
2023-07-19 16:20:07.176000,-0.0661918967962265,-0.00195269042160362
2023-07-19 16:21:07.084000,-0.060634732246398926,-0.0019541631918400526
2023-07-19 16:22:07.187000,-0.06280316412448883,-0.0019698666874319315
2023-07-19 16:23:07.112000,-0.06818190217018127,-0.00197748770006001
2023-07-19 16:24:07.080000,-0.09308306872844696,-0.001987674506381154
2023-07-19 16:25:07.135000,-0.18895596265792847,-0.0019489778205752373
2023-07-19 16:26:07.155000,-0.24875667691230774,-0.0020091598853468895
2023-07-19 16:27:07.084000,-0.18077735602855682,-0.0019844877533614635
2023-07-19 16:28:07.084000,-0.16921401023864746,-0.001973216189071536
2023-07-19 16:29:07.275000,-0.18715479969978333,-0.0019658717792481184
2023-07-19 16:30:06.920000,-0.35611116886138916,-0.0019637143705040216
2023-07-19 16:31:07.045000,-0.3153720796108246,-0.00200911913998425
2023-07-19 16:32:07.068000,-0.22162146866321564,-0.0019939790945500135
2023-07-19 16:33:07.152000,-0.16701067984104156,-0.0020135813392698765
2023-07-19 16:34:07.190000,-0.18575488030910492,-0.001929243910126388
2023-07-19 16:35:07.107000,-0.20202629268169403,-0.0020222682505846024
2023-07-19 16:36:07.084000,-0.20458023250102997,-0.0019286363385617733
2023-07-19 16:37:07.088000,-0.1988123208284378,-0.0020608138293027878
2023-07-19 16:38:07.158000,-0.1932918131351471,-0.001959065208211541
2023-07-19 16:39:07.102000,-0.1853714883327484,-0.001958888955414295
2023-07-19 16:40:07.108000,-0.24949505925178528,-0.0019702324643731117
2023-07-19 16:41:07.073000,-0.37588924169540405,-0.0019829166121780872
2023-07-19 16:42:07.166000,-0.38487890362739563,-0.002035411773249507
2023-07-19 16:43:07.072000,-0.25839152932167053,-0.0019984545651823282
2023-07-19 16:44:07.021000,-0.22589614987373352,-0.002013023244217038
2023-07-19 16:45:07.110000,-0.22468535602092743,-0.0020048723090440035
2023-07-19 16:46:07.053000,-0.2186070680618286,-0.0020250999368727207
2023-07-19 16:47:07.146000,-0.21560578048229218,-0.0020136956591159105
2023-07-19 16:48:07.091000,-0.21444086730480194,-0.0019776341505348682
2023-07-19 16:49:07.056000,-0.23537400364875793,-0.002067695604637265
2023-07-19 16:50:07.094000,-0.2531149089336395,-0.0019213724881410599
2023-07-19 16:51:07.017000,-0.2322421669960022,-0.002098704455420375
2023-07-19 16:52:07.065000,-0.19935394823551178,-0.0020485317800194025
2023-07-19 16:53:07.100000,-0.1787251979112625,-0.0019790218211710453
2023-07-19 16:54:07.116000,-0.27116450667381287,-0.001988541567698121
2023-07-19 16:55:07.235000,-0.3835025131702423,-0.0020159545820206404
2023-07-19 16:56:07.162000,-0.37279239296913147,-0.001996600069105625
2023-07-19 16:57:07.168000,-0.24465875327587128,-0.0020230000372976065
2023-07-19 16:58:07.059000,-0.13436448574066162,-0.0020449592266231775
2023-07-19 16:59:07.067000,-0.13133904337882996,-0.0020214999094605446
2023-07-19 17:00:07.071000,-0.11378014832735062,-0.0020241220481693745
2023-07-19 17:01:07.190000,-0.11221340298652649,-0.0019904091022908688
2023-07-19 17:02:07.103000,-0.11562871932983398,-0.0019962857477366924
2023-07-19 17:03:07.162000,-0.13898026943206787,-0.0019940221682190895
2023-07-19 17:04:07.107000,-0.15228301286697388,-0.001998924883082509
2023-07-19 17:05:07.150000,-0.21023282408714294,-0.0020161999855190516
2023-07-19 17:06:07.035000,-0.2143010050058365,-0.0020088604651391506
2023-07-19 17:07:06.991000,-0.15177154541015625,-0.0020270785316824913
2023-07-19 17:08:07.056000,-0.2533667981624603,-0.001981979701668024
2023-07-19 17:09:07.089000,-0.2972539961338043,-0.0019887499511241913
2023-07-19 17:10:07.012000,-0.24084731936454773,-0.0019491190323606133
2023-07-19 17:11:07.153000,-0.12201748043298721,-0.0019987390842288733
2023-07-19 17:12:07.026000,-0.12283233553171158,-0.0019804893527179956
2023-07-19 17:13:07.048000,-0.1591290831565857,-0.0020118250977247953
2023-07-19 17:14:07.056000,-0.17447073757648468,-0.0019090226851403713
2023-07-19 17:15:06.857000,-0.21233151853084564,-0.0019509999547153711
2023-07-19 17:16:07.103000,-0.2164517492055893,-0.002075319178402424
2023-07-19 17:17:07.020000,-0.214389830827713,-0.002042422303929925
2023-07-19 17:18:07.070000,-0.2037290632724762,-0.00193454057443887
2023-07-19 17:19:07.021000,-0.19807188212871552,-0.0020048371516168118
2023-07-19 17:20:07.130000,-0.19501231610774994,-0.0019756511319428682
2023-07-19 17:21:07.087000,-0.3110899031162262,-0.0019970256835222244
2023-07-19 17:22:07.114000,-0.3831072449684143,-0.001962458249181509
2023-07-19 17:23:07.040000,-0.30766287446022034,-0.0019943243823945522
2023-07-19 17:24:07.008000,-0.11289273202419281,-0.001974825980141759
2023-07-19 17:25:07.079000,-0.1030593141913414,-0.002002936089411378
2023-07-19 17:26:07.243000,-0.1019822508096695,-0.0019808479119092226
2023-07-19 17:27:06.991000,-0.10377291589975357,-0.001966116251423955
2023-07-19 17:28:06.984000,-0.1039712131023407,-0.0020013409666717052
2023-07-19 17:29:07.027000,-0.15410639345645905,-0.0020069999154657125
2023-07-19 17:30:07.111000,-0.18863976001739502,-0.0020377999171614647
2023-07-19 17:31:07.014000,-0.21309664845466614,-0.001973027130588889
2023-07-19 17:32:07.025000,-0.3536323308944702,-0.0020335623994469643
2023-07-19 17:33:07.058000,-0.2813808023929596,-0.0020386087708175182
2023-07-19 17:34:07.081000,-0.21931104362010956,-0.0020562445279210806
2023-07-19 17:35:07.055000,-0.11830922961235046,-0.002002999885007739
2023-07-19 17:36:07.033000,-0.12815335392951965,-0.0020399782806634903
2023-07-19 17:37:06.969000,-0.14983074367046356,-0.0019117856863886118
2023-07-19 17:38:07.070000,-0.15395154058933258,-0.0020162893924862146
2023-07-19 17:39:07.028000,-0.1593111902475357,-0.002016447251662612
2023-07-19 17:40:07.095000,-0.1010349839925766,-0.0019577727653086185
2023-07-19 17:41:07.024000,-0.10418063402175903,-0.001993738114833832
2023-07-19 17:42:07.103000,-0.11465031653642654,-0.002032618969678879
2023-07-19 17:43:07.076000,-0.11463483422994614,-0.0019408611115068197
2023-07-19 17:44:07.007000,-0.11331570148468018,-0.0020015332847833633
2023-07-19 17:45:07.101000,-0.13409295678138733,-0.00197049998678267
2023-07-19 17:46:07.008000,-0.3110117018222809,-0.002052888972684741
2023-07-19 17:47:07.024000,-0.34729427099227905,-0.0020366364624351263
2023-07-19 17:48:07.141000,-0.35966259241104126,-0.0019583399407565594
2023-07-19 17:49:07.033000,-0.22875088453292847,-0.001971232471987605
2023-07-19 17:50:07.041000,-0.21067580580711365,-0.0020004285033792257
2023-07-19 17:51:07.040000,-0.23414160311222076,-0.001963108079507947
2023-07-19 17:52:07.087000,-0.24402852356433868,-0.0019921765197068453
2023-07-19 17:53:06.992000,-0.2596686780452728,-0.0019906999077647924
2023-07-19 17:54:07.025000,-0.17694175243377686,-0.001977485604584217
2023-07-19 17:55:07.031000,-0.1663757860660553,-0.0019782413728535175
2023-07-19 17:56:07.010000,-0.15637215971946716,-0.002033763099461794
2023-07-19 17:57:06.952000,-0.1536170095205307,-0.001990842167288065
2023-07-19 17:58:07.016000,-0.15472035109996796,-0.002028438961133361
2023-07-19 17:59:07.034000,-0.1558472067117691,-0.00203137774951756
2023-07-19 18:00:06.828000,-0.37414073944091797,-0.00201772921718657
2023-07-19 18:01:07.138000,-0.37848135828971863,-0.001988522708415985
2023-07-19 18:02:07.067000,-0.2908862233161926,-0.0020492826588451862
2023-07-19 18:03:06.936000,-0.18109939992427826,-0.002008795505389571
2023-07-19 18:04:06.983000,-0.1483566015958786,-0.0020244773477315903
2023-07-19 18:05:07.004000,-0.14837169647216797,-0.0019933332223445177
2023-07-19 18:06:07.452000,-0.14903965592384338,-0.002025183755904436
2023-07-19 18:07:07.267000,-0.1495206356048584,-0.0020706215873360634
2023-07-19 18:08:07.245000,-0.1420702487230301,-0.002007861156016588
2023-07-19 18:09:07.265000,-0.16594161093235016,-0.0019891923293471336
2023-07-19 18:10:07.363000,-0.18697167932987213,-0.001941861119121313
2023-07-19 18:11:07.330000,-0.1868678629398346,-0.0019976471085101366
2023-07-19 18:12:07.316000,-0.19453802704811096,-0.002068545436486602
2023-07-19 18:13:07.046000,-0.36552131175994873,-0.001960948808118701
2023-07-19 18:14:07.071000,-0.342409610748291,-0.0019644221756607294
2023-07-19 18:15:06.963000,-0.26287367939949036,-0.00198223814368248
2023-07-19 18:16:06.952000,-0.18454864621162415,-0.0019736955873668194
2023-07-19 18:17:06.953000,-0.20418798923492432,-0.001989319920539856
2023-07-19 18:18:07.030000,-0.2004750818014145,-0.001987638184800744
2023-07-19 18:19:07.078000,-0.21073593199253082,-0.002022294094786048
2023-07-19 18:20:07.029000,-0.1840859204530716,-0.001996710430830717
2023-07-19 18:21:07.036000,-0.18461383879184723,-0.001973465085029602
2023-07-19 18:22:06.945000,-0.18773029744625092,-0.0019572926685214043
2023-07-19 18:23:07.034000,-0.2212587147951126,-0.00200997618958354
2023-07-19 18:24:07.021000,-0.36506733298301697,-0.0020433571189641953
2023-07-19 18:25:07.001000,-0.3716451823711395,-0.001984999980777502
2023-07-19 18:26:07.010000,-0.251009464263916,-0.0019703658763319254
2023-07-19 18:27:06.968000,-0.15238843858242035,-0.002027152106165886
2023-07-19 18:28:07.102000,-0.1206076517701149,-0.0019061556085944176
2023-07-19 18:29:06.993000,-0.1075686514377594,-0.002008698182180524
2023-07-19 18:30:07.057000,-0.10981649905443192,-0.001952674938365817
2023-07-19 18:31:07.097000,-0.10388865321874619,-0.0018906169570982456
2023-07-19 18:32:06.963000,-0.10302689671516418,-0.001887439051643014
2023-07-19 18:33:06.987000,-0.1297985315322876,-0.002065289532765746
2023-07-19 18:34:06.928000,-0.16553233563899994,-0.001989042619243264
2023-07-19 18:35:06.955000,-0.17224743962287903,-0.0019478979520499706
2023-07-19 18:36:06.935000,-0.16923628747463226,-0.0019235813524574041
2023-07-19 18:37:07.054000,-0.24567349255084991,-0.0019079999765381217
2023-07-19 18:38:06.990000,-0.34916722774505615,-0.002007375005632639
2023-07-19 18:39:07.001000,-0.3375500738620758,-0.0019778043497353792
2023-07-19 18:40:07.009000,-0.2794281244277954,-0.0020003023091703653
2023-07-19 18:41:06.916000,-0.20179711282253265,-0.002034340053796768
2023-07-19 18:42:06.975000,-0.21392376720905304,-0.001866674399934709
2023-07-19 18:43:07.006000,-0.21839523315429688,-0.002037978731095791
2023-07-19 18:44:07.074000,-0.19901898503303528,-0.0019128478597849607
2023-07-19 18:45:06.773000,-0.1479305475950241,-0.00204917648807168
2023-07-19 18:46:06.986000,-0.1289028376340866,-0.001968829892575741
2023-07-19 18:47:06.986000,-0.1252727061510086,-0.0018953023245558143
2023-07-19 18:48:07.029000,-0.12593816220760345,-0.0019448261009529233
2023-07-19 18:49:06.982000,-0.15194718539714813,-0.0019413635600358248
2023-07-19 18:50:06.965000,-0.15193268656730652,-0.00195333338342607
2023-07-19 18:51:06.916000,-0.2501780688762665,-0.001992017962038517
2023-07-19 18:52:07.017000,-0.3139670491218567,-0.0020920231472700834
2023-07-19 18:53:06.897000,-0.2959640622138977,-0.0019374185940250754
2023-07-19 18:54:07.013000,-0.19593453407287598,-0.0019279166590422392
2023-07-19 18:55:07.013000,-0.09224460273981094,-0.0019712341018021107
2023-07-19 18:56:07.025000,-0.06204516813158989,-0.0019600000232458115
2023-07-19 18:57:06.896000,-0.08496615290641785,-0.0019285200396552682
2023-07-19 18:58:06.944000,-0.08482775092124939,-0.001943891285918653
2023-07-19 18:59:07.005000,-0.08309890329837799,-0.0020180221181362867
2023-07-19 19:00:06.974000,-0.061583567410707474,-0.0021115909330546856
2023-07-19 19:01:06.986000,-0.07472173124551773,-0.001955512212589383
2023-07-19 19:02:06.955000,-0.09492658078670502,-0.0019982708618044853
2023-07-19 19:03:06.951000,-0.17256991565227509,-0.0019858158193528652
2023-07-19 19:04:07.002000,-0.28725549578666687,-0.00187990244012326
2023-07-19 19:05:06.972000,-0.39511996507644653,-0.001980071421712637
2023-07-19 19:06:07.023000,-0.39501097798347473,-0.0019864614587277174
2023-07-19 19:07:07.014000,-0.24489273130893707,-0.001964190509170294
2023-07-19 19:08:06.936000,-0.21958638727664948,-0.0019411632092669606
2023-07-19 19:09:06.869000,-0.19624274969100952,-0.0019184091361239552
2023-07-19 19:10:06.924000,-0.19486896693706512,-0.0019496750319376588
2023-07-19 19:11:07.031000,-0.18933498859405518,-0.0019352608360350132
2023-07-19 19:12:06.999000,-0.19236303865909576,-0.0019628824666142464
2023-07-19 19:13:06.981000,-0.21463048458099365,-0.001915682922117412
2023-07-19 19:14:06.950000,-0.24069277942180634,-0.0020420223008841276
2023-07-19 19:15:06.897000,-0.3837375044822693,-0.0019458378665149212
2023-07-19 19:16:06.878000,-0.3874874711036682,-0.0018920425791293383
2023-07-19 19:17:06.988000,-0.2792958915233612,-0.001978999935090542
2023-07-19 19:18:06.996000,-0.14631716907024384,-0.0019511956488713622
2023-07-19 19:19:06.908000,-0.1464453488588333,-0.0019982391968369484
2023-07-19 19:20:07.032000,-0.1473677009344101,-0.001977714244276285
2023-07-19 19:21:06.987000,-0.1702813357114792,-0.0019830651581287384
2023-07-19 19:22:06.947000,-0.17327086627483368,-0.0019488958641886711
2023-07-19 19:23:07.048000,-0.18860456347465515,-0.0018644254887476563
2023-07-19 19:24:06.870000,-0.18008099496364594,-0.00198502279818058
2023-07-19 19:25:06.801000,-0.21423165500164032,-0.0019791314844042063
2023-07-19 19:26:06.865000,-0.22716788947582245,-0.001971146324649453
2023-07-19 19:27:06.978000,-0.24422091245651245,-0.0019560232758522034
2023-07-19 19:28:06.974000,-0.22751717269420624,-0.002054387703537941
2023-07-19 19:29:06.979000,-0.3846328854560852,-0.0020758912432938814
2023-07-19 19:30:06.997000,-0.4087987244129181,-0.001907818135805428
2023-07-19 19:31:06.900000,-0.38245436549186707,-0.0020286201033741236
2023-07-19 19:32:06.908000,-0.24927668273448944,-0.0019739302806556225
2023-07-19 19:33:06.994000,-0.13013426959514618,-0.001968239899724722
2023-07-19 19:34:06.971000,-0.09199690073728561,-0.002008371986448765
2023-07-19 19:35:06.931000,-0.08272753655910492,-0.0018964583287015557
2023-07-19 19:36:06.951000,-0.08861912041902542,-0.0019895415753126144
2023-07-19 19:37:06.860000,-0.11373193562030792,-0.0019929534755647182
2023-07-19 19:38:07.026000,-0.11633798480033875,-0.0019675882067531347
2023-07-19 19:39:06.856000,-0.1427118182182312,-0.0021133776754140854
2023-07-19 19:40:06.928000,-0.15282092988491058,-0.001941212802194059
2023-07-19 19:41:06.896000,-0.19265882670879364,-0.001949121942743659
2023-07-19 19:42:06.961000,-0.202659472823143,-0.0019095682073384523
2023-07-19 19:43:06.874000,-0.2805245518684387,-0.0020014892797917128
2023-07-19 19:44:06.947000,-0.29227566719055176,-0.0020071715116500854
2023-07-19 19:45:06.890000,-0.24066147208213806,-0.0019464042270556092
2023-07-19 19:46:06.982000,-0.15405061841011047,-0.001878499984741211
2023-07-19 19:47:06.876000,-0.15080015361309052,-0.0019339302089065313
2023-07-19 19:48:06.891000,-0.13275960087776184,-0.0019749486818909645
2023-07-19 19:49:06.979000,-0.1343425214290619,-0.0019462391501292586
2023-07-19 19:50:06.961000,-0.1547165960073471,-0.0019772127270698547
2023-07-19 19:51:06.891000,-0.17651884257793427,-0.001983955502510071
2023-07-19 19:52:06.969000,-0.19130991399288177,-0.0019456904847174883
2023-07-19 19:53:06.915000,-0.14319279789924622,-0.0019054877338930964
2023-07-19 19:54:06.855000,-0.14343415200710297,-0.001956323627382517
2023-07-19 19:55:06.899000,-0.1354457437992096,-0.0019811303354799747
2023-07-19 19:56:06.903000,-0.21679458022117615,-0.0019899667240679264
2023-07-19 19:57:06.885000,-0.2885397970676422,-0.0019412400433793664
2023-07-19 19:58:06.830000,-0.27965280413627625,-0.001978199928998947
2023-07-19 19:59:06.955000,-0.1482609510421753,-0.00197735708206892
2023-07-19 20:00:06.962000,-0.15341819822788239,-0.0019532572478055954
2023-07-19 20:01:06.873000,-0.19537843763828278,-0.0019801666494458914
2023-07-19 20:02:06.895000,-0.20009517669677734,-0.00203685718588531
2023-07-19 20:03:06.974000,-0.19723805785179138,-0.002019236795604229
2023-07-19 20:04:06.958000,-0.17780701816082,-0.002008869545534253
2023-07-19 20:05:06.862000,-0.1781897395849228,-0.001977737993001938
2023-07-19 20:06:06.836000,-0.17800575494766235,-0.002024836838245392
2023-07-19 20:07:06.961000,-0.32976609468460083,-0.001916454522870481
2023-07-19 20:08:06.915000,-0.34516650438308716,-0.001973289530724287
2023-07-19 20:09:06.853000,-0.29587066173553467,-0.0020137059036642313
2023-07-19 20:10:06.928000,-0.15837045013904572,-0.0019868044182658195
2023-07-19 20:11:06.841000,-0.11724989861249924,-0.001992363715544343
2023-07-19 20:12:06.864000,-0.09378336369991302,-0.0020256999414414167
2023-07-19 20:13:06.808000,-0.10459413379430771,-0.0020665789488703012
2023-07-19 20:14:06.849000,-0.12217485159635544,-0.00197207136079669
2023-07-19 20:15:06.897000,-0.1270369291305542,-0.0020677600987255573
2023-07-19 20:16:06.907000,-0.14218194782733917,-0.001944418647326529
2023-07-19 20:17:06.833000,-0.11441736668348312,-0.002021555555984378
2023-07-19 20:18:06.890000,-0.16415157914161682,-0.0020671903621405363
2023-07-19 20:19:06.826000,-0.1725095510482788,-0.002036444377154112
2023-07-19 20:20:07.250000,-0.18062080442905426,-0.001962054055184126
2023-07-19 20:21:06.907000,-0.3533565104007721,-0.0020207674242556095
2023-07-19 20:22:06.916000,-0.3480035066604614,-0.0020322767086327076
2023-07-19 20:23:06.878000,-0.3639081120491028,-0.0019897855818271637
2023-07-19 20:24:06.844000,-0.2093178927898407,-0.001966469455510378
2023-07-19 20:25:06.937000,-0.25236067175865173,-0.002029400086030364
2023-07-19 20:26:06.859000,-0.18405374884605408,-0.002016285667195916
2023-07-19 20:27:06.862000,-0.17147056758403778,-0.0020077554509043694
2023-07-19 20:28:06.934000,-0.15380315482616425,-0.0019694999791681767
2023-07-19 20:29:06.872000,-0.15383043885231018,-0.0019840931054204702
2023-07-19 20:30:06.962000,-0.15277664363384247,-0.0020532619673758745
2023-07-19 20:31:06.816000,-0.13613072037696838,-0.001982463523745537
2023-07-19 20:32:06.877000,-0.137859046459198,-0.002004720037803054
2023-07-19 20:33:06.880000,-0.17824813723564148,-0.001984511036425829
2023-07-19 20:34:06.776000,-0.231037899851799,-0.0020695640705525875
2023-07-19 20:35:07.112000,-0.3765994906425476,-0.0019840223249047995
2023-07-19 20:36:06.917000,-0.3496522605419159,-0.0020032173488289118
2023-07-19 20:37:06.803000,-0.20207162201404572,-0.0019603478722274303
2023-07-19 20:38:06.824000,-0.18307267129421234,-0.0019310832722112536
2023-07-19 20:39:06.878000,-0.18157824873924255,-0.0019542367663234472
2023-07-19 20:40:06.921000,-0.19632720947265625,-0.0019273333018645644
2023-07-19 20:41:06.818000,-0.23530425131320953,-0.001959714340046048
2023-07-19 20:42:06.912000,-0.2538192570209503,-0.001934837899170816
2023-07-19 20:43:06.852000,-0.22609195113182068,-0.0019938864279538393
2023-07-19 20:44:06.929000,-0.14768530428409576,-0.001978142885491252
2023-07-19 20:45:06.894000,-0.14690366387367249,-0.0019499545451253653
2023-07-19 20:46:06.787000,-0.14392368495464325,-0.001990444492548704
2023-07-19 20:47:06.812000,-0.16194792091846466,-0.001961104106158018
2023-07-19 20:48:06.777000,-0.31540289521217346,-0.0019686135929077864
2023-07-19 20:49:06.843000,-0.3109251856803894,-0.0019445333164185286
2023-07-19 20:50:06.837000,-0.21539393067359924,-0.001957604195922613
2023-07-19 20:51:06.866000,-0.1770433485507965,-0.002004974987357855
2023-07-19 20:52:06.776000,-0.17136459052562714,-0.0019698399119079113
2023-07-19 20:53:07.169000,-0.10102186352014542,-0.001983686350286007
2023-07-19 20:54:06.807000,-0.10429319739341736,-0.001962526235729456
2023-07-19 20:55:06.796000,-0.10634811222553253,-0.0019627143628895283
2023-07-19 20:56:06.868000,-0.12376468628644943,-0.0019455227302387357
2023-07-19 20:57:06.773000,-0.1425909548997879,-0.0019800213631242514
2023-07-19 20:58:06.876000,-0.2526930868625641,-0.001902416697703302
2023-07-19 20:59:06.836000,-0.3142513334751129,-0.0019759766291826963
2023-07-19 21:00:06.878000,-0.27859407663345337,-0.0019792194943875074
2023-07-19 21:01:06.751000,-0.1659320592880249,-0.0019541457295417786
2023-07-19 21:02:06.773000,-0.17998069524765015,-0.00200116285122931
2023-07-19 21:03:06.832000,-0.18181772530078888,-0.0019823953043669462
2023-07-19 21:04:06.799000,-0.18786656856536865,-0.0019267825409770012
2023-07-19 21:05:07.030000,-0.20309385657310486,-0.0019571667071431875
2023-07-19 21:06:06.885000,-0.20237846672534943,-0.001897068228572607
2023-07-19 21:07:06.837000,-0.1953943371772766,-0.0020052045583724976
2023-07-19 21:08:06.780000,-0.1795916110277176,-0.0019756427500396967
2023-07-19 21:09:06.929000,-0.17491574585437775,-0.001945916679687798
2023-07-19 21:10:06.894000,-0.17218343913555145,-0.001962583279237151
2023-07-19 21:11:06.783000,-0.16145549714565277,-0.0019714348018169403
2023-07-19 21:12:06.823000,-0.3532193601131439,-0.0019738636910915375
2023-07-19 21:13:06.829000,-0.3799951374530792,-0.001999279949814081
2023-07-19 21:14:06.832000,-0.37917765974998474,-0.0019529130076989532
2023-07-19 21:15:06.783000,-0.21867336332798004,-0.0019486744422465563
2023-07-19 21:16:06.796000,-0.12856847047805786,0.0019119787029922009
2023-07-19 21:17:06.886000,-0.12804360687732697,0.0032072041649371386
2023-07-19 21:18:06.805000,-0.1263495683670044,-0.0019128809217363596
2023-07-19 21:19:06.853000,-0.1255570501089096,-0.0019723332952708006
2023-07-19 21:20:06.787000,-0.13620072603225708,-0.0019761999137699604
2023-07-19 21:21:06.849000,-0.15188752114772797,-0.001992268254980445
2023-07-19 21:22:06.760000,-0.17005136609077454,-0.0020395112223923206
2023-07-19 21:23:06.854000,-0.17453981935977936,0.020984116941690445
2023-07-19 21:24:06.803000,-0.16309121251106262,0.010991774499416351
2023-07-19 21:25:06.883000,-0.11994626373052597,0.012237722985446453
2023-07-19 21:26:06.752000,-0.24702094495296478,0.013180707581341267
2023-07-19 21:27:06.761000,-0.22058188915252686,0.012457704171538353
2023-07-19 21:28:06.858000,-0.1036515161395073,0.009393500164151192
2023-07-19 21:29:06.756000,-0.08416710048913956,0.004930238239467144
2023-07-19 21:30:06.951000,-0.0835593193769455,-0.001982357120141387
2023-07-19 21:31:06.780000,-0.08941797912120819,-0.0019522050861269236
2023-07-19 21:32:06.764000,-0.1397707313299179,-0.0019435000140219927
2023-07-19 21:33:06.851000,-0.16289643943309784,-0.0019346429035067558
2023-07-19 21:34:07.041000,-0.19051353633403778,-0.0019372040405869484
2023-07-19 21:35:07.258000,-0.20364651083946228,0.01872721128165722
2023-07-19 21:36:06.825000,-0.22494956851005554,0.015742341056466103
2023-07-19 21:37:07.170000,-0.24128398299217224,0.010970422066748142
2023-07-19 21:38:07.317000,-0.26558029651641846,0.018353348597884178
2023-07-19 21:39:07.141000,-0.3779650032520294,0.025311756879091263
2023-07-19 21:40:07.163000,-0.35237064957618713,0.03519522398710251
2023-07-19 21:41:07.125000,-0.2593591511249542,0.04096300154924393
2023-07-19 21:42:07.156000,-0.22128847241401672,0.05324368178844452
2023-07-19 21:43:06.814000,-0.22543708980083466,0.06230282783508301
2023-07-19 21:44:06.765000,-0.23815511167049408,0.05838838219642639
2023-07-19 21:45:06.793000,-0.24125616252422333,0.04452897608280182
2023-07-19 21:46:06.767000,-0.2364504337310791,0.027215979993343353
2023-07-19 21:47:06.771000,-0.2273816615343094,0.025172125548124313
2023-07-19 21:48:06.806000,-0.21376605331897736,0.024033181369304657
2023-07-19 21:49:06.826000,-0.2832489311695099,0.022128242999315262
2023-07-19 21:50:06.776000,-0.38495567440986633,0.020395956933498383
2023-07-19 21:51:06.839000,-0.3517179489135742,0.019115278497338295
2023-07-19 21:52:06.733000,-0.1924269199371338,0.018425066024065018
2023-07-19 21:53:06.905000,-0.2155076563358307,0.018500572070479393
2023-07-19 21:54:06.833000,-0.22804950177669525,0.019298799335956573
2023-07-19 21:55:06.835000,-0.21147336065769196,0.020446138456463814
2023-07-19 21:56:06.803000,-0.15206608176231384,0.02211480401456356
2023-07-19 21:57:06.819000,-0.15299049019813538,0.02396254800260067
2023-07-19 21:58:06.739000,-0.14749035239219666,0.025386210530996323
2023-07-19 21:59:06.768000,-0.14449813961982727,0.026705347001552582
2023-07-19 22:00:06.848000,-0.15323644876480103,0.028336720541119576
2023-07-19 22:01:06.787000,-0.16533777117729187,0.030914289876818657
2023-07-19 22:02:06.775000,-0.1828601360321045,0.034405943006277084
2023-07-19 22:03:06.866000,-0.2978641986846924,0.039182938635349274
2023-07-19 22:04:06.732000,-0.3622921109199524,0.04546395689249039
2023-07-19 22:05:06.688000,-0.3108973503112793,0.05091939866542816
2023-07-19 22:06:06.705000,-0.17850489914417267,0.05279362574219704
2023-07-19 22:07:06.799000,-0.11138146370649338,0.05311976745724678
2023-07-19 22:08:06.811000,-0.1243632361292839,0.05525728315114975
2023-07-19 22:09:06.748000,-0.13876867294311523,0.05585952475667
2023-07-19 22:10:06.825000,-0.1417456716299057,0.060621876269578934
2023-07-19 22:11:06.756000,-0.12659883499145508,0.06587611883878708
2023-07-19 22:12:06.723000,-0.12755922973155975,0.05970608815550804
2023-07-19 22:13:06.753000,-0.14724314212799072,0.05844768136739731
2023-07-19 22:14:06.718000,-0.18749567866325378,0.06311582773923874
2023-07-19 22:15:06.823000,-0.14909468591213226,0.0791223868727684
2023-07-19 22:16:06.791000,-0.13694417476654053,0.15664458274841309
2023-07-19 22:17:06.755000,-0.2878336012363434,0.14410045742988586
2023-07-19 22:18:06.870000,-0.31651026010513306,0.13878367841243744
2023-07-19 22:19:06.788000,-0.2257884442806244,0.15040989220142365
2023-07-19 22:20:06.745000,-0.12965260446071625,0.1560445874929428
2023-07-19 22:21:06.740000,-0.12927019596099854,0.1624847799539566
2023-07-19 22:22:06.705000,-0.14278341829776764,0.17854608595371246
2023-07-19 22:23:06.704000,-0.1454746425151825,0.15290306508541107
2023-07-19 22:24:06.694000,-0.1782258003950119,0.1370815485715866
2023-07-19 22:25:06.761000,-0.19593308866024017,0.14217284321784973
2023-07-19 22:26:06.751000,-0.1976815015077591,0.1489027440547943
2023-07-19 22:27:06.669000,-0.18908224999904633,0.15506130456924438
2023-07-19 22:28:06.815000,-0.17460089921951294,0.1855703443288803
2023-07-19 22:29:06.787000,-0.17511361837387085,0.2385454922914505
2023-07-19 22:30:06.798000,-0.2833685874938965,0.27816319465637207
2023-07-19 22:31:06.767000,-0.3356049656867981,0.30463066697120667
2023-07-19 22:32:06.682000,-0.3347177803516388,0.2911669909954071
2023-07-19 22:33:06.734000,-0.18592947721481323,0.26483649015426636
2023-07-19 22:34:06.732000,-0.18276840448379517,0.3260815441608429
2023-07-19 22:35:06.693000,-0.17007380723953247,0.40553227066993713
2023-07-19 22:36:06.740000,-0.175339013338089,0.4747001528739929
2023-07-19 22:37:06.769000,-0.1458243429660797,0.5427103638648987
2023-07-19 22:38:06.752000,-0.13679252564907074,0.5704672932624817
2023-07-19 22:39:06.694000,-0.1210225373506546,0.5070974230766296
2023-07-19 22:40:06.800000,-0.07221824675798416,0.3990824222564697
2023-07-19 22:41:06.733000,-0.25792714953422546,0.3780026435852051
2023-07-19 22:42:06.743000,-0.24380311369895935,0.36301904916763306
2023-07-19 22:43:06.764000,-0.14128202199935913,0.29929178953170776
2023-07-19 22:44:06.722000,-0.1071784496307373,0.26974794268608093
2023-07-19 22:45:06.722000,-0.14795581996440887,0.27191162109375
2023-07-19 22:46:06.753000,-0.1950400024652481,0.3117257356643677
2023-07-19 22:47:06.690000,-0.22172686457633972,0.3201271593570709
2023-07-19 22:48:06.715000,-0.26417240500450134,0.2901707589626312
2023-07-19 22:49:06.658000,-0.20202049612998962,0.28704458475112915
2023-07-19 22:50:06.743000,-0.18872928619384766,0.292765736579895
2023-07-19 22:51:06.744000,-0.15378139913082123,0.2908460795879364
2023-07-19 22:52:06.655000,-0.14045663177967072,0.27958154678344727
2023-07-19 22:53:06.780000,-0.14202432334423065,0.2737053334712982
2023-07-19 22:54:06.654000,-0.1921159327030182,0.29223448038101196
2023-07-19 22:55:06.780000,-0.32722336053848267,0.31017935276031494
2023-07-19 22:56:06.664000,-0.34964412450790405,0.2784602642059326
2023-07-19 22:57:06.761000,-0.3327084183692932,0.2709772288799286
2023-07-19 22:58:06.671000,-0.21295838057994843,0.2217974215745926
2023-07-19 22:59:06.665000,-0.198612779378891,0.23514452576637268
2023-07-19 23:00:06.696000,-0.18707263469696045,0.2538313865661621
2023-07-19 23:01:06.783000,-0.1863107830286026,0.34077954292297363
2023-07-19 23:02:06.685000,-0.18637323379516602,0.3437784016132355
2023-07-19 23:03:06.733000,-0.1991599053144455,0.33302605152130127
2023-07-19 23:04:06.760000,-0.2277618944644928,0.2217688113451004
2023-07-19 23:05:06.791000,-0.23608514666557312,0.2256413996219635
2023-07-19 23:06:06.750000,-0.20663127303123474,0.18401986360549927
2023-07-19 23:07:06.631000,-0.15285149216651917,0.2425529509782791
2023-07-19 23:08:06.761000,-0.23854146897792816,0.267863929271698
2023-07-19 23:09:06.764000,-0.3193010687828064,0.329458624124527
2023-07-19 23:10:06.725000,-0.27037379145622253,0.4225097596645355
2023-07-19 23:11:06.752000,-0.14001478254795074,0.466030091047287
2023-07-19 23:12:06.783000,-0.15819326043128967,0.5570456385612488
2023-07-19 23:13:06.724000,-0.19136619567871094,0.6550953984260559
2023-07-19 23:14:06.634000,-0.2146727740764618,0.7057700753211975
2023-07-19 23:15:06.655000,-0.1930038183927536,0.75422602891922
2023-07-19 23:16:06.642000,-0.11038929969072342,0.7320420742034912
2023-07-19 23:17:06.922000,-0.10882933437824249,0.6805285215377808
2023-07-19 23:18:06.765000,-0.10709061473608017,0.6115052103996277
2023-07-19 23:19:06.691000,-0.10919271409511566,0.5242687463760376
2023-07-19 23:20:06.725000,-0.12459059804677963,0.4691999852657318
2023-07-19 23:21:06.712000,-0.18766260147094727,0.4461788237094879
2023-07-19 23:22:06.709000,-0.3229430019855499,0.43895044922828674
2023-07-19 23:23:06.635000,-0.3080330193042755,0.35041725635528564
2023-07-19 23:24:06.671000,-0.1959543526172638,0.21015630662441254
2023-07-19 23:25:06.802000,-0.17232745885849,0.2600027024745941
2023-07-19 23:26:06.718000,-0.1780783236026764,0.36906635761260986
2023-07-19 23:27:06.646000,-0.1802210658788681,0.43944022059440613
2023-07-19 23:28:06.655000,-0.19417260587215424,0.48828017711639404
2023-07-19 23:29:06.721000,-0.20309323072433472,0.5201032161712646
2023-07-19 23:30:06.729000,-0.20382985472679138,0.549423336982727
2023-07-19 23:31:06.712000,-0.18445493280887604,0.5674238204956055
2023-07-19 23:32:06.726000,-0.2891767919063568,0.5826202034950256
2023-07-19 23:33:06.761000,-0.33393922448158264,0.6120867133140564
2023-07-19 23:34:06.671000,-0.2747744917869568,0.6571804285049438
2023-07-19 23:35:06.720000,-0.15735825896263123,0.7177439332008362
2023-07-19 23:36:06.725000,-0.20133383572101593,0.7547568082809448
2023-07-19 23:37:06.678000,-0.2206672728061676,0.6522921323776245
2023-07-19 23:38:06.775000,-0.22300198674201965,0.4565275013446808
2023-07-19 23:39:06.725000,-0.16554653644561768,0.5797016620635986
2023-07-19 23:40:06.724000,-0.1253589540719986,0.5236116051673889
2023-07-19 23:41:06.733000,-0.12543676793575287,0.3497186005115509
2023-07-19 23:42:06.725000,-0.1239791139960289,0.457467645406723
2023-07-19 23:43:06.607000,-0.12624944746494293,0.7908022999763489
2023-07-19 23:44:06.741000,-0.14240841567516327,0.8940983414649963
2023-07-19 23:45:06.733000,-0.18714773654937744,0.9656683206558228
2023-07-19 23:46:06.678000,-0.37605711817741394,0.9738245606422424
2023-07-19 23:47:06.672000,-0.3792802393436432,0.9762206077575684
2023-07-19 23:48:06.808000,-0.3139411211013794,1.0890954732894897
2023-07-19 23:49:06.665000,-0.0623830147087574,0.957450270652771
2023-07-19 23:50:06.671000,-0.06063741818070412,0.9133917689323425
2023-07-19 23:51:06.638000,-0.05546371638774872,0.5443553924560547
2023-07-19 23:52:06.669000,-0.06469143182039261,0.5714245438575745
2023-07-19 23:53:06.709000,-0.07297096401453018,0.815878689289093
2023-07-19 23:54:06.635000,-0.07437418401241302,0.7011066675186157
2023-07-19 23:55:06.655000,-0.08842507004737854,0.6053364872932434
2023-07-19 23:56:06.626000,-0.14339467883110046,0.5558651089668274
2023-07-19 23:57:06.574000,-0.1931251436471939,0.6715402007102966
2023-07-19 23:58:06.633000,-0.2033303678035736,0.8040732741355896
2023-07-19 23:59:06.601000,-0.2648180425167084,0.8049969673156738
2023-07-20 00:00:06.582000,-0.4040283262729645,0.7791352868080139
2023-07-20 00:01:06.599000,-0.3935321271419525,0.7029284834861755
2023-07-20 00:02:06.679000,-0.21528850495815277,0.7809057831764221
2023-07-20 00:03:06.833000,-0.2022874504327774,0.9342774748802185
2023-07-20 00:04:06.621000,-0.22017593681812286,0.9719769358634949
2023-07-20 00:05:06.682000,-0.22667710483074188,0.8737605214118958
2023-07-20 00:06:06.681000,-0.22211715579032898,1.1096723079681396
2023-07-20 00:07:06.675000,-0.15373289585113525,1.113159418106079
2023-07-20 00:08:06.598000,-0.17061090469360352,0.8393189311027527
2023-07-20 00:09:06.674000,-0.16888384521007538,1.1513264179229736
2023-07-20 00:10:06.666000,-0.16524599492549896,1.3556352853775024
2023-07-20 00:11:06.704000,-0.14753034710884094,1.4135932922363281
2023-07-20 00:12:06.681000,-0.13583531975746155,1.3674992322921753
2023-07-20 00:13:06.657000,-0.35192668437957764,1.4347929954528809
2023-07-20 00:14:06.687000,-0.33965516090393066,1.4123581647872925
2023-07-20 00:15:06.604000,-0.28812336921691895,1.4822062253952026
2023-07-20 00:16:06.673000,-0.1877814680337906,1.4987019300460815
2023-07-20 00:17:06.704000,-0.16383999586105347,1.4850419759750366
2023-07-20 00:18:06.558000,-0.1655716598033905,1.5350087881088257
2023-07-20 00:19:06.822000,-0.15055429935455322,1.4487178325653076
2023-07-20 00:20:06.676000,-0.15215273201465607,1.3890058994293213
2023-07-20 00:21:06.662000,-0.15450266003608704,1.363691806793213
2023-07-20 00:22:06.765000,-0.14688314497470856,1.7204508781433105
2023-07-20 00:23:06.617000,-0.2672519385814667,1.3489474058151245
2023-07-20 00:24:06.676000,-0.3508090376853943,1.202154517173767
2023-07-20 00:25:06.618000,-0.3510352075099945,1.5387650728225708
2023-07-20 00:26:06.637000,-0.20756515860557556,1.425238847732544
2023-07-20 00:27:06.606000,-0.17870433628559113,1.6091808080673218
2023-07-20 00:28:06.597000,-0.1628021001815796,1.6642014980316162
2023-07-20 00:29:06.590000,-0.15751099586486816,1.5223215818405151
2023-07-20 00:30:06.675000,-0.15869159996509552,1.5421810150146484
2023-07-20 00:31:06.713000,-0.15739643573760986,1.6335725784301758
2023-07-20 00:32:06.652000,-0.17046208679676056,1.6430027484893799
2023-07-20 00:33:06.769000,-0.17928454279899597,1.6659733057022095
2023-07-20 00:34:06.732000,-0.18152976036071777,1.6944013833999634
2023-07-20 00:35:06.547000,-0.15975432097911835,1.7063281536102295
2023-07-20 00:36:06.683000,-0.17437489330768585,1.752881407737732
2023-07-20 00:37:06.645000,-0.3436063230037689,1.7978023290634155
2023-07-20 00:38:06.643000,-0.36104875802993774,1.8408485651016235
2023-07-20 00:39:06.622000,-0.31013885140419006,1.6955198049545288
2023-07-20 00:40:07.003000,-0.1652015596628189,1.3276591300964355
2023-07-20 00:41:06.554000,-0.13486537337303162,1.483000636100769
2023-07-20 00:42:06.659000,-0.13263890147209167,1.7508575916290283
2023-07-20 00:43:06.620000,-0.11575283110141754,1.6182903051376343
2023-07-20 00:44:06.583000,-0.1117129996418953,1.7117947340011597
2023-07-20 00:45:06.546000,-0.1100630983710289,1.6735378503799438
2023-07-20 00:46:06.679000,-0.13910993933677673,1.6809353828430176
2023-07-20 00:47:06.598000,-0.15941914916038513,1.5963295698165894
2023-07-20 00:48:06.761000,-0.19507290422916412,1.5024919509887695
2023-07-20 00:49:06.988000,-0.14065499603748322,0.9522745013237
2023-07-20 00:50:06.657000,-0.1213231310248375,0.6292416453361511
2023-07-20 00:51:06.617000,-0.2792997360229492,0.6588873863220215
2023-07-20 00:52:06.609000,-0.25888127088546753,0.7626539468765259
2023-07-20 00:53:06.683000,-0.14909785985946655,1.2432398796081543
2023-07-20 00:54:06.652000,-0.09829873591661453,1.445571780204773
2023-07-20 00:55:06.672000,-0.1002320796251297,1.4508585929870605
2023-07-20 00:56:06.631000,-0.1427527666091919,1.5865346193313599
2023-07-20 00:57:06.652000,-0.16177502274513245,0.9386005997657776
2023-07-20 00:58:06.615000,-0.175846666097641,1.2732573747634888
2023-07-20 00:59:06.594000,-0.15738674998283386,1.702294111251831
2023-07-20 01:00:06.589000,-0.1506633460521698,1.7779728174209595
2023-07-20 01:01:06.639000,-0.1490538865327835,1.7285419702529907
2023-07-20 01:02:06.635000,-0.14881156384944916,1.759724736213684
2023-07-20 01:03:06.705000,-0.1476142853498459,1.7199777364730835
2023-07-20 01:04:06.636000,-0.31650787591934204,1.5839684009552002
2023-07-20 01:05:06.555000,-0.33678653836250305,1.2167948484420776
2023-07-20 01:06:06.647000,-0.29314783215522766,1.3748831748962402
2023-07-20 01:07:06.514000,-0.15415768325328827,1.424782395362854
2023-07-20 01:08:06.597000,-0.1433543562889099,1.4122567176818848
2023-07-20 01:09:06.655000,-0.14504651725292206,1.4297151565551758
2023-07-20 01:10:06.582000,-0.1701696366071701,1.47063148021698
2023-07-20 01:11:06.548000,-0.17561306059360504,1.5494850873947144
2023-07-20 01:12:06.710000,-0.1965467929840088,1.7463781833648682
2023-07-20 01:13:06.581000,-0.1505313664674759,1.7201251983642578
2023-07-20 01:14:06.703000,-0.12207204848527908,1.6776998043060303
2023-07-20 01:15:06.631000,-0.2862020432949066,1.8860183954238892
2023-07-20 01:16:06.663000,-0.274146169424057,1.900510311126709
2023-07-20 01:17:06.610000,-0.1983550786972046,1.8008832931518555
2023-07-20 01:18:06.512000,-0.1153109148144722,1.7616571187973022
2023-07-20 01:19:06.539000,-0.0787554681301117,1.7326135635375977
2023-07-20 01:20:06.603000,-0.11271726340055466,1.735942006111145
2023-07-20 01:21:06.603000,-0.14674411714076996,1.7315669059753418
2023-07-20 01:22:06.560000,-0.16503900289535522,1.7469871044158936
2023-07-20 01:23:06.880000,-0.15134410560131073,1.8152861595153809
2023-07-20 01:24:06.582000,-0.13834914565086365,1.8166818618774414
2023-07-20 01:25:06.501000,-0.129246324300766,1.7674936056137085
2023-07-20 01:26:06.524000,-0.18262094259262085,1.6848505735397339
2023-07-20 01:27:06.550000,-0.2109399288892746,1.9193143844604492
2023-07-20 01:28:07.039000,-0.2370266169309616,1.9188064336776733
2023-07-20 01:29:06.493000,-0.41624611616134644,1.813254475593567
2023-07-20 01:30:06.477000,-0.3468930721282959,1.7298283576965332
2023-07-20 01:31:06.545000,-0.3160231411457062,1.6651898622512817
2023-07-20 01:32:06.538000,-0.13304920494556427,1.5993415117263794
2023-07-20 01:33:06.630000,-0.11819253116846085,1.7495086193084717
2023-07-20 01:34:06.479000,-0.12146531790494919,1.8767132759094238
2023-07-20 01:35:06.573000,-0.13814343512058258,1.8690686225891113
2023-07-20 01:36:07.008000,-0.1923532485961914,1.9242498874664307
2023-07-20 01:37:06.509000,-0.2387395203113556,1.9702973365783691
2023-07-20 01:38:06.678000,-0.25682422518730164,1.9762084484100342
2023-07-20 01:39:06.540000,-0.18630997836589813,1.984656572341919
2023-07-20 01:40:06.576000,-0.14275828003883362,1.9967106580734253
2023-07-20 01:41:06.676000,-0.14366514980793,2.012237787246704
2023-07-20 01:42:06.583000,-0.18470996618270874,2.0107128620147705
2023-07-20 01:43:06.532000,-0.31931477785110474,2.0396945476531982
2023-07-20 01:44:06.529000,-0.3267655372619629,2.041459560394287
2023-07-20 01:45:06.494000,-0.18043066561222076,2.0255017280578613
2023-07-20 01:46:06.604000,-0.18918192386627197,2.0133652687072754
2023-07-20 01:47:06.493000,-0.18297602236270905,2.09012770652771
2023-07-20 01:48:06.896000,-0.2123166173696518,2.0787065029144287
2023-07-20 01:49:06.567000,-0.15330053865909576,2.1254501342773438
2023-07-20 01:50:06.560000,-0.14940392971038818,2.0732669830322266
2023-07-20 01:51:06.622000,-0.15138979256153107,2.0803375244140625
2023-07-20 01:52:06.574000,-0.1581941843032837,2.078449010848999
2023-07-20 01:53:06.599000,-0.15836943686008453,2.055497169494629
2023-07-20 01:54:06.512000,-0.15652985870838165,2.098253011703491
2023-07-20 01:55:06.473000,-0.16064153611660004,2.064964532852173
2023-07-20 01:57:06.535000,-0.3265734314918518,1.6144979000091553
2023-07-20 01:58:06.506000,-0.24463076889514923,2.050750255584717
2023-07-20 01:59:06.543000,-0.15983176231384277,1.9305170774459839
2023-07-20 02:00:06.552000,-0.17980033159255981,1.8881827592849731
2023-07-20 02:01:06.498000,-0.18588435649871826,2.0674662590026855
2023-07-20 02:02:06.558000,-0.18766337633132935,1.6549952030181885
2023-07-20 02:03:06.498000,-0.1696818321943283,1.7841205596923828
2023-07-20 02:04:06.557000,-0.16976989805698395,1.7735824584960938
2023-07-20 02:05:06.889000,-0.1697707623243332,1.3645702600479126
2023-07-20 02:06:06.465000,-0.21213896572589874,1.9694573879241943
2023-07-20 02:07:06.556000,-0.34804877638816833,2.251783847808838
2023-07-20 02:09:06.567000,-0.23937363922595978,2.214613199234009
2023-07-20 02:10:06.917000,-0.22448186576366425,2.23697566986084
2023-07-20 02:11:06.939000,-0.20446918904781342,2.117203712463379
2023-07-20 02:12:06.576000,-0.19827380776405334,2.0516183376312256
2023-07-20 02:13:06.497000,-0.14008736610412598,2.121431350708008
2023-07-20 02:14:06.435000,-0.11353109776973724,2.1653003692626953
2023-07-20 02:15:06.442000,-0.11135483533143997,2.0829625129699707
2023-07-20 02:16:06.595000,-0.1342552900314331,2.163595676422119
2023-07-20 02:17:06.529000,-0.14518345892429352,2.202096939086914
2023-07-20 02:18:06.924000,-0.1512516736984253,1.9726835489273071
2023-07-20 02:19:06.545000,-0.15804313123226166,1.6558641195297241
2023-07-20 02:20:06.446000,-0.23240283131599426,1.5867785215377808
2023-07-20 02:21:06.454000,-0.3823569715023041,1.4866653680801392
2023-07-20 02:22:06.830000,-0.32971587777137756,1.4426606893539429
2023-07-20 02:23:06.553000,-0.24883951246738434,1.3475462198257446
2023-07-20 02:24:06.961000,-0.1492438018321991,1.367533802986145
2023-07-20 02:25:06.831000,-0.15057267248630524,1.6088565587997437
2023-07-20 02:26:06.525000,-0.15031035244464874,1.6412463188171387
2023-07-20 02:27:06.725000,-0.11062848567962646,1.7772105932235718
2023-07-20 02:28:06.560000,-0.06145400181412697,1.6525874137878418
2023-07-20 02:30:06.470000,-0.0830356627702713,1.3868908882141113
2023-07-20 02:31:06.480000,-0.10071438550949097,1.4389488697052002
2023-07-20 02:32:06.564000,-0.11704990267753601,1.5328847169876099
2023-07-20 02:33:06.524000,-0.11630888283252716,1.609755039215088
2023-07-20 02:34:06.507000,-0.19432485103607178,1.7842555046081543
2023-07-20 02:35:06.557000,-0.32730627059936523,1.8762125968933105
2023-07-20 02:36:06.766000,-0.3265601396560669,1.5427573919296265
2023-07-20 02:37:06.507000,-0.21082177758216858,1.671505093574524
2023-07-20 02:38:06.439000,-0.2346523255109787,1.3417236804962158
2023-07-20 02:39:06.509000,-0.24685248732566833,1.1287192106246948
2023-07-20 02:40:06.482000,-0.24347317218780518,1.2880746126174927
2023-07-20 02:41:06.426000,-0.17791901528835297,1.6535471677780151
2023-07-20 02:43:06.991000,-0.1512189656496048,1.9896323680877686
2023-07-20 02:44:06.885000,-0.15321514010429382,1.988542914390564
2023-07-20 02:45:06.507000,-0.1536971479654312,1.7995648384094238
2023-07-20 02:46:06.492000,-0.1528022140264511,1.744331955909729
2023-07-20 02:47:06.539000,-0.24445699155330658,1.9169926643371582
2023-07-20 02:48:06.509000,-0.39194899797439575,2.241395950317383
2023-07-20 02:50:06.487000,-0.22811299562454224,2.0433077812194824
2023-07-20 02:51:06.551000,-0.14268448948860168,1.474384069442749
2023-07-20 02:52:06.870000,-0.13673877716064453,1.4054685831069946
2023-07-20 02:53:06.547000,-0.13735002279281616,1.3709830045700073
2023-07-20 02:54:06.737000,-0.13754136860370636,1.2460991144180298
2023-07-20 02:55:06.540000,-0.13327807188034058,1.29944908618927
2023-07-20 02:56:06.731000,-0.15573425590991974,1.2031497955322266
2023-07-20 02:57:06.500000,-0.18837182223796844,1.1238187551498413
2023-07-20 02:58:06.762000,-0.3003324270248413,1.0654149055480957
2023-07-20 02:59:06.472000,-0.3650156855583191,1.0604486465454102
2023-07-20 03:00:06.525000,-0.34369704127311707,1.0613757371902466
2023-07-20 03:01:06.443000,-0.19972901046276093,1.1204124689102173
2023-07-20 03:02:06.780000,-0.19676093757152557,1.0985877513885498
2023-07-20 03:03:06.529000,-0.19541685283184052,1.0975687503814697
2023-07-20 03:04:06.510000,-0.21710288524627686,1.0752789974212646
2023-07-20 03:05:06.477000,-0.21011857688426971,1.064500331878662
2023-07-20 03:06:06.489000,-0.19560034573078156,1.0779616832733154
2023-07-20 03:07:06.473000,-0.16379059851169586,1.1048747301101685
2023-07-20 03:09:06.934000,-0.1520678699016571,1.2258998155593872
2023-07-20 03:10:06.458000,-0.17375634610652924,1.2685704231262207
2023-07-20 03:11:06.475000,-0.18692611157894135,1.3065369129180908
2023-07-20 03:12:06.755000,-0.37011295557022095,1.3271255493164062
2023-07-20 03:14:06.513000,-0.29607126116752625,1.3794327974319458
2023-07-20 03:15:06.639000,-0.15178503096103668,1.4412927627563477
2023-07-20 03:16:06.836000,-0.11549464613199234,1.4791139364242554
2023-07-20 03:18:06.455000,-0.13206622004508972,1.4195990562438965
2023-07-20 03:19:06.462000,-0.13861791789531708,1.4498924016952515
2023-07-20 03:20:06.825000,-0.19227007031440735,1.529762625694275
2023-07-20 03:21:06.769000,-0.21603421866893768,1.6608799695968628
2023-07-20 03:22:06.813000,-0.2333972156047821,1.7195724248886108
2023-07-20 03:23:06.421000,-0.13035129010677338,1.489257574081421
2023-07-20 03:24:06.428000,-0.1276860237121582,1.454785704612732
2023-07-20 03:25:06.722000,-0.12330613285303116,1.2462425231933594
2023-07-20 03:26:06.631000,-0.3133125901222229,1.1347051858901978
2023-07-20 03:27:06.504000,-0.28300023078918457,1.1272679567337036
2023-07-20 03:28:06.431000,-0.18770378828048706,1.2077810764312744
2023-07-20 03:29:06.457000,-0.15642933547496796,1.1738611459732056
2023-07-20 03:31:06.936000,-0.15817709267139435,1.3959723711013794
2023-07-20 03:32:06.769000,-0.1605413556098938,1.5172754526138306
2023-07-20 03:33:06.537000,-0.16029691696166992,1.4966720342636108
2023-07-20 03:34:06.491000,-0.15926486253738403,1.5033761262893677
2023-07-20 03:35:06.500000,-0.15972965955734253,1.5652090311050415
2023-07-20 03:36:06.618000,-0.18248797953128815,1.6223585605621338
2023-07-20 03:37:06.575000,-0.19087927043437958,1.7215843200683594
2023-07-20 03:38:06.504000,-0.18824470043182373,1.778594970703125
2023-07-20 03:39:06.395000,-0.30598288774490356,2.0733509063720703
2023-07-20 03:42:06.798000,-0.06262090057134628,1.6185126304626465
2023-07-20 03:43:06.918000,-0.06489088386297226,2.0826618671417236
2023-07-20 03:45:06.394000,-0.09134135395288467,2.1951816082000732
2023-07-20 03:46:06.759000,-0.1484784185886383,2.362682580947876
2023-07-20 03:48:06.500000,-0.19536571204662323,2.2093679904937744
2023-07-20 03:49:06.457000,-0.3060816526412964,2.159213066101074
2023-07-20 03:50:06.425000,-0.4087301194667816,2.024677038192749
2023-07-20 03:53:06.792000,-0.16283127665519714,1.9643559455871582
2023-07-20 03:54:06.425000,-0.16252221167087555,1.7611567974090576
2023-07-20 03:55:06.885000,-0.14334982633590698,1.3118821382522583
2023-07-20 03:56:06.778000,-0.1435859650373459,1.3385590314865112
2023-07-20 03:57:06.427000,-0.16519857943058014,1.8048135042190552
2023-07-20 03:59:06.461000,-0.1887437403202057,2.049393653869629
2023-07-20 04:00:06.822000,-0.21683606505393982,1.8613101243972778
2023-07-20 04:02:06.736000,-0.21656805276870728,1.6312518119812012
2023-07-20 04:03:06.400000,-0.3137194514274597,1.8547414541244507
2023-07-20 04:04:06.813000,-0.3758501410484314,2.4829680919647217
2023-07-20 04:05:06.594000,-0.3653278350830078,2.3560447692871094
2023-07-20 04:06:06.765000,-0.2687056064605713,2.8571529388427734
2023-07-20 04:08:06.739000,-0.3320271372795105,2.713439702987671
2023-07-20 04:09:06.447000,-0.4474072754383087,2.099843740463257
2023-07-20 04:10:06.685000,-0.44448012113571167,1.6757760047912598
2023-07-20 04:11:06.337000,-0.43525657057762146,1.5979822874069214
2023-07-20 04:12:06.849000,-0.4152052402496338,1.4362151622772217
2023-07-20 04:13:06.484000,-0.4136342704296112,1.994533896446228
2023-07-20 04:15:06.434000,-0.4126221239566803,1.450606107711792
2023-07-20 04:16:06.842000,-0.42176195979118347,1.1637552976608276
2023-07-20 04:21:06.400000,-0.36885887384414673,1.637965440750122
2023-07-20 04:22:06.731000,-0.24515534937381744,1.5072318315505981
2023-07-20 04:23:06.426000,-0.10412284731864929,1.3811100721359253
2023-07-20 04:24:06.864000,-0.12161233276128769,1.3630262613296509
2023-07-20 04:25:06.436000,-0.12173546850681305,1.3872684240341187
2023-07-20 04:26:06.330000,-0.12028706818819046,1.2471740245819092
2023-07-20 04:27:06.448000,-0.10481689870357513,1.2394222021102905
2023-07-20 04:28:06.358000,-0.10854171961545944,1.2950044870376587
2023-07-20 04:29:06.753000,-0.15423233807086945,1.4282127618789673
2023-07-20 04:30:06.565000,-0.34538379311561584,1.3467744588851929
2023-07-20 04:31:06.871000,-0.3816981017589569,1.2967699766159058
2023-07-20 04:32:06.468000,-0.3665215075016022,1.2600289583206177
2023-07-20 04:33:06.458000,-0.23985441029071808,1.2226136922836304
2023-07-20 04:34:06.416000,-0.23734693229198456,1.294443964958191
2023-07-20 04:35:06.599000,-0.2197500467300415,1.2718185186386108
2023-07-20 04:36:06.292000,-0.2182372659444809,1.4883568286895752
2023-07-20 04:37:06.792000,-0.22316138446331024,2.240663528442383
2023-07-20 04:39:06.410000,-0.22819773852825165,1.5738208293914795
2023-07-20 04:40:06.708000,-0.2778194844722748,1.7781554460525513
2023-07-20 04:41:06.391000,-0.4278625249862671,1.6050989627838135
2023-07-20 04:42:06.337000,-0.4026097059249878,1.3776746988296509
2023-07-20 04:43:06.869000,-0.26657840609550476,1.3355236053466797
2023-07-20 04:44:06.390000,-0.2163916975259781,1.323838233947754
2023-07-20 04:46:06.407000,-0.20139603316783905,1.3144426345825195
2023-07-20 04:47:06.419000,-0.19780272245407104,1.2704731225967407
2023-07-20 04:48:06.880000,-0.21601852774620056,1.2523905038833618
2023-07-20 04:49:06.374000,-0.21421490609645844,1.1757396459579468
2023-07-20 04:50:06.388000,-0.2090250849723816,1.1555778980255127
2023-07-20 04:52:06.728000,-0.11218559741973877,1.1537153720855713
2023-07-20 04:53:06.364000,-0.11143836379051208,1.1959153413772583
2023-07-20 04:54:06.328000,-0.1841718703508377,1.2370202541351318
2023-07-20 04:55:06.281000,-0.2960244417190552,1.1655240058898926
2023-07-20 04:57:06.610000,-0.2078457474708557,1.102648377418518
2023-07-20 04:58:06.917000,-0.15188480913639069,1.0661952495574951
2023-07-20 04:59:06.636000,-0.18456676602363586,1.0137537717819214
2023-07-20 05:00:06.382000,-0.20071139931678772,0.9889793992042542
2023-07-20 05:01:06.423000,-0.22501903772354126,0.9787561893463135
2023-07-20 05:03:06.624000,-0.26634711027145386,1.0260409116744995
2023-07-20 05:05:06.357000,-0.2668066620826721,1.0879024267196655
2023-07-20 05:07:06.387000,-0.15363053977489471,1.1136409044265747
2023-07-20 05:08:06.585000,-0.3177419602870941,1.0843015909194946
2023-07-20 05:09:06.339000,-0.31521159410476685,1.0657081604003906
2023-07-20 05:12:06.688000,-0.15683001279830933,1.0176992416381836
2023-07-20 05:13:06.349000,-0.18827824294567108,1.006661057472229
2023-07-20 05:14:06.367000,-0.21045464277267456,1.0172861814498901
2023-07-20 05:16:06.768000,-0.179902121424675,0.9944626688957214
2023-07-20 05:17:06.651000,-0.14856909215450287,0.9648069739341736
2023-07-20 05:18:06.613000,-0.15091662108898163,0.9581779837608337
2023-07-20 05:19:06.309000,-0.14995308220386505,0.9475090503692627
2023-07-20 05:20:06.770000,-0.28331807255744934,0.9358283877372742
2023-07-20 05:21:06.296000,-0.33194077014923096,0.9322116374969482
2023-07-20 05:22:06.607000,-0.32057425379753113,0.9574834108352661
2023-07-20 05:23:06.374000,-0.19111467897891998,0.9714007377624512
2023-07-20 05:24:06.386000,-0.18592968583106995,0.9853492379188538
2023-07-20 05:27:06.285000,-0.20770302414894104,1.1493724584579468
2023-07-20 05:29:06.827000,-0.2114582359790802,1.9054473638534546
2023-07-20 05:30:06.347000,-0.1907191425561905,1.6273078918457031
2023-07-20 05:31:06.300000,-0.28264254331588745,1.5622048377990723
2023-07-20 05:34:06.745000,-0.15594907104969025,1.468878149986267
2023-07-20 05:35:06.316000,-0.16048067808151245,1.380414366722107
2023-07-20 05:36:06.582000,-0.1768956035375595,1.2200188636779785
2023-07-20 05:37:06.392000,-0.18760208785533905,1.1016950607299805
2023-07-20 05:40:06.552000,-0.208543598651886,0.9658799171447754
2023-07-20 05:41:06.868000,-0.21459022164344788,0.8773722648620605
2023-07-20 05:42:06.639000,-0.1505780965089798,0.870051920413971
2023-07-20 05:45:06.296000,-0.34343987703323364,1.1103897094726562
2023-07-20 05:48:06.621000,-0.13541223108768463,1.124304175376892
2023-07-20 05:49:06.340000,-0.15584716200828552,1.0635586977005005
2023-07-20 05:50:06.335000,-0.18910720944404602,0.9394421577453613
2023-07-20 05:51:06.244000,-0.2156730443239212,0.8136837482452393
2023-07-20 05:56:06.722000,-0.11707951873540878,0.6767945289611816
2023-07-20 05:57:06.241000,-0.12800587713718414,0.6915158629417419
2023-07-20 05:59:06.481000,-0.3276309072971344,0.8203269243240356
2023-07-20 06:00:06.644000,-0.3250507414340973,0.9740653038024902
2023-07-20 06:01:06.639000,-0.20034795999526978,1.3122589588165283
2023-07-20 06:04:06.666000,-0.11108061671257019,1.1379480361938477
2023-07-20 06:05:06.660000,-0.11188250035047531,0.9528778195381165
2023-07-20 06:06:06.612000,-0.11246459931135178,0.8723626732826233
2023-07-20 06:09:06.314000,-0.16015762090682983,0.8532136082649231
2023-07-20 06:11:06.263000,-0.31529533863067627,0.9080073237419128
2023-07-20 06:15:06.896000,-0.2556532919406891,0.9003989696502686
2023-07-20 06:16:06.654000,-0.21185535192489624,0.9469898343086243
2023-07-20 06:18:06.802000,-0.16822567582130432,0.9855332374572754
2023-07-20 06:21:06.334000,-0.15440885722637177,0.9921127557754517
2023-07-20 06:22:06.736000,-0.3149687349796295,1.0359617471694946
2023-07-20 06:23:06.699000,-0.332172691822052,1.0649367570877075
2023-07-20 06:24:06.693000,-0.293981671333313,1.181277871131897
2023-07-20 06:26:06.563000,-0.2456359714269638,1.3312302827835083
2023-07-20 06:30:06.695000,-0.21368451416492462,1.38432776927948
2023-07-20 06:31:06.425000,-0.2205207496881485,1.150059461593628
2023-07-20 06:32:06.863000,-0.2245415598154068,1.2198843955993652
2023-07-20 06:33:06.721000,-0.16840887069702148,1.0588743686676025
2023-07-20 06:34:06.688000,-0.15114429593086243,1.1019947528839111
2023-07-20 06:38:06.629000,-0.2564341127872467,0.9431418180465698
2023-07-20 06:39:06.206000,-0.16315124928951263,0.8867390155792236
2023-07-20 06:42:06.644000,-0.20603767037391663,0.8466808199882507
2023-07-20 06:43:06.481000,-0.10768371820449829,0.8635462522506714
2023-07-20 06:44:06.775000,-0.11077243089675903,0.9653670787811279
2023-07-20 06:45:06.606000,-0.11316633224487305,0.981431782245636
2023-07-20 06:46:06.298000,-0.1146387979388237,1.0501338243484497
2023-07-20 06:50:06.635000,-0.34286242723464966,1.2887918949127197
2023-07-20 06:52:06.565000,-0.20646820962429047,1.1987162828445435
2023-07-20 06:53:06.307000,-0.2079097479581833,1.0715968608856201
2023-07-20 06:54:06.564000,-0.20116721093654633,1.1896401643753052
2023-07-20 06:55:06.485000,-0.20895081758499146,1.2949470281600952
2023-07-20 06:57:06.556000,-0.22917939722537994,1.4304941892623901
2023-07-20 06:58:06.787000,-0.2172471433877945,1.1820570230484009
2023-07-20 06:59:06.601000,-0.18550197780132294,1.3391118049621582
2023-07-20 07:00:06.204000,-0.1775895655155182,1.4407708644866943
2023-07-20 07:01:06.723000,-0.17364785075187683,1.027269959449768
2023-07-20 07:02:06.709000,-0.29195961356163025,0.9545859694480896
2023-07-20 07:04:06.635000,-0.36719489097595215,0.9933508634567261
2023-07-20 07:05:06.552000,-0.23109450936317444,1.1029903888702393
2023-07-20 07:06:06.579000,-0.17671245336532593,1.0105922222137451
2023-07-20 07:07:06.622000,-0.1272398829460144,1.002984642982483
2023-07-20 07:08:06.731000,-0.12843693792819977,1.0333448648452759
2023-07-20 07:10:06.486000,-0.12806600332260132,1.5352915525436401
2023-07-20 07:11:06.524000,-0.1399175077676773,1.325589895248413
2023-07-20 07:12:06.668000,-0.2534072697162628,1.378713607788086
2023-07-20 07:13:06.637000,-0.33804643154144287,1.8975517749786377
2023-07-20 07:14:06.313000,-0.29613301157951355,1.8547426462173462
2023-07-20 07:18:06.565000,-0.06267601996660233,1.3074873685836792
2023-07-20 07:19:06.647000,-0.07462295144796371,1.5580763816833496
2023-07-20 07:21:06.545000,-0.09207773208618164,1.634835958480835
2023-07-20 07:22:06.556000,-0.1385406106710434,1.4603073596954346
2023-07-20 07:25:06.528000,-0.33535248041152954,0.6466422080993652
2023-07-20 07:28:06.597000,-0.2807556092739105,0.4838082194328308
2023-07-20 07:29:06.573000,-0.2143256515264511,0.42270100116729736
2023-07-20 07:30:06.221000,-0.20343871414661407,0.38235950469970703
2023-07-20 07:31:06.620000,-0.1971561163663864,0.3554275631904602
2023-07-20 07:33:06.772000,-0.18958483636379242,0.334727019071579
2023-07-20 07:37:06.450000,-0.2383183389902115,0.4713335335254669
2023-07-20 07:44:06.205000,-0.16626033186912537,0.4134851396083832
2023-07-20 07:46:06.309000,-0.1770695596933365,0.4880325496196747
2023-07-20 07:47:06.545000,-0.18776902556419373,0.5169932842254639
2023-07-20 07:49:06.573000,-0.2286539524793625,0.49613913893699646
2023-07-20 07:51:06.534000,-0.4013687074184418,0.47232311964035034
2023-07-20 07:52:06.534000,-0.3872881531715393,0.4727146029472351
2023-07-20 07:53:06.422000,-0.31245267391204834,0.4766755998134613
2023-07-20 07:55:06.634000,-0.16243351995944977,0.42681774497032166
2023-07-20 07:56:06.616000,-0.15501286089420319,0.4029909372329712
2023-07-20 07:57:06.167000,-0.0916576012969017,0.37215662002563477
2023-07-20 07:58:06.624000,-0.09547598659992218,0.32585281133651733
2023-07-20 07:59:06.195000,-0.11004894971847534,0.27471792697906494
2023-07-20 08:00:06.439000,-0.12247592955827713,0.25013047456741333
2023-07-20 08:01:06.170000,-0.20953725278377533,0.23783321678638458
2023-07-20 08:02:06.512000,-0.28191009163856506,0.23254241049289703
2023-07-20 08:03:06.651000,-0.26160743832588196,0.23549151420593262
2023-07-20 08:04:06.455000,-0.1561543345451355,0.23442496359348297
2023-07-20 08:05:06.514000,-0.19405703246593475,0.23378439247608185
2023-07-20 08:08:06.217000,-0.15499645471572876,0.22053204476833344
2023-07-20 08:10:06.506000,-0.139092355966568,0.21852704882621765
2023-07-20 08:12:06.137000,-0.11562780290842056,0.23789949715137482
2023-07-20 08:19:06.495000,-0.19682776927947998,0.3254815638065338
2023-07-20 08:22:06.382000,-0.20065756142139435,0.38065171241760254
2023-07-20 08:23:06.523000,-0.20845457911491394,0.39972740411758423
2023-07-20 08:24:06.641000,-0.20481471717357635,0.4120171070098877
2023-07-20 08:25:06.516000,-0.20464470982551575,0.4224421977996826
2023-07-20 08:27:06.613000,-0.15772700309753418,0.4530417323112488
2023-07-20 08:30:06.452000,-0.0830792635679245,0.4623808264732361
2023-07-20 08:32:06.541000,-0.07773485034704208,0.35990577936172485
2023-07-20 08:34:06.166000,-0.13102419674396515,0.29001083970069885
2023-07-20 08:35:06.509000,-0.14304791390895844,0.26741552352905273
2023-07-20 08:36:06.536000,-0.17598803341388702,0.251146137714386
2023-07-20 08:39:06.110000,-0.23637190461158752,0.19509631395339966
2023-07-20 08:40:06.543000,-0.33880019187927246,0.17113828659057617
2023-07-20 08:41:06.472000,-0.33477678894996643,0.14652428030967712
2023-07-20 08:44:06.407000,-0.15260708332061768,0.12833714485168457
2023-07-20 08:45:06.110000,-0.15363962948322296,0.13478922843933105
2023-07-20 08:46:06.112000,-0.1698562651872635,0.13621006906032562
2023-07-20 08:47:06.338000,-0.1812133938074112,0.1286402940750122
2023-07-20 08:48:06.534000,-0.2087567150592804,0.11666672676801682
2023-07-20 08:49:06.141000,-0.21299625933170319,0.1099969819188118
2023-07-20 08:51:06.137000,-0.35543906688690186,0.1082327663898468
2023-07-20 08:52:06.184000,-0.3050030767917633,0.11008849740028381
2023-07-20 08:53:06.549000,-0.17930440604686737,0.11683046817779541
2023-07-20 08:54:06.504000,-0.17286641895771027,0.12714101374149323
2023-07-20 08:55:06.417000,-0.21334458887577057,0.1378713697195053
2023-07-20 08:56:06.688000,-0.2299797683954239,0.14631153643131256
2023-07-20 08:57:06.625000,-0.24230904877185822,0.15367460250854492
2023-07-20 08:58:06.072000,-0.19223468005657196,0.1589069813489914
2023-07-20 08:59:06.600000,-0.15373186767101288,0.15737465023994446
2023-07-20 09:00:06.528000,-0.14880967140197754,0.15616463124752045
2023-07-20 09:01:06.512000,-0.14486989378929138,0.15360353887081146
2023-07-20 09:02:06.425000,-0.14449945092201233,0.14466910064220428
2023-07-20 09:03:06.536000,-0.2970428466796875,0.13858892023563385
2023-07-20 09:04:06.109000,-0.33428680896759033,0.1353757381439209
2023-07-20 09:05:06.484000,-0.32952937483787537,0.13615629076957703
2023-07-20 09:06:06.054000,-0.21172277629375458,0.13803566992282867
2023-07-20 09:07:06.453000,-0.1842985302209854,0.14078505337238312
2023-07-20 09:08:06.110000,-0.19325090944766998,0.14390447735786438
2023-07-20 09:09:06.107000,-0.20090807974338531,0.14335015416145325
2023-07-20 09:10:06.499000,-0.19437648355960846,0.13816386461257935
2023-07-20 09:11:06.389000,-0.20938323438167572,0.13341723382472992
2023-07-20 09:12:06.349000,-0.21091918647289276,0.12307720631361008
2023-07-20 09:13:06.451000,-0.20773914456367493,0.10706919431686401
2023-07-20 09:14:06.115000,-0.19218911230564117,0.0920550748705864
2023-07-20 09:15:06.047000,-0.1787312775850296,0.08561340719461441
2023-07-20 09:16:06.443000,-0.22336949408054352,0.08663661777973175
2023-07-20 09:17:06.446000,-0.34708425402641296,0.08977280557155609
2023-07-20 09:19:06.537000,-0.22306276857852936,0.0869729071855545
2023-07-20 09:20:06.041000,-0.22892197966575623,0.08055812120437622
2023-07-20 09:21:06.445000,-0.15384480357170105,0.04507375508546829
2023-07-20 09:22:06.513000,-0.13680455088615417,0.026975028216838837
2023-07-20 09:23:06.028000,-0.13035807013511658,0.024217205122113228
2023-07-20 09:24:06.080000,-0.1284720003604889,0.02302534133195877
2023-07-20 09:25:06.630000,-0.12306065112352371,0.022716892883181572
2023-07-20 09:26:06.350000,-0.12129160016775131,0.02431892417371273
2023-07-20 09:28:06.095000,-0.1973058432340622,0.0260637104511261
2023-07-20 09:29:06.504000,-0.373252272605896,0.024700451642274857
2023-07-20 09:30:06.081000,-0.31029239296913147,0.023328978568315506
2023-07-20 09:31:06.069000,-0.2409696877002716,0.021700818091630936
2023-07-20 09:33:06.398000,-0.11673720180988312,0.018560893833637238
2023-07-20 09:34:06.091000,-0.11674054712057114,0.016334643587470055
2023-07-20 09:35:06.527000,-0.13535167276859283,0.014283468946814537
2023-07-20 09:36:06.431000,-0.14139792323112488,0.012421955354511738
2023-07-20 09:37:06.550000,-0.17049075663089752,0.011007743887603283
2023-07-20 09:38:06.003000,-0.16240598261356354,0.010370500385761261
2023-07-20 09:39:06.471000,-0.26000452041625977,0.010851332917809486
2023-07-20 09:40:06.400000,-0.2731909155845642,0.011126591823995113
2023-07-20 09:41:06.389000,-0.2241256684064865,0.011746940203011036
2023-07-20 09:43:05.988000,-0.12016914784908295,0.011387120001018047
2023-07-20 09:44:06.021000,-0.12415153533220291,0.012052372097969055
2023-07-20 09:45:06.072000,-0.13596463203430176,0.013219124637544155
2023-07-20 09:46:06.068000,-0.15283028781414032,0.014569904655218124
2023-07-20 09:47:06.110000,-0.20811444520950317,0.01501299999654293
2023-07-20 09:48:06.295000,-0.23144391179084778,0.01606256142258644
2023-07-20 09:49:06.063000,-0.23803019523620605,0.016796430572867393
2023-07-20 09:50:06.106000,-0.24335071444511414,0.01700919307768345
2023-07-20 09:51:05.984000,-0.265816867351532,0.01791943423449993
2023-07-20 09:52:06.440000,-0.4109914004802704,0.018650081008672714
2023-07-20 09:53:06.491000,-0.40302443504333496,0.0207967609167099
2023-07-20 09:54:06.085000,-0.30871817469596863,0.022967085242271423
2023-07-20 09:55:06.107000,-0.14382505416870117,0.02483297884464264
2023-07-20 09:56:06.028000,-0.12267369776964188,0.027860749512910843
2023-07-20 09:57:06.077000,-0.12865622341632843,0.03296183422207832
2023-07-20 09:58:06.468000,-0.1344190537929535,0.035192880779504776
2023-07-20 09:59:06.448000,-0.1544279158115387,0.03560800105333328
2023-07-20 10:00:06.043000,-0.1557755023241043,0.035650599747896194
2023-07-20 10:01:06.458000,-0.1879872977733612,0.03544144332408905
2023-07-20 10:02:06.486000,-0.1839953064918518,0.03408573940396309
2023-07-20 10:03:06.396000,-0.18986593186855316,0.032709673047065735
2023-07-20 10:04:06.064000,-0.18877577781677246,0.03189735487103462
2023-07-20 10:05:06.033000,-0.31857529282569885,0.03033977746963501
2023-07-20 10:06:06.024000,-0.3533845543861389,0.029305269941687584
2023-07-20 10:07:06.009000,-0.30752110481262207,0.02887914329767227
2023-07-20 10:08:06.085000,-0.2358584851026535,0.028963441029191017
2023-07-20 10:09:05.973000,-0.24156200885772705,0.029814360663294792
2023-07-20 10:10:06.361000,-0.21892955899238586,0.030409445986151695
2023-07-20 10:11:06.278000,-0.1598198562860489,0.029503563418984413
2023-07-20 10:12:06.447000,-0.14657388627529144,0.02787327580153942
2023-07-20 10:13:06.079000,-0.13566870987415314,0.02617405727505684
2023-07-20 10:14:06.107000,-0.13369891047477722,0.02546102926135063
2023-07-20 10:15:05.991000,-0.15600267052650452,0.025823405012488365
2023-07-20 10:16:06.109000,-0.15586218237876892,0.026388555765151978
2023-07-20 10:17:06.378000,-0.27199631929397583,0.02627948857843876
2023-07-20 10:18:06.058000,-0.3178875744342804,0.025336727499961853
2023-07-20 10:19:06.086000,-0.3250240683555603,0.02453276515007019
2023-07-20 10:20:06.443000,-0.187393918633461,0.0233672596514225
2023-07-20 10:21:06.051000,-0.10873544961214066,0.0218171626329422
2023-07-20 10:22:06.074000,-0.1124526634812355,0.019782468676567078
2023-07-20 10:23:06.482000,-0.14098191261291504,0.017147956416010857
2023-07-20 10:24:06.016000,-0.1564657986164093,0.01449570618569851
2023-07-20 10:25:06.050000,-0.16055291891098022,0.01191897876560688
2023-07-20 10:26:05.969000,-0.1419270783662796,0.01015380583703518
2023-07-20 10:27:06.085000,-0.18330708146095276,0.009091794490814209
2023-07-20 10:28:06.411000,-0.3582542836666107,0.008359883911907673
2023-07-20 10:29:06.076000,-0.35067352652549744,0.0073807500302791595
2023-07-20 10:30:06.292000,-0.23975029587745667,0.006364090833812952
2023-07-20 10:31:06.004000,-0.2190951406955719,0.005237374920397997
2023-07-20 10:32:06.340000,-0.19378681480884552,0.004244704730808735
2023-07-20 10:33:06.392000,-0.18723513185977936,0.0033792820759117603
2023-07-20 10:34:06.031000,-0.1630040556192398,0.001751384581439197
2023-07-20 10:35:06.402000,-0.1596987396478653,0.0002487608580850065
2023-07-20 10:36:05.987000,-0.16041575372219086,-0.0011099523399025202
2023-07-20 10:38:06.004000,-0.17372456192970276,-0.0035133499186486006
2023-07-20 10:39:06.049000,-0.19677549600601196,-0.002596949925646186
2023-07-20 10:40:05.995000,-0.24994640052318573,-0.001899787224829197
2023-07-20 10:41:05.999000,-0.4070555567741394,-0.0018272727029398084
2023-07-20 10:42:06.052000,-0.37886300683021545,-0.0018110189121216536
2023-07-20 10:43:05.993000,-0.32391130924224854,-0.0018792105838656425
2023-07-20 10:44:05.952000,-0.12681536376476288,-0.0018243876984342933
2023-07-20 10:45:05.996000,-0.12738506495952606,-0.0018872558139264584
2023-07-20 10:46:06.168000,-0.1256892830133438,-0.0018296666676178575
2023-07-20 10:47:06.283000,-0.14621900022029877,-0.0018574444111436605
2023-07-20 10:48:06.379000,-0.15002641081809998,-0.0018542916513979435
2023-07-20 10:49:05.969000,-0.10831451416015625,-0.001823918428272009
2023-07-20 10:50:06.176000,-0.08352833241224289,-0.0018498181598260999
2023-07-20 10:51:06.471000,-0.09696613252162933,-0.0018507021013647318
2023-07-20 10:52:06.503000,-0.12862762808799744,-0.0018834166694432497
2023-07-20 10:53:05.964000,-0.10823027044534683,-0.0018116481369361281
2023-07-20 10:54:06.368000,-0.20094053447246552,-0.0018118750303983688
2023-07-20 10:55:06.057000,-0.23449502885341644,-0.0018034650711342692
2023-07-20 10:56:05.929000,-0.1634710133075714,-0.0017878718208521605
2023-07-20 10:57:06.122000,-0.1577703207731247,-0.0018004130106419325
2023-07-20 10:58:05.975000,-0.15405452251434326,-0.0017578636761754751
2023-07-20 10:59:06.371000,-0.1608278453350067,-0.001709605217911303
2023-07-20 11:00:06.103000,-0.18964220583438873,-0.0017200475558638573
2023-07-20 11:01:05.983000,-0.19599509239196777,-0.0017717948649078608
2023-07-20 11:02:05.952000,-0.21328763663768768,-0.0016395312268286943
2023-07-20 11:03:06.032000,-0.21666398644447327,-0.001746708294376731
2023-07-20 11:04:06.009000,-0.21715889871120453,-0.0019384999759495258
2023-07-20 11:05:05.929000,-0.21733081340789795,-0.0018629743717610836
2023-07-20 11:07:05.931000,-0.3622500002384186,-0.0017559999832883477
2023-07-20 11:08:05.970000,-0.3541368544101715,-0.0017640000442042947
2023-07-20 11:09:06.330000,-0.2068919837474823,-0.0017717316513881087
2023-07-20 11:10:06.059000,-0.18726463615894318,-0.0019155681366100907
2023-07-20 11:11:06.058000,-0.21135692298412323,-0.0017404680838808417
2023-07-20 11:12:05.901000,-0.2090173214673996,-0.0016900930786505342
2023-07-20 11:13:05.967000,-0.20511497557163239,-0.001779378391802311
2023-07-20 11:14:05.917000,-0.19908103346824646,-0.0017690850654616952
2023-07-20 11:15:06.343000,-0.21349172294139862,-0.001868975581601262
2023-07-20 11:16:05.957000,-0.24889124929904938,-0.0016815238632261753
2023-07-20 11:18:05.928000,-0.30288153886795044,-0.0017616383265703917
2023-07-20 11:19:06.075000,-0.2032712697982788,-0.001737878075800836
2023-07-20 11:20:06.001000,-0.17833927273750305,-0.0016140611842274666
2023-07-20 11:21:06.338000,-0.17278315126895905,-0.001670729136094451
2023-07-20 11:22:05.927000,-0.14782792329788208,-0.0018033829983323812
2023-07-20 11:24:06.027000,-0.1788632869720459,-0.0017809091368690133
2023-07-20 11:25:05.962000,-0.1727251261472702,-0.0017138139810413122
2023-07-20 11:26:05.906000,-0.18890534341335297,-0.001751405419781804
2023-07-20 11:27:06.069000,-0.19886837899684906,-0.0017484761774539948
2023-07-20 11:28:06.008000,-0.18665558099746704,-0.0017741951160132885
2023-07-20 11:29:06.034000,-0.23729826509952545,-0.0017044509295374155
2023-07-20 11:30:06.106000,-0.35470446944236755,-0.0018465531757101417
2023-07-20 11:31:05.879000,-0.36433666944503784,-0.0018848292529582977
2023-07-20 11:32:06.014000,-0.3158227205276489,-0.0019761875737458467
2023-07-20 11:33:05.946000,-0.18070457875728607,-0.0018538461299613118
2023-07-20 11:34:05.906000,-0.12794041633605957,-0.001823409111239016
2023-07-20 11:35:06.372000,-0.1515657603740692,-0.0018906363984569907
2023-07-20 11:36:06.002000,-0.15405315160751343,-0.0018626829842105508
2023-07-20 11:37:06.550000,-0.16066870093345642,-0.001901357201859355
2023-07-20 11:38:05.979000,-0.14896538853645325,-0.001903439057059586
2023-07-20 11:39:06.029000,-0.15177667140960693,-0.0018598444294184446
2023-07-20 11:40:06.005000,-0.18825829029083252,-0.0019181892275810242
2023-07-20 11:41:05.990000,-0.20692655444145203,-0.0018427618779242039
2023-07-20 11:42:06.075000,-0.23453159630298615,-0.0018008799524977803
2023-07-20 11:43:05.928000,-0.3458222448825836,-0.0018260999349877238
2023-07-20 11:44:06.001000,-0.30873385071754456,-0.001902177813462913
2023-07-20 11:45:05.908000,-0.202304869890213,-0.0018944042967632413
2023-07-20 11:46:06.017000,-0.1215701699256897,-0.001880842144601047
2023-07-20 11:47:05.883000,-0.12114861607551575,-0.0018333548214286566
2023-07-20 11:48:05.947000,-0.12098655104637146,-0.0017871303716674447
2023-07-20 11:49:05.923000,-0.1236204132437706,-0.0018301063682883978
2023-07-20 11:50:05.937000,-0.15366268157958984,-0.0018749090377241373
2023-07-20 11:51:05.952000,-0.17865940928459167,-0.0019114358583465219
2023-07-20 11:52:05.939000,-0.18908895552158356,-0.0018871428910642862
2023-07-20 11:53:05.903000,-0.18377715349197388,-0.0018438913393765688
2023-07-20 11:54:06.010000,-0.1596692055463791,-0.0017767907120287418
2023-07-20 11:55:05.740000,-0.2638266384601593,-0.0019120731158182025
2023-07-20 11:56:05.887000,-0.32917770743370056,-0.00182305125053972
2023-07-20 11:57:05.913000,-0.32037001848220825,-0.0018823333084583282
2023-07-20 11:58:05.948000,-0.17766523361206055,-0.0017980217235162854
2023-07-20 11:59:06.196000,-0.19515947997570038,-0.0019431749824434519
2023-07-20 12:00:05.958000,-0.14946752786636353,-0.0018445454770699143
2023-07-20 12:01:05.983000,-0.13296718895435333,-0.0019385749474167824
2023-07-20 12:02:06.334000,-0.11944519728422165,-0.0018965555354952812
2023-07-20 12:03:05.966000,-0.13936324417591095,-0.0018729714211076498
2023-07-20 12:04:05.896000,-0.14317230880260468,-0.0018702340312302113
2023-07-20 12:05:05.938000,-0.18864169716835022,-0.0018782999832183123
2023-07-20 12:06:05.859000,-0.24104255437850952,-0.0019044054206460714
2023-07-20 12:07:06.377000,-0.29045382142066956,-0.0019584735855460167
2023-07-20 12:08:05.933000,-0.17934492230415344,-0.0018780226819217205
2023-07-20 12:09:05.902000,-0.17602263391017914,-0.001914347754791379
2023-07-20 12:10:05.943000,-0.16410672664642334,-0.001953468192368746
2023-07-20 12:11:05.939000,-0.17399227619171143,-0.0019282391294836998
2023-07-20 12:12:05.926000,-0.17894664406776428,-0.0018552563851699233
2023-07-20 12:13:05.982000,-0.18310582637786865,-0.0019616817589849234
2023-07-20 12:14:05.993000,-0.20392152667045593,-0.0018275806214660406
2023-07-20 12:15:05.921000,-0.2458021640777588,-0.0018377727828919888
2023-07-20 12:16:05.884000,-0.17123934626579285,-0.0019011363619938493
2023-07-20 12:17:05.994000,-0.16943620145320892,-0.001877764705568552
2023-07-20 12:18:06.002000,-0.2522200047969818,-0.0018304444383829832
2023-07-20 12:19:05.963000,-0.3340352773666382,-0.0019164750119671226
2023-07-20 12:20:05.884000,-0.3209732174873352,-0.00188941671513021
2023-07-20 12:21:05.909000,-0.2065487951040268,-0.0019065249944105744
2023-07-20 12:22:05.990000,-0.1591939777135849,-0.0018651951104402542
2023-07-20 12:23:05.944000,-0.18815717101097107,-0.0018694614991545677
2023-07-20 12:24:05.926000,-0.2074650228023529,-0.0018847777973860502
2023-07-20 12:25:05.961000,-0.21884393692016602,-0.0019167272839695215
2023-07-20 12:26:05.959000,-0.20017148554325104,-0.0018834893126040697
2023-07-20 12:27:05.934000,-0.19917355477809906,-0.001930088852532208
2023-07-20 12:28:05.934000,-0.1922733187675476,-0.0018617777386680245
2023-07-20 12:29:06.268000,-0.1929447501897812,-0.0018502979073673487
2023-07-20 12:30:05.916000,-0.19827154278755188,-0.0018597727175801992
2023-07-20 12:31:05.901000,-0.27305343747138977,-0.0018211702117696404
2023-07-20 12:32:05.914000,-0.38691380620002747,-0.0019048695685341954
2023-07-20 12:33:05.880000,-0.35855427384376526,-0.001853404799476266
2023-07-20 12:34:05.877000,-0.17938590049743652,-0.0018388000316917896
2023-07-20 12:35:05.692000,-0.20303933322429657,-0.001898714224807918
2023-07-20 12:36:05.942000,-0.20785953104496002,-0.001900619943626225
2023-07-20 12:37:05.880000,-0.21207594871520996,-0.0018199767218902707
2023-07-20 12:38:05.856000,-0.16179922223091125,-0.001840326120145619
2023-07-20 12:39:05.860000,-0.15188825130462646,-0.001823562546633184
2023-07-20 12:40:05.916000,-0.1459590047597885,-0.0018472368828952312
2023-07-20 12:41:06.150000,-0.139343723654747,-0.0018867618637159467
2023-07-20 12:42:05.951000,-0.12316948175430298,-0.00185991486068815
2023-07-20 12:43:05.945000,-0.1437416672706604,-0.00190935714635998
2023-07-20 12:44:05.887000,-0.33210280537605286,-0.0018347727600485086
2023-07-20 12:45:05.857000,-0.33674460649490356,-0.001840073149651289
2023-07-20 12:46:05.879000,-0.27962976694107056,-0.0018616889137774706
2023-07-20 12:47:05.903000,-0.22687070071697235,-0.001817230717279017
2023-07-20 12:48:05.910000,-0.16852521896362305,-0.0017987708561122417
2023-07-20 12:49:05.876000,-0.16918136179447174,-0.0018279999494552612
2023-07-20 12:50:05.936000,-0.15220390260219574,-0.0018823863938450813
2023-07-20 12:51:05.876000,-0.15386535227298737,-0.0018080930458381772
2023-07-20 12:52:05.883000,-0.15030927956104279,-0.0019288250477984548
2023-07-20 12:53:05.903000,-0.11933670192956924,-0.001923078903928399
2023-07-20 12:54:05.913000,-0.23612405359745026,-0.0018278780626133084
2023-07-20 12:55:05.797000,-0.3202933371067047,-0.001843833364546299
2023-07-20 12:56:05.833000,-0.3093389868736267,-0.0018030666979029775
2023-07-20 12:57:05.891000,-0.1792447715997696,-0.0017918371595442295
2023-07-20 12:58:05.931000,-0.1656123697757721,-0.0018953243270516396
2023-07-20 12:59:05.924000,-0.16862761974334717,-0.0018747608410194516
2023-07-20 13:00:05.857000,-0.16648726165294647,-0.0018989070085808635
2023-07-20 13:01:05.853000,-0.16502857208251953,-0.0019672499038279057
2023-07-20 13:02:05.900000,-0.17236487567424774,-0.001940840040333569
2023-07-20 13:03:05.927000,-0.19390635192394257,-0.0018934545805677772
2023-07-20 13:04:05.912000,-0.1958761215209961,-0.0019537999760359526
2023-07-20 13:05:05.936000,-0.1923368126153946,-0.002004190580919385
2023-07-20 13:06:05.940000,-0.17450746893882751,-0.0019142413511872292
2023-07-20 13:07:05.932000,-0.2828003466129303,-0.0019881303887814283
2023-07-20 13:08:05.903000,-0.3815999925136566,-0.0018638421315699816
2023-07-20 13:09:05.810000,-0.35758620500564575,-0.0019215744687244296
2023-07-20 13:10:05.926000,-0.21810457110404968,-0.0018793110502883792
2023-07-20 13:11:05.863000,-0.12124291807413101,-0.0019483721116557717
2023-07-20 13:12:05.888000,-0.08312983065843582,-0.0018668636912479997
2023-07-20 13:13:05.920000,-0.07006236910820007,-0.0018678604392334819
2023-07-20 13:14:05.868000,-0.04923733323812485,-0.0018512727692723274
2023-07-20 13:15:05.658000,-0.05036521703004837,-0.0019174390472471714
2023-07-20 13:16:05.968000,-0.05484585091471672,-0.0018939999863505363
2023-07-20 13:17:05.822000,-0.11748729646205902,-0.001960953464731574
2023-07-20 13:18:05.827000,-0.17309293150901794,-0.0018209302797913551
2023-07-20 13:19:05.898000,-0.20823055505752563,-0.0017911934992298484
2023-07-20 13:20:05.864000,-0.2650640308856964,-0.0017513695638626814
2023-07-20 13:21:05.916000,-0.4151846766471863,-0.001949738129042089
2023-07-20 13:22:05.837000,-0.38262638449668884,-0.0019269130425527692
2023-07-20 13:23:05.852000,-0.20673209428787231,-0.001883409102447331
2023-07-20 13:24:05.847000,-0.189558744430542,-0.0018945217598229647
2023-07-20 13:25:05.816000,-0.21514840424060822,-0.0019048750400543213
2023-07-20 13:26:05.892000,-0.23123809695243835,-0.0018735238118097186
2023-07-20 13:27:06.044000,-0.25263121724128723,-0.0018816041992977262
2023-07-20 13:28:05.815000,-0.21499623358249664,-0.0019501590868458152
2023-07-20 13:29:05.877000,-0.17334415018558502,-0.0019057317404076457
2023-07-20 13:30:05.915000,-0.14904755353927612,-0.0019011041149497032
2023-07-20 13:31:05.879000,-0.14325344562530518,-0.0018847872270271182
2023-07-20 13:32:05.899000,-0.1409425288438797,-0.0019136955961585045
2023-07-20 13:33:05.875000,-0.3167412281036377,-0.0019428035011515021
2023-07-20 13:34:05.898000,-0.3053866922855377,-0.001905045472085476
2023-07-20 13:35:05.793000,-0.27649804949760437,-0.0019081707578152418
2023-07-20 13:36:05.861000,-0.2081754505634308,-0.0018685200484469533
2023-07-20 13:37:05.948000,-0.23256833851337433,-0.0019323877058923244
2023-07-20 13:38:05.853000,-0.18131598830223083,-0.0019342954037711024
2023-07-20 13:39:06.016000,-0.14271648228168488,-0.001949553145095706
2023-07-20 13:40:05.953000,-0.14536066353321075,-0.0019720953423529863
2023-07-20 13:41:05.973000,-0.16085848212242126,-0.0019045750377699733
2023-07-20 13:42:05.780000,-0.15611490607261658,-0.0018921749433502555
2023-07-20 13:43:05.782000,-0.23547731339931488,-0.0019329999340698123
2023-07-20 13:44:05.908000,-0.3426910936832428,-0.001941736787557602
2023-07-20 13:45:05.758000,-0.34591659903526306,-0.0019099777564406395
2023-07-20 13:46:05.810000,-0.18257100880146027,-0.0018905852921307087
2023-07-20 13:47:05.832000,-0.18188762664794922,-0.0018653487786650658
2023-07-20 13:48:05.908000,-0.1788439303636551,-0.001914791646413505
2023-07-20 13:49:05.781000,-0.17335724830627441,-0.0018523023463785648
2023-07-20 13:50:05.617000,-0.1752835214138031,-0.001890833373181522
2023-07-20 13:51:05.761000,-0.1936122626066208,-0.0019727249164134264
2023-07-20 13:52:05.820000,-0.19456878304481506,-0.001925823511555791
2023-07-20 13:53:05.815000,-0.1847570836544037,-0.001930025639012456
2023-07-20 13:54:05.868000,-0.17351683974266052,-0.0019312439253553748
2023-07-20 13:55:05.783000,-0.1781516820192337,-0.001974170794710517
2023-07-20 13:56:05.864000,-0.25450608134269714,-0.0019017199520021677
2023-07-20 13:57:05.814000,-0.37442007660865784,-0.001994369551539421
2023-07-20 13:58:05.785000,-0.40266525745391846,-0.0018912800587713718
2023-07-20 13:59:05.742000,-0.3433692455291748,-0.001967204501852393
2023-07-20 14:00:05.852000,-0.2596072554588318,-0.0020218477584421635
2023-07-20 14:01:05.867000,-0.1736464947462082,-0.0019644598942250013
2023-07-20 14:02:05.798000,-0.1566433608531952,-0.0019482608186081052
2023-07-20 14:03:05.953000,-0.15447504818439484,-0.0019356888951733708
2023-07-20 14:04:05.767000,-0.14111930131912231,-0.0019275116501376033
2023-07-20 14:05:05.840000,-0.12385138124227524,-0.001931707258336246
2023-07-20 14:06:05.764000,-0.13046611845493317,-0.0019522708607837558
2023-07-20 14:07:05.731000,-0.14643314480781555,-0.0019392340909689665
2023-07-20 14:08:05.801000,-0.17087051272392273,-0.0019706047605723143
2023-07-20 14:09:05.831000,-0.19614194333553314,-0.0018897446570917964
2023-07-20 14:10:05.727000,-0.3894323706626892,-0.0019491063430905342
2023-07-20 14:11:06.045000,-0.3035586178302765,-0.0019236428197473288
2023-07-20 14:12:06.034000,-0.15889769792556763,-0.0019186956342309713
2023-07-20 14:13:05.785000,-0.11539281904697418,-0.0018761956598609686
2023-07-20 14:14:05.953000,-0.12404793500900269,-0.0019360975129529834
2023-07-20 14:15:06.005000,-0.1391652226448059,-0.0019076521275565028
2023-07-20 14:16:05.829000,-0.14019711315631866,-0.0019247143063694239
2023-07-20 14:17:05.787000,-0.14078916609287262,-0.0019392222166061401
2023-07-20 14:18:05.724000,-0.14963413774967194,-0.001951631624251604
2023-07-20 14:19:05.805000,-0.1616513729095459,-0.0018906956538558006
2023-07-20 14:20:05.813000,-0.17368656396865845,-0.0019295249367132783
2023-07-20 14:21:05.711000,-0.14757317304611206,-0.0019152499735355377
2023-07-20 14:22:05.706000,-0.2910900413990021,-0.0020340257324278355
2023-07-20 14:23:05.768000,-0.28829672932624817,-0.0019384898478165269
2023-07-20 14:24:05.759000,-0.2255854606628418,-0.0018812557682394981
2023-07-20 14:25:05.719000,-0.11587239801883698,-0.001924936193972826
2023-07-20 14:26:05.787000,-0.10280261933803558,-0.001954727340489626
2023-07-20 14:27:05.825000,-0.12915760278701782,-0.0018433170625939965
2023-07-20 14:28:05.747000,-0.14692336320877075,-0.0018966046627610922
2023-07-20 14:29:05.765000,-0.20684190094470978,-0.0018957856809720397
2023-07-20 14:30:05.585000,-0.17400163412094116,-0.001920314272865653
2023-07-20 14:31:05.779000,-0.1843269318342209,-0.0019516897154971957
2023-07-20 14:32:05.841000,-0.239350825548172,-0.0019960501231253147
2023-07-20 14:33:05.878000,-0.3526270389556885,-0.001955074956640601
2023-07-20 14:34:05.801000,-0.32731494307518005,-0.0019486905075609684
2023-07-20 14:35:05.814000,-0.16458852589130402,-0.0019237777451053262
2023-07-20 14:36:05.708000,-0.15211768448352814,-0.0019267332972958684
2023-07-20 14:37:05.849000,-0.17345160245895386,-0.0019993800669908524
2023-07-20 14:38:05.838000,-0.22871175408363342,-0.0019122790545225143
2023-07-20 14:39:05.751000,-0.257413774728775,-0.001940615358762443
2023-07-20 14:40:05.765000,-0.264531672000885,-0.0019232174381613731
2023-07-20 14:41:05.816000,-0.2512601912021637,-0.001953346189111471
2023-07-20 14:42:05.771000,-0.22138366103172302,-0.0019107500556856394
2023-07-20 14:43:05.872000,-0.21705251932144165,-0.0019104889361187816
2023-07-20 14:44:05.818000,-0.21860401332378387,-0.0019427441293373704
2023-07-20 14:45:05.797000,-0.2665155529975891,-0.0019457499729469419
2023-07-20 14:46:05.804000,-0.40808427333831787,-0.0019329756032675505
2023-07-20 14:47:05.727000,-0.3909859359264374,-0.001993472222238779
2023-07-20 14:48:05.724000,-0.33979466557502747,-0.0019539999775588512
2023-07-20 14:49:05.930000,-0.22300931811332703,-0.001962939975783229
2023-07-20 14:50:05.752000,-0.217829167842865,-0.001920777722261846
2023-07-20 14:51:05.696000,-0.1804216057062149,-0.0019473261199891567
2023-07-20 14:52:05.760000,-0.14362919330596924,-0.0019874998833984137
2023-07-20 14:53:05.750000,-0.1506119668483734,-0.0019461627816781402
2023-07-20 14:54:05.834000,-0.14972053468227386,-0.0019755789544433355
2023-07-20 14:55:05.727000,-0.16034576296806335,-0.00200157449580729
2023-07-20 14:56:05.806000,-0.1578568071126938,-0.0020057272631675005
2023-07-20 14:57:05.780000,-0.17026345431804657,-0.0020216326229274273
2023-07-20 14:58:05.805000,-0.18140809237957,-0.0019092978909611702
2023-07-20 14:59:05.787000,-0.3762304484844208,-0.0019904286600649357
2023-07-20 15:00:06.374000,-0.34144407510757446,-0.0019559459760785103
2023-07-20 15:01:05.747000,-0.1690548211336136,-0.0019797026179730892
2023-07-20 15:02:05.798000,-0.13144902884960175,-0.0019296000245958567
2023-07-20 15:03:05.688000,-0.1459438055753708,-0.0019183214753866196
2023-07-20 15:04:05.775000,-0.14933311939239502,-0.0019780455622822046
2023-07-20 15:05:05.684000,-0.14232364296913147,-0.0019777186680585146
2023-07-20 15:06:05.736000,-0.13543514907360077,-0.0019485000520944595
2023-07-20 15:07:05.719000,-0.15257054567337036,-0.0019391070818528533
2023-07-20 15:08:05.787000,-0.16173972189426422,-0.0018806764855980873
2023-07-20 15:09:05.730000,-0.18876831233501434,-0.001902782591059804
2023-07-20 15:10:05.541000,-0.20433205366134644,-0.0019522449001669884
2023-07-20 15:11:05.781000,-0.3174118995666504,-0.002005326561629772
2023-07-20 15:12:05.679000,-0.3851974904537201,-0.002068249974399805
2023-07-20 15:13:05.746000,-0.35810765624046326,-0.0020316047593951225
2023-07-20 15:14:05.684000,-0.18466943502426147,-0.0019311136566102505
2023-07-20 15:15:05.740000,-0.20626333355903625,-0.001992489444091916
2023-07-20 15:16:05.680000,-0.18692485988140106,-0.0019040487240999937
2023-07-20 15:17:05.762000,-0.19011126458644867,-0.0019857001025229692
2023-07-20 15:18:05.809000,-0.13430951535701752,-0.0019139534560963511
2023-07-20 15:19:05.692000,-0.14751213788986206,-0.001918312511406839
2023-07-20 15:20:05.703000,-0.1454995721578598,-0.001994050107896328
2023-07-20 15:21:05.743000,-0.15527215600013733,-0.0019531020661816
2023-07-20 15:22:05.754000,-0.30524423718452454,-0.001958881039172411
2023-07-20 15:23:05.738000,-0.28834447264671326,-0.001975973602384329
2023-07-20 15:24:05.683000,-0.193514883518219,-0.0019418667070567608
2023-07-20 15:25:05.702000,-0.16467231512069702,-0.0019336590776219964
2023-07-20 15:26:05.772000,-0.21305358409881592,-0.0019585625268518925
2023-07-20 15:27:05.710000,-0.19235765933990479,-0.0019471666309982538
2023-07-20 15:28:05.831000,-0.150364488363266,-0.0019372666720300913
2023-07-20 15:29:05.765000,-0.14005497097969055,-0.001947761862538755
2023-07-20 15:30:05.794000,-0.1280307173728943,-0.0019400200108066201
2023-07-20 15:31:05.687000,-0.12792986631393433,-0.0019426000071689487
2023-07-20 15:32:05.711000,-0.10752421617507935,-0.0019251304911449552
2023-07-20 15:33:05.762000,-0.05082628130912781,-0.0019436153816059232
2023-07-20 15:34:05.727000,-0.11206745356321335,-0.001967367250472307
2023-07-20 15:35:05.706000,-0.2812555134296417,-0.0019367954228073359
2023-07-20 15:36:05.734000,-0.29199540615081787,-0.0019672499038279057
2023-07-20 15:37:05.727000,-0.26542899012565613,-0.0019697777461260557
2023-07-20 15:38:05.643000,-0.11287086457014084,-0.0019349743379279971
2023-07-20 15:39:05.740000,-0.12116753309965134,-0.0020066755823791027
2023-07-20 15:40:05.675000,-0.17762739956378937,-0.001965499948710203
2023-07-20 15:41:05.706000,-0.20164504647254944,-0.0019732953514903784
2023-07-20 15:42:05.773000,-0.22157026827335358,-0.0019453478744253516
2023-07-20 15:43:05.665000,-0.2420702874660492,-0.0019803124014288187
2023-07-20 15:44:05.740000,-0.24931661784648895,-0.002015999983996153
2023-07-20 15:45:05.568000,-0.2388727068901062,-0.0020148775074630976
2023-07-20 15:46:05.709000,-0.20046862959861755,-0.0019990424625575542
2023-07-20 15:47:05.714000,-0.21102069318294525,-0.001964534865692258
2023-07-20 15:48:05.699000,-0.35324516892433167,-0.001975675579160452
2023-07-20 15:49:05.720000,-0.3971875011920929,-0.0020115498919039965
2023-07-20 15:50:05.781000,-0.335994154214859,-0.0020139149855822325
2023-07-20 15:51:05.626000,-0.17846935987472534,-0.001958170672878623
2023-07-20 15:52:05.688000,-0.17797371745109558,-0.001951604150235653
2023-07-20 15:53:05.720000,-0.14689476788043976,-0.0019505576929077506
2023-07-20 15:54:05.686000,-0.1316496729850769,-0.0019637825898826122
2023-07-20 15:55:05.615000,-0.1355617642402649,-0.0020359756890684366
2023-07-20 15:56:05.707000,-0.13564616441726685,-0.0019579771906137466
2023-07-20 15:57:05.672000,-0.17320182919502258,-0.0019599362276494503
2023-07-20 15:58:05.840000,-0.2115718275308609,-0.0019924582447856665
2023-07-20 15:59:05.669000,-0.25172629952430725,-0.0019139545038342476
2023-07-20 16:00:05.852000,-0.2307656854391098,-0.001970520941540599
2023-07-20 16:01:05.728000,-0.3273802697658539,-0.0019762825686484575
2023-07-20 16:02:05.751000,-0.30485543608665466,-0.0019704417791217566
2023-07-20 16:03:05.621000,-0.20951451361179352,-0.0019946738611906767
2023-07-20 16:04:05.690000,-0.15176662802696228,-0.00202069990336895
2023-07-20 16:05:05.737000,-0.14698438346385956,-0.001980813918635249
2023-07-20 16:06:05.633000,-0.15943069756031036,-0.0019537380430847406
2023-07-20 16:07:05.653000,-0.18886205554008484,-0.001980897970497608
2023-07-20 16:08:05.743000,-0.19547465443611145,-0.0019985681865364313
2023-07-20 16:09:05.683000,-0.19805938005447388,-0.0021640213672071695
2023-07-20 16:10:05.779000,-0.18071967363357544,-0.0021180221810936928
2023-07-20 16:11:05.682000,-0.30982521176338196,-0.002047022106125951
2023-07-20 16:12:05.745000,-0.31995725631713867,-0.0020278936717659235
2023-07-20 16:13:05.653000,-0.24448762834072113,-0.0019602500833570957
2023-07-20 16:14:05.628000,-0.16522598266601562,-0.001980304252356291
2023-07-20 16:15:05.698000,-0.1850460320711136,-0.0019379600416868925
2023-07-20 16:16:05.644000,-0.20846912264823914,-0.002059489255771041
2023-07-20 16:17:05.854000,-0.20562680065631866,-0.0020711333490908146
2023-07-20 16:18:05.701000,-0.21156589686870575,-0.0019282707944512367
2023-07-20 16:19:05.645000,-0.2162078619003296,-0.0019789536017924547
2023-07-20 16:20:05.784000,-0.21619048714637756,-0.0020131398923695087
2023-07-20 16:21:05.695000,-0.21668297052383423,-0.0020848519634455442
2023-07-20 16:22:05.688000,-0.23326559364795685,-0.002072217408567667
2023-07-20 16:23:05.625000,-0.24636904895305634,-0.002062386367470026
2023-07-20 16:24:05.694000,-0.3849678933620453,-0.001986181829124689
2023-07-20 16:25:05.646000,-0.39102697372436523,-0.0018942999886348844
2023-07-20 16:26:05.678000,-0.3325042128562927,-0.001856659073382616
2023-07-20 16:27:05.620000,-0.20936721563339233,-0.002087000058963895
2023-07-20 16:28:05.680000,-0.19365090131759644,-0.0019083332736045122
2023-07-20 16:29:05.716000,-0.19817692041397095,-0.002032673917710781
2023-07-20 16:30:05.699000,-0.16432546079158783,-0.0019826251082122326
2023-07-20 16:31:05.620000,-0.14720553159713745,-0.001948083285242319
2023-07-20 16:32:05.587000,-0.15059801936149597,-0.00200918922200799
2023-07-20 16:33:05.601000,-0.12442384660243988,-0.001998729072511196
2023-07-20 16:34:05.720000,-0.1159084141254425,-0.0019784681499004364
2023-07-20 16:35:05.681000,-0.11754268407821655,-0.0021176887676119804
2023-07-20 16:36:05.612000,-0.12657466530799866,-0.0020613877568393946
2023-07-20 16:37:05.706000,-0.2123672366142273,-0.0020136251114308834
2023-07-20 16:38:05.581000,-0.379116028547287,-0.001892588217742741
2023-07-20 16:39:05.629000,-0.385725200176239,-0.002025822177529335
2023-07-20 16:40:05.647000,-0.1570434868335724,-0.0019749999046325684
2023-07-20 16:41:05.621000,-0.1276436597108841,-0.002014682861045003
2023-07-20 16:42:05.722000,-0.07242186367511749,-0.0020065715070813894
2023-07-20 16:43:05.683000,-0.062265217304229736,-0.001985658425837755
2023-07-20 16:44:05.655000,-0.06177714839577675,-0.001982111018151045
2023-07-20 16:45:05.640000,-0.06223678216338158,-0.0019836409483104944
2023-07-20 16:46:05.658000,-0.08624451607465744,-0.001991289434954524
2023-07-20 16:47:05.624000,-0.10893090069293976,-0.0020041305106133223
2023-07-20 16:48:05.580000,-0.14331048727035522,-0.0019767601042985916
2023-07-20 16:49:05.671000,-0.20083914697170258,-0.002095096744596958
2023-07-20 16:50:05.617000,-0.41386476159095764,-0.002196386456489563
2023-07-20 16:51:05.678000,-0.39778614044189453,-0.0021173094864934683
2023-07-20 16:52:05.669000,-0.3219575583934784,-0.0019308750052005053
2023-07-20 16:53:05.602000,-0.22970014810562134,-0.0020416046027094126
2023-07-20 16:54:05.623000,-0.24759958684444427,-0.0019633749034255743
2023-07-20 16:55:05.651000,-0.24010586738586426,-0.0020426041446626186
2023-07-20 16:56:05.646000,-0.20756888389587402,-0.0020778635516762733
2023-07-20 16:57:05.596000,-0.1305757313966751,-0.0020650611259043217
2023-07-20 16:58:05.604000,-0.13526155054569244,-0.0019631427712738514
2023-07-20 16:59:05.674000,-0.13355393707752228,-0.0020378378685563803
2023-07-20 17:00:05.595000,-0.1832532435655594,-0.0020360222551971674
2023-07-20 17:01:05.572000,-0.3107755184173584,-0.0020134185906499624
2023-07-20 17:02:05.640000,-0.3093014657497406,-0.0020002105738967657
2023-07-20 17:03:05.643000,-0.18945245444774628,-0.0019940000493079424
2023-07-20 17:04:05.599000,-0.19755858182907104,-0.0019275405211374164
2023-07-20 17:05:05.642000,-0.21903835237026215,-0.001979680033400655
2023-07-20 17:06:05.686000,-0.22804810106754303,-0.0019382142927497625
2023-07-20 17:07:05.707000,-0.1805940568447113,-0.0019884230569005013
2023-07-20 17:08:05.613000,-0.14877238869667053,-0.0020035000052303076
2023-07-20 17:09:05.611000,-0.14771601557731628,-0.001999826170504093
2023-07-20 17:10:05.630000,-0.15798430144786835,-0.0019784499891102314
2023-07-20 17:11:05.666000,-0.16530010104179382,-0.0020126444287598133
2023-07-20 17:12:05.662000,-0.1675070971250534,-0.0019874039571732283
2023-07-20 17:13:05.615000,-0.15525475144386292,-0.001938923029229045
2023-07-20 17:14:05.666000,-0.26095956563949585,-0.001801299978978932
2023-07-20 17:15:05.557000,-0.34643474221229553,-0.0018283413955941796
2023-07-20 17:16:05.536000,-0.3559156060218811,-0.0020826500840485096
2023-07-20 17:17:05.600000,-0.2835310101509094,-0.001739461557008326
2023-07-20 17:18:05.555000,-0.21293365955352783,-0.0017698378069326282
2023-07-20 17:19:05.533000,-0.21556465327739716,-0.0017137499526143074
2023-07-20 17:20:05.593000,-0.20092633366584778,-0.0018544000340625644
2023-07-20 17:21:05.630000,-0.17475013434886932,-0.0019280256237834692
2023-07-20 17:22:05.577000,-0.16123051941394806,-0.002041266765445471
2023-07-20 17:23:05.642000,-0.16707898676395416,-0.001997069688513875
2023-07-20 17:24:05.650000,-0.1748376488685608,-0.0022061304189264774
2023-07-20 17:25:05.607000,-0.17419593036174774,-0.002130317036062479
2023-07-20 17:26:05.592000,-0.2189398854970932,-0.0019113043090328574
2023-07-20 17:27:05.580000,-0.23784534633159637,-0.0020404772367328405
2023-07-20 17:28:05.611000,-0.37356922030448914,-0.0019079777412116528
2023-07-20 17:29:05.570000,-0.3374372720718384,-0.0020409333519637585
2023-07-20 17:30:05.595000,-0.2424650341272354,-0.001957918284460902
2023-07-20 17:31:05.547000,-0.14981453120708466,-0.0019828800577670336
2023-07-20 17:32:05.594000,-0.15029245615005493,-0.001983687514439225
2023-07-20 17:33:05.589000,-0.14304523169994354,-0.0019371315138414502
2023-07-20 17:34:05.544000,-0.1381756067276001,-0.001908720936626196
2023-07-20 17:35:05.539000,-0.1644652783870697,-0.002087833359837532
2023-07-20 17:36:05.610000,-0.1776244193315506,-0.0019779070280492306
2023-07-20 17:37:05.638000,-0.18690818548202515,-0.002042422303929925
2023-07-20 17:38:05.587000,-0.14722014963626862,-0.001955999992787838
2023-07-20 17:39:05.588000,-0.10572859644889832,-0.0018964523915201426
2023-07-20 17:40:05.598000,-0.10722453147172928,-0.0020004999823868275
2023-07-20 17:41:05.654000,-0.2662070691585541,-0.0018840638222172856
2023-07-20 17:42:05.557000,-0.2878016233444214,-0.0019966589752584696
2023-07-20 17:43:05.634000,-0.23883573710918427,-0.0019275869708508253
2023-07-20 17:44:05.543000,-0.13213592767715454,-0.001913272775709629
2023-07-20 17:45:05.548000,-0.13243407011032104,-0.002055833349004388
2023-07-20 17:46:05.528000,-0.1311526894569397,-0.0019381860038265586
2023-07-20 17:47:05.687000,-0.15242518484592438,-0.0019583094399422407
2023-07-20 17:48:05.641000,-0.15427656471729279,-0.0019509545527398586
2023-07-20 17:49:05.579000,-0.14269103109836578,-0.0019200784154236317
2023-07-20 17:50:05.536000,-0.1588638424873352,-0.0019412727560847998
2023-07-20 17:51:05.630000,-0.1771780550479889,-0.0019825713243335485
2023-07-20 17:52:05.602000,-0.3439892530441284,-0.0020503958221524954
2023-07-20 17:53:05.575000,-0.30812525749206543,-0.0020111429039388895
2023-07-20 17:54:05.504000,-0.2255142480134964,-0.0019282916327938437
2023-07-20 17:55:05.621000,-0.17073355615139008,-0.0019401087192818522
2023-07-20 17:56:05.591000,-0.17444702982902527,-0.0019567999988794327
2023-07-20 17:57:05.632000,-0.17682082951068878,-0.0019948913250118494
2023-07-20 17:58:05.762000,-0.2023848593235016,-0.0019618221558630466
2023-07-20 17:59:05.614000,-0.20365110039710999,-0.0020841052755713463
2023-07-20 18:00:05.527000,-0.2018241435289383,-0.0019788260105997324
2023-07-20 18:01:05.559000,-0.18370933830738068,-0.002025170251727104
2023-07-20 18:02:05.539000,-0.1295490264892578,-0.002027930226176977
2023-07-20 18:03:05.657000,-0.10827464610338211,-0.0020398604683578014
2023-07-20 18:04:05.629000,-0.08893334865570068,-0.001961333444342017
2023-07-20 18:05:05.516000,-0.1571778953075409,-0.002020176500082016
2023-07-20 18:06:05.561000,-0.2866050601005554,-0.001987708266824484
2023-07-20 18:07:05.510000,-0.28444185853004456,-0.0019381333841010928
2023-07-20 18:08:05.650000,-0.2101043164730072,-0.0019687144085764885
2023-07-20 18:09:05.492000,-0.12121120095252991,-0.0020297749433666468
2023-07-20 18:10:05.492000,-0.14615841209888458,-0.0019016086589545012
2023-07-20 18:11:05.539000,-0.17709872126579285,-0.0019700888078659773
2023-07-20 18:12:05.586000,-0.18304888904094696,-0.0019759766291826963
2023-07-20 18:13:05.527000,-0.18742012977600098,-0.0019873830024152994
2023-07-20 18:14:05.516000,-0.19869911670684814,-0.0019691800698637962
2023-07-20 18:15:05.572000,-0.1918380856513977,-0.0020294166170060635
2023-07-20 18:16:05.547000,-0.18730829656124115,-0.001998844323679805
2023-07-20 18:17:05.617000,-0.16365861892700195,-0.001979391323402524
2023-07-20 18:18:05.479000,-0.13971729576587677,-0.001989609794691205
2023-07-20 18:19:05.657000,-0.22430598735809326,-0.0019904000218957663
2023-07-20 18:20:05.558000,-0.20531179010868073,-0.0020103182177990675
2023-07-20 18:21:05.593000,-0.1337825506925583,-0.0019296383252367377
2023-07-20 18:22:05.601000,-0.05994996801018715,-0.001972860423848033
2023-07-20 18:23:05.546000,-0.06620258092880249,-0.0019588912837207317
2023-07-20 18:24:05.559000,-0.06608401983976364,-0.0019416087307035923
2023-07-20 18:25:05.515000,-0.08760762959718704,-0.0019564286340028048
2023-07-20 18:26:05.598000,-0.16623584926128387,-0.001984434900805354
2023-07-20 18:27:05.501000,-0.1807582974433899,-0.0020278887823224068
2023-07-20 18:28:05.492000,-0.19783146679401398,-0.0019953902810811996
2023-07-20 18:29:05.521000,-0.2080138474702835,-0.0020420195069164038
2023-07-20 18:30:05.537000,-0.2312551587820053,-0.0019105116371065378
2023-07-20 18:31:05.468000,-0.26357629895210266,-0.0020087333396077156
2023-07-20 18:32:05.545000,-0.4171801209449768,-0.00198155315592885
2023-07-20 18:33:05.494000,-0.37844613194465637,-0.0019486199598759413
2023-07-20 18:34:05.523000,-0.27300313115119934,-0.002004809444770217
2023-07-20 18:35:05.576000,-0.16855917870998383,-0.001985183684155345
2023-07-20 18:36:05.605000,-0.14357100427150726,-0.0019850851967930794
2023-07-20 18:37:05.476000,-0.14286653697490692,-0.0019654398784041405
2023-07-20 18:38:05.535000,-0.16830338537693024,-0.0019956191536039114
2023-07-20 18:39:05.517000,-0.16661453247070312,-0.0019809999503195286
2023-07-20 18:40:05.589000,-0.1683194935321808,-0.00199066661298275
2023-07-20 18:41:05.626000,-0.153555229306221,-0.0020221599843353033
2023-07-20 18:42:05.614000,-0.23735611140727997,-0.0019651579204946756
2023-07-20 18:43:05.529000,-0.3798602521419525,-0.001978955464437604
2023-07-20 18:44:05.550000,-0.38895878195762634,-0.0019579799845814705
2023-07-20 18:45:05.519000,-0.17400780320167542,-0.0019720832351595163
2023-07-20 18:46:05.551000,-0.16190022230148315,-0.00198897672817111
2023-07-20 18:47:05.516000,-0.16471926867961884,-0.001991418655961752
2023-07-20 18:48:05.447000,-0.16601043939590454,-0.0019704888109117746
2023-07-20 18:49:05.424000,-0.1454853117465973,-0.002016098005697131
2023-07-20 18:50:05.503000,-0.15909168124198914,-0.001979564083740115
2023-07-20 18:51:05.492000,-0.15724726021289825,-0.0019775652326643467
2023-07-20 18:52:05.499000,-0.16738872230052948,-0.001942479982972145
2023-07-20 18:53:05.491000,-0.17354080080986023,-0.002059295540675521
2023-07-20 18:54:05.579000,-0.20229579508304596,-0.0020105454605072737
2023-07-20 18:55:05.459000,-0.20211151242256165,-0.0019224222050979733
2023-07-20 18:56:05.507000,-0.32789015769958496,-0.0020929998718202114
2023-07-20 18:57:05.442000,-0.3363954722881317,-0.00204904074780643
2023-07-20 18:58:05.574000,-0.32521578669548035,-0.0019429782405495644
2023-07-20 18:59:05.487000,-0.21758706867694855,-0.0020239443983882666
2023-07-20 19:00:05.516000,-0.16262896358966827,-0.001983446767553687
2023-07-20 19:01:05.491000,-0.16502267122268677,-0.002006325637921691
2023-07-20 19:02:05.496000,-0.18769177794456482,-0.001962959999218583
2023-07-20 19:03:05.463000,-0.21332348883152008,-0.0019969800487160683
2023-07-20 19:04:05.432000,-0.2225065678358078,-0.0019477750174701214
2023-07-20 19:05:05.497000,-0.20546674728393555,-0.0019723055884242058
2023-07-20 19:06:05.409000,-0.15566641092300415,-0.0019845152273774147
2023-07-20 19:07:05.435000,-0.13028281927108765,-0.0020215455442667007
2023-07-20 19:08:05.416000,-0.13159555196762085,-0.0020009286236017942
2023-07-20 19:09:05.521000,-0.13067981600761414,-0.0020175790414214134
2023-07-20 19:10:05.416000,-0.3231433033943176,-0.001994567457586527
2023-07-20 19:11:05.501000,-0.31353268027305603,-0.0019679695833474398
2023-07-20 19:12:05.482000,-0.2247028797864914,-0.0019862563349306583
2023-07-20 19:13:05.453000,-0.151780366897583,-0.0019831873942166567
2023-07-20 19:14:05.515000,-0.18063753843307495,-0.002058622194454074
2023-07-20 19:15:05.444000,-0.1703362762928009,-0.0020387894473969936
2023-07-20 19:16:05.479000,-0.11308415234088898,-0.002036888850852847
2023-07-20 19:17:05.517000,-0.11765018105506897,-0.0020003332756459713
2023-07-20 19:18:05.448000,-0.14602264761924744,-0.001966444542631507
2023-07-20 19:19:05.506000,-0.14976151287555695,-0.002011548960581422
2023-07-20 19:20:05.495000,-0.15062950551509857,-0.0019451428670436144
2023-07-20 19:21:05.464000,-0.12907053530216217,-0.0019927446264773607
2023-07-20 19:22:05.479000,-0.1599998027086258,-0.0020058637019246817
2023-07-20 19:23:05.504000,-0.32697027921676636,-0.0019677954260259867
2023-07-20 19:24:05.436000,-0.3300575613975525,-0.0019997500348836184
2023-07-20 19:25:05.425000,-0.2378106564283371,-0.0019215454813092947
2023-07-20 19:26:05.401000,-0.1811532974243164,-0.0019734897650778294
2023-07-20 19:27:05.448000,-0.13459369540214539,-0.0019433611305430532
2023-07-20 19:28:05.457000,-0.1257522851228714,-0.0019428509986028075
2023-07-20 19:29:05.479000,-0.10219286382198334,-0.002020261948928237
2023-07-20 19:30:05.456000,-0.10090963542461395,-0.0019163243705406785
2023-07-20 19:31:05.515000,-0.12048939615488052,-0.0019543750677257776
2023-07-20 19:32:05.474000,-0.13251173496246338,-0.0019447000231593847
2023-07-20 19:33:05.516000,-0.18194027245044708,-0.0019571364391595125
2023-07-20 19:34:05.389000,-0.3378670811653137,-0.0019897499587386847
2023-07-20 19:35:05.437000,-0.32339155673980713,-0.0019858935847878456
2023-07-20 19:36:05.488000,-0.1879642903804779,-0.0019727249164134264
2023-07-20 19:37:05.421000,-0.15385816991329193,-0.0019942044746130705
2023-07-20 19:38:05.462000,-0.17033621668815613,-0.0019709777552634478
2023-07-20 19:39:05.490000,-0.17722946405410767,-0.001959000015631318
2023-07-20 19:40:05.392000,-0.18784363567829132,-0.0020187441259622574
2023-07-20 19:41:05.377000,-0.19321046769618988,-0.0019826977513730526
2023-07-20 19:42:05.509000,-0.24813337624073029,-0.0019443921046331525
2023-07-20 19:43:05.517000,-0.2127346396446228,-0.001981363631784916
2023-07-20 19:44:05.474000,-0.1761447787284851,-0.0019654445350170135
2023-07-20 19:45:05.459000,-0.1534399837255478,-0.0019548959098756313
2023-07-20 19:46:05.513000,-0.15402399003505707,-0.001989489421248436
2023-07-20 19:47:05.484000,-0.29539093375205994,-0.002005886286497116
2023-07-20 19:48:05.480000,-0.3187636435031891,-0.001978558022528887
2023-07-20 19:49:05.475000,-0.3079836964607239,-0.002009512158110738
2023-07-20 19:50:05.495000,-0.2314806431531906,-0.002028937451541424
2023-07-20 19:51:05.502000,-0.19108888506889343,-0.002033500000834465
2023-07-20 19:52:05.412000,-0.2150471806526184,-0.002031229203566909
2023-07-20 19:53:05.444000,-0.19116933643817902,-0.0020039998926222324
2023-07-20 19:54:05.477000,-0.1878909468650818,-0.0019688887987285852
2023-07-20 19:55:05.518000,-0.18288655579090118,-0.0020224445033818483
2023-07-20 19:56:05.374000,-0.18332569301128387,-0.001983372028917074
2023-07-20 19:57:05.491000,-0.18501293659210205,-0.001984909176826477
2023-07-20 19:58:05.373000,-0.23029808700084686,-0.002014651196077466
2023-07-20 19:59:05.460000,-0.22554101049900055,-0.0019866738002747297
2023-07-20 20:00:05.438000,-0.2208322286605835,-0.0020331887062639
2023-07-20 20:01:05.500000,-0.37256184220314026,-0.00201506819576025
2023-07-20 20:02:05.425000,-0.35148677229881287,-0.0020033721812069416
2023-07-20 20:03:05.490000,-0.2576862871646881,-0.0019847045186907053
2023-07-20 20:04:05.430000,-0.21408522129058838,-0.001977657899260521
2023-07-20 20:05:05.459000,-0.20519424974918365,-0.002003714209422469
2023-07-20 20:06:05.454000,-0.19648484885692596,-0.0019869189709424973
2023-07-20 20:07:05.509000,-0.13393746316432953,-0.0019644186832010746
2023-07-20 20:08:05.412000,-0.13251635432243347,-0.0019677174277603626
2023-07-20 20:09:05.486000,-0.11054221540689468,-0.001956615364179015
2023-07-20 20:10:05.405000,-0.11290338635444641,-0.001973384525626898
2023-07-20 20:11:05.506000,-0.11716428399085999,-0.0019660433754324913
2023-07-20 20:12:05.406000,-0.1197124496102333,-0.0019606042187660933
2023-07-20 20:13:05.362000,-0.1738032102584839,-0.0019785868935287
2023-07-20 20:14:05.403000,-0.35977813601493835,-0.001958355540409684
2023-07-20 20:15:05.353000,-0.37800106406211853,-0.002073962241411209
2023-07-20 20:16:05.476000,-0.2235642522573471,-0.0019518048502504826
2023-07-20 20:17:05.474000,-0.11778838187456131,-0.0019320249557495117
2023-07-20 20:18:05.423000,-0.10897713154554367,-0.0019419166492298245
2023-07-20 20:19:05.432000,-0.11144234985113144,-0.001956666586920619
2023-07-20 20:20:05.429000,-0.11090098321437836,-0.00195134780369699
2023-07-20 20:21:05.419000,-0.11208031326532364,-0.0019123191013932228
2023-07-20 20:22:05.471000,-0.1350516527891159,-0.0019570000004023314
2023-07-20 20:23:05.325000,-0.15660914778709412,-0.0020236046984791756
2023-07-20 20:24:05.463000,-0.2386077642440796,-0.0019529374549165368
2023-07-20 20:25:05.434000,-0.32546237111091614,-0.0019911283161491156
2023-07-20 20:26:05.427000,-0.31549781560897827,-0.0020635228138417006
2023-07-20 20:27:05.353000,-0.15914693474769592,-0.0018927894998341799
2023-07-20 20:28:05.386000,-0.1515749841928482,-0.0019278371473774314
2023-07-20 20:29:05.459000,-0.1445329636335373,-0.0019086097599938512
2023-07-20 20:30:05.333000,-0.1623147428035736,-0.00198946800082922
2023-07-20 20:31:05.345000,-0.17008696496486664,-0.0018802391132339835
2023-07-20 20:32:05.349000,-0.1860305815935135,-0.0018971163081005216
2023-07-20 20:33:05.393000,-0.16835534572601318,-0.002003285801038146
2023-07-20 20:34:05.399000,-0.17232708632946014,-0.001955020474269986
2023-07-20 20:35:05.427000,-0.1731669157743454,-0.0019855217542499304
2023-07-20 20:36:05.333000,-0.1713549941778183,-0.0019304323941469193
2023-07-20 20:37:05.394000,-0.1706700474023819,-0.0018872444052249193
2023-07-20 20:38:05.459000,-0.332371324300766,-0.0019927776884287596
2023-07-20 20:39:05.421000,-0.3789871335029602,-0.0019743554294109344
2023-07-20 20:40:05.426000,-0.363305926322937,-0.0019218542147427797
2023-07-20 20:41:05.442000,-0.24589522182941437,-0.0018495897529646754
2023-07-20 20:42:05.356000,-0.15333276987075806,-0.0019897022284567356
2023-07-20 20:43:05.380000,-0.1658174842596054,-0.0019794523250311613
2023-07-20 20:44:05.394000,-0.18168333172798157,-0.0019924999214708805
2023-07-20 20:45:05.295000,-0.18863490223884583,-0.001955268206074834
2023-07-20 20:46:05.453000,-0.1417665332555771,-0.0019279387779533863
2023-07-20 20:47:05.356000,-0.13271351158618927,-0.0019786586053669453
2023-07-20 20:48:05.328000,-0.1292819380760193,-0.0019448570674285293
2023-07-20 20:49:05.383000,-0.10089263319969177,-0.0019476341549307108
2023-07-20 20:50:05.439000,-0.09790846705436707,-0.001955765997990966
2023-07-20 20:51:05.465000,-0.09858696907758713,-0.0020026250276714563
2023-07-20 20:52:05.316000,-0.24351948499679565,-0.0019179743248969316
2023-07-20 20:53:05.466000,-0.288692831993103,-0.0019255714723840356
2023-07-20 20:54:05.357000,-0.2710512578487396,-0.0019196170615032315
2023-07-20 20:55:05.479000,-0.20289792120456696,-0.0019510400015860796
2023-07-20 20:56:05.495000,-0.12999840080738068,-0.0019586808048188686
2023-07-20 20:57:05.403000,-0.09712528437376022,-0.0019543268717825413
2023-07-20 20:58:05.411000,-0.0814739465713501,-0.00194668082986027
2023-07-20 20:59:05.430000,-0.061328232288360596,-0.00192074419464916
2023-07-20 21:00:05.379000,-0.06054190173745155,-0.0020219048019498587
2023-07-20 21:01:05.341000,-0.06451261788606644,-0.0020471701864153147
2023-07-20 21:02:05.325000,-0.09034954756498337,-0.0019489999394863844
2023-07-20 21:03:05.407000,-0.10553786903619766,-0.001964174909517169
2023-07-20 21:04:05.337000,-0.11738758534193039,-0.0020287390798330307
2023-07-20 21:05:05.310000,-0.2904133200645447,-0.0019853487610816956
2023-07-20 21:06:05.437000,-0.34800466895103455,-0.001975717954337597
2023-07-20 21:07:05.516000,-0.3094150125980377,0.0018994667334482074
2023-07-20 21:08:05.578000,-0.2005123496055603,0.0014472068287432194
2023-07-20 21:09:05.369000,-0.21128971874713898,-0.0001399642787873745
2023-07-20 21:10:05.330000,-0.2605266869068146,0.00011047619045712054
2023-07-20 21:11:05.410000,-0.26431238651275635,-0.0018915750551968813
2023-07-20 21:12:05.393000,-0.24216586351394653,-0.0019148181891068816
2023-07-20 21:13:05.364000,-0.14524875581264496,-0.0019719686824828386
2023-07-20 21:14:05.314000,-0.14259997010231018,-0.0019791163504123688
2023-07-20 21:15:05.435000,-0.14227263629436493,-0.0019745510071516037
2023-07-20 21:16:05.375000,-0.32765570282936096,0.011422889307141304
2023-07-20 21:17:05.338000,-0.30702975392341614,0.009456108324229717
2023-07-20 21:18:05.326000,-0.2394566386938095,0.00659674359485507
2023-07-20 21:19:05.359000,-0.1815788894891739,-0.001948749995790422
2023-07-20 21:20:05.293000,-0.19063766300678253,-0.0019884693901985884
2023-07-20 21:21:05.320000,-0.29053574800491333,-0.0018666739342734218
2023-07-20 21:22:05.399000,-0.44549164175987244,-0.0019717111717909575
2023-07-20 21:23:05.404000,-0.4449273347854614,-0.0018818809185177088
2023-07-20 21:24:05.969000,-0.44490575790405273,0.024991022422909737
2023-07-20 21:25:05.265000,-0.45022323727607727,0.014193093404173851
2023-07-20 21:26:05.309000,-0.4611266553401947,0.01215309277176857
2023-07-20 21:27:05.388000,-0.45983996987342834,0.012225068174302578
2023-07-20 21:28:05.367000,-0.44851619005203247,0.013258359394967556
2023-07-20 21:29:05.371000,-0.4732137620449066,0.01485010888427496
2023-07-20 21:30:05.373000,-0.6144788861274719,0.01704542152583599
2023-07-20 21:31:05.347000,-0.598280668258667,0.019341934472322464
2023-07-20 21:32:05.369000,-0.5618318915367126,0.02107306756079197
2023-07-20 21:33:05.351000,-0.420743465423584,0.022702297195792198
2023-07-20 21:34:05.455000,-0.3642507791519165,0.02342737279832363
2023-07-20 21:35:05.408000,-0.21786510944366455,0.023027250543236732
2023-07-20 21:36:05.261000,-0.11812436580657959,0.021600618958473206
2023-07-20 21:37:05.423000,-0.08785740286111832,0.02124457061290741
2023-07-20 21:38:05.263000,-0.08717390149831772,0.022005897015333176
2023-07-20 21:39:05.386000,-0.08710313588380814,0.023693419992923737
2023-07-20 21:40:05.349000,-0.08969973027706146,0.02541879564523697
2023-07-20 21:41:05.313000,-0.09872238337993622,0.02769559994339943
2023-07-20 21:42:05.337000,-0.14924313127994537,0.029394418001174927
2023-07-20 21:43:05.404000,-0.2699476480484009,0.031492315232753754
2023-07-20 21:44:05.304000,-0.3838350772857666,0.03398438170552254
2023-07-20 21:45:05.305000,-0.35976019501686096,0.036440979689359665
2023-07-20 21:46:05.337000,-0.21207836270332336,0.03900957852602005
2023-07-20 21:47:05.298000,-0.21963201463222504,0.040407318621873856
2023-07-20 21:48:05.298000,-0.22454744577407837,0.04098108038306236
2023-07-20 21:49:05.308000,-0.2331390380859375,0.0405566431581974
2023-07-20 21:50:05.276000,-0.24920353293418884,0.040315043181180954
2023-07-20 21:51:05.378000,-0.24442249536514282,0.04084707796573639
2023-07-20 21:52:05.319000,-0.23854905366897583,0.04162895306944847
2023-07-20 21:53:05.432000,-0.21659594774246216,0.04209014028310776
2023-07-20 21:54:05.393000,-0.21070773899555206,0.04352255165576935
2023-07-20 21:55:05.242000,-0.20709851384162903,0.04497291520237923
2023-07-20 21:56:05.258000,-0.30356770753860474,0.047124024480581284
2023-07-20 21:57:05.278000,-0.377801775932312,0.05081864073872566
2023-07-20 21:58:05.246000,-0.39297425746917725,0.05426559969782829
2023-07-20 21:59:05.299000,-0.223562553524971,0.057219602167606354
2023-07-20 22:00:05.282000,-0.20937134325504303,0.060650862753391266
2023-07-20 22:01:05.242000,-0.19162032008171082,0.067158043384552
2023-07-20 22:02:05.332000,-0.191209077835083,0.07562007009983063
2023-07-20 22:03:05.254000,-0.19116643071174622,0.12296036630868912
2023-07-20 22:04:05.341000,-0.1906118541955948,0.21375925838947296
2023-07-20 22:05:05.337000,-0.18291813135147095,0.2256467044353485
2023-07-20 22:06:05.299000,-0.15362632274627686,0.22682742774486542
2023-07-20 22:07:05.307000,-0.2599020004272461,0.22104719281196594
2023-07-20 22:08:05.321000,-0.3040398955345154,0.22612202167510986
2023-07-20 22:09:05.271000,-0.2527482807636261,0.23322544991970062
2023-07-20 22:10:05.365000,-0.12066826969385147,0.2367555797100067
2023-07-20 22:11:05.326000,-0.12001775205135345,0.23371966183185577
2023-07-20 22:12:05.270000,-0.11539418250322342,0.23166371881961823
2023-07-20 22:13:05.308000,-0.17460699379444122,0.22883185744285583
2023-07-20 22:14:05.360000,-0.21162749826908112,0.22651337087154388
2023-07-20 22:15:05.243000,-0.21902701258659363,0.22667302191257477
2023-07-20 22:16:05.294000,-0.24702587723731995,0.23208899796009064
2023-07-20 22:17:05.371000,-0.24560025334358215,0.24507349729537964
2023-07-20 22:18:05.359000,-0.2590154707431793,0.25517308712005615
2023-07-20 22:19:05.219000,-0.24785704910755157,0.2616271376609802
2023-07-20 22:20:05.304000,-0.22892142832279205,0.27657008171081543
2023-07-20 22:21:05.279000,-0.3209330141544342,0.29047006368637085
2023-07-20 22:22:05.230000,-0.35141003131866455,0.3035546541213989
2023-07-20 22:23:05.285000,-0.33940669894218445,0.32073256373405457
2023-07-20 22:24:05.313000,-0.2048192173242569,0.34283843636512756
2023-07-20 22:25:05.250000,-0.1545964479446411,0.3543958067893982
2023-07-20 22:26:05.214000,-0.1466313600540161,0.348320335149765
2023-07-20 22:27:05.312000,-0.1803053617477417,0.3422766923904419
2023-07-20 22:28:05.315000,-0.19615203142166138,0.340925931930542
2023-07-20 22:29:05.269000,-0.23506738245487213,0.3459117114543915
2023-07-20 22:30:05.319000,-0.22235949337482452,0.35649731755256653
2023-07-20 22:31:05.271000,-0.1700955629348755,0.38302546739578247
2023-07-20 22:32:05.233000,-0.16556555032730103,0.437841534614563
2023-07-20 22:33:05.289000,-0.1396411955356598,0.4457741975784302
2023-07-20 22:34:05.301000,-0.15314935147762299,0.4336404800415039
2023-07-20 22:35:05.233000,-0.3104398846626282,0.42062750458717346
2023-07-20 22:36:05.330000,-0.29381152987480164,0.39990827441215515
2023-07-20 22:37:05.349000,-0.20572367310523987,0.39103880524635315
2023-07-20 22:38:05.325000,-0.20311568677425385,0.39540013670921326
2023-07-20 22:39:05.326000,-0.2237904667854309,0.40186429023742676
2023-07-20 22:40:05.369000,-0.21874788403511047,0.42035889625549316
2023-07-20 22:41:05.271000,-0.20161834359169006,0.4373372495174408
2023-07-20 22:42:05.326000,-0.1995091438293457,0.45942503213882446
2023-07-20 22:43:05.377000,-0.19318976998329163,0.48579835891723633
2023-07-20 22:44:05.331000,-0.17933081090450287,0.5348025560379028
2023-07-20 22:45:05.331000,-0.17911238968372345,0.5651667714118958
2023-07-20 22:46:05.315000,-0.18688151240348816,0.5664400458335876
2023-07-20 22:47:05.327000,-0.24423225224018097,0.567805290222168
2023-07-20 22:48:05.291000,-0.35448458790779114,0.5751546025276184
2023-07-20 22:49:05.285000,-0.32725077867507935,0.5669757127761841
2023-07-20 22:50:05.307000,-0.1904587745666504,0.5329428911209106
2023-07-20 22:51:05.287000,-0.1643655002117157,0.531990647315979
2023-07-20 22:52:05.196000,-0.17707400023937225,0.5682557225227356
2023-07-20 22:53:05.300000,-0.2001437544822693,0.593425452709198
2023-07-20 22:54:05.332000,-0.21770669519901276,0.5902751684188843
2023-07-20 22:55:05.224000,-0.2242034375667572,0.5805230736732483
2023-07-20 22:56:05.224000,-0.1882811039686203,0.5730679631233215
2023-07-20 22:57:05.375000,-0.1214049831032753,0.5356751084327698
2023-07-20 22:58:05.303000,-0.20011989772319794,0.5057147741317749
2023-07-20 22:59:05.375000,-0.27634164690971375,0.6194857358932495
2023-07-20 23:00:05.309000,-0.2628745436668396,0.6471416354179382
2023-07-20 23:01:05.238000,-0.11944923549890518,0.6463773250579834
2023-07-20 23:02:05.277000,-0.13697853684425354,0.6347224712371826
2023-07-20 23:03:05.244000,-0.17068970203399658,0.6360636949539185
2023-07-20 23:04:05.316000,-0.18580679595470428,0.6378822326660156
2023-07-20 23:05:05.326000,-0.1933683156967163,0.6442005038261414
2023-07-20 23:06:05.349000,-0.13212621212005615,0.6590383648872375
2023-07-20 23:07:05.279000,-0.11004289984703064,0.6767995357513428
2023-07-20 23:08:05.271000,-0.11026961356401443,0.6833348274230957
2023-07-20 23:09:05.317000,-0.11386363208293915,0.6871978640556335
2023-07-20 23:10:05.283000,-0.12194966524839401,0.6951984763145447
2023-07-20 23:11:05.283000,-0.1224822998046875,0.7018041014671326
2023-07-20 23:12:05.294000,-0.26912373304367065,0.7014196515083313
2023-07-20 23:13:05.240000,-0.2988719046115875,0.702386736869812
2023-07-20 23:14:05.208000,-0.3016968071460724,0.715402364730835
2023-07-20 23:16:05.256000,-0.14652647078037262,0.7562373876571655
2023-07-20 23:17:05.229000,-0.15529583394527435,0.7738051414489746
2023-07-20 23:18:05.355000,-0.17670196294784546,0.7858050465583801
2023-07-20 23:20:05.177000,-0.1736774742603302,0.7896851301193237
2023-07-20 23:21:05.335000,-0.16091495752334595,0.7974053621292114
2023-07-20 23:22:05.142000,-0.1605185568332672,0.7419057488441467
2023-07-20 23:23:05.219000,-0.16116385161876678,0.7361869812011719
2023-07-20 23:24:05.291000,-0.16136127710342407,0.7945078611373901
2023-07-20 23:25:05.683000,-0.1688687652349472,0.7572036981582642
2023-07-20 23:26:05.215000,-0.38343390822410583,0.8171747326850891
2023-07-20 23:27:05.205000,-0.37064099311828613,0.8133144378662109
2023-07-20 23:28:05.205000,-0.2406538873910904,0.8411419987678528
2023-07-20 23:29:05.219000,-0.187002494931221,0.8500673770904541
2023-07-20 23:30:05.208000,-0.11898674815893173,0.7686474919319153
2023-07-20 23:31:05.204000,-0.09950564801692963,0.7599236369132996
2023-07-20 23:32:05.374000,-0.09740058332681656,0.6756792068481445
2023-07-20 23:33:05.200000,-0.10647361725568771,0.753116250038147
2023-07-20 23:34:05.165000,-0.12163875252008438,0.9045770764350891
2023-07-20 23:35:05.165000,-0.12119709700345993,0.909924328327179
2023-07-20 23:36:05.240000,-0.1288929134607315,0.9170520901679993
2023-07-20 23:37:05.247000,-0.13253118097782135,0.7449620366096497
2023-07-20 23:38:05.172000,-0.23433198034763336,0.890375554561615
2023-07-20 23:39:05.291000,-0.30983230471611023,0.9509090185165405
2023-07-20 23:40:05.234000,-0.22227822244167328,0.9521294236183167
2023-07-20 23:41:05.362000,-0.10241985321044922,0.9554455876350403
2023-07-20 23:42:05.161000,-0.08460599929094315,0.9638872742652893
2023-07-20 23:43:05.222000,-0.08435049653053284,0.9688183665275574
2023-07-20 23:44:05.259000,-0.07299640029668808,0.9708601236343384
2023-07-20 23:45:05.239000,-0.07630734890699387,0.9587143659591675
2023-07-20 23:46:05.209000,-0.15056554973125458,0.9589654207229614
2023-07-20 23:47:05.235000,-0.17199496924877167,0.9755823612213135
2023-07-20 23:48:05.148000,-0.19935940206050873,0.9902076721191406
2023-07-20 23:49:05.148000,-0.30618616938591003,1.0030078887939453
2023-07-20 23:50:05.161000,-0.410690039396286,1.014082670211792
2023-07-20 23:51:05.270000,-0.40053582191467285,0.7734490036964417
2023-07-20 23:53:05.315000,-0.18630272150039673,1.0316709280014038
2023-07-20 23:54:05.196000,-0.18614521622657776,1.0361720323562622
2023-07-20 23:55:05.140000,-0.1904696673154831,0.9829574227333069
2023-07-20 23:56:05.194000,-0.19093109667301178,1.0264341831207275
2023-07-20 23:57:05.184000,-0.20439200103282928,1.0474293231964111
2023-07-20 23:58:05.148000,-0.22152961790561676,1.054720401763916
2023-07-20 23:59:05.231000,-0.21793986856937408,1.071631908416748
2023-07-21 00:00:05.152000,-0.2134649157524109,1.0768208503723145
2023-07-21 00:01:05.198000,-0.22220145165920258,1.0824872255325317
2023-07-21 00:02:05.229000,-0.22732123732566833,1.0963166952133179
2023-07-21 00:03:05.221000,-0.36001864075660706,1.12542724609375
2023-07-21 00:04:05.164000,-0.34591367840766907,1.1281392574310303
2023-07-21 00:06:05.221000,-0.24113504588603973,1.1352028846740723
2023-07-21 00:08:05.206000,-0.15335169434547424,1.1640875339508057
2023-07-21 00:09:05.155000,-0.14339089393615723,1.1853430271148682
2023-07-21 00:10:05.165000,-0.182089164853096,1.1909483671188354
2023-07-21 00:11:05.222000,-0.1968749612569809,1.199891448020935
2023-07-21 00:12:05.156000,-0.22266703844070435,1.2082799673080444
2023-07-21 00:13:05.219000,-0.20347045361995697,1.2158299684524536
2023-07-21 00:14:05.201000,-0.1559307724237442,1.2220348119735718
2023-07-21 00:15:05.241000,-0.15584968030452728,1.2250198125839233
2023-07-21 00:16:05.254000,-0.1347280591726303,1.239139199256897
2023-07-21 00:17:05.170000,-0.2643120586872101,1.250812292098999
2023-07-21 00:18:05.223000,-0.2675703465938568,1.2587441205978394
2023-07-21 00:19:05.214000,-0.17929260432720184,1.274778127670288
2023-07-21 00:20:05.187000,-0.12942014634609222,1.2889416217803955
2023-07-21 00:21:05.196000,-0.14951978623867035,1.2990649938583374
2023-07-21 00:22:05.235000,-0.185007706284523,1.3079349994659424
2023-07-21 00:23:05.242000,-0.1933489441871643,1.3131359815597534
2023-07-21 00:24:05.201000,-0.18350857496261597,1.317568063735962
2023-07-21 00:25:05.158000,-0.17277181148529053,1.3274157047271729
2023-07-21 00:26:05.226000,-0.17439836263656616,1.3289965391159058
2023-07-21 00:27:05.285000,-0.17824411392211914,1.3391529321670532
2023-07-21 00:28:05.108000,-0.17939335107803345,1.3472094535827637
2023-07-21 00:29:05.238000,-0.1905834674835205,1.3655250072479248
2023-07-21 00:30:05.211000,-0.3584456741809845,1.3888057470321655
2023-07-21 00:31:05.222000,-0.3526960015296936,1.399977445602417
2023-07-21 00:32:05.691000,-0.2830395996570587,1.3896499872207642
2023-07-21 00:33:05.117000,-0.18690013885498047,1.406123399734497
2023-07-21 00:34:05.413000,-0.18651728332042694,1.4152218103408813
2023-07-21 00:35:05.203000,-0.189712256193161,1.4294779300689697
2023-07-21 00:36:05.096000,-0.16393081843852997,1.3268489837646484
2023-07-21 00:37:05.198000,-0.12900283932685852,1.423574447631836
2023-07-21 00:38:05.213000,-0.1430242955684662,1.4632458686828613
2023-07-21 00:39:05.108000,-0.14752642810344696,1.4638193845748901
2023-07-21 00:40:05.141000,-0.17313030362129211,1.4736634492874146
2023-07-21 00:41:05.140000,-0.30313998460769653,1.4669517278671265
2023-07-21 00:42:05.162000,-0.2874114215373993,1.471789002418518
2023-07-21 00:43:05.136000,-0.1899373084306717,1.4759421348571777
2023-07-21 00:44:05.069000,-0.17736037075519562,1.4830292463302612
2023-07-21 00:45:05.090000,-0.19251666963100433,1.5041189193725586
2023-07-21 00:46:05.227000,-0.12172257900238037,1.5124908685684204
2023-07-21 00:47:05.168000,-0.0831492468714714,1.539613962173462
2023-07-21 00:48:05.121000,-0.07046351581811905,1.562103509902954
2023-07-21 00:49:05.066000,-0.06090319901704788,1.5815818309783936
2023-07-21 00:50:05.179000,-0.060375750064849854,1.5669944286346436
2023-07-21 00:51:05.257000,-0.060406699776649475,1.5716817378997803
2023-07-21 00:52:05.194000,-0.07596998661756516,1.5798505544662476
2023-07-21 00:53:05.138000,-0.17105518281459808,1.551990270614624
2023-07-21 00:54:05.163000,-0.29839974641799927,1.4940162897109985
2023-07-21 00:55:05.097000,-0.39712923765182495,1.242175817489624
2023-07-21 00:56:05.104000,-0.379172682762146,1.576067566871643
2023-07-21 00:57:05.248000,-0.3080138862133026,1.5980408191680908
2023-07-21 00:58:05.154000,-0.2143159657716751,1.6081911325454712
2023-07-21 00:59:05.109000,-0.19823238253593445,1.5793598890304565
2023-07-21 01:00:05.135000,-0.19638092815876007,1.5578776597976685
2023-07-21 01:01:05.210000,-0.21498851478099823,1.5831506252288818
2023-07-21 01:02:05.198000,-0.22574672102928162,1.5312741994857788
2023-07-21 01:03:05.085000,-0.22557638585567474,1.6509603261947632
2023-07-21 01:04:05.091000,-0.21237637102603912,1.649682879447937
2023-07-21 01:05:05.143000,-0.20854301750659943,1.6639132499694824
2023-07-21 01:06:05.206000,-0.22334706783294678,1.613373875617981
2023-07-21 01:07:05.195000,-0.22542844712734222,1.676088809967041
2023-07-21 01:08:05.076000,-0.35580572485923767,1.6765676736831665
2023-07-21 01:09:05.138000,-0.34413665533065796,1.6896260976791382
2023-07-21 01:10:05.337000,-0.2674487829208374,1.7217490673065186
2023-07-21 01:11:05.118000,-0.17013365030288696,1.7278194427490234
2023-07-21 01:12:05.118000,-0.15431487560272217,1.702285885810852
2023-07-21 01:13:05.085000,-0.13933292031288147,1.6781935691833496
2023-07-21 01:14:05.164000,-0.13152605295181274,1.6910794973373413
2023-07-21 01:15:05.066000,-0.13768166303634644,1.7241225242614746
2023-07-21 01:16:05.053000,-0.16286900639533997,1.7331892251968384
2023-07-21 01:17:05.152000,-0.21720050275325775,1.7262787818908691
2023-07-21 01:18:05.072000,-0.2544298470020294,1.7425683736801147
2023-07-21 01:19:05.059000,-0.1793150156736374,1.7475237846374512
2023-07-21 01:20:05.114000,-0.1527903527021408,1.6754587888717651
2023-07-21 01:21:05.126000,-0.27498123049736023,1.67500901222229
2023-07-21 01:22:05.230000,-0.3060709238052368,1.7811305522918701
2023-07-21 01:23:05.119000,-0.25815942883491516,1.7699480056762695
2023-07-21 01:24:05.055000,-0.12040316313505173,1.7653532028198242
2023-07-21 01:25:05.146000,-0.13642339408397675,1.7997324466705322
2023-07-21 01:27:05.091000,-0.16674356162548065,1.7366998195648193
2023-07-21 01:28:05.072000,-0.16491307318210602,1.7639912366867065
2023-07-21 01:29:05.182000,-0.1603820025920868,1.541024088859558
2023-07-21 01:30:05.049000,-0.15873320400714874,1.6593393087387085
2023-07-21 01:31:05.090000,-0.17911097407341003,1.8049978017807007
2023-07-21 01:32:05.309000,-0.340725839138031,1.8826930522918701
2023-07-21 01:33:05.069000,-0.335157185792923,1.859131932258606
2023-07-21 01:34:05.052000,-0.230214461684227,1.8435941934585571
2023-07-21 01:35:05.198000,-0.1880340427160263,1.8580697774887085
2023-07-21 01:36:05.053000,-0.17403559386730194,1.8609861135482788
2023-07-21 01:37:05.072000,-0.16844961047172546,1.8217055797576904
2023-07-21 01:38:05.128000,-0.15751232206821442,1.8520352840423584
2023-07-21 01:39:05.131000,-0.1588182896375656,1.852571725845337
2023-07-21 01:40:05.029000,-0.1821037232875824,1.6595089435577393
2023-07-21 01:41:05.112000,-0.2070489525794983,1.9009766578674316
2023-07-21 01:42:05.078000,-0.2169686108827591,1.9044452905654907
2023-07-21 01:43:05.174000,-0.20197339355945587,1.8983089923858643
2023-07-21 01:44:05.120000,-0.1681397259235382,1.871976375579834
2023-07-21 01:45:05.106000,-0.2938086688518524,1.9239616394042969
2023-07-21 01:46:05.057000,-0.2802162170410156,1.9210501909255981
2023-07-21 01:47:05.096000,-0.23245583474636078,1.8026403188705444
2023-07-21 01:48:05.150000,-0.11050654947757721,1.203183650970459
2023-07-21 01:49:05.142000,-0.12225104868412018,0.9677213430404663
2023-07-21 01:50:05.095000,-0.13418766856193542,1.377187728881836
2023-07-21 01:51:05.056000,-0.1465143859386444,2.0147793292999268
2023-07-21 01:52:05.064000,-0.15020598471164703,2.029773235321045
2023-07-21 01:53:05.153000,-0.1457625776529312,1.2248324155807495
2023-07-21 01:54:05.004000,-0.1428985595703125,1.4078145027160645
2023-07-21 01:55:05.021000,-0.14114148914813995,1.9355652332305908
2023-07-21 01:56:05.006000,-0.14018720388412476,2.0242903232574463
2023-07-21 01:57:05.086000,-0.1679743230342865,2.0073049068450928
2023-07-21 01:58:05.446000,-0.3539279103279114,2.0487239360809326
2023-07-21 01:59:05.115000,-0.3709814250469208,1.9744279384613037
2023-07-21 02:00:05.102000,-0.2511023283004761,2.0547378063201904
2023-07-21 02:01:05.143000,-0.10964586585760117,2.0261316299438477
2023-07-21 02:02:05.117000,-0.11053583025932312,2.0185132026672363
2023-07-21 02:03:05.162000,-0.10826635360717773,2.0666911602020264
2023-07-21 02:04:04.996000,-0.10680998116731644,1.8851797580718994
2023-07-21 02:05:05.115000,-0.12710583209991455,1.8117066621780396
2023-07-21 02:06:05.083000,-0.13246914744377136,1.8782676458358765
2023-07-21 02:07:05.091000,-0.15447744727134705,2.0692555904388428
2023-07-21 02:08:05.094000,-0.1481129229068756,2.126660108566284
2023-07-21 02:09:05.045000,-0.17734144628047943,2.1110377311706543
2023-07-21 02:10:05.103000,-0.26722022891044617,2.0890986919403076
2023-07-21 02:11:05.013000,-0.2651068866252899,2.0946667194366455
2023-07-21 02:12:05.141000,-0.2600938379764557,2.080962657928467
2023-07-21 02:13:05.002000,-0.12214239686727524,2.0539252758026123
2023-07-21 02:14:05.078000,-0.1213575154542923,2.091735601425171
2023-07-21 02:15:05.102000,-0.12119360268115997,2.1042535305023193
2023-07-21 02:16:05.130000,-0.10389097034931183,2.0968339443206787
2023-07-21 02:17:05.099000,-0.11889941990375519,2.0994298458099365
2023-07-21 02:18:05.123000,-0.11321873217821121,2.1061840057373047
2023-07-21 02:19:04.969000,-0.10772058367729187,2.0956592559814453
2023-07-21 02:20:05.078000,-0.1321168839931488,2.082155704498291
2023-07-21 02:21:05.062000,-0.31097903847694397,2.0975890159606934
2023-07-21 02:22:05.086000,-0.2971430718898773,1.8293966054916382
2023-07-21 02:23:05.037000,-0.17400582134723663,2.1118764877319336
2023-07-21 02:24:04.992000,-0.11698496341705322,2.1026155948638916
2023-07-21 02:25:05.098000,-0.11334601789712906,2.116917133331299
2023-07-21 02:26:05,-0.17901583015918732,2.1267306804656982
2023-07-21 02:27:05,-0.20185807347297668,2.122437000274658
2023-07-21 02:28:04.954000,-0.2051478624343872,1.909767985343933
2023-07-21 02:29:05.021000,-0.22626015543937683,1.963786005973816
2023-07-21 02:30:04.972000,-0.26658356189727783,2.1305253505706787
2023-07-21 02:31:05.035000,-0.27471110224723816,2.166520118713379
2023-07-21 02:32:04.989000,-0.23955337703227997,2.1585066318511963
2023-07-21 02:33:05.016000,-0.23419919610023499,2.128506660461426
2023-07-21 02:34:05.011000,-0.3255731165409088,2.123063802719116
2023-07-21 02:36:05.039000,-0.28168797492980957,2.1590800285339355
2023-07-21 02:37:05.159000,-0.16095393896102905,2.2039222717285156
2023-07-21 02:38:05.028000,-0.17019443213939667,2.1761295795440674
2023-07-21 02:39:05.074000,-0.17083530128002167,2.111705780029297
2023-07-21 02:40:04.992000,-0.17299143970012665,2.1005749702453613
2023-07-21 02:41:05.043000,-0.18864969909191132,2.0049853324890137
2023-07-21 02:42:05.099000,-0.22307461500167847,2.224578857421875
2023-07-21 02:43:05.047000,-0.19233033061027527,2.17852520942688
2023-07-21 02:44:05.040000,-0.14680597186088562,2.11383056640625
2023-07-21 02:45:05.051000,-0.16912449896335602,2.039687156677246
2023-07-21 02:46:05,-0.169023334980011,2.092419385910034
2023-07-21 02:47:05.051000,-0.31193575263023376,2.155470371246338
2023-07-21 02:48:05.168000,-0.3092896044254303,2.2240607738494873
2023-07-21 02:49:05.107000,-0.2178434282541275,2.2119719982147217
2023-07-21 02:50:04.979000,-0.17251479625701904,2.188107967376709
2023-07-21 02:51:05.429000,-0.18351921439170837,2.187713384628296
2023-07-21 02:52:05.032000,-0.19219012558460236,2.1317336559295654
2023-07-21 02:53:05.082000,-0.21022211015224457,2.1405844688415527
2023-07-21 02:54:05.087000,-0.2013079673051834,2.200603485107422
2023-07-21 02:55:05.078000,-0.19865334033966064,2.173255681991577
2023-07-21 02:56:05.072000,-0.1721615493297577,2.1572940349578857
2023-07-21 02:57:05.071000,-0.15349917113780975,2.1844775676727295
2023-07-21 02:58:04.980000,-0.14866478741168976,2.1944615840911865
2023-07-21 02:59:05.055000,-0.1990364044904709,2.204019069671631
2023-07-21 03:00:05.108000,-0.3341423273086548,2.2217934131622314
2023-07-21 03:01:04.996000,-0.3437061309814453,2.2172369956970215
2023-07-21 03:02:05.079000,-0.24151282012462616,2.199044942855835
2023-07-21 03:03:05.028000,-0.1890939474105835,2.2072839736938477
2023-07-21 03:04:05.015000,-0.1880909651517868,2.181483745574951
2023-07-21 03:05:05.089000,-0.19996489584445953,2.21982741355896
2023-07-21 03:06:05.030000,-0.20500409603118896,2.239340305328369
2023-07-21 03:07:05.007000,-0.20457696914672852,2.226722002029419
2023-07-21 03:08:05.030000,-0.13176758587360382,2.234438419342041
2023-07-21 03:09:05.011000,-0.1556125283241272,2.2709429264068604
2023-07-21 03:10:05.011000,-0.3150801658630371,2.277818202972412
2023-07-21 03:11:04.957000,-0.3133620023727417,2.286677122116089
2023-07-21 03:12:05.015000,-0.20684319734573364,2.280168294906616
2023-07-21 03:13:05.024000,-0.12161029875278473,2.2960290908813477
2023-07-21 03:14:04.960000,-0.15413951873779297,2.2891721725463867
2023-07-21 03:15:05.034000,-0.1718246340751648,2.300511360168457
2023-07-21 03:16:04.953000,-0.19971033930778503,2.294921636581421
2023-07-21 03:17:05.235000,-0.22501276433467865,2.295762538909912
2023-07-21 03:18:05.075000,-0.22514121234416962,2.2883410453796387
2023-07-21 03:19:04.928000,-0.2234172374010086,2.282442092895508
2023-07-21 03:20:05.084000,-0.19785167276859283,2.2764711380004883
2023-07-21 03:21:05.068000,-0.19427940249443054,2.297795057296753
2023-07-21 03:22:04.977000,-0.19349156320095062,2.307464361190796
2023-07-21 03:24:04.995000,-0.28650742769241333,2.2970998287200928
2023-07-21 03:25:04.964000,-0.28341636061668396,2.287860870361328
2023-07-21 03:26:04.997000,-0.08359638601541519,2.2360241413116455
2023-07-21 03:27:05.058000,-0.06552489846944809,2.2807254791259766
2023-07-21 03:28:05.051000,-0.04463373124599457,2.284858465194702
2023-07-21 03:29:04.995000,-0.048901449888944626,2.2653648853302
2023-07-21 03:30:04.972000,-0.08714671432971954,2.259246349334717
2023-07-21 03:32:04.987000,-0.14328928291797638,2.2594094276428223
2023-07-21 03:34:05.132000,-0.15523818135261536,2.3027780055999756
2023-07-21 03:35:05.255000,-0.16923224925994873,2.3072781562805176
2023-07-21 03:36:04.900000,-0.29500871896743774,1.2572431564331055
2023-07-21 03:37:05.041000,-0.3224625289440155,1.5430502891540527
2023-07-21 03:38:04.912000,-0.2500371038913727,1.8116108179092407
2023-07-21 03:39:05.248000,-0.1822933554649353,2.2834033966064453
2023-07-21 03:40:04.944000,-0.18612103164196014,2.3064379692077637
2023-07-21 03:42:04.964000,-0.22766396403312683,2.3057737350463867
2023-07-21 03:44:04.912000,-0.15390914678573608,2.2782180309295654
2023-07-21 03:45:05.034000,-0.1540379822254181,2.286794900894165
2023-07-21 03:46:05.023000,-0.1527380347251892,2.297213554382324
2023-07-21 03:47:04.928000,-0.14324985444545746,2.287245273590088
2023-07-21 03:48:04.999000,-0.23179544508457184,2.286038875579834
2023-07-21 03:49:04.908000,-0.36672478914260864,2.231283187866211
2023-07-21 03:50:04.960000,-0.3699316680431366,2.2131457328796387
2023-07-21 03:51:04.979000,-0.24855968356132507,2.2912285327911377
2023-07-21 03:52:04.880000,-0.2032967358827591,2.2826714515686035
2023-07-21 03:53:05.022000,-0.1997510939836502,2.2530665397644043
2023-07-21 03:54:05.427000,-0.1845935434103012,2.2564914226531982
2023-07-21 03:55:05.298000,-0.183858722448349,2.0085833072662354
2023-07-21 03:57:05.316000,-0.2098526507616043,2.287745237350464
2023-07-21 03:58:05.357000,-0.22456522285938263,2.331941843032837
2023-07-21 03:59:05.098000,-0.38741499185562134,2.306133508682251
2023-07-21 04:00:05.298000,-0.3594307005405426,2.333306312561035
2023-07-21 04:01:05.363000,-0.28071174025535583,2.3508458137512207
2023-07-21 04:02:04.980000,-0.18895946443080902,2.3745265007019043
2023-07-21 04:03:04.990000,-0.23359128832817078,2.3585920333862305
2023-07-21 04:04:04.955000,-0.22555820643901825,2.318850040435791
2023-07-21 04:05:04.948000,-0.23734977841377258,2.3217756748199463
2023-07-21 04:06:04.956000,-0.21681971848011017,2.402005672454834
2023-07-21 04:07:04.881000,-0.14803428947925568,2.4453835487365723
2023-07-21 04:08:04.955000,-0.12592072784900665,2.474968433380127
2023-07-21 04:09:04.907000,-0.1256856471300125,2.400580883026123
2023-07-21 04:10:04.905000,-0.1299934685230255,2.421664237976074
2023-07-21 04:11:05.048000,-0.13813523948192596,2.4139888286590576
2023-07-21 04:12:05.108000,-0.2859770953655243,2.4297232627868652
2023-07-21 04:13:04.904000,-0.35742390155792236,2.410578727722168
2023-07-21 04:14:05.023000,-0.35447779297828674,2.412306547164917
2023-07-21 04:15:04.933000,-0.29775503277778625,2.456273078918457
2023-07-21 04:16:04.868000,-0.20989172160625458,2.4823644161224365
2023-07-21 04:17:04.897000,-0.14354893565177917,2.51033091545105
2023-07-21 04:18:04.888000,-0.14633531868457794,2.467334270477295
2023-07-21 04:19:04.954000,-0.15487371385097504,2.4135921001434326
2023-07-21 04:20:04.880000,-0.14942246675491333,2.515143871307373
2023-07-21 04:21:04.904000,-0.16859778761863708,2.657172679901123
2023-07-21 04:22:04.860000,-0.16905082762241364,2.391594409942627
2023-07-21 04:23:04.920000,-0.1856500506401062,2.145366668701172
2023-07-21 04:24:04.889000,-0.16312560439109802,2.1539359092712402
2023-07-21 04:25:05.055000,-0.24529685080051422,2.270787239074707
2023-07-21 04:26:05.337000,-0.3576710522174835,2.3766300678253174
2023-07-21 04:27:04.860000,-0.33191511034965515,2.367475986480713
2023-07-21 04:28:04.841000,-0.17760378122329712,2.208878993988037
2023-07-21 04:29:04.931000,-0.19261857867240906,1.8090764284133911
2023-07-21 04:30:04.836000,-0.1925232708454132,1.9986727237701416
2023-07-21 04:31:04.872000,-0.1857733428478241,1.9038327932357788
2023-07-21 04:32:04.920000,-0.12187423557043076,1.7513468265533447
2023-07-21 04:33:04.840000,-0.10649315267801285,1.829371452331543
2023-07-21 04:34:04.880000,-0.09778081625699997,1.6466606855392456
2023-07-21 04:35:04.986000,-0.0981019139289856,1.6980658769607544
2023-07-21 04:36:04.995000,-0.0998108983039856,1.7352548837661743
2023-07-21 04:37:04.987000,-0.135158970952034,1.6751619577407837
2023-07-21 04:38:04.918000,-0.2761751115322113,1.7433658838272095
2023-07-21 04:39:04.924000,-0.37433287501335144,1.6903806924819946
2023-07-21 04:40:04.842000,-0.3852224349975586,1.7519216537475586
2023-07-21 04:41:04.899000,-0.16586685180664062,1.9637935161590576
2023-07-21 04:42:04.900000,-0.1680954396724701,1.898483395576477
2023-07-21 04:43:04.902000,-0.17471595108509064,1.8848183155059814
2023-07-21 04:46:04.943000,-0.17430679500102997,2.0219943523406982
2023-07-21 04:47:04.828000,-0.20677195489406586,2.0927295684814453
2023-07-21 04:48:04.891000,-0.22363439202308655,2.03415846824646
2023-07-21 04:49:04.969000,-0.3787204623222351,2.013193368911743
2023-07-21 04:50:04.930000,-0.3638404309749603,1.8312416076660156
2023-07-21 04:51:04.832000,-0.2209843397140503,1.9490607976913452
2023-07-21 04:52:04.799000,-0.196730837225914,2.0323727130889893
2023-07-21 04:53:04.954000,-0.2115711122751236,2.1939382553100586
2023-07-21 04:54:04.961000,-0.22741824388504028,2.1111180782318115
2023-07-21 04:55:04.845000,-0.22992873191833496,2.0502617359161377
2023-07-21 04:56:04.917000,-0.21413573622703552,2.208563804626465
2023-07-21 04:57:04.860000,-0.15826110541820526,2.2737555503845215
2023-07-21 04:58:04.907000,-0.14028151333332062,1.9375789165496826
2023-07-21 04:59:04.860000,-0.14954011142253876,1.8101768493652344
2023-07-21 05:00:04.897000,-0.14383569359779358,1.6968759298324585
2023-07-21 05:01:04.907000,-0.24342656135559082,1.5105552673339844
2023-07-21 05:02:04.901000,-0.38782140612602234,1.7741715908050537
2023-07-21 05:03:04.948000,-0.36950820684432983,1.575575828552246
2023-07-21 05:04:04.907000,-0.32372382283210754,1.58558189868927
2023-07-21 05:07:04.877000,-0.21070732176303864,2.061389207839966
2023-07-21 05:08:04.910000,-0.17314547300338745,2.233593225479126
2023-07-21 05:09:04.829000,-0.19269663095474243,2.3067588806152344
2023-07-21 05:10:04.844000,-0.1728956699371338,2.3332672119140625
2023-07-21 05:11:04.904000,-0.15542380511760712,2.01275897026062
2023-07-21 05:12:04.846000,-0.12570498883724213,2.0843043327331543
2023-07-21 05:13:04.894000,-0.12336701899766922,1.8318580389022827
2023-07-21 05:14:05.435000,-0.138627827167511,1.675653100013733
2023-07-21 05:15:04.951000,-0.3236246109008789,1.8003345727920532
2023-07-21 05:16:04.896000,-0.3293662965297699,1.8498643636703491
2023-07-21 05:17:05.072000,-0.24519602954387665,1.7787622213363647
2023-07-21 05:18:04.804000,-0.19887441396713257,2.354567050933838
2023-07-21 05:19:04.896000,-0.21024157106876373,2.3555610179901123
2023-07-21 05:20:04.922000,-0.1936715692281723,1.9828805923461914
2023-07-21 05:21:04.873000,-0.19926346838474274,2.195127010345459
2023-07-21 05:22:04.902000,-0.20194308459758759,2.182323932647705
2023-07-21 05:23:04.824000,-0.1974569708108902,2.294807195663452
2023-07-21 05:24:04.947000,-0.1987147331237793,2.1314127445220947
2023-07-21 05:25:04.846000,-0.2156519591808319,2.362426280975342
2023-07-21 05:26:04.836000,-0.22335682809352875,2.398275375366211
2023-07-21 05:27:04.865000,-0.34865468740463257,2.6464908123016357
2023-07-21 05:28:04.802000,-0.3989032506942749,2.2158336639404297
2023-07-21 05:29:04.859000,-0.3904258906841278,1.988910436630249
2023-07-21 05:30:05.016000,-0.16523809731006622,1.9782061576843262
2023-07-21 05:31:04.983000,-0.150910422205925,1.8605338335037231
2023-07-21 05:32:04.819000,-0.15324504673480988,1.7479816675186157
2023-07-21 05:33:04.873000,-0.1717119812965393,1.669642448425293
2023-07-21 05:34:04.918000,-0.16388072073459625,1.6434513330459595
2023-07-21 05:35:04.822000,-0.1606140285730362,1.7693440914154053
2023-07-21 05:36:04.860000,-0.1029638797044754,2.293572187423706
2023-07-21 05:38:04.855000,-0.3049606680870056,2.4713196754455566
2023-07-21 05:39:04.769000,-0.30761876702308655,2.4105515480041504
2023-07-21 05:40:04.947000,-0.14000578224658966,2.371856927871704
2023-07-21 05:41:04.797000,-0.0862332358956337,2.373408794403076
2023-07-21 05:42:04.865000,-0.08607655018568039,2.287045955657959
2023-07-21 05:43:04.767000,-0.09469228237867355,1.9482693672180176
2023-07-21 05:44:05.325000,-0.13297145068645477,1.7229173183441162
2023-07-21 05:45:04.902000,-0.1553812026977539,1.3585445880889893
2023-07-21 05:46:04.831000,-0.17166303098201752,1.4161441326141357
2023-07-21 05:47:04.890000,-0.19323217868804932,1.2545148134231567
2023-07-21 05:48:04.812000,-0.219851553440094,1.2830888032913208
2023-07-21 05:49:04.952000,-0.2530040442943573,1.3768539428710938
2023-07-21 05:50:04.809000,-0.22461232542991638,1.4318028688430786
2023-07-21 05:51:04.887000,-0.406853586435318,1.4311474561691284
2023-07-21 05:53:04.801000,-0.36072832345962524,1.3816893100738525
2023-07-21 05:54:04.871000,-0.1851656585931778,1.5047564506530762
2023-07-21 05:55:04.796000,-0.18652431666851044,1.7187551259994507
2023-07-21 05:56:04.873000,-0.19443950057029724,1.534088373184204
2023-07-21 05:57:04.773000,-0.20668691396713257,1.3480224609375
2023-07-21 05:58:04.904000,-0.2050769180059433,1.269753336906433
2023-07-21 05:59:04.755000,-0.21181920170783997,1.2111570835113525
2023-07-21 06:00:04.778000,-0.20409747958183289,1.2129384279251099
2023-07-21 06:01:04.820000,-0.2706356644630432,1.2250503301620483
2023-07-21 06:02:04.771000,-0.28027376532554626,1.2506194114685059
2023-07-21 06:03:04.765000,-0.28571459650993347,1.2620726823806763
2023-07-21 06:04:04.753000,-0.3882565200328827,1.2553424835205078
2023-07-21 06:05:04.869000,-0.37203940749168396,1.276346206665039
2023-07-21 06:06:04.870000,-0.28550103306770325,1.402099847793579
2023-07-21 06:07:04.878000,-0.190193772315979,1.347416639328003
2023-07-21 06:08:04.770000,-0.17129503190517426,1.3096338510513306
2023-07-21 06:09:04.874000,-0.17286460101604462,1.2257074117660522
2023-07-21 06:10:04.855000,-0.18834973871707916,1.1617872714996338
2023-07-21 06:11:04.830000,-0.20300355553627014,1.1798008680343628
2023-07-21 06:12:04.828000,-0.21916663646697998,1.212820291519165
2023-07-21 06:13:04.789000,-0.24002240598201752,1.208263635635376
2023-07-21 06:14:05.367000,-0.21755842864513397,1.1935547590255737
2023-07-21 06:15:04.751000,-0.19227536022663116,1.1867475509643555
2023-07-21 06:16:04.786000,-0.25584593415260315,1.1709920167922974
2023-07-21 06:17:04.791000,-0.3318275809288025,1.1560795307159424
2023-07-21 06:18:04.804000,-0.3435462713241577,1.1663609743118286
2023-07-21 06:19:04.798000,-0.20054124295711517,1.1985456943511963
2023-07-21 06:20:04.854000,-0.20072606205940247,1.2273439168930054
2023-07-21 06:22:04.854000,-0.15585528314113617,1.2121665477752686
2023-07-21 06:23:04.729000,-0.15133394300937653,1.1993613243103027
2023-07-21 06:25:04.732000,-0.13835409283638,1.2330102920532227
2023-07-21 06:26:04.879000,-0.14308466017246246,1.2293130159378052
2023-07-21 06:27:04.810000,-0.35078394412994385,1.2057589292526245
2023-07-21 06:28:04.839000,-0.35098427534103394,1.155733346939087
2023-07-21 06:29:04.866000,-0.3151738941669464,1.1127111911773682
2023-07-21 06:30:04.830000,-0.24078954756259918,1.0889610052108765
2023-07-21 06:31:04.790000,-0.16524595022201538,1.074190616607666
2023-07-21 06:32:04.778000,-0.13910233974456787,1.0663151741027832
2023-07-21 06:33:04.736000,-0.13807667791843414,1.0585057735443115
2023-07-21 06:34:04.772000,-0.13734014332294464,1.0590672492980957
2023-07-21 06:35:04.730000,-0.13656528294086456,1.0764728784561157
2023-07-21 06:36:04.701000,-0.14391537010669708,1.098202109336853
2023-07-21 06:37:04.895000,-0.18023334443569183,1.1700350046157837
2023-07-21 06:38:04.716000,-0.18339544534683228,1.3118993043899536
2023-07-21 06:39:05.111000,-0.2105516940355301,1.4617986679077148
2023-07-21 06:40:04.868000,-0.3812274932861328,1.551918864250183
2023-07-21 06:41:04.764000,-0.3655793070793152,1.5311880111694336
2023-07-21 06:42:05.041000,-0.3529343008995056,1.3916826248168945
2023-07-21 06:43:04.766000,-0.20363157987594604,1.2342427968978882
2023-07-21 06:44:04.854000,-0.19883793592453003,1.0693798065185547
2023-07-21 06:45:04.760000,-0.15985997021198273,0.9810037612915039
2023-07-21 06:46:04.760000,-0.13209114968776703,0.9519848227500916
2023-07-21 06:47:04.756000,-0.12583144009113312,0.9601309299468994
2023-07-21 06:48:04.790000,-0.1073567122220993,0.9831686019897461
2023-07-21 06:50:05.242000,-0.13492293655872345,0.9799939393997192
2023-07-21 06:51:04.736000,-0.139840766787529,0.954155445098877
2023-07-21 06:52:04.816000,-0.16395582258701324,0.9469496607780457
2023-07-21 06:53:05.146000,-0.30447202920913696,0.914461076259613
2023-07-21 06:54:05.175000,-0.3767116069793701,0.8845928311347961
2023-07-21 06:55:04.737000,-0.3138352334499359,0.8883005976676941
2023-07-21 06:57:04.930000,-0.1615074872970581,0.916527509689331
2023-07-21 06:59:04.689000,-0.16826072335243225,0.8641950488090515
2023-07-21 07:00:04.810000,-0.1877027004957199,0.7794452905654907
2023-07-21 07:01:04.832000,-0.2374889850616455,0.7115353345870972
2023-07-21 07:02:04.714000,-0.1962488442659378,0.6657775044441223
2023-07-21 07:03:04.687000,-0.15191110968589783,0.6320320963859558
2023-07-21 07:04:04.712000,-0.13754980266094208,0.6043153405189514
2023-07-21 07:05:04.698000,-0.19523611664772034,0.5907654762268066
2023-07-21 07:06:04.701000,-0.30666059255599976,0.5949997901916504
2023-07-21 07:07:04.711000,-0.31862330436706543,0.6037750244140625
2023-07-21 07:08:04.819000,-0.21664290130138397,0.6097692251205444
2023-07-21 07:09:04.696000,-0.1895257532596588,0.608424186706543
2023-07-21 07:10:04.753000,-0.17819744348526,0.6001906991004944
2023-07-21 07:11:04.814000,-0.1835060864686966,0.5902818441390991
2023-07-21 07:12:04.827000,-0.17066146433353424,0.5787830948829651
2023-07-21 07:13:04.688000,-0.1708989292383194,0.5714582204818726
2023-07-21 07:14:04.667000,-0.18132296204566956,0.5652141571044922
2023-07-21 07:15:04.809000,-0.182322695851326,0.558701753616333
2023-07-21 07:16:04.855000,-0.357103168964386,0.5524100661277771
2023-07-21 07:17:04.809000,-0.36774158477783203,0.5446066856384277
2023-07-21 07:18:04.834000,-0.2840154469013214,0.5371621251106262
2023-07-21 07:19:04.752000,-0.21392790973186493,0.5329713821411133
2023-07-21 07:20:04.724000,-0.21375969052314758,0.531195342540741
2023-07-21 07:21:04.682000,-0.21937699615955353,0.534269392490387
2023-07-21 07:22:04.670000,-0.2266194224357605,0.5367043614387512
2023-07-21 07:25:04.810000,-0.2443203181028366,0.5391595363616943
2023-07-21 07:26:05.290000,-0.2434290051460266,0.5397654175758362
2023-07-21 07:28:04.810000,-0.22005301713943481,0.5524460077285767
2023-07-21 07:30:04.755000,-0.3693705201148987,0.5546512007713318
2023-07-21 07:32:04.734000,-0.22595152258872986,0.5640541911125183
2023-07-21 07:33:04.648000,-0.2148209810256958,0.5500011444091797
2023-07-21 07:34:04.724000,-0.16094648838043213,0.5331541299819946
2023-07-21 07:35:04.713000,-0.15237635374069214,0.528151273727417
2023-07-21 07:37:04.656000,-0.09648996591567993,0.5267360210418701
2023-07-21 07:40:04.693000,-0.15419085323810577,0.4689369797706604
2023-07-21 07:41:04.666000,-0.18995478749275208,0.45107316970825195
2023-07-21 07:42:04.713000,-0.3675870895385742,0.43707871437072754
2023-07-21 07:43:04.747000,-0.3044082522392273,0.43191778659820557
2023-07-21 07:44:04.686000,-0.18045474588871002,0.43033361434936523
2023-07-21 07:45:04.664000,-0.10921276360750198,0.429538369178772
2023-07-21 07:46:04.810000,-0.10915341973304749,0.42903128266334534
2023-07-21 07:47:04.730000,-0.10847476869821548,0.4300766885280609
2023-07-21 07:48:04.802000,-0.11911123245954514,0.433510959148407
2023-07-21 07:49:04.696000,-0.13820019364356995,0.43637439608573914
2023-07-21 07:51:04.666000,-0.16844606399536133,0.4429546296596527
2023-07-21 07:53:04.627000,-0.18537375330924988,0.45012760162353516
2023-07-21 07:56:04.759000,-0.3179783225059509,0.4299520254135132
2023-07-21 07:57:04.685000,-0.1872791200876236,0.41783881187438965
2023-07-21 07:58:04.676000,-0.18574689328670502,0.40023720264434814
2023-07-21 08:00:04.644000,-0.08945144712924957,0.3628067076206207
2023-07-21 08:01:04.615000,-0.08890873193740845,0.3485652208328247
2023-07-21 08:02:04.668000,-0.08731886744499207,0.3380047678947449
2023-07-21 08:03:04.642000,-0.08746486902236938,0.3375670909881592
2023-07-21 08:04:04.638000,-0.14476974308490753,0.34139758348464966
2023-07-21 08:07:04.709000,-0.1796536147594452,0.37896236777305603
2023-07-21 08:08:04.660000,-0.17002277076244354,0.38900861144065857
2023-07-21 08:09:04.644000,-0.18942919373512268,0.39384305477142334
2023-07-21 08:10:04.681000,-0.15303003787994385,0.395429790019989
2023-07-21 08:11:04.779000,-0.09730663150548935,0.3959443271160126
2023-07-21 08:12:04.735000,-0.10918066650629044,0.3969453275203705
2023-07-21 08:13:04.687000,-0.11077973246574402,0.39482414722442627
2023-07-21 08:14:04.664000,-0.0702405497431755,0.3952830731868744
2023-07-21 08:16:04.622000,-0.048865918070077896,0.4124082624912262
2023-07-21 08:17:04.622000,-0.12611491978168488,0.42879557609558105
2023-07-21 08:18:04.680000,-0.265137642621994,0.450214684009552
2023-07-21 08:19:04.756000,-0.2818898856639862,0.4696844220161438
2023-07-21 08:20:04.657000,-0.2512653172016144,0.48893821239471436
2023-07-21 08:21:04.650000,-0.20756880939006805,0.49978503584861755
2023-07-21 08:22:04.679000,-0.22926954925060272,0.5027466416358948
2023-07-21 08:23:04.609000,-0.2239411324262619,0.4976590573787689
2023-07-21 08:25:04.610000,-0.2238909900188446,0.4695701599121094
2023-07-21 08:26:04.599000,-0.2259930968284607,0.4548233151435852
2023-07-21 08:27:04.625000,-0.2019086629152298,0.44214898347854614
2023-07-21 08:28:04.610000,-0.21346420049667358,0.43503260612487793
2023-07-21 08:29:04.708000,-0.24775679409503937,0.4307214319705963
2023-07-21 08:30:04.626000,-0.2646014094352722,0.42693644762039185
2023-07-21 08:31:04.602000,-0.42824631929397583,0.42432093620300293
2023-07-21 08:32:04.678000,-0.32289695739746094,0.425712913274765
2023-07-21 08:33:04.668000,-0.1884390264749527,0.4302457273006439
2023-07-21 08:35:04.708000,-0.13088974356651306,0.4132281243801117
2023-07-21 08:37:04.661000,-0.15833283960819244,0.37555256485939026
2023-07-21 08:41:04.769000,-0.2001650184392929,0.3523310720920563
2023-07-21 08:42:05.141000,-0.16384002566337585,0.3647918701171875
2023-07-21 08:44:04.580000,-0.37222713232040405,0.39134448766708374
2023-07-21 08:45:04.616000,-0.3399394452571869,0.3716644048690796
2023-07-21 08:46:04.986000,-0.20541980862617493,0.3578677773475647
2023-07-21 08:47:05.110000,-0.18629755079746246,0.3498886823654175
2023-07-21 08:48:04.565000,-0.19039854407310486,0.34469038248062134
2023-07-21 08:49:05.371000,-0.1932242214679718,0.35231736302375793
2023-07-21 08:50:04.696000,-0.21179930865764618,0.3748200833797455
2023-07-21 08:51:04.618000,-0.20934177935123444,0.3696909248828888
2023-07-21 08:52:04.659000,-0.19918499886989594,0.36669090390205383
2023-07-21 08:54:04.598000,-0.35339391231536865,0.368447870016098
2023-07-21 08:55:04.701000,-0.32356736063957214,0.366205096244812
2023-07-21 08:57:05.164000,-0.15869590640068054,0.357595831155777
2023-07-21 08:58:04.699000,-0.1647634506225586,0.348590224981308
2023-07-21 08:59:04.602000,-0.1781376600265503,0.3347020745277405
2023-07-21 09:02:04.568000,-0.2279605269432068,0.28219208121299744
2023-07-21 09:04:04.613000,-0.2299947887659073,0.2965186834335327
2023-07-21 09:05:04.681000,-0.22968460619449615,0.31048741936683655
2023-07-21 09:06:05.145000,-0.24181179702281952,0.32743707299232483
2023-07-21 09:07:04.577000,-0.33051925897598267,0.34457504749298096
2023-07-21 09:08:04.570000,-0.33148208260536194,0.3508297801017761
2023-07-21 09:09:04.645000,-0.26582807302474976,0.3452568054199219
2023-07-21 09:10:04.696000,-0.1727263331413269,0.3373934030532837
2023-07-21 09:13:04.561000,-0.18095789849758148,0.29929566383361816
2023-07-21 09:14:04.953000,-0.21438905596733093,0.2893245220184326
2023-07-21 09:15:04.598000,-0.2214702069759369,0.28285181522369385
2023-07-21 09:16:04.578000,-0.23684366047382355,0.2742138206958771
2023-07-21 09:17:04.593000,-0.23513297736644745,0.2667527198791504
2023-07-21 09:18:04.617000,-0.22845354676246643,0.25694671273231506
2023-07-21 09:19:04.595000,-0.2696593105792999,0.2520070970058441
2023-07-21 09:20:04.619000,-0.3869355618953705,0.24689020216464996
2023-07-21 09:21:04.579000,-0.36796602606773376,0.24580766260623932
2023-07-21 09:22:04.570000,-0.15379585325717926,0.2485891431570053
2023-07-21 09:23:04.686000,-0.05210816487669945,0.2574358284473419
2023-07-21 09:24:04.589000,-0.05350795015692711,0.2718345522880554
2023-07-21 09:25:04.603000,-0.061633817851543427,0.29431915283203125
2023-07-21 09:26:04.583000,-0.0616159662604332,0.3127313256263733
2023-07-21 09:27:04.680000,-0.04725790023803711,0.32869040966033936
2023-07-21 09:28:04.571000,-0.037621382623910904,0.33593928813934326
2023-07-21 09:29:04.616000,-0.075442835688591,0.3343795835971832
2023-07-21 09:30:04.601000,-0.15351393818855286,0.329118013381958
2023-07-21 09:31:04.574000,-0.2599921226501465,0.3191334009170532
2023-07-21 09:32:04.539000,-0.4633294939994812,0.2945701479911804
2023-07-21 09:33:04.681000,-0.34851497411727905,0.2916046380996704
2023-07-21 09:34:04.559000,-0.2792213559150696,0.28060245513916016
2023-07-21 09:35:04.725000,-0.16093122959136963,0.2644559144973755
2023-07-21 09:36:04.659000,-0.14199504256248474,0.24714058637619019
2023-07-21 09:37:04.579000,-0.12402591854333878,0.23507064580917358
2023-07-21 09:38:04.670000,-0.12643922865390778,0.22734685242176056
2023-07-21 09:39:04.609000,-0.1576368361711502,0.2178030163049698
2023-07-21 09:40:04.770000,-0.187739297747612,0.20492765307426453
2023-07-21 09:41:04.543000,-0.23078784346580505,0.19596466422080994
2023-07-21 09:42:04.706000,-0.38124585151672363,0.19082660973072052
2023-07-21 09:43:04.587000,-0.39530429244041443,0.18307174742221832
2023-07-21 09:44:04.516000,-0.3118283450603485,0.1760486215353012
2023-07-21 09:45:04.540000,-0.23019257187843323,0.1707533448934555
2023-07-21 09:46:04.524000,-0.22442889213562012,0.1653166264295578
2023-07-21 09:47:04.552000,-0.21412180364131927,0.15906471014022827
2023-07-21 09:48:04.571000,-0.22510568797588348,0.15164360404014587
2023-07-21 09:49:04.635000,-0.22098450362682343,0.14122025668621063
2023-07-21 09:51:04.541000,-0.19226501882076263,0.12082063406705856
2023-07-21 09:52:04.534000,-0.1918528825044632,0.11315687745809555
2023-07-21 09:53:04.523000,-0.21705995500087738,0.10827352106571198
2023-07-21 09:54:04.667000,-0.22423268854618073,0.10518450289964676
2023-07-21 09:55:04.658000,-0.33399835228919983,0.10290059447288513
2023-07-21 09:56:04.602000,-0.3227981626987457,0.10111502557992935
2023-07-21 09:57:04.540000,-0.320762038230896,0.09726881235837936
2023-07-21 09:58:04.530000,-0.17943665385246277,0.09209369868040085
2023-07-21 09:59:04.617000,-0.15085873007774353,0.08405820280313492
2023-07-21 10:00:04.662000,-0.14850592613220215,0.04237030819058418
2023-07-21 10:01:05.012000,-0.1549210399389267,0.031227540224790573
2023-07-21 10:02:04.900000,-0.18046173453330994,0.028925178572535515
2023-07-21 10:03:04.597000,-0.21011343598365784,0.02686670795083046
2023-07-21 10:04:04.618000,-0.24846836924552917,0.025331292301416397
2023-07-21 10:05:04.531000,-0.17336493730545044,0.024107035249471664
2023-07-21 10:08:04.930000,-0.2911112606525421,0.021058261394500732
2023-07-21 10:09:04.558000,-0.31249961256980896,0.01995377242565155
2023-07-21 10:10:04.582000,-0.22832733392715454,0.018449604511260986
2023-07-21 10:11:04.609000,-0.15571105480194092,0.01694868691265583
2023-07-21 10:12:04.572000,-0.17819353938102722,0.015118266455829144
2023-07-21 10:13:04.523000,-0.19574621319770813,0.01330853346735239
2023-07-21 10:14:04.674000,-0.2057063728570938,0.011484299786388874
2023-07-21 10:15:04.511000,-0.16275523602962494,0.009945795871317387
2023-07-21 10:17:04.521000,-0.13936731219291687,0.006838441826403141
2023-07-21 10:18:05.038000,-0.13862180709838867,0.005146744195371866
2023-07-21 10:19:04.512000,-0.1439952403306961,0.003716861130669713
2023-07-21 10:20:04.508000,-0.22301220893859863,0.0024603954516351223
2023-07-21 10:21:04.947000,-0.37538281083106995,0.0013103181263431907
2023-07-21 10:25:04.503000,-0.10786126554012299,-0.0028520000632852316
2023-07-21 10:26:05.062000,-0.10667688399553299,-0.0037166087422519922
2023-07-21 10:27:04.564000,-0.10664183646440506,-0.004621114116162062
2023-07-21 10:28:04.601000,-0.12537908554077148,-0.005352408159524202
2023-07-21 10:29:04.572000,-0.13083679974079132,-0.005576391238719225
2023-07-21 10:30:04.483000,-0.13944043219089508,-0.004658133257180452
2023-07-21 10:31:04.532000,-0.3022807836532593,-0.0018581395270302892
2023-07-21 10:32:04.634000,-0.2925385534763336,-0.0018328408477827907
2023-07-21 10:33:04.483000,-0.21978884935379028,-0.0019543261732906103
2023-07-21 10:34:04.577000,-0.1460476666688919,-0.0018257368355989456
2023-07-21 10:35:04.543000,-0.14692294597625732,-0.0017848055576905608
2023-07-21 10:36:04.545000,-0.1649547666311264,-0.0017850690055638552
2023-07-21 10:37:04.480000,-0.16467949748039246,-0.001843511126935482
2023-07-21 10:38:04.531000,-0.1326589584350586,-0.0018840249394997954
2023-07-21 10:39:04.558000,-0.10958679765462875,-0.0018978139851242304
2023-07-21 10:40:04.593000,-0.1174841821193695,-0.0019079999765381217
2023-07-21 10:41:04.669000,-0.13601234555244446,-0.0018189772963523865
2023-07-21 10:42:04.498000,-0.13971580564975739,-0.0018074564868584275
2023-07-21 10:43:04.645000,-0.13905863463878632,-0.0018759999657049775
2023-07-21 10:44:04.478000,-0.2728663682937622,-0.0018985476344823837
2023-07-21 10:45:04.600000,-0.30979543924331665,-0.001854600035585463
2023-07-21 10:46:04.562000,-0.32002049684524536,-0.0019233901984989643
2023-07-21 10:47:04.497000,-0.14824458956718445,-0.0018921521259471774
2023-07-21 10:48:04.553000,-0.14969664812088013,-0.0018612564308568835
2023-07-21 10:49:04.482000,-0.15418754518032074,-0.001884911092929542
2023-07-21 10:50:04.553000,-0.1716238558292389,-0.0018515713745728135
2023-07-21 10:51:04.509000,-0.16953127086162567,-0.0018823110731318593
2023-07-21 10:52:04.470000,-0.2138424962759018,-0.001871794811449945
2023-07-21 10:53:04.586000,-0.20447829365730286,-0.0018231276189908385
2023-07-21 10:54:04.478000,-0.147609680891037,-0.0019309555646032095
2023-07-21 10:55:04.487000,-0.12943536043167114,-0.0018686956027522683
2023-07-21 10:56:04.474000,-0.12444689869880676,-0.0018891817890107632
2023-07-21 10:57:04.467000,-0.2924664616584778,-0.0018266249680891633
2023-07-21 10:58:04.613000,-0.2862333357334137,-0.0019935239106416702
2023-07-21 10:59:04.585000,-0.1848040223121643,-0.0018805454019457102
2023-07-21 11:00:04.642000,-0.1613313853740692,-0.0017358679324388504
2023-07-21 11:01:04.483000,-0.1575377881526947,-0.0018206923268735409
2023-07-21 11:02:04.507000,-0.1757650375366211,-0.0019786739721894264
2023-07-21 11:03:04.498000,-0.1571037620306015,-0.0016962999943643808
2023-07-21 11:04:04.458000,-0.15284866094589233,-0.002094531897455454
2023-07-21 11:05:04.633000,-0.15080204606056213,-0.0017269749660044909
2023-07-21 11:06:04.486000,-0.14945125579833984,-0.0014199302531778812
2023-07-21 11:07:04.554000,-0.15316103398799896,-0.001558263087645173
2023-07-21 11:08:04.582000,-0.1738964319229126,-0.0019236363004893064
2023-07-21 11:09:04.527000,-0.31317177414894104,-0.0015943249454721808
2023-07-21 11:10:04.507000,-0.3737017512321472,-0.0022821305319666862
2023-07-21 11:11:04.511000,-0.34266313910484314,-0.0016928084660321474
2023-07-21 11:12:04.570000,-0.15950709581375122,-0.002012309618294239
2023-07-21 11:13:04.613000,-0.10115540027618408,-0.0017897110665217042
2023-07-21 11:14:04.456000,-0.1033501848578453,-0.0017124705482274294
2023-07-21 11:15:04.449000,-0.1042584478855133,-0.0019178499933332205
2023-07-21 11:16:04.451000,-0.12094936519861221,-0.0018632765859365463
2023-07-21 11:17:04.487000,-0.12282942980527878,-0.0018828627653419971
2023-07-21 11:18:04.444000,-0.12201693654060364,-0.0018024749588221312
2023-07-21 11:19:04.586000,-0.17302602529525757,-0.0019342381274327636
2023-07-21 11:20:04.548000,-0.31153714656829834,-0.0018311956664547324
2023-07-21 11:22:04.479000,-0.19243720173835754,-0.0018401499837636948
2023-07-21 11:23:04.478000,-0.15988796949386597,-0.0018278936622664332
2023-07-21 11:24:04.533000,-0.18084192276000977,-0.0018561999313533306
2023-07-21 11:25:04.756000,-0.18405228853225708,-0.0019329999340698123
2023-07-21 11:26:04.439000,-0.18507130444049835,-0.00183602434117347
2023-07-21 11:27:04.471000,-0.16505582630634308,-0.0017901795217767358
2023-07-21 11:29:04.564000,-0.17879921197891235,-0.0018483513267710805
2023-07-21 11:30:04.554000,-0.18617691099643707,-0.0018778367666527629
2023-07-21 11:31:04.533000,-0.1841999888420105,-0.0018073255196213722
2023-07-21 11:32:04.939000,-0.2328731268644333,-0.0019117435440421104
2023-07-21 11:33:04.614000,-0.30857720971107483,-0.0018707142444327474
2023-07-21 11:34:04.446000,-0.29859504103660583,-0.0019229999743402004
2023-07-21 11:35:04.518000,-0.2355004847049713,-0.0019138837233185768
2023-07-21 11:36:04.560000,-0.09806083142757416,-0.001918611116707325
2023-07-21 11:37:04.540000,-0.10013918578624725,-0.0019430888351053
2023-07-21 11:38:04.484000,-0.09930253028869629,-0.001949261873960495
2023-07-21 11:40:04.452000,-0.17971983551979065,-0.0018152222037315369
2023-07-21 11:41:04.408000,-0.2114875614643097,-0.0017781333299353719
2023-07-21 11:42:04.460000,-0.1606145203113556,-0.0018673095619305968
2023-07-21 11:43:04.572000,-0.11024713516235352,-0.0018080000299960375
2023-07-21 11:44:04.438000,-0.1090705469250679,-0.0018652500584721565
2023-07-21 11:45:04.582000,-0.10850486904382706,-0.0018587857484817505
2023-07-21 11:46:04.505000,-0.2906765937805176,-0.0018417555838823318
2023-07-21 11:47:04.511000,-0.27037352323532104,-0.0019125957041978836
2023-07-21 11:48:04.454000,-0.1775069683790207,-0.0018846278544515371
2023-07-21 11:49:04.587000,-0.15606603026390076,-0.0018864000448957086
2023-07-21 11:50:04.963000,-0.1549919694662094,-0.0018730731680989265
2023-07-21 11:51:04.573000,-0.14584967494010925,-0.001934790750965476
2023-07-21 11:53:04.516000,-0.1422562599182129,-0.0018309697043150663
2023-07-21 11:54:04.542000,-0.14049032330513,-0.001968723488971591
2023-07-21 11:55:04.605000,-0.13951611518859863,-0.0018868292681872845
2023-07-21 11:56:04.433000,-0.16081474721431732,-0.0019583720713853836
2023-07-21 11:57:04.555000,-0.16169026494026184,-0.0018145217327401042
2023-07-21 11:58:04.483000,-0.2951347827911377,-0.001799750025384128
2023-07-21 11:59:04.518000,-0.34502267837524414,-0.0018485262989997864
2023-07-21 12:00:04.547000,-0.3471289873123169,-0.0018175238510593772
2023-07-21 12:01:04.452000,-0.14492779970169067,-0.0019228485180065036
2023-07-21 12:02:04.686000,-0.10804016888141632,-0.0018295333720743656
2023-07-21 12:03:04.498000,-0.10724534839391708,-0.001897296286188066
2023-07-21 12:05:04.426000,-0.1309155374765396,-0.0019021282205358148
2023-07-21 12:06:04.429000,-0.13163802027702332,-0.0019081723876297474
2023-07-21 12:07:04.480000,-0.11068958044052124,-0.001896025612950325
2023-07-21 12:08:04.497000,-0.18069438636302948,-0.0019385714549571276
2023-07-21 12:09:04.423000,-0.31280067563056946,-0.0019092790316790342
2023-07-21 12:11:04.528000,-0.1750299483537674,-0.0018984883790835738
2023-07-21 12:12:04.511000,-0.16904866695404053,-0.001958749955520034
2023-07-21 12:13:04.496000,-0.17085355520248413,-0.0019166278652846813
2023-07-21 12:14:04.437000,-0.17071449756622314,-0.0019220889080315828
2023-07-21 12:15:04.432000,-0.12394079566001892,-0.001914000022225082
2023-07-21 12:16:04.465000,-0.09887909889221191,-0.0019379795994609594
2023-07-21 12:18:04.412000,-0.1249070018529892,-0.0018768718000501394
2023-07-21 12:19:04.621000,-0.13282658159732819,-0.001953791594132781
2023-07-21 12:20:04.680000,-0.16396406292915344,-0.0018796591321006417
2023-07-21 12:21:04.423000,-0.17461542785167694,-0.0019187805010005832
2023-07-21 12:22:04.386000,-0.2940887212753296,-0.0019181999377906322
2023-07-21 12:23:04.377000,-0.30319738388061523,-0.0018976170103996992
2023-07-21 12:24:04.450000,-0.24948348104953766,-0.0019206278957426548
2023-07-21 12:25:04.478000,-0.14577201008796692,-0.001894799992442131
2023-07-21 12:26:04.423000,-0.15245388448238373,-0.001953425584360957
2023-07-21 12:27:04.494000,-0.16385798156261444,-0.00190942850895226
2023-07-21 12:28:04.532000,-0.20742255449295044,-0.001901749987155199
2023-07-21 12:29:04.456000,-0.22075563669204712,-0.0018704838585108519
2023-07-21 12:30:04.387000,-0.2297046035528183,-0.001900333329103887
2023-07-21 12:31:04.497000,-0.12270209938287735,-0.0019746168982237577
2023-07-21 12:32:04.576000,-0.12404316663742065,-0.0019005555659532547
2023-07-21 12:33:04.423000,-0.12358774989843369,-0.0019259459804743528
2023-07-21 12:34:04.502000,-0.15005375444889069,-0.0019322173902764916
2023-07-21 12:35:04.499000,-0.304321825504303,-0.0019348823698237538
2023-07-21 12:36:04.430000,-0.303568959236145,-0.001919543487019837
2023-07-21 12:37:04.566000,-0.17410068213939667,-0.0018924999749287963
2023-07-21 12:38:04.601000,-0.14679938554763794,-0.0019145909463986754
2023-07-21 12:39:04.389000,-0.14597439765930176,-0.001873295521363616
2023-07-21 12:40:04.397000,-0.16012069582939148,-0.0018958162982016802
2023-07-21 12:41:04.409000,-0.1614912897348404,-0.0019240749534219503
2023-07-21 12:42:04.483000,-0.15970052778720856,-0.0019341111183166504
2023-07-21 12:43:04.425000,-0.1554175764322281,-0.0019111488945782185
2023-07-21 12:44:04.442000,-0.18378780782222748,-0.0018676749896258116
2023-07-21 12:45:04.509000,-0.18593445420265198,-0.0019180976087227464
2023-07-21 12:46:04.456000,-0.19244466722011566,-0.0019163333345204592
2023-07-21 12:47:04.469000,-0.3593062460422516,-0.0019184871343895793
2023-07-21 12:48:04.465000,-0.36461141705513,-0.0019349047215655446
2023-07-21 12:49:04.486000,-0.3142259120941162,-0.0019237777451053262
2023-07-21 12:50:04.469000,-0.11929228156805038,-0.001964025665074587
2023-07-21 12:51:04.557000,-0.1215776801109314,-0.001855553244240582
2023-07-21 12:52:04.334000,-0.14909358322620392,-0.0018877754919230938
2023-07-21 12:53:04.420000,-0.1533644050359726,-0.0019792194943875074
2023-07-21 12:54:04.471000,-0.1462670862674713,-0.0018703261157497764
2023-07-21 12:55:04.377000,-0.1175273135304451,-0.0018482195446267724
2023-07-21 12:56:04.555000,-0.13717861473560333,-0.0019351666560396552
2023-07-21 12:57:04.413000,-0.21918624639511108,-0.0018782222177833319
2023-07-21 12:58:04.493000,-0.32678714394569397,-0.001843575038947165
2023-07-21 12:59:04.523000,-0.3324846029281616,-0.0018945999909192324
2023-07-21 13:00:04.377000,-0.20295852422714233,-0.001745311077684164
2023-07-21 13:01:04.429000,-0.2032599151134491,-0.0016905434895306826
2023-07-21 13:02:04.530000,-0.20226749777793884,-0.0016199444653466344
2023-07-21 13:03:04.380000,-0.1794617772102356,-0.0020093333441764116
2023-07-21 13:04:04.606000,-0.17954574525356293,-0.001896487781777978
2023-07-21 13:05:04.573000,-0.18018843233585358,-0.001888577826321125
2023-07-21 13:06:04.431000,-0.18944427371025085,-0.001915418659336865
2023-07-21 13:07:04.483000,-0.20961560308933258,-0.0018361934926360846
2023-07-21 13:08:04.537000,-0.23506596684455872,-0.0018758333753794432
2023-07-21 13:09:04.389000,-0.23689787089824677,-0.001868500025011599
2023-07-21 13:10:04.438000,-0.26037439703941345,-0.001965809613466263
2023-07-21 13:11:04.404000,-0.3100228011608124,-0.001855763141065836
2023-07-21 13:12:04.508000,-0.29659855365753174,-0.0018641428323462605
2023-07-21 13:13:04.474000,-0.20343606173992157,-0.0018888333579525352
2023-07-21 13:14:04.510000,-0.12576793134212494,-0.0019687104504555464
2023-07-21 13:15:04.481000,-0.12040666490793228,-0.00188004644587636
2023-07-21 13:16:04.361000,-0.17290528118610382,-0.0019092727452516556
2023-07-21 13:17:04.503000,-0.18442179262638092,-0.001906325574964285
2023-07-21 13:18:04.449000,-0.2211005538702011,-0.0018840464763343334
2023-07-21 13:19:04.373000,-0.17687106132507324,-0.001907216152176261
2023-07-21 13:20:04.319000,-0.1356620043516159,-0.0019225116120651364
2023-07-21 13:21:04.539000,-0.13636071979999542,-0.0019475908484309912
2023-07-21 13:22:04.500000,-0.1359194666147232,-0.0019251136109232903
2023-07-21 13:23:04.495000,-0.20405839383602142,-0.001977432519197464
2023-07-21 13:24:04.439000,-0.33192235231399536,-0.0019926666282117367
2023-07-21 13:25:04.577000,-0.3109922409057617,-0.0019305000314489007
2023-07-21 13:26:04.461000,-0.1744598150253296,-0.0018698936328291893
2023-07-21 13:27:04.551000,-0.15684613585472107,-0.0018851041095331311
2023-07-21 13:28:04.365000,-0.182193785905838,-0.0019100200152024627
2023-07-21 13:29:04.508000,-0.17696188390254974,-0.0019151296000927687
2023-07-21 13:30:04.375000,-0.17475906014442444,-0.0018925106851384044
2023-07-21 13:31:04.451000,-0.17713186144828796,-0.001901666633784771
2023-07-21 13:32:04.568000,-0.19714100658893585,-0.0019081332720816135
2023-07-21 13:33:04.396000,-0.19615019857883453,-0.0019809333607554436
2023-07-21 13:34:04.388000,-0.1887194961309433,-0.001941978232935071
2023-07-21 13:35:04.460000,-0.1920127421617508,-0.0019360226579010487
2023-07-21 13:36:04.463000,-0.37192487716674805,-0.001865021768026054
2023-07-21 13:37:04.323000,-0.3570193946361542,-0.0018888477934524417
2023-07-21 13:38:04.375000,-0.2561039626598358,-0.0018662104848772287
2023-07-21 13:39:04.416000,-0.20461083948612213,-0.0019625499844551086
2023-07-21 13:40:04.423000,-0.22849290072917938,-0.0019452653359621763
2023-07-21 13:41:04.475000,-0.22536705434322357,-0.0019170416053384542
2023-07-21 13:42:04.430000,-0.22083425521850586,-0.0019110464490950108
2023-07-21 13:43:04.302000,-0.18679426610469818,-0.0019503469811752439
2023-07-21 13:44:04.434000,-0.14032213389873505,-0.001970363548025489
2023-07-21 13:45:04.540000,-0.12363851815462112,-0.0019177618669345975
2023-07-21 13:46:04.427000,-0.2525317072868347,-0.0019951388239860535
2023-07-21 13:47:04.398000,-0.2942371368408203,-0.0019535499159246683
2023-07-21 13:48:04.321000,-0.26543834805488586,-0.001822279067710042
2023-07-21 13:49:04.276000,-0.15915510058403015,-0.0019135000184178352
2023-07-21 13:50:04.437000,-0.08094749599695206,-0.0019615499768406153
2023-07-21 13:51:04.475000,-0.12326758354902267,-0.001927791628986597
2023-07-21 13:52:04.394000,-0.1491328626871109,-0.0018823673017323017
2023-07-21 13:53:04.436000,-0.15645144879817963,-0.0019277435494586825
2023-07-21 13:54:04.318000,-0.1624312400817871,-0.0019273333018645644
2023-07-21 13:55:04.375000,-0.1663718819618225,-0.0019249767065048218
2023-07-21 13:56:04.368000,-0.22691896557807922,-0.0019129777792841196
2023-07-21 13:57:04.417000,-0.2248518466949463,-0.0019253999926149845
2023-07-21 13:58:04.455000,-0.2399410605430603,-0.0019815333653241396
2023-07-21 13:59:04.401000,-0.32393941283226013,-0.001998125109821558
2023-07-21 14:00:04.337000,-0.3292452096939087,-0.0019119642674922943
2023-07-21 14:01:04.415000,-0.31945252418518066,-0.0019111935980618
2023-07-21 14:02:04.330000,-0.1853232979774475,-0.0019246969604864717
2023-07-21 14:03:04.520000,-0.15718823671340942,-0.0019208636367693543
2023-07-21 14:04:04.428000,-0.17111103236675262,-0.001873500063084066
2023-07-21 14:05:04.379000,-0.16710126399993896,-0.0018963684560731053
2023-07-21 14:06:04.339000,-0.18907755613327026,-0.0019914046861231327
2023-07-21 14:07:04.447000,-0.19578775763511658,-0.0020193783566355705
2023-07-21 14:08:04.419000,-0.224192276597023,-0.001969046425074339
2023-07-21 14:09:04.375000,-0.23368345201015472,-0.0020041191019117832
2023-07-21 14:10:04.333000,-0.2289610207080841,-0.0019395789131522179
2023-07-21 14:11:04.446000,-0.22258462011814117,-0.0019352438393980265
2023-07-21 14:12:04.342000,-0.3474310636520386,-0.0019235105719417334
2023-07-21 14:13:04.434000,-0.3981272280216217,-0.0019861666951328516
2023-07-21 14:14:04.291000,-0.33407944440841675,-0.0019846304785460234
2023-07-21 14:15:04.273000,-0.2097903937101364,-0.0019269348122179508
2023-07-21 14:17:04.354000,-0.14539378881454468,-0.0019373571267351508
2023-07-21 14:18:04.400000,-0.14228656888008118,-0.0019442093325778842
2023-07-21 14:19:04.309000,-0.14773982763290405,-0.001960311084985733
2023-07-21 14:20:04.396000,-0.17499983310699463,-0.001942361705005169
2023-07-21 14:21:04.332000,-0.168241947889328,-0.00196039117872715
2023-07-21 14:22:04.311000,-0.14545267820358276,-0.0019652682822197676
2023-07-21 14:23:04.347000,-0.15544231235980988,-0.0018964222399517894
2023-07-21 14:24:04.473000,-0.27787646651268005,-0.0019056249875575304
2023-07-21 14:25:04.418000,-0.37382185459136963,-0.001980204600840807
2023-07-21 14:26:04.410000,-0.3507685363292694,-0.0019634782802313566
2023-07-21 14:27:04.492000,-0.14911463856697083,-0.0019692564383149147
2023-07-21 14:28:04.477000,-0.15817052125930786,-0.0019809375517070293
2023-07-21 14:29:04.385000,-0.16116008162498474,-0.0019223673734813929
2023-07-21 14:30:04.440000,-0.15571705996990204,-0.0019171428866684437
2023-07-21 14:31:04.439000,-0.14313922822475433,-0.0019408437656238675
2023-07-21 14:32:04.334000,-0.14813001453876495,-0.0019520788919180632
2023-07-21 14:33:04.264000,-0.17762775719165802,-0.001943954499438405
2023-07-21 14:34:04.479000,-0.23818638920783997,-0.001918790745548904
2023-07-21 14:35:04.375000,-0.6212086081504822,-0.001947465119883418
2023-07-21 14:36:04.363000,-0.6293427348136902,-0.0019445789512246847
2023-07-21 14:37:04.319000,-0.5443378686904907,-0.0019426409853622317
2023-07-21 14:38:04.374000,-0.45708510279655457,-0.0019257442327216268
2023-07-21 14:40:04.233000,-0.44761794805526733,-0.001952538499608636
2023-07-21 14:41:04.377000,-0.4438306987285614,-0.001959499903023243
2023-07-21 14:42:04.279000,-0.43105897307395935,-0.0019453333225101233
2023-07-21 14:43:04.386000,-0.4374518394470215,-0.001981674460694194
2023-07-21 14:44:04.427000,-0.45518770813941956,-0.001945864874869585
2023-07-21 14:45:04.309000,-0.4556658864021301,-0.0019401463214308023
2023-07-21 14:46:04.367000,-0.4445939064025879,-0.0019284893060103059
2023-07-21 14:47:04.262000,-0.30487677454948425,-0.001980195753276348
2023-07-21 14:48:04.290000,-0.295520544052124,-0.0018956363201141357
2023-07-21 14:49:04.354000,-0.29802390933036804,-0.0019538248889148235
2023-07-21 14:50:04.312000,-0.28606611490249634,-0.001966958399862051
2023-07-21 14:51:04.345000,-0.16224539279937744,-0.0019738138653337955
2023-07-21 14:52:04.263000,-0.14532466232776642,-0.0019732953514903784
2023-07-21 14:53:04.432000,-0.13672637939453125,-0.00198365724645555
2023-07-21 14:54:04.380000,-0.15057452023029327,-0.0019410453969612718
2023-07-21 14:55:04.457000,-0.19466373324394226,-0.0020001765806227922
2023-07-21 14:56:04.351000,-0.15029612183570862,-0.0019365454791113734
2023-07-21 14:57:04.239000,-0.1340056210756302,-0.00195404258556664
2023-07-21 14:58:04.316000,-0.13962414860725403,-0.001940604648552835
2023-07-21 14:59:04.300000,-0.1513967663049698,-0.0019857296720147133
2023-07-21 15:00:04.640000,-0.17797766625881195,-0.00198931572958827
2023-07-21 15:01:04.404000,-0.3034566342830658,-0.0019830730743706226
2023-07-21 15:02:04.370000,-0.33818238973617554,-0.001942377770319581
2023-07-21 15:03:04.289000,-0.2923040986061096,-0.0019495555898174644
2023-07-21 15:04:04.388000,-0.23351751267910004,-0.002025510650128126
2023-07-21 15:05:04.351000,-0.2478429675102234,-0.0020164665766060352
2023-07-21 15:06:04.493000,-0.2518092095851898,-0.0020072092302143574
2023-07-21 15:07:04.483000,-0.26209527254104614,-0.002022510627284646
2023-07-21 15:08:04.391000,-0.27846571803092957,-0.0019121275981888175
2023-07-21 15:09:04.453000,-0.2705468535423279,-0.0019044444197788835
2023-07-21 15:10:04.363000,-0.23864223062992096,-0.00207390240393579
2023-07-21 15:11:04.314000,-0.2004421353340149,-0.002188105368986726
2023-07-21 15:12:04.448000,-0.19212545454502106,-0.0020735226571559906
2023-07-21 15:13:04.473000,-0.2231692671775818,-0.0020421568769961596
2023-07-21 15:14:04.372000,-0.3702682852745056,-0.00204073335044086
2023-07-21 15:15:04.463000,-0.3603284955024719,-0.002002957509830594
2023-07-21 15:16:04.347000,-0.2813992500305176,-0.001999094383791089
2023-07-21 15:17:04.341000,-0.207455113530159,-0.0019304680172353983
2023-07-21 15:18:04.338000,-0.19664521515369415,-0.0019060951890423894
2023-07-21 15:19:04.192000,-0.16929303109645844,-0.0019151739543303847
2023-07-21 15:20:04.384000,-0.1717378944158554,-0.001987274968996644
2023-07-21 15:21:04.233000,-0.16796641051769257,-0.002040205057710409
2023-07-21 15:22:04.316000,-0.18988154828548431,-0.001998068066313863
2023-07-21 15:23:04.228000,-0.20840972661972046,-0.002007333328947425
2023-07-21 15:24:04.245000,-0.37602171301841736,-0.0019604761619120836
2023-07-21 15:25:04.299000,-0.3931495249271393,-0.0019378636498004198
2023-07-21 15:26:04.410000,-0.32270699739456177,-0.0018955105915665627
2023-07-21 15:27:04.285000,-0.20702624320983887,-0.002000395907089114
2023-07-21 15:28:04.195000,-0.21309103071689606,-0.0018887692131102085
2023-07-21 15:29:04.409000,-0.22429101169109344,-0.0018573157722130418
2023-07-21 15:30:04.209000,-0.22775961458683014,-0.0018927272176370025
2023-07-21 15:31:04.208000,-0.232021301984787,-0.001987595809623599
2023-07-21 15:32:04.416000,-0.25496479868888855,-0.0019332444062456489
2023-07-21 15:33:04.322000,-0.26006633043289185,-0.0019135476322844625
2023-07-21 15:34:04.322000,-0.2440042793750763,-0.0019570474978536367
2023-07-21 15:35:04.190000,-0.21717509627342224,-0.00194608885794878
2023-07-21 15:36:04.304000,-0.21144142746925354,-0.0019376666750758886
2023-07-21 15:37:04.435000,-0.3570033311843872,-0.0019419272430241108
2023-07-21 15:38:04.428000,-0.39051708579063416,-0.001969891833141446
2023-07-21 15:39:04.395000,-0.39544814825057983,-0.001978437416255474
2023-07-21 15:40:04.307000,-0.2536214292049408,-0.0019418378360569477
2023-07-21 15:41:04.348000,-0.17133831977844238,-0.0019931707065552473
2023-07-21 15:42:04.192000,-0.13602136075496674,-0.0020035714842379093
2023-07-21 15:43:04.334000,-0.10868548601865768,-0.0019725956954061985
2023-07-21 15:44:04.356000,-0.10839876532554626,-0.001973962876945734
2023-07-21 15:45:04.412000,-0.10779793560504913,-0.0019497234607115388
2023-07-21 15:46:04.416000,-0.10953269898891449,-0.0019753333181142807
2023-07-21 15:47:04.935000,-0.14009664952754974,-0.0019714285153895617
2023-07-21 15:48:04.214000,-0.1787956953048706,-0.002026047557592392
2023-07-21 15:49:04.214000,-0.21519674360752106,-0.001998000079765916
2023-07-21 15:50:04.345000,-0.2810494005680084,-0.0019682825077325106
2023-07-21 15:51:04.245000,-0.2792968451976776,-0.0019790909718722105
2023-07-21 15:52:04.280000,-0.2524147033691406,-0.0019880929030478
2023-07-21 15:53:04.350000,-0.09862548112869263,-0.0019277872052043676
2023-07-21 15:54:04.228000,-0.09735660254955292,-0.0019612954929471016
2023-07-21 15:55:04.799000,-0.10719161480665207,-0.001977038336917758
2023-07-21 15:56:04.206000,-0.12236855179071426,-0.0019622500985860825
2023-07-21 15:57:04.425000,-0.15443629026412964,-0.0020121627021580935
2023-07-21 15:58:04.303000,-0.14195607602596283,-0.001963627990335226
2023-07-21 15:59:04.151000,-0.15042732656002045,-0.002023979090154171
2023-07-21 16:00:04.323000,-0.16575278341770172,-0.0019678636454045773
2023-07-21 16:01:04.318000,-0.16561320424079895,-0.001981274923309684
2023-07-21 16:02:04.194000,-0.16458377242088318,-0.0019274285295978189
2023-07-21 16:03:04.168000,-0.34491556882858276,-0.0019805277697741985
2023-07-21 16:04:04.312000,-0.3506084084510803,-0.0019891562405973673
2023-07-21 16:05:04.348000,-0.2910744547843933,-0.0019825000781565905
2023-07-21 16:06:04.197000,-0.17737190425395966,-0.001979864900931716
2023-07-21 16:07:04.222000,-0.16328851878643036,-0.002034864854067564
2023-07-21 16:08:04.347000,-0.161514550447464,-0.0020428234711289406
2023-07-21 16:09:04.378000,-0.1569339483976364,-0.0019851000979542732
2023-07-21 16:10:04.359000,-0.15492962300777435,-0.001997266663238406
2023-07-21 16:11:04.297000,-0.15535563230514526,-0.0019734499510377645
2023-07-21 16:12:04.267000,-0.19580458104610443,-0.0019711111672222614
2023-07-21 16:13:04.327000,-0.3176177144050598,-0.0019557045307010412
2023-07-21 16:14:04.361000,-0.35975658893585205,-0.0019680263940244913
2023-07-21 16:15:04.259000,-0.28041210770606995,-0.0019720434211194515
2023-07-21 16:16:04.349000,-0.050417449325323105,-0.0019713256042450666
2023-07-21 16:17:04.208000,-0.05019058287143707,-0.001995833357796073
2023-07-21 16:18:04.248000,-0.046141400933265686,-0.001968232449144125
2023-07-21 16:19:04.162000,-0.057625651359558105,-0.0019670624751597643
2023-07-21 16:20:04.198000,-0.08273681998252869,-0.0019832791294902563
2023-07-21 16:21:04.339000,-0.08180243521928787,-0.0019876875448971987
2023-07-21 16:22:04.363000,-0.1548248529434204,-0.001956367399543524
2023-07-21 16:23:04.196000,-0.1938088983297348,-0.002128999913111329
2023-07-21 16:24:04.377000,-0.2282000631093979,-0.001834085094742477
2023-07-21 16:25:04.538000,-0.17583319544792175,-0.0020171923097223043
2023-07-21 16:26:04.169000,-0.2678258419036865,-0.0019882600754499435
2023-07-21 16:27:04.145000,-0.3429267108440399,-0.00195870827883482
2023-07-21 16:28:04.327000,-0.3411813974380493,-0.0020388781558722258
2023-07-21 16:29:04.312000,-0.21793019771575928,-0.0020111959893256426
2023-07-21 16:30:04.293000,-0.1448841542005539,-0.0020195581018924713
2023-07-21 16:31:04.223000,-0.12854619324207306,-0.001934717409312725
2023-07-21 16:32:04.338000,-0.1515582948923111,-0.0020347805693745613
2023-07-21 16:33:04.412000,-0.15925204753875732,-0.002024489687755704
2023-07-21 16:34:04.232000,-0.1728673130273819,-0.002030756790190935
2023-07-21 16:35:04.300000,-0.18448318541049957,-0.0020233062095940113
2023-07-21 16:36:04.152000,-0.1900511384010315,-0.002014428609982133
2023-07-21 16:37:04.381000,-0.18704044818878174,-0.0020674255210906267
2023-07-21 16:38:04.300000,-0.165094256401062,-0.0020011276938021183
2023-07-21 16:39:04.694000,-0.21398115158081055,-0.00196796003729105
2023-07-21 16:40:04.598000,-0.33227619528770447,-0.0019335908582434058
2023-07-21 16:41:04.150000,-0.3100822865962982,-0.0019759400747716427
2023-07-21 16:42:04.308000,-0.16283272206783295,-0.0020218368154019117
2023-07-21 16:43:04.260000,-0.17308500409126282,-0.0019837000872939825
2023-07-21 16:44:04.432000,-0.19016195833683014,-0.0019869583193212748
2023-07-21 16:45:04.204000,-0.1984700709581375,-0.001970222219824791
2023-07-21 16:46:04.525000,-0.20833027362823486,-0.001976442290470004
2023-07-21 16:47:04.293000,-0.20122385025024414,-0.0020382246002554893
2023-07-21 16:48:04.376000,-0.20467141270637512,-0.0020343333017081022
2023-07-21 16:49:04.345000,-0.14897069334983826,-0.001994139514863491
2023-07-21 16:50:04.360000,-0.11292064934968948,-0.002034843200817704
2023-07-21 16:51:04.349000,-0.1657133847475052,-0.001993000041693449
2023-07-21 16:52:04.143000,-0.3044876158237457,-0.001997952349483967
2023-07-21 16:53:04.318000,-0.288525253534317,-0.0020025582052767277
2023-07-21 16:54:04.295000,-0.16513490676879883,-0.002048872411251068
2023-07-21 16:55:04.284000,-0.11315448582172394,-0.002021023305132985
2023-07-21 16:56:04.325000,-0.13609375059604645,-0.0019460443872958422
2023-07-21 16:57:04.158000,-0.16819387674331665,-0.001990022137761116
2023-07-21 16:58:04.286000,-0.18614579737186432,-0.0020351086277514696
2023-07-21 16:59:04.163000,-0.1194518655538559,-0.0020063999108970165
2023-07-21 17:00:04.154000,-0.1357721984386444,-0.0020123720169067383
2023-07-21 17:01:04.157000,-0.13520044088363647,-0.0019931087736040354
2023-07-21 17:02:04.276000,-0.25286880135536194,-0.001992363715544343
2023-07-21 17:03:04.334000,-0.27559953927993774,-0.002000311156734824
2023-07-21 17:04:04.320000,-0.23063382506370544,-0.002012829761952162
2023-07-21 17:05:04.128000,-0.12702956795692444,-0.0020058148074895144
2023-07-21 17:06:04.111000,-0.13218209147453308,-0.001978933345526457
2023-07-21 17:07:04.340000,-0.16465729475021362,-0.0019820465240627527
2023-07-21 17:08:04.420000,-0.1834389865398407,-0.001944374991580844
2023-07-21 17:09:04.188000,-0.18300524353981018,-0.0020224000327289104
2023-07-21 17:10:04.266000,-0.16820140182971954,-0.0019433584529906511
2023-07-21 17:11:04.363000,-0.14455600082874298,-0.001993410289287567
2023-07-21 17:12:04.276000,-0.1453326940536499,-0.001967743504792452
2023-07-21 17:13:04.102000,-0.14785438776016235,-0.0019961860962212086
2023-07-21 17:14:04.445000,-0.1486579030752182,-0.0019884256180375814
2023-07-21 17:15:04.394000,-0.27587780356407166,-0.001974069746211171
2023-07-21 17:16:04.464000,-0.3525107204914093,-0.0019511333666741848
2023-07-21 17:17:04.124000,-0.34198397397994995,-0.0019520232453942299
2023-07-21 17:18:04.146000,-0.24009528756141663,-0.0019745801109820604
2023-07-21 17:19:04.336000,-0.16416196525096893,-0.001979999942705035
2023-07-21 17:20:04.261000,-0.190125972032547,-0.0019974680617451668
2023-07-21 17:21:04.117000,-0.19380444288253784,-0.0019662093836814165
2023-07-21 17:22:04.288000,-0.19582979381084442,-0.001941800001077354
2023-07-21 17:23:04.182000,-0.12965993583202362,-0.0019934000447392464
2023-07-21 17:24:04.256000,-0.1339358389377594,-0.002026431728154421
2023-07-21 17:25:04.453000,-0.13170474767684937,-0.0020097598899155855
2023-07-21 17:26:04.346000,-0.11720845103263855,-0.001983955502510071
2023-07-21 17:27:04.268000,-0.10969360172748566,-0.0019723528530448675
2023-07-21 17:28:04.328000,-0.1604924499988556,-0.0020036904606968164
2023-07-21 17:29:04.246000,-0.3083094656467438,-0.0019918042235076427
2023-07-21 17:30:04.378000,-0.3064745366573334,-0.0019630512688308954
2023-07-21 17:31:04.141000,-0.19094215333461761,-0.0020055000204592943
2023-07-21 17:32:04.269000,-0.18251168727874756,-0.002007185947149992
2023-07-21 17:33:04.316000,-0.1214180663228035,-0.002039765939116478
2023-07-21 17:34:04.205000,-0.10813944786787033,-0.001977113541215658
2023-07-21 17:35:04.341000,-0.09834426641464233,-0.00197090907022357
2023-07-21 17:36:04.503000,-0.09809946268796921,-0.001982547575607896
2023-07-21 17:37:04.138000,-0.09772811830043793,-0.001988711068406701
2023-07-21 17:38:04.524000,-0.09824839979410172,-0.0020162940490990877
2023-07-21 17:39:04.106000,-0.13208310306072235,-0.00201726658269763
2023-07-21 17:40:04.473000,-0.1535738855600357,-0.0019781135488301516
2023-07-21 17:41:04.118000,-0.3309810161590576,-0.001950312522239983
2023-07-21 17:42:04.158000,-0.32973378896713257,-0.00201447494328022
2023-07-21 17:43:04.147000,-0.2464161515235901,-0.0019558409694582224
2023-07-21 17:44:04.071000,-0.15280403196811676,-0.0020111959893256426
2023-07-21 17:45:04.152000,-0.15123213827610016,-0.0020187334157526493
2023-07-21 17:46:04.198000,-0.15102246403694153,-0.0019154000328853726
2023-07-21 17:47:04.034000,-0.1693563610315323,-0.0020151189528405666
2023-07-21 17:48:04.320000,-0.15932928025722504,-0.001981425564736128
2023-07-21 17:49:04.114000,-0.13279464840888977,-0.002003171481192112
2023-07-21 17:50:04.508000,-0.1188575029373169,-0.0019580454099923372
2023-07-21 17:51:04.282000,-0.1886361837387085,-0.001998658524826169
2023-07-21 17:52:04.120000,-0.26779964566230774,-0.0019438809249550104
2023-07-21 17:53:04.344000,-0.2659679055213928,-0.0020030231680721045
2023-07-21 17:54:04.670000,-0.12756437063217163,-0.001977978739887476
2023-07-21 17:55:04.049000,-0.16515223681926727,-0.0019753556698560715
2023-07-21 17:56:04.037000,-0.22570586204528809,-0.0019155555637553334
2023-07-21 17:57:04.121000,-0.16444094479084015,-0.001961268251761794
2023-07-21 17:58:04.281000,-0.1455860137939453,-0.0020131589844822884
2023-07-21 17:59:04.283000,-0.14586512744426727,-0.001970475073903799
2023-07-21 18:00:04.238000,-0.166512593626976,-0.0019932326395064592
2023-07-21 18:01:04.343000,-0.1698937714099884,-0.0020091950427740812
2023-07-21 18:02:04.099000,-0.147840216755867,-0.0019903830252587795
2023-07-21 18:03:04.379000,-0.19840453565120697,-0.0019148857099935412
2023-07-21 18:04:04.085000,-0.3194756507873535,-0.001970000099390745
2023-07-21 18:05:04.279000,-0.43402227759361267,-0.0019405499333515763
2023-07-21 18:06:04.358000,-0.3655361533164978,-0.0019777037668973207
2023-07-21 18:07:04.278000,-0.24153271317481995,-0.0020576498936861753
2023-07-21 18:08:04.315000,-0.15160493552684784,-0.0019930475391447544
2023-07-21 18:09:04.278000,-0.14326564967632294,-0.0019897585734725
2023-07-21 18:10:04.034000,-0.14073650538921356,-0.0019600221421569586
2023-07-21 18:11:04.270000,-0.14071203768253326,-0.001984999980777502
2023-07-21 18:12:04.363000,-0.13795433938503265,-0.0019884444773197174
2023-07-21 18:14:04.148000,-0.1465405970811844,-0.0020628408528864384
2023-07-21 18:15:04.047000,-0.15077370405197144,-0.0020009130239486694
2023-07-21 18:16:04.155000,-0.14858652651309967,-0.001970568671822548
2023-07-21 18:17:04.318000,-0.17168357968330383,-0.0019378095166757703
2023-07-21 18:18:04.097000,-0.33652985095977783,-0.00199366663582623
2023-07-21 18:19:04.352000,-0.33367815613746643,-0.0019792390521615744
2023-07-21 18:20:04.160000,-0.22029714286327362,-0.0019786511547863483
2023-07-21 18:21:04.175000,-0.19240687787532806,-0.0019766136538237333
2023-07-21 18:22:04.061000,-0.18096768856048584,-0.001980923116207123
2023-07-21 18:23:04.275000,-0.16558924317359924,-0.0020551749039441347
2023-07-21 18:24:04.454000,-0.17158694565296173,-0.0019796888809651136
2023-07-21 18:25:04.114000,-0.1840822994709015,-0.001903166645206511
2023-07-21 18:26:04.557000,-0.1790524423122406,-0.001995735801756382
2023-07-21 18:27:04.272000,-0.19503308832645416,-0.0020634999964386225
2023-07-21 18:28:04.217000,-0.23072035610675812,-0.0020021162927150726
2023-07-21 18:29:03.990000,-0.2359263002872467,-0.0021089999936521053
2023-07-21 18:30:04.136000,-0.37832242250442505,-0.00199002493172884
2023-07-21 18:31:04.297000,-0.3564521372318268,-0.0020352285355329514
2023-07-21 18:32:04.194000,-0.2535153329372406,-0.0020103571005165577
2023-07-21 18:33:04.178000,-0.13273881375789642,-0.002011808566749096
2023-07-21 18:34:04.292000,-0.12954872846603394,-0.0020132691133767366
2023-07-21 18:35:04.118000,-0.13795605301856995,-0.0019858856685459614
2023-07-21 18:36:04.081000,-0.14554093778133392,-0.0020019318908452988
2023-07-21 18:37:04.107000,-0.1449863314628601,-0.0019925814121961594
2023-07-21 18:38:04.117000,-0.1656738966703415,-0.0019810767844319344
2023-07-21 18:39:04.282000,-0.17520096898078918,-0.0019452249398455024
2023-07-21 18:40:04.135000,-0.2610696256160736,-0.0020425000693649054
2023-07-21 18:41:04.239000,-0.37311387062072754,-0.002022692235186696
2023-07-21 18:42:04.127000,-0.356908917427063,-0.0019803333561867476
2023-07-21 18:43:04.343000,-0.21001289784908295,-0.002117086900398135
2023-07-21 18:44:04.879000,-0.20221664011478424,-0.001890124985948205
2023-07-21 18:45:04.761000,-0.20035484433174133,-0.0020127391908317804
2023-07-21 18:46:04.271000,-0.18167178332805634,-0.0020124041475355625
2023-07-21 18:48:04.303000,-0.09342801570892334,-0.002078095218166709
2023-07-21 18:49:04.236000,-0.08991273492574692,-0.0020062162075191736
2023-07-21 18:50:04.033000,-0.08901757001876831,-0.002067288849502802
2023-07-21 18:51:04.249000,-0.09956394881010056,-0.002037279075011611
2023-07-21 18:52:04.201000,-0.10459931939840317,-0.0019126874394714832
2023-07-21 18:53:04.018000,-0.173983633518219,-0.0020415110047906637
2023-07-21 18:54:04.668000,-0.3147781491279602,-0.0020686511415988207
2023-07-21 18:55:04.072000,-0.33601194620132446,-0.0019645881839096546
2023-07-21 18:56:04.227000,-0.3136763870716095,-0.0019860416650772095
2023-07-21 18:57:04.127000,-0.16910210251808167,-0.0018856744281947613
2023-07-21 18:58:04.148000,-0.11179053038358688,-0.0020483830012381077
2023-07-21 18:59:04.224000,-0.13160976767539978,-0.0019971351139247417
2023-07-21 19:00:04.107000,-0.14567504823207855,-0.0019838095176965
2023-07-21 19:01:04.223000,-0.1465173065662384,-0.0020754565484821796
2023-07-21 19:02:04.238000,-0.13040748238563538,-0.0019682091660797596
2023-07-21 19:03:04.074000,-0.1321861296892166,-0.002103956416249275
2023-07-21 19:04:04.307000,-0.1629733443260193,-0.002040097489953041
2023-07-21 19:05:04.015000,-0.18323412537574768,-0.0019855652935802937
2023-07-21 19:06:04.106000,-0.2055036425590515,-0.001964750001206994
2023-07-21 19:07:04.087000,-0.4175794720649719,-0.0018888604827225208
2023-07-21 19:08:04.094000,-0.3902227282524109,-0.0018842857098206878
2023-07-21 19:09:04.661000,-0.2664000988006592,-0.002035708399489522
2023-07-21 19:10:04.142000,-0.20170418918132782,-0.0020669999066740274
2023-07-21 19:11:04.193000,-0.1887817680835724,-0.002052981173619628
2023-07-21 19:12:04.095000,-0.18302401900291443,-0.001967624993994832
2023-07-21 19:13:04.425000,-0.1717519611120224,-0.0019351427908986807
2023-07-21 19:14:04.575000,-0.15562455356121063,-0.0020372222643345594
2023-07-21 19:15:04.015000,-0.1745295375585556,-0.001981955487281084
2023-07-21 19:16:04.062000,-0.1788918524980545,-0.0019019736209884286
2023-07-21 19:17:04.304000,-0.17503277957439423,-0.0019926445093005896
2023-07-21 19:18:04.263000,-0.16355380415916443,-0.002009803894907236
2023-07-21 19:19:04.103000,-0.2908441126346588,-0.0019824772607535124
2023-07-21 19:20:04.218000,-0.3561852276325226,-0.001994383055716753
2023-07-21 19:21:04.187000,-0.28781256079673767,-0.0019763242453336716
2023-07-21 19:22:04.336000,-0.11244359612464905,-0.002049414673820138
2023-07-21 19:23:04.064000,-0.13107842206954956,-0.001985324313864112
2023-07-21 19:24:04.059000,-0.13440418243408203,-0.0019055833108723164
2023-07-21 19:25:04.170000,-0.13406887650489807,-0.0019491666462272406
2023-07-21 19:26:04.225000,-0.11510351300239563,-0.0019831836689263582
2023-07-21 19:27:04.499000,-0.1310296505689621,-0.0019167381105944514
2023-07-21 19:28:04.248000,-0.1459779292345047,-0.0020541087724268436
2023-07-21 19:29:04.064000,-0.2167731672525406,-0.0019457058515399694
2023-07-21 19:30:04.103000,-0.35113975405693054,-0.0020615800749510527
2023-07-21 19:31:04.308000,-0.2831568419933319,-0.0020612082444131374
2023-07-21 19:32:04.093000,-0.16041894257068634,-0.0020117659587413073
2023-07-21 19:33:04.095000,-0.12258198112249374,-0.0018600249895825982
2023-07-21 19:34:04.251000,-0.10240499675273895,-0.0019239999819546938
2023-07-21 19:35:04.189000,-0.09820038080215454,-0.0019883469212800264
2023-07-21 19:36:03.946000,-0.09868396818637848,-0.001947186072356999
2023-07-21 19:37:04.058000,-0.11396916955709457,-0.0019521063659340143
2023-07-21 19:38:04.018000,-0.11897020041942596,-0.0020355896558612585
2023-07-21 19:39:04.090000,-0.16298262774944305,-0.001951106358319521
2023-07-21 19:40:03.977000,-0.19573265314102173,-0.0019396190764382482
2023-07-21 19:41:04.323000,-0.19707782566547394,-0.00201854994520545
2023-07-21 19:42:03.997000,-0.21654504537582397,-0.0019729998894035816
2023-07-21 19:43:04.028000,-0.35430142283439636,-0.0019563192036002874
2023-07-21 19:44:04.033000,-0.31597188115119934,-0.0019754418171942234
2023-07-21 19:45:04.085000,-0.23977164924144745,-0.001983044436201453
2023-07-21 19:46:04.486000,-0.1230233833193779,-0.002071208320558071
2023-07-21 19:47:04.215000,-0.15547145903110504,-0.002005599904805422
2023-07-21 19:48:04.199000,-0.16248328983783722,-0.002025291556492448
2023-07-21 19:49:04.020000,-0.16619490087032318,-0.0020163864828646183
2023-07-21 19:50:04.105000,-0.14430668950080872,-0.0019434418063610792
2023-07-21 19:51:04.157000,-0.15127898752689362,-0.0019719230476766825
2023-07-21 19:52:04.309000,-0.2047504037618637,-0.0019457843154668808
2023-07-21 19:53:04.068000,-0.22447529435157776,-0.0019402826437726617
2023-07-21 19:54:04.250000,-0.2329847812652588,-0.0019953488372266293
2023-07-21 19:55:03.924000,-0.25857993960380554,-0.0019982499070465565
2023-07-21 19:56:03.944000,-0.390919953584671,-0.0019139773212373257
2023-07-21 19:57:04.103000,-0.34896036982536316,-0.001960099907591939
2023-07-21 19:58:04.215000,-0.20428258180618286,-0.001957380911335349
2023-07-21 19:59:04.300000,-0.13755719363689423,-0.0019688999745994806
2023-07-21 20:00:03.946000,-0.14852532744407654,-0.0019989737775176764
2023-07-21 20:01:03.921000,-0.15077130496501923,-0.0019606458954513073
2023-07-21 20:02:04.200000,-0.1506253033876419,-0.002007043454796076
2023-07-21 20:03:04.167000,-0.19180913269519806,-0.0019736667163670063
2023-07-21 20:04:04.043000,-0.1992155760526657,-0.002058789599686861
2023-07-21 20:05:04.059000,-0.20810861885547638,-0.001996195176616311
2023-07-21 20:06:04.236000,-0.18830248713493347,-0.001959372078999877
2023-07-21 20:07:04.153000,-0.18621470034122467,-0.0020176570396870375
2023-07-21 20:08:04.243000,-0.27528682351112366,-0.0020226570777595043
2023-07-21 20:09:03.957000,-0.35666975378990173,-0.001981291687116027
2023-07-21 20:10:04.061000,-0.3493887186050415,-0.0019954515155404806
2023-07-21 20:11:03.954000,-0.2425285130739212,-0.0020439615473151207
2023-07-21 20:12:04.013000,-0.23906491696834564,-0.0020718637388199568
2023-07-21 20:13:04.046000,-0.24158841371536255,-0.0019443408818915486
2023-07-21 20:14:04.479000,-0.1945643424987793,-0.0020048636943101883
2023-07-21 20:16:03.980000,-0.14739984273910522,-0.001988326432183385
2023-07-21 20:17:04.016000,-0.1390766054391861,-0.0020287290681153536
2023-07-21 20:18:03.965000,-0.1452789157629013,-0.0019712161738425493
2023-07-21 20:19:04.255000,-0.3402603268623352,-0.0020045365672558546
2023-07-21 20:20:04.259000,-0.32555118203163147,-0.0021248776465654373
2023-07-21 20:21:03.936000,-0.2539886236190796,-0.002097977790981531
2023-07-21 20:22:04.016000,-0.18321052193641663,-0.001999931875616312
2023-07-21 20:23:04.245000,-0.20103341341018677,-0.0018376808147877455
2023-07-21 20:24:04.096000,-0.1632411926984787,-0.001979794818907976
2023-07-21 20:25:03.925000,-0.12167483568191528,-0.002001612214371562
2023-07-21 20:26:04.238000,-0.12547999620437622,-0.0020294166170060635
2023-07-21 20:27:03.886000,-0.15104013681411743,-0.0020170453935861588
2023-07-21 20:28:04.169000,-0.15534354746341705,-0.0020711522083729506
2023-07-21 20:29:04.259000,-0.16076116263866425,-0.001913239131681621
2023-07-21 20:30:03.906000,-0.14078912138938904,-0.0018892325460910797
2023-07-21 20:32:03.951000,-0.35272860527038574,-0.00212524994276464
2023-07-21 20:33:04.329000,-0.3691946864128113,-0.0020577143877744675
2023-07-21 20:34:03.925000,-0.36102741956710815,-0.002126468112692237
2023-07-21 20:35:04.484000,-0.25123289227485657,-0.0020121666602790356
2023-07-21 20:36:04.077000,-0.21701408922672272,-0.0020305956713855267
2023-07-21 20:37:04.541000,-0.21385109424591064,-0.0020707608200609684
2023-07-21 20:38:04.021000,-0.18570423126220703,-0.002058431738987565
2023-07-21 20:39:04.057000,-0.18432633578777313,-0.0020981081761419773
2023-07-21 20:40:04.011000,-0.19616709649562836,-0.0020727436058223248
2023-07-21 20:41:04.432000,-0.19369758665561676,-0.0020996667444705963
2023-07-21 20:42:03.915000,-0.17748552560806274,-0.001941787195391953
2023-07-21 20:43:03.926000,-0.18935613334178925,-0.001957173924893141
2023-07-21 20:45:03.898000,-0.2942275404930115,-0.0020546098239719868
2023-07-21 20:46:03.858000,-0.356327623128891,-0.0020067873410880566
2023-07-21 20:47:03.948000,-0.24246282875537872,-0.0020381915383040905
2023-07-21 20:48:04.101000,-0.10994258522987366,0.000623108702711761
2023-07-21 20:49:04.213000,-0.10797486454248428,-0.0009692954481579363
2023-07-21 20:50:04.069000,-0.10724153369665146,-0.0019427209626883268
2023-07-21 20:51:04.221000,-0.13271890580654144,-0.0019396666903048754
2023-07-21 20:53:03.910000,-0.16830909252166748,-0.00191318744327873
2023-07-21 20:54:04.297000,-0.15915507078170776,-0.002010477241128683
2023-07-21 20:55:03.859000,-0.18108047544956207,-0.001976571511477232
2023-07-21 20:56:03.988000,-0.1081768348813057,-0.0019819512963294983
2023-07-21 20:57:04.461000,-0.09796364605426788,-0.0019500908674672246
2023-07-21 20:58:03.941000,-0.280540406703949,-0.0019355348777025938
2023-07-21 20:59:04.382000,-0.28383806347846985,-0.002032102085649967
2023-07-21 21:01:04.038000,-0.13171543180942535,-0.0019744185265153646
2023-07-21 21:02:04.080000,-0.11482679843902588,-0.0019254999933764338
2023-07-21 21:03:03.892000,-0.12988093495368958,-0.0019290888449177146
2023-07-21 21:04:03.846000,-0.14232972264289856,-0.001967820106074214
2023-07-21 21:05:04.500000,-0.15475931763648987,-0.001941388938575983
2023-07-21 21:07:03.875000,-0.17592374980449677,-0.0019498085603117943
2023-07-21 21:08:04.407000,-0.29013243317604065,-0.0018865868914872408
2023-07-21 21:10:04.010000,-0.25455647706985474,-0.0018950930098071694
2023-07-21 21:13:03.889000,-0.1233123168349266,-0.0019564221147447824
2023-07-21 21:15:03.867000,-0.07336743175983429,-0.0018932564416900277
2023-07-21 21:16:03.816000,-0.07215001434087753,-0.001960961613804102
2023-07-21 21:17:04.181000,-0.08962009847164154,-0.0019253265345469117
2023-07-21 21:18:03.862000,-0.11556310206651688,-0.0019435000140219927
2023-07-21 21:19:03.907000,-0.13198988139629364,-0.0019245127914473414
2023-07-21 21:20:03.884000,-0.14317774772644043,-0.0018829761538654566
2023-07-21 21:21:04.171000,-0.27549314498901367,-0.00196163821965456
2023-07-21 21:22:04.151000,-0.3632572293281555,-0.0020415610633790493
2023-07-21 21:23:04.156000,-0.4085667133331299,-0.0019090833375230432
2023-07-21 21:24:03.852000,-0.32983115315437317,-0.001991675002500415
2023-07-21 21:25:03.926000,-0.24250571429729462,-0.0019830651581287384
2023-07-21 21:26:03.863000,-0.21782927215099335,-0.0018815250368788838
2023-07-21 21:27:04.278000,-0.21262353658676147,-0.001934355590492487
2023-07-21 21:28:04.032000,-0.21051891148090363,-0.001995545346289873
2023-07-21 21:29:03.837000,-0.21058127284049988,-0.002027826150879264
2023-07-21 21:30:04.215000,-0.21271617710590363,-0.00201583793386817
2023-07-21 21:31:04.228000,-0.2201518565416336,-0.0019543636590242386
2023-07-21 21:32:04.175000,-0.19438014924526215,-0.0019084762316197157
2023-07-21 21:33:04.194000,-0.1767217367887497,-0.0019296304089948535
2023-07-21 21:34:03.802000,-0.18102939426898956,-0.0018714680336415768
2023-07-21 21:35:04.217000,-0.35010847449302673,-0.0019094254821538925
2023-07-21 21:36:04.262000,-0.33787915110588074,-0.0018893721280619502
2023-07-21 21:37:04.113000,-0.12852062284946442,-0.0018829047912731767
2023-07-21 21:38:03.976000,-0.09716080129146576,-0.00195427262224257
2023-07-21 21:39:04.389000,-0.12378844618797302,-0.0019296046812087297
2023-07-21 21:40:03.871000,-0.1322709172964096,-0.001953320112079382
2023-07-21 21:41:03.811000,-0.13514254987239838,-0.0019200416281819344
2023-07-21 21:42:03.984000,-0.11516101658344269,-0.001908023259602487
2023-07-21 21:43:04.364000,-0.1382150501012802,-0.001960844499990344
2023-07-21 21:44:03.866000,-0.14949050545692444,-0.0019485588418319821
2023-07-21 21:45:03.788000,-0.1806483119726181,-0.001968333264812827
2023-07-21 21:46:04.233000,-0.18269313871860504,-0.0019541538786143064
2023-07-21 21:47:04.308000,-0.24228303134441376,-0.001994725549593568
2023-07-21 21:48:04.375000,-0.3037109375,-0.0019137916387990117
2023-07-21 21:49:03.889000,-0.29090964794158936,-0.0019874791614711285
2023-07-21 21:50:03.857000,-0.1108798012137413,-0.0018875814275816083
2023-07-21 21:51:04.215000,-0.10462328046560287,-0.0018689800053834915
2023-07-21 21:52:04.031000,-0.10167650133371353,-0.0019105853280052543
2023-07-21 21:53:03.808000,-0.11904628574848175,-0.0019206976285204291
2023-07-21 21:54:03.762000,-0.12397121638059616,-0.0019782776944339275
2023-07-21 21:55:03.891000,-0.1659950613975525,-0.0019242143025621772
2023-07-21 21:56:03.776000,-0.16988614201545715,-0.00191454344894737
2023-07-21 21:57:04.384000,-0.20522437989711761,-0.001920199953019619
2023-07-21 21:58:04.427000,-0.32104769349098206,-0.0019208649173378944
2023-07-21 21:59:04.683000,-0.30380284786224365,-0.0018872800283133984
2023-07-21 22:00:04.399000,-0.18210309743881226,-0.0018850000342354178
2023-07-21 22:01:03.974000,-0.15300878882408142,-0.0019126585684716702
2023-07-21 22:02:04.699000,-0.18261019885540009,-0.0018999024759978056
2023-07-21 22:03:04.270000,-0.20799586176872253,-0.0018949999939650297
2023-07-21 22:05:03.812000,-0.21056975424289703,-0.001999282045289874
2023-07-21 22:07:03.837000,-0.1831643283367157,-0.001967618940398097
2023-07-21 22:08:03.830000,-0.18113499879837036,-0.0019451621919870377
2023-07-21 22:09:03.758000,-0.18128830194473267,-0.001912151463329792
2023-07-21 22:10:03.802000,-0.15803270041942596,-0.0019169310107827187
2023-07-21 22:11:04.190000,-0.3137839138507843,-0.0018870476633310318
2023-07-21 22:14:03.773000,-0.08151321858167648,-0.0019335714168846607
2023-07-21 22:15:03.743000,-0.08057888597249985,-0.0020273427944630384
2023-07-21 22:16:04.184000,-0.11213546991348267,-0.0019823957700282335
2023-07-21 22:17:03.808000,-0.14248056709766388,-0.0019751875661313534
2023-07-21 22:19:03.819000,-0.2190408706665039,-0.0020841024816036224
2023-07-21 22:20:04.120000,-0.14644065499305725,-0.0020268685184419155
2023-07-21 22:21:03.788000,-0.14287813007831573,-0.0019436315633356571
2023-07-21 22:22:03.924000,-0.12404333055019379,-0.0019351080991327763
2023-07-21 22:23:03.743000,-0.12255223095417023,-0.0019796222914010286
2023-07-21 22:24:03.827000,-0.24191530048847198,-0.0019465652294456959
2023-07-21 22:25:03.836000,-0.29094216227531433,-0.0019681064877659082
2023-07-21 22:26:03.789000,-0.27197569608688354,-0.0019333094824105501
2023-07-21 22:27:03.893000,-0.17426761984825134,-0.0019707917235791683
2023-07-21 22:28:03.784000,-0.19166259467601776,-0.0019640850368887186
2023-07-21 22:29:03.742000,-0.18825028836727142,-0.001977914944291115
2023-07-21 22:30:03.853000,-0.16787976026535034,-0.0018883784068748355
2023-07-21 22:31:03.829000,-0.1611015796661377,-0.0019475249573588371
2023-07-21 22:32:03.796000,-0.15321309864521027,-0.001993733225390315
2023-07-21 22:33:03.807000,-0.15130649507045746,-0.001987772760912776
2023-07-21 22:34:03.770000,-0.152274951338768,-0.001937761902809143
2023-07-21 22:35:03.748000,-0.17213143408298492,-0.0019526249961927533
2023-07-21 22:36:03.787000,-0.22589659690856934,-0.0019400238525122404
2023-07-21 22:37:03.736000,-0.37329548597335815,-0.0019767347257584333
2023-07-21 22:38:03.785000,-0.34270811080932617,-0.0018670869758352637
2023-07-21 22:39:04.325000,-0.1529473066329956,-0.0019539999775588512
2023-07-21 22:40:04.342000,-0.10693290084600449,-0.0019705332815647125
2023-07-21 22:41:03.802000,-0.11004648357629776,-0.0018994651036337018
2023-07-21 22:42:03.728000,-0.11329659819602966,-0.0019378139404579997
2023-07-21 22:43:03.771000,-0.13353292644023895,-0.0020294091664254665
2023-07-21 22:45:03.746000,-0.16776613891124725,-0.0019914419390261173
2023-07-21 22:46:03.824000,-0.1628754436969757,-0.0019855371210724115
2023-07-21 22:47:03.757000,-0.32380950450897217,-0.00196670601144433
2023-07-21 22:48:04.092000,-0.29990604519844055,-0.001955074956640601
2023-07-21 22:49:03.774000,-0.2166794240474701,-0.001921911141835153
2023-07-21 22:50:03.846000,-0.11549988389015198,-0.0019217072986066341
2023-07-21 22:51:03.705000,-0.12749233841896057,-0.0019502105424180627
2023-07-21 22:52:03.713000,-0.1220821663737297,-0.0019155610352754593
2023-07-21 22:53:04.210000,-0.11649429798126221,-0.0018951999954879284
2023-07-21 22:54:03.718000,-0.09726053476333618,-0.001906511140987277
2023-07-21 22:55:03.792000,-0.12305386364459991,-0.0019295749953016639
2023-07-21 22:56:03.794000,-0.1278342306613922,-0.0019405250204727054
2023-07-21 22:57:03.786000,-0.14734934270381927,-0.001894222223199904
2023-07-21 22:58:03.770000,-0.1572517454624176,-0.0019137179479002953
2023-07-21 22:59:04.157000,-0.17469088733196259,-0.0018473953241482377
2023-07-21 23:00:04.100000,-0.3268304765224457,-0.0019505101954564452
2023-07-21 23:01:04.136000,-0.35366788506507874,-0.001917175017297268
2023-07-21 23:02:03.731000,-0.3248692452907562,-0.0018340833485126495
2023-07-21 23:03:03.778000,-0.20074132084846497,-0.001970121869817376
2023-07-21 23:04:03.817000,-0.16021348536014557,-0.0019494444131851196
2023-07-21 23:05:03.737000,-0.15940777957439423,-0.0019751025829464197
2023-07-21 23:06:03.824000,-0.16095472872257233,-0.001965159084647894
2023-07-21 23:07:03.795000,-0.18587353825569153,-0.0019196249777451158
2023-07-21 23:08:03.717000,-0.20489168167114258,-0.0018007442122325301
2023-07-21 23:09:04.295000,-0.20406752824783325,-0.0018196169985458255
2023-07-21 23:10:04.598000,-0.18900033831596375,-0.0018136976286768913
2023-07-21 23:11:03.745000,-0.11405778676271439,-0.0019176744390279055
2023-07-21 23:12:03.702000,-0.09891624748706818,-0.0019181111129000783
2023-07-21 23:13:03.718000,-0.19153669476509094,-0.0019509047269821167
2023-07-21 23:14:03.753000,-0.2693726718425751,-0.0019359090365469456
2023-07-21 23:15:03.760000,-0.24719206988811493,-0.0018852857174351811
2023-07-21 23:16:03.708000,-0.12048488110303879,-0.001895829802379012
2023-07-21 23:17:03.751000,-0.1346893608570099,-0.00196279538795352
2023-07-21 23:18:03.738000,-0.1668929159641266,-0.0018764634151011705
2023-07-21 23:19:03.728000,-0.2008015215396881,-0.0019116667099297047
2023-07-21 23:20:03.691000,-0.22123076021671295,-0.00192289799451828
2023-07-21 23:21:03.693000,-0.08630727976560593,-0.00190741999540478
2023-07-21 23:23:03.686000,-0.0809975191950798,-0.0019418095471337438
2023-07-21 23:24:03.694000,-0.07982604950666428,-0.0019058139296248555
2023-07-21 23:25:03.670000,-0.09259418398141861,-0.001884973724372685
2023-07-21 23:26:03.679000,-0.23692937195301056,-0.001953976694494486
2023-07-21 23:27:03.755000,-0.2300843596458435,-0.0019482563948258758
2023-07-21 23:28:04.154000,-0.17921921610832214,-0.0018627390963956714
2023-07-21 23:29:03.757000,-0.16815194487571716,-0.0019073542207479477
2023-07-21 23:30:03.708000,-0.19641607999801636,-0.0020081305410712957
2023-07-21 23:31:03.754000,-0.21026180684566498,-0.0019352857489138842
2023-07-21 23:32:03.792000,-0.20883338153362274,-0.0018658043118193746
2023-07-21 23:33:03.735000,-0.20281706750392914,-0.0019495115848258138
2023-07-21 23:34:04.114000,-0.17905384302139282,-0.0018919722642749548
2023-07-21 23:35:03.748000,-0.1613980531692505,-0.0019202340627089143
2023-07-21 23:36:03.741000,-0.2876579165458679,-0.0019371554953977466
2023-07-21 23:37:04.156000,-0.33265915513038635,-0.0018386428710073233
2023-07-21 23:38:03.701000,-0.2925466299057007,-0.0019126591505482793
2023-07-21 23:39:03.699000,-0.192534402012825,-0.0019592558965086937
2023-07-21 23:41:03.713000,-0.2094002664089203,-0.001975616905838251
2023-07-21 23:42:04.160000,-0.21361935138702393,-0.0019138444913551211
2023-07-21 23:43:03.790000,-0.21479590237140656,-0.00187495828140527
2023-07-21 23:44:03.771000,-0.20108084380626678,-0.0018705744296312332
2023-07-21 23:45:03.686000,-0.15582428872585297,-0.0018681110814213753
2023-07-21 23:46:03.837000,-0.1214161142706871,-0.001860976219177246
2023-07-21 23:47:03.708000,-0.13816651701927185,-0.0019464390352368355
2023-07-21 23:48:03.754000,-0.13446073234081268,-0.0018743469845503569
2023-07-21 23:49:03.747000,-0.24815839529037476,-0.0018561666365712881
2023-07-21 23:50:03.726000,-0.2963990569114685,-0.0018715000478550792
2023-07-21 23:51:03.788000,-0.30789726972579956,-0.00188834045547992
2023-07-21 23:52:03.965000,-0.2109079211950302,-0.001984186004847288
2023-07-21 23:53:03.700000,-0.16337652504444122,-0.0018358000088483095
2023-07-21 23:54:03.793000,-0.17824892699718475,-0.0019032745622098446
2023-07-21 23:55:03.741000,-0.18559277057647705,-0.0018763999687507749
2023-07-21 23:56:03.695000,-0.17150965332984924,-0.0019068666733801365
2023-07-21 23:57:03.702000,-0.16614681482315063,-0.0018897999543696642
2023-07-21 23:58:03.731000,-0.15943534672260284,-0.001955915242433548
2023-07-21 23:59:03.710000,-0.18878619372844696,-0.001917101675644517
2023-07-22 00:00:03.665000,-0.18129761517047882,-0.0018998077139258385
2023-07-22 00:01:03.714000,-0.18672384321689606,-0.0018700000364333391
2023-07-22 00:02:03.673000,-0.21188844740390778,-0.0018727626884356141
2023-07-22 00:03:03.679000,-0.3044895529747009,-0.0018618833273649216
2023-07-22 00:04:03.799000,-0.28313329815864563,-0.0018651521531865
2023-07-22 00:05:03.677000,-0.12180729955434799,-0.0018754908815026283
2023-07-22 00:06:03.880000,-0.10810205340385437,-0.0018966345814988017
2023-07-22 00:07:03.736000,-0.10715369880199432,-0.0019072166178375483
2023-07-22 00:08:03.666000,-0.13274818658828735,-0.0018928833305835724
2023-07-22 00:09:03.711000,-0.1347981095314026,-0.0019094821764156222
2023-07-22 00:10:03.749000,-0.15589414536952972,-0.0018964615883305669
2023-07-22 00:11:03.763000,-0.17071780562400818,-0.001885162782855332
2023-07-22 00:12:03.742000,-0.16411428153514862,-0.0019392400281503797
2023-07-22 00:13:03.661000,-0.15651147067546844,-0.0019164258847013116
2023-07-22 00:14:03.683000,-0.19019167125225067,-0.0019772592931985855
2023-07-22 00:15:03.746000,-0.3532581925392151,-0.0018031666986644268
2023-07-22 00:16:03.714000,-0.33850154280662537,-0.0019494898151606321
2023-07-22 00:17:04.225000,-0.162303626537323,-0.0020503876730799675
2023-07-22 00:18:03.723000,-0.10895398259162903,-0.0019593334291130304
2023-07-22 00:19:03.715000,-0.1213603988289833,-0.0020261607132852077
2023-07-22 00:20:03.685000,-0.12352090328931808,-0.0019209199817851186
2023-07-22 00:21:03.809000,-0.12103551626205444,-0.0019281016429886222
2023-07-22 00:22:03.713000,-0.10710263252258301,-0.0019451379776000977
2023-07-22 00:23:04.096000,-0.1362888365983963,-0.0018721750238910317
2023-07-22 00:24:03.703000,-0.14644084870815277,-0.00194540002848953
2023-07-22 00:25:03.693000,-0.2702094316482544,-0.0019628703594207764
2023-07-22 00:26:03.789000,-0.33315959572792053,-0.0018685178365558386
2023-07-22 00:27:03.719000,-0.2767537534236908,-0.0019513454753905535
2023-07-22 00:28:03.744000,-0.1298905462026596,-0.0018807000014930964
2023-07-22 00:29:03.682000,-0.1196199357509613,-0.00206447159871459
2023-07-22 00:30:03.673000,-0.10658441483974457,-0.001771239098161459
2023-07-22 00:31:03.808000,-0.10241398215293884,-0.001934116706252098
2023-07-22 00:32:03.760000,-0.09691508114337921,-0.0019163000397384167
2023-07-22 00:33:03.768000,-0.1177186518907547,-0.0018598135793581605
2023-07-22 00:34:03.672000,-0.13070204854011536,-0.0019986166153103113
2023-07-22 00:35:03.749000,-0.16595368087291718,-0.0019689833279699087
2023-07-22 00:36:04.164000,-0.17179036140441895,-0.0019501500064507127
2023-07-22 00:37:03.703000,-0.16191332042217255,-0.002014733385294676
2023-07-22 00:38:03.697000,-0.22256819903850555,-0.0020599665585905313
2023-07-22 00:39:04.103000,-0.3290121555328369,-0.002028099959716201
2023-07-22 00:40:04.145000,-0.3235298693180084,-0.0019546332769095898
2023-07-22 00:41:04.144000,-0.2602168619632721,-0.0020014916080981493
2023-07-22 00:43:03.707000,-0.18197615444660187,-0.001968550030142069
2023-07-22 00:44:03.695000,-0.1777217537164688,-0.0018816603114828467
2023-07-22 00:45:03.724000,-0.16846543550491333,-0.002043843036517501
2023-07-22 00:46:04.112000,-0.17906898260116577,-0.0019500167109072208
2023-07-22 00:47:03.734000,-0.18366125226020813,-0.0019828167278319597
2023-07-22 00:48:03.674000,-0.18658307194709778,-0.001941133290529251
2023-07-22 00:49:04.122000,-0.13885396718978882,-0.0019400338642299175
2023-07-22 00:50:03.737000,-0.11906231939792633,-0.0019835166167467833
2023-07-22 00:51:03.682000,-0.12525056302547455,-0.0019838500302284956
2023-07-22 00:52:03.673000,-0.2836056053638458,-0.0021087059285491705
2023-07-22 00:53:04.119000,-0.2195078283548355,-0.0019194666529074311
2023-07-22 00:54:03.653000,-0.08503161370754242,-0.002144533209502697
2023-07-22 00:55:03.742000,-0.04681079834699631,-0.002088442211970687
2023-07-22 00:56:03.670000,-0.07213834673166275,-0.0022006607614457607
2023-07-22 00:57:03.770000,-0.0967189148068428,-0.002293866593390703
2023-07-22 00:58:03.753000,-0.13588684797286987,-0.0019424667116254568
2023-07-22 00:59:03.732000,-0.13206595182418823,-0.001925066695548594
2023-07-22 01:01:03.665000,-0.15320517122745514,-0.001965881325304508
2023-07-22 01:02:03.739000,-0.14493149518966675,-0.0018763666739687324
2023-07-22 01:03:03.721000,-0.1480792760848999,-0.0021335165947675705
2023-07-22 01:04:04.155000,-0.31067097187042236,-0.0019327965565025806
2023-07-22 01:05:03.692000,-0.31149712204933167,-0.002018203493207693
2023-07-22 01:06:03.715000,-0.2829039394855499,-0.0019932833965867758
2023-07-22 01:07:03.775000,-0.18386688828468323,-0.0020152281504124403
2023-07-22 01:08:03.666000,-0.20057138800621033,-0.0020059782546013594
2023-07-22 01:09:03.852000,-0.189203143119812,-0.0019519490888342261
2023-07-22 01:10:03.791000,-0.1760128289461136,-0.0018987000221386552
2023-07-22 01:11:03.764000,-0.1721152663230896,-0.0019153050379827619
2023-07-22 01:12:03.796000,-0.16474545001983643,-0.001994310412555933
2023-07-22 01:13:03.699000,-0.1584225445985794,-0.001969400094822049
2023-07-22 01:14:03.728000,-0.1985025703907013,-0.0019678666722029448
2023-07-22 01:15:03.738000,-0.3506474196910858,-0.0020052166655659676
2023-07-22 01:16:03.663000,-0.3270108103752136,-0.0019566998817026615
2023-07-22 01:17:03.663000,-0.18655669689178467,-0.001969150034710765
2023-07-22 01:18:03.827000,-0.14342747628688812,-0.002049933420494199
2023-07-22 01:19:03.714000,-0.14524106681346893,-0.0018751185853034258
2023-07-22 01:20:03.740000,-0.16756781935691833,-0.0019599166698753834
2023-07-22 01:21:03.694000,-0.18808892369270325,-0.0019695665687322617
2023-07-22 01:22:03.748000,-0.2052905112504959,-0.0019196999492123723
2023-07-22 01:23:03.777000,-0.19259530305862427,-0.0019405500497668982
2023-07-22 01:24:03.747000,-0.13745830953121185,-0.0020290701650083065
2023-07-22 01:25:03.755000,-0.1264999508857727,-0.0020637288689613342
2023-07-22 01:26:03.771000,-0.114151231944561,-0.0020602333825081587
2023-07-22 01:27:03.689000,-0.13321514427661896,-0.0020863667596131563
2023-07-22 01:28:03.647000,-0.29782792925834656,-0.001996950013563037
2023-07-22 01:29:03.677000,-0.2961626648902893,-0.002033625030890107
2023-07-22 01:30:03.647000,-0.30177342891693115,-0.00212653330527246
2023-07-22 01:31:03.688000,-0.1707652360200882,-0.002105616731569171
2023-07-22 01:32:03.763000,-0.17045380175113678,-0.002191333333030343
2023-07-22 01:33:03.712000,-0.15524500608444214,-0.002052250085398555
2023-07-22 01:34:03.734000,-0.14326663315296173,-0.0020799334160983562
2023-07-22 01:35:03.787000,-0.1421089619398117,-0.0020425000693649054
2023-07-22 01:36:03.727000,-0.1625530868768692,-0.001970258541405201
2023-07-22 01:37:03.908000,-0.17238955199718475,-0.002140583237633109
2023-07-22 01:38:03.771000,-0.18985706567764282,-0.0019983898382633924
2023-07-22 01:39:03.753000,-0.15829001367092133,-0.0019018983002752066
2023-07-22 01:40:03.790000,-0.12731564044952393,-0.002111666603013873
2023-07-22 01:41:03.753000,-0.27391722798347473,-0.002067950088530779
2023-07-22 01:42:04.066000,-0.27165529131889343,-0.0019856500439345837
2023-07-22 01:43:03.755000,-0.18302394449710846,-0.002000249922275543
2023-07-22 01:44:03.646000,-0.1107928454875946,-0.0019893390126526356
2023-07-22 01:45:03.648000,-0.12318703532218933,-0.0019465084187686443
2023-07-22 01:46:03.763000,-0.15750087797641754,-0.0019509333651512861
2023-07-22 01:47:03.709000,-0.19818075001239777,-0.0020065084099769592
2023-07-22 01:48:03.988000,-0.21491622924804688,-0.0019456666195765138
2023-07-22 01:50:03.736000,-0.10922029614448547,-0.0019726334139704704
2023-07-22 01:51:03.671000,-0.10699128359556198,-0.0019662666600197554
2023-07-22 01:52:03.690000,-0.09895871579647064,-0.0018621219787746668
2023-07-22 01:53:03.679000,-0.18656478822231293,-0.0019024871289730072
2023-07-22 01:54:03.640000,-0.28183048963546753,-0.0019658084493130445
2023-07-22 01:55:03.743000,-0.29782748222351074,-0.0019516153261065483
2023-07-22 01:56:03.669000,-0.15778934955596924,-0.0021015151869505644
2023-07-22 01:57:03.731000,-0.14715880155563354,-0.0018745416309684515
2023-07-22 01:58:03.675000,-0.14461682736873627,-0.0018886735197156668
2023-07-22 01:59:03.703000,-0.14487847685813904,-0.0019127250416204333
2023-07-22 02:00:03.724000,-0.1530672013759613,-0.0018549555679783225
2023-07-22 02:01:03.804000,-0.16692478954792023,-0.0019554090686142445
2023-07-22 02:02:03.694000,-0.18393529951572418,-0.0019303255248814821
2023-07-22 02:03:03.701000,-0.1945195496082306,-0.0019486944656819105
2023-07-22 02:04:03.659000,-0.334181010723114,-0.0019029791001230478
2023-07-22 02:05:03.791000,-0.3458026945590973,-0.0019361750455573201
2023-07-22 02:06:03.682000,-0.27151742577552795,-0.0018972187535837293
2023-07-22 02:07:03.634000,-0.1760416030883789,-0.0018640769412741065
2023-07-22 02:08:03.631000,-0.19995972514152527,-0.002009428571909666
2023-07-22 02:09:04.263000,-0.20455577969551086,-0.0018733333563432097
2023-07-22 02:10:03.729000,-0.2204388529062271,-0.001945391297340393
2023-07-22 02:11:03.702000,-0.1665544956922531,-0.0018887727055698633
2023-07-22 02:12:03.672000,-0.13673222064971924,-0.002099888864904642
2023-07-22 02:13:03.672000,-0.12073840200901031,-0.001977640902623534
2023-07-22 02:14:03.668000,-0.11080064624547958,-0.0019155142363160849
2023-07-22 02:15:03.766000,-0.10932499915361404,-0.0019550512079149485
2023-07-22 02:16:03.660000,-0.11163800209760666,-0.0019317073747515678
2023-07-22 02:17:03.730000,-0.29370424151420593,-0.001860585412941873
2023-07-22 02:18:03.739000,-0.33984658122062683,-0.0018802438862621784
2023-07-22 02:19:03.711000,-0.3662374019622803,-0.0018817599629983306
2023-07-22 02:20:03.872000,-0.18252471089363098,-0.0019365348853170872
2023-07-22 02:21:04,-0.11853864789009094,-0.0019176086643710732
2023-07-22 02:22:03.703000,-0.11168859899044037,-0.001834317110478878
2023-07-22 02:23:03.764000,-0.11132848262786865,-0.0019682380370795727
2023-07-22 02:24:03.727000,-0.11085426807403564,-0.001881181844510138
2023-07-22 02:25:03.655000,-0.11028850078582764,-0.0019381666788831353
2023-07-22 02:26:04.092000,-0.1261671930551529,-0.0019112777663394809
2023-07-22 02:27:03.696000,-0.15051241219043732,-0.0018752249889075756
2023-07-22 02:28:03.638000,-0.15464577078819275,-0.0018270000582560897
2023-07-22 02:29:03.726000,-0.16153737902641296,-0.001961899921298027
2023-07-22 02:30:03.647000,-0.2654212713241577,-0.0019516521133482456
2023-07-22 02:31:03.619000,-0.3187834620475769,-0.001826317049562931
2023-07-22 02:32:03.706000,-0.24828161299228668,-0.0019565110560506582
2023-07-22 02:33:03.673000,-0.1414375603199005,-0.001890804385766387
2023-07-22 02:34:03.614000,-0.15619897842407227,-0.0018543513724580407
2023-07-22 02:35:03.739000,-0.16433873772621155,-0.0018999555613845587
2023-07-22 02:36:03.628000,-0.16765718162059784,-0.001959800021722913
2023-07-22 02:37:03.720000,-0.15235263109207153,-0.0020073673222213984
2023-07-22 02:38:03.627000,-0.14559295773506165,-0.001983877969905734
2023-07-22 02:39:03.810000,-0.14521078765392303,-0.001910333288833499
2023-07-22 02:40:03.681000,-0.14770832657814026,-0.0019580665975809097
2023-07-22 02:41:03.729000,-0.18036997318267822,-0.001953552709892392
2023-07-22 02:42:03.762000,-0.3622616231441498,-0.001964020077139139
2023-07-22 02:43:03.658000,-0.3776167035102844,-0.002013878896832466
2023-07-22 02:44:03.801000,-0.28877606987953186,-0.0019654359202831984
2023-07-22 02:45:03.614000,-0.11710666865110397,-0.0019196666544303298
2023-07-22 02:46:03.703000,-0.10947190225124359,-0.0017626154003664851
2023-07-22 02:47:03.644000,-0.10714248567819595,-0.001967649906873703
2023-07-22 02:48:03.661000,-0.10762248188257217,-0.0019447297090664506
2023-07-22 02:49:03.762000,-0.11032655090093613,-0.002009968739002943
2023-07-22 02:50:03.669000,-0.12589049339294434,-0.0019322953885421157
2023-07-22 02:51:03.743000,-0.15736590325832367,-0.001999977743253112
2023-07-22 02:52:03.724000,-0.15033316612243652,-0.0019593590404838324
2023-07-22 02:53:03.756000,-0.3414384424686432,-0.001987833296880126
2023-07-22 02:54:03.766000,-0.3050355315208435,-0.0020209772046655416
2023-07-22 02:55:03.770000,-0.19843879342079163,-0.001939674955792725
2023-07-22 02:56:03.698000,-0.13964255154132843,-0.0019895348232239485
2023-07-22 02:57:03.819000,-0.1440499871969223,-0.0019707500468939543
2023-07-22 02:58:03.650000,-0.1867407262325287,-0.0019561999943107367
2023-07-22 02:59:03.700000,-0.23666459321975708,-0.0019798604771494865
2023-07-22 03:00:03.692000,-0.22455929219722748,-0.0019746667239814997
2023-07-22 03:01:03.657000,-0.07924884557723999,-0.0019857906736433506
2023-07-22 03:02:03.642000,-0.06351380050182343,-0.002014409052208066
2023-07-22 03:03:03.639000,-0.06173434853553772,-0.0019609767477959394
2023-07-22 03:04:03.650000,-0.059945233166217804,-0.0019231666810810566
2023-07-22 03:05:04.014000,-0.06187465041875839,-0.00199612183496356
2023-07-22 03:06:03.646000,-0.27137506008148193,-0.0019542889203876257
2023-07-22 03:07:03.639000,-0.2978396713733673,-0.0019210217287763953
2023-07-22 03:08:03.758000,-0.3436511754989624,-0.001958874985575676
2023-07-22 03:09:03.621000,-0.23298297822475433,-0.0019511395366862416
2023-07-22 03:10:03.621000,-0.18320010602474213,-0.001958886394277215
2023-07-22 03:11:03.612000,-0.1623849719762802,-0.001984108006581664
2023-07-22 03:12:03.615000,-0.17130590975284576,-0.0019729582127183676
2023-07-22 03:13:03.656000,-0.1745869517326355,-0.00196234043687582
2023-07-22 03:14:03.610000,-0.1756936013698578,-0.0019184999400749803
2023-07-22 03:15:03.646000,-0.167750746011734,-0.0019525999668985605
2023-07-22 03:16:03.667000,-0.16177082061767578,-0.0020401396322995424
2023-07-22 03:17:03.682000,-0.17147958278656006,-0.0019658957608044147
2023-07-22 03:18:03.614000,-0.16960661113262177,-0.0019370951922610402
2023-07-22 03:19:03.624000,-0.30932924151420593,-0.0019301394931972027
2023-07-22 03:20:03.669000,-0.35178831219673157,-0.0019704254809767008
2023-07-22 03:21:03.687000,-0.28233999013900757,-0.0019143404206261039
2023-07-22 03:22:03.700000,-0.2063223123550415,-0.0020219269208610058
2023-07-22 03:23:03.666000,-0.21406061947345734,-0.0018958139698952436
2023-07-22 03:24:03.635000,-0.21569159626960754,-0.0018883902812376618
2023-07-22 03:25:03.761000,-0.1985456794500351,-0.0019159333314746618
2023-07-22 03:26:03.608000,-0.19494090974330902,-0.0019970498979091644
2023-07-22 03:27:03.598000,-0.19561296701431274,-0.0019273902289569378
2023-07-22 03:28:03.702000,-0.20017947256565094,-0.001962704584002495
2023-07-22 03:29:03.680000,-0.21797972917556763,-0.0019073333824053407
2023-07-22 03:30:03.643000,-0.2415105104446411,-0.0020005102269351482
2023-07-22 03:31:03.723000,-0.3803684711456299,-0.0019402307225391269
2023-07-22 03:32:03.627000,-0.3332665264606476,-0.001998150022700429
2023-07-22 03:33:03.623000,-0.3029637932777405,-0.001959756016731262
2023-07-22 03:34:03.713000,-0.14732077717781067,-0.0019476176239550114
2023-07-22 03:35:03.748000,-0.14208373427391052,-0.0019580000080168247
2023-07-22 03:36:03.761000,-0.13339918851852417,-0.001966384705156088
2023-07-22 03:37:03.670000,-0.13285204768180847,-0.0019943572115153074
2023-07-22 03:38:03.623000,-0.15143275260925293,-0.0019420243334025145
2023-07-22 03:39:03.683000,-0.1642773598432541,-0.0019887234084308147
2023-07-22 03:40:03.726000,-0.18490274250507355,-0.0019799303263425827
2023-07-22 03:41:03.609000,-0.19707781076431274,-0.0019698478281497955
2023-07-22 03:42:03.797000,-0.2851448953151703,-0.0019959756173193455
2023-07-22 03:43:03.662000,-0.2613622546195984,-0.001971048768609762
2023-07-22 03:44:03.757000,-0.15445370972156525,-0.001938547589816153
2023-07-22 03:45:04.015000,-0.10217191278934479,-0.00194304168689996
2023-07-22 03:46:03.765000,-0.12216590344905853,-0.0019435128197073936
2023-07-22 03:47:03.668000,-0.12784366309642792,-0.0019430682295933366
2023-07-22 03:48:03.789000,-0.13956931233406067,-0.001975844381377101
2023-07-22 03:49:04.028000,-0.13074253499507904,-0.00197093328461051
2023-07-22 03:50:03.971000,-0.14479486644268036,-0.0019866665825247765
2023-07-22 03:51:04.031000,-0.15570712089538574,-0.001952611142769456
2023-07-22 03:53:04.023000,-0.14290745556354523,-0.002002950059249997
2023-07-22 03:54:04.054000,-0.16136106848716736,-0.0019210244063287973
2023-07-22 03:55:03.984000,-0.35274842381477356,-0.001932926825247705
2023-07-22 03:56:04.003000,-0.3354504406452179,-0.0020178158301860094
2023-07-22 03:57:03.992000,-0.3042397201061249,-0.002001160057261586
2023-07-22 03:58:03.709000,-0.1428295224905014,-0.0019531818106770515
2023-07-22 03:59:04.002000,-0.1434972882270813,-0.001900837174616754
2023-07-22 04:01:03.845000,-0.15524636209011078,-0.0018717317143455148
2023-07-22 04:02:03.708000,-0.17510104179382324,-0.001948808552697301
2023-07-22 04:03:03.789000,-0.19981278479099274,-0.0019288095645606518
2023-07-22 04:04:03.851000,-0.2099316567182541,-0.0019623846746981144
2023-07-22 04:05:03.809000,-0.19250892102718353,-0.0019479511538520455
2023-07-22 04:07:04.188000,-0.10906941443681717,-0.0018525365740060806
2023-07-22 04:08:03.940000,-0.22649045288562775,-0.001908404752612114
2023-07-22 04:09:03.990000,-0.2717341482639313,-0.0019603902474045753
2023-07-22 04:10:03.989000,-0.22796019911766052,-0.00194593018386513
2023-07-22 04:11:03.732000,-0.13213934004306793,-0.0018995365826413035
2023-07-22 04:12:03.995000,-0.12131024897098541,-0.0019474643049761653
2023-07-22 04:13:04.082000,-0.11427994817495346,-0.0019457691814750433
2023-07-22 04:14:03.908000,-0.12208110094070435,-0.002000679960474372
2023-07-22 04:15:04.011000,-0.14231234788894653,-0.001949038472957909
2023-07-22 04:16:04.004000,-0.14421434700489044,-0.001953545492142439
2023-07-22 04:17:03.766000,-0.14206308126449585,-0.0018863528966903687
2023-07-22 04:20:03.793000,-0.20837248861789703,-0.001952374936081469
2023-07-22 04:21:03.781000,-0.35856175422668457,-0.0019000731408596039
2023-07-22 04:22:04.084000,-0.34465542435646057,-0.0019424210768193007
2023-07-22 04:23:03.878000,-0.21267585456371307,-0.0019420000026002526
2023-07-22 04:24:03.994000,-0.10832478106021881,-0.0019324615132063627
2023-07-22 04:25:04.165000,-0.10811413079500198,-0.001995339524000883
2023-07-22 04:26:04.077000,-0.12700800597667694,-0.0019449000246822834
2023-07-22 04:27:03.715000,-0.12923814356327057,-0.001953605329617858
2023-07-22 04:28:03.867000,-0.1309291124343872,-0.002013124991208315
2023-07-22 04:29:03.619000,-0.1094258651137352,-0.00195402093231678
2023-07-22 04:30:03.679000,-0.1235630139708519,-0.0019492791034281254
2023-07-22 04:31:03.776000,-0.17253053188323975,-0.002032489748671651
2023-07-22 04:32:03.718000,-0.34835079312324524,-0.0019427272491157055
2023-07-22 04:33:04.054000,-0.3230138421058655,-0.0019425932550802827
2023-07-22 04:34:04.111000,-0.16043776273727417,-0.0019535499159246683
2023-07-22 04:35:03.719000,-0.1199423149228096,-0.001961233327165246
2023-07-22 04:36:04.080000,-0.11931969970464706,-0.001897716661915183
2023-07-22 04:37:03.395000,-0.0976269319653511,-0.0019353220704942942
2023-07-22 04:38:03.408000,-0.09627066552639008,-0.0019426333019509912
2023-07-22 04:39:04.058000,-0.0751148983836174,-0.0019287166651338339
2023-07-22 04:41:03.419000,-0.07979536801576614,-0.0019524333765730262
2023-07-22 04:42:03.469000,-0.12220501899719238,-0.0019278667168691754
2023-07-22 04:43:03.387000,-0.12500350177288055,-0.001960400026291609
2023-07-22 04:44:03.434000,-0.12371549755334854,-0.0019175931811332703
2023-07-22 04:45:03.460000,-0.1968933343887329,-0.0019003000343218446
2023-07-22 04:46:03.421000,-0.3066122531890869,-0.00195376668125391
2023-07-22 04:47:03.388000,-0.3434392809867859,-0.0018442500149831176
2023-07-22 04:48:03.431000,-0.28573235869407654,-0.0018807833548635244
2023-07-22 04:49:03.543000,-0.19486360251903534,-0.0019647758454084396
2023-07-22 04:50:03.430000,-0.22196924686431885,-0.002003900008276105
2023-07-22 04:51:03.412000,-0.22559109330177307,-0.0019461499759927392
2023-07-22 04:52:03.500000,-0.2166573405265808,-0.0018707287963479757
2023-07-22 04:53:03.333000,-0.19859515130519867,-0.0019376333802938461
2023-07-22 04:54:03.535000,-0.20115582644939423,-0.0019264499424025416
2023-07-22 04:55:03.411000,-0.20440731942653656,-0.0019341395236551762
2023-07-22 04:56:03.450000,-0.14599178731441498,-0.0019425833597779274
2023-07-22 04:57:03.404000,-0.12428158521652222,-0.001953741302713752
2023-07-22 04:58:03.468000,-0.1458788365125656,-0.001957116648554802
2023-07-22 04:59:03.389000,-0.2698625922203064,-0.0019224999705329537
2023-07-22 05:00:03.396000,-0.305558979511261,-0.0019177499925717711
2023-07-22 05:01:03.471000,-0.22309835255146027,-0.001822762656956911
2023-07-22 05:02:03.400000,-0.11464716494083405,-0.0018789833411574364
2023-07-22 05:03:03.437000,-0.12709374725818634,-0.0018828448373824358
2023-07-22 05:04:03.442000,-0.15036244690418243,-0.0019420000026002526
2023-07-22 05:06:03.485000,-0.16735251247882843,-0.001989813521504402
2023-07-22 05:07:03.371000,-0.12642143666744232,-0.0019829499069601297
2023-07-22 05:08:03.439000,-0.13269343972206116,-0.0019833166152238846
2023-07-22 05:09:03.637000,-0.11183864623308182,-0.0019713332876563072
2023-07-22 05:10:03.458000,-0.11291161924600601,-0.0019513167208060622
2023-07-22 05:11:03.359000,-0.11358734965324402,-0.0019397500436753035
2023-07-22 05:12:03.509000,-0.27671441435813904,-0.0019574500620365143
2023-07-22 05:13:03.431000,-0.2909146845340729,-0.001926333294250071
2023-07-22 05:14:03.451000,-0.23923850059509277,-0.0019484333461150527
2023-07-22 05:15:03.368000,-0.16996672749519348,-0.0019545000977814198
2023-07-22 05:16:03.431000,-0.17196643352508545,-0.001973372884094715
2023-07-22 05:17:03.415000,-0.14391331374645233,-0.0020065761636942625
2023-07-22 05:18:03.949000,-0.1414864957332611,-0.0019940666388720274
2023-07-22 05:19:03.413000,-0.1405559480190277,-0.0019430166576057673
2023-07-22 05:20:03.379000,-0.14019861817359924,-0.001978016924113035
2023-07-22 05:21:03.451000,-0.14997318387031555,-0.001963533228263259
2023-07-22 05:22:03.343000,-0.22888082265853882,-0.0019974333699792624
2023-07-22 05:23:03.353000,-0.3840409815311432,-0.0020215832628309727
2023-07-22 05:24:03.427000,-0.3695659637451172,-0.0019903334323316813
2023-07-22 05:25:03.514000,-0.23455874621868134,-0.0019916165620088577
2023-07-22 05:26:03.423000,-0.18765413761138916,-0.00196436676196754
2023-07-22 05:27:03.383000,-0.18296465277671814,-0.001988349948078394
2023-07-22 05:28:03.386000,-0.18056102097034454,-0.0019633499905467033
2023-07-22 05:29:03.349000,-0.18120607733726501,-0.001992050791159272
2023-07-22 05:30:03.515000,-0.17198124527931213,-0.001968983095139265
2023-07-22 05:31:03.316000,-0.13239891827106476,-0.0019476000452414155
2023-07-22 05:32:03.371000,-0.1076025515794754,-0.002003083238378167
2023-07-22 05:33:03.423000,-0.07826951891183853,-0.002033500000834465
2023-07-22 05:34:03.389000,-0.0792427510023117,-0.0019473773427307606
2023-07-22 05:35:03.394000,-0.07995309680700302,-0.0020806610118597746
2023-07-22 05:36:03.371000,-0.1727362871170044,-0.0020551499910652637
2023-07-22 05:37:03.407000,-0.3027271032333374,-0.00203399988822639
2023-07-22 05:38:03.379000,-0.34697848558425903,-0.0020198149140924215
2023-07-22 05:39:03.377000,-0.3004359006881714,-0.0019601851236075163
2023-07-22 05:40:03.416000,-0.20595286786556244,-0.0019387833308428526
2023-07-22 05:41:03.332000,-0.19731862843036652,-0.001967457588762045
2023-07-22 05:42:03.399000,-0.1870087832212448,-0.0019737998954951763
2023-07-22 05:43:03.406000,-0.17804953455924988,-0.001944716670550406
2023-07-22 05:44:03.499000,-0.17435413599014282,-0.0020124237053096294
2023-07-22 05:45:03.312000,-0.17484208941459656,-0.0019043999491259456
2023-07-22 05:46:03.316000,-0.15908052027225494,-0.001921933377161622
2023-07-22 05:47:03.365000,-0.13573606312274933,-0.0019357999553903937
2023-07-22 05:48:03.403000,-0.12121983617544174,-0.0019665933214128017
2023-07-22 05:49:03.277000,-0.09914469718933105,-0.001949799945577979
2023-07-22 05:50:03.338000,-0.2367590069770813,-0.0019322069128975272
2023-07-22 05:51:03.375000,-0.26605015993118286,-0.0019553264137357473
2023-07-22 05:52:03.384000,-0.19431442022323608,-0.0019446606747806072
2023-07-22 05:53:03.404000,-0.13903319835662842,-0.0019161199452355504
2023-07-22 05:54:03.406000,-0.19514276087284088,-0.00199621869251132
2023-07-22 05:55:03.345000,-0.21675246953964233,-0.001934877596795559
2023-07-22 05:56:03.407000,-0.18065403401851654,-0.001951464219018817
2023-07-22 05:57:03.364000,-0.1111513152718544,-0.0019436333095654845
2023-07-22 05:58:03.410000,-0.11214913427829742,-0.0019540167413651943
2023-07-22 05:59:03.279000,-0.11127685010433197,-0.0019866665825247765
2023-07-22 06:00:03.405000,-0.11022323369979858,-0.002009186428040266
2023-07-22 06:01:03.399000,-0.12151355296373367,-0.0019429833628237247
2023-07-22 06:02:03.293000,-0.1446758210659027,-0.0020175999961793423
2023-07-22 06:03:03.302000,-0.3234414756298065,-0.0019959667697548866
2023-07-22 06:04:03.380000,-0.32927700877189636,-0.0019811498932540417
2023-07-22 06:05:03.330000,-0.28016015887260437,-0.001960016554221511
2023-07-22 06:06:03.321000,-0.1758003681898117,-0.0019897499587386847
2023-07-22 06:07:03.309000,-0.17004811763763428,-0.0019806362688541412
2023-07-22 06:08:03.262000,-0.16326257586479187,-0.001958103384822607
2023-07-22 06:09:03.318000,-0.16508914530277252,-0.0019455166766420007
2023-07-22 06:10:03.375000,-0.18554334342479706,-0.001973559381440282
2023-07-22 06:11:03.315000,-0.18205423653125763,-0.001978982938453555
2023-07-22 06:12:03.352000,-0.16611580550670624,-0.002001049928367138
2023-07-22 06:13:03.363000,-0.16940945386886597,-0.0019911499693989754
2023-07-22 06:14:03.310000,-0.36199507117271423,-0.0019741998985409737
2023-07-22 06:15:03.464000,-0.3387153744697571,-0.0019345333566889167
2023-07-22 06:16:03.359000,-0.195383682847023,-0.0020105333533138037
2023-07-22 06:17:03.244000,-0.10424711555242538,-0.0019465762889012694
2023-07-22 06:18:03.266000,-0.12352333217859268,-0.0019488167017698288
2023-07-22 06:19:03.375000,-0.1215180829167366,-0.001924067852087319
2023-07-22 06:20:03.771000,-0.11867408454418182,-0.0019301000284031034
2023-07-22 06:21:03.258000,-0.1093132495880127,-0.0019327499903738499
2023-07-22 06:22:03.334000,-0.1286327838897705,-0.0019266000017523766
2023-07-22 06:23:03.306000,-0.14774377644062042,-0.0019418667070567608
2023-07-22 06:24:03.368000,-0.17893418669700623,-0.0019649832975119352
2023-07-22 06:25:03.290000,-0.17463165521621704,-0.001960576279088855
2023-07-22 06:26:03.274000,-0.13174830377101898,-0.0020523560233414173
2023-07-22 06:27:03.347000,-0.2024107426404953,-0.001965116709470749
2023-07-22 06:28:03.299000,-0.3074345886707306,-0.0020064832642674446
2023-07-22 06:29:03.281000,-0.2766011953353882,-0.0019978333730250597
2023-07-22 06:30:03.332000,-0.2238869071006775,-0.002022583270445466
2023-07-22 06:31:03.274000,-0.10775324702262878,-0.002089237328618765
2023-07-22 06:32:03.273000,-0.113864965736866,-0.0020092332269996405
2023-07-22 06:33:03.336000,-0.12046024948358536,-0.0020208999048918486
2023-07-22 06:34:03.271000,-0.16171090304851532,-0.0019283953588455915
2023-07-22 06:35:03.291000,-0.16564859449863434,-0.001976559404283762
2023-07-22 06:36:03.281000,-0.16063368320465088,-0.002090694848448038
2023-07-22 06:37:03.333000,-0.13959243893623352,-0.0019539999775588512
2023-07-22 06:38:03.227000,-0.13829100131988525,-0.0019049333641305566
2023-07-22 06:39:03.544000,-0.1376458704471588,-0.0019100999925285578
2023-07-22 06:40:03.276000,-0.13705967366695404,-0.0018987333169206977
2023-07-22 06:41:03.356000,-0.2512738108634949,-0.002054881304502487
2023-07-22 06:42:03.259000,-0.3421424925327301,-0.002070249989628792
2023-07-22 06:43:03.330000,-0.29627686738967896,-0.0020779334008693695
2023-07-22 06:44:03.265000,-0.17269721627235413,-0.0021124500781297684
2023-07-22 06:45:03.330000,-0.15419647097587585,-0.0021194000728428364
2023-07-22 06:46:03.365000,-0.19829262793064117,-0.0020241865422576666
2023-07-22 06:47:03.310000,-0.22609657049179077,-0.001949433353729546
2023-07-22 06:48:03.352000,-0.22948980331420898,-0.0020019332878291607
2023-07-22 06:49:03.353000,-0.23076055943965912,-0.001956896623596549
2023-07-22 06:50:03.294000,-0.17110271751880646,-0.0020340667106211185
2023-07-22 06:51:03.215000,-0.171736478805542,-0.0020352033898234367
2023-07-22 06:52:03.348000,-0.13703030347824097,-0.002017966704443097
2023-07-22 06:53:03.309000,-0.05109178274869919,-0.0021389001049101353
2023-07-22 06:54:03.198000,-0.1825968474149704,-0.0021071999799460173
2023-07-22 06:55:03.309000,-0.21146441996097565,-0.002213966567069292
2023-07-22 06:56:03.311000,-0.21592582762241364,-0.002079299883916974
2023-07-22 06:57:03.273000,-0.07528303563594818,-0.0019613332115113735
2023-07-22 06:58:03.305000,-0.11075198650360107,-0.0021207635290920734
2023-07-22 06:59:03.266000,-0.11291138082742691,-0.00203484995290637
2023-07-22 07:00:03.219000,-0.1425088793039322,-0.0020583167206496
2023-07-22 07:01:03.239000,-0.18113906681537628,-0.0020183667074888945
2023-07-22 07:02:03.252000,-0.19400924444198608,-0.0020257332362234592
2023-07-22 07:03:03.298000,-0.1992308348417282,-0.0019753333181142807
2023-07-22 07:04:03.217000,-0.2272927165031433,-0.002009355928748846
2023-07-22 07:05:03.238000,-0.4345826208591461,-0.001990216551348567
2023-07-22 07:06:03.276000,-0.4247610569000244,-0.0019866167567670345
2023-07-22 07:07:03.257000,-0.2861681878566742,-0.0020051999017596245
2023-07-22 07:08:03.300000,-0.16615961492061615,-0.0020087165758013725
2023-07-22 07:09:03.717000,-0.15035051107406616,-0.0019924500957131386
2023-07-22 07:10:03.283000,-0.14898565411567688,-0.0019187333527952433
2023-07-22 07:11:03.324000,-0.1482880562543869,-0.0017770339036360383
2023-07-22 07:12:03.239000,-0.15091976523399353,-0.0017589322524145246
2023-07-22 07:13:03.279000,-0.15392981469631195,-0.001982300076633692
2023-07-22 07:14:03.277000,-0.1910109668970108,-0.0018565000500530005
2023-07-22 07:15:03.230000,-0.2040410339832306,-0.0019340666476637125
2023-07-22 07:16:03.346000,-0.20549294352531433,-0.0018903957679867744
2023-07-22 07:17:03.243000,-0.13765467703342438,-0.002036333316937089
2023-07-22 07:18:03.315000,-0.159317746758461,-0.002146983053535223
2023-07-22 07:19:03.312000,-0.2815203070640564,-0.0020145000889897346
2023-07-22 07:20:03.312000,-0.2720854580402374,-0.002178322058171034
2023-07-22 07:21:03.310000,-0.24141167104244232,-0.002081233309581876
2023-07-22 07:22:03.325000,-0.14165742695331573,-0.002042677951976657
2023-07-22 07:23:03.175000,-0.14424867928028107,-0.0020628334023058414
2023-07-22 07:24:03.249000,-0.16368664801120758,-0.0019581227097660303
2023-07-22 07:25:03.260000,-0.15454907715320587,-0.0019624694250524044
2023-07-22 07:26:03.242000,-0.174439936876297,-0.0019353898242115974
2023-07-22 07:27:03.230000,-0.17030510306358337,-0.001920883310958743
2023-07-22 07:28:03.250000,-0.16086819767951965,-0.0019397627329453826
2023-07-22 07:29:03.272000,-0.17047643661499023,-0.0019635295029729605
2023-07-22 07:30:03.261000,-0.19766032695770264,-0.0019520221976563334
2023-07-22 07:31:03.182000,-0.19659802317619324,-0.0019320666324347258
2023-07-22 07:32:03.206000,-0.2877603769302368,-0.0019303050357848406
2023-07-22 07:33:03.183000,-0.5647208094596863,-0.0019227833254262805
2023-07-22 07:34:03.391000,-0.5347115397453308,-0.0019552833400666714
2023-07-22 07:35:03.211000,-0.41071316599845886,-0.0019460166804492474
2023-07-22 07:36:03.222000,-0.4021645784378052,-0.0020017167553305626
2023-07-22 07:37:03.241000,-0.4055109918117523,-0.0020141666755080223
2023-07-22 07:38:03.294000,-0.42230820655822754,-0.0019854914862662554
2023-07-22 07:39:03.423000,-0.4216768145561218,-0.001970049925148487
2023-07-22 07:40:03.267000,-0.4148663878440857,-0.0019117000047117472
2023-07-22 07:41:03.202000,-0.4054734408855438,-0.0019590333104133606
2023-07-22 07:42:03.163000,-0.4077274799346924,-0.0019396666903048754
2023-07-22 07:43:03.244000,-0.4086112082004547,-0.001966694835573435
2023-07-22 07:44:03.183000,-0.40884852409362793,-0.0019643898122012615
2023-07-22 07:45:03.163000,-0.5218940377235413,-0.0019494745647534728
2023-07-22 07:46:03.143000,-0.4770526885986328,-0.0020474332850426435
2023-07-22 07:47:03.306000,-0.3952108919620514,-0.0018552166875451803
2023-07-22 07:48:03.318000,-0.12439724802970886,-0.0019669332541525364
2023-07-22 07:49:03.284000,-0.1078602522611618,-0.001960847759619355
2023-07-22 07:50:03.220000,-0.10776016861200333,-0.0020285332575440407
2023-07-22 07:51:03.225000,-0.10768238455057144,-0.001934105297550559
2023-07-22 07:52:03.271000,-0.10709639638662338,-0.0019924186635762453
2023-07-22 07:53:03.222000,-0.07798796892166138,-0.0019756110850721598
2023-07-22 07:54:03.191000,-0.14148631691932678,-0.002003563567996025
2023-07-22 07:56:03.293000,-0.32055968046188354,-0.0019646501168608665
2023-07-22 07:57:03.191000,-0.30569586157798767,-0.001991699915379286
2023-07-22 07:58:03.226000,-0.22889837622642517,-0.001961983274668455
2023-07-22 07:59:03.284000,-0.15009154379367828,-0.001948149991221726
2023-07-22 08:00:03.188000,-0.17265674471855164,-0.001960813533514738
2023-07-22 08:01:03.273000,-0.24184946715831757,-0.0019561166409403086
2023-07-22 08:02:03.261000,-0.2769224941730499,-0.0019195833010599017
2023-07-22 08:03:03.175000,-0.2821791470050812,-0.0019479666370898485
2023-07-22 08:04:03.272000,-0.28665539622306824,-0.0019416440045461059
2023-07-22 08:05:03.213000,-0.27706146240234375,-0.0018897500121966004
2023-07-22 08:06:03.211000,-0.27056655287742615,-0.001940599991939962
2023-07-22 08:07:03.220000,-0.24292922019958496,-0.0018774042837321758
2023-07-22 08:08:03.148000,-0.23998220264911652,-0.0018916166154667735
2023-07-22 08:09:03.331000,-0.29578712582588196,-0.00201029097661376
2023-07-22 08:10:03.187000,-0.444754421710968,-0.0019313499797135592
2023-07-22 08:11:03.223000,-0.41693466901779175,-0.001901636365801096
2023-07-22 08:12:03.232000,-0.3407972455024719,-0.0019146499689668417
2023-07-22 08:13:03.198000,-0.21573254466056824,-0.0019199999514967203
2023-07-22 08:14:03.257000,-0.2066149264574051,-0.0019267755560576916
2023-07-22 08:15:03.225000,-0.20409168303012848,-0.001921933377161622
2023-07-22 08:16:03.155000,-0.1978856772184372,-0.0019132833695039153
2023-07-22 08:17:03.189000,-0.20334292948246002,-0.0019513500155881047
2023-07-22 08:18:03.144000,-0.21848146617412567,-0.0019281833665445447
2023-07-22 08:19:03.199000,-0.21857950091362,-0.0019200678216293454
2023-07-22 08:20:03.199000,-0.21084082126617432,-0.001930966624058783
2023-07-22 08:21:03.260000,-0.19735608994960785,-0.0019610526505857706
2023-07-22 08:22:03.138000,-0.19602958858013153,-0.00197779992595315
2023-07-22 08:23:03.157000,-0.3125978410243988,-0.0019478666363283992
2023-07-22 08:24:03.179000,-0.35628995299339294,-0.0019004166824743152
2023-07-22 08:25:03.234000,-0.3166491389274597,-0.0019348666537553072
2023-07-22 08:26:03.201000,-0.23920920491218567,-0.0019313499797135592
2023-07-22 08:27:03.180000,-0.2488081306219101,-0.001988216768950224
2023-07-22 08:28:03.339000,-0.24252130091190338,-0.0018902333686128259
2023-07-22 08:29:03.313000,-0.22967274487018585,-0.0019502666546031833
2023-07-22 08:30:03.117000,-0.23378057777881622,-0.0019160174997523427
2023-07-22 08:31:03.195000,-0.1580781787633896,-0.0018809667089954019
2023-07-22 08:32:03.086000,-0.11963903158903122,-0.001989224227145314
2023-07-22 08:33:03.205000,-0.11971613019704819,-0.0019610999152064323
2023-07-22 08:34:03.196000,-0.1302257627248764,-0.0019550167489796877
2023-07-22 08:35:03.282000,-0.20394474267959595,-0.001994107151404023
2023-07-22 08:36:03.160000,-0.290706068277359,-0.0020061249379068613
2023-07-22 08:37:03.157000,-0.28488487005233765,-0.0019177000503987074
2023-07-22 08:38:03.209000,-0.1913713663816452,-0.0019320345018059015
2023-07-22 08:39:03.094000,-0.18094341456890106,-0.001979999942705035
2023-07-22 08:40:03.297000,-0.19618816673755646,-0.001977321458980441
2023-07-22 08:41:03.255000,-0.12127552926540375,-0.0019800332374870777
2023-07-22 08:42:03.161000,-0.13260513544082642,-0.001948545454069972
2023-07-22 08:43:03.150000,-0.13380151987075806,-0.002032799879088998
2023-07-22 08:44:03.184000,-0.1239171028137207,-0.0020118055399507284
2023-07-22 08:45:03.176000,-0.10971125215291977,-0.0019497837638482451
2023-07-22 08:46:03.212000,-0.14043569564819336,-0.002030684147030115
2023-07-22 08:47:03.152000,-0.3105549216270447,-0.0019344888860359788
2023-07-22 08:48:03.183000,-0.2924540340900421,-0.0019779750145971775
2023-07-22 08:49:03.066000,-0.21067970991134644,-0.0019112115260213614
2023-07-22 08:50:03.085000,-0.18799933791160583,-0.0019153750035911798
2023-07-22 08:51:03.084000,-0.18903198838233948,-0.0019425000064074993
2023-07-22 08:52:03.141000,-0.1713062822818756,-0.0019321395084261894
2023-07-22 08:53:03.184000,-0.153761088848114,-0.0020502423867583275
2023-07-22 08:54:03.151000,-0.1534617394208908,-0.001899119932204485
2023-07-22 08:55:03.159000,-0.1530030369758606,-0.0019309056224301457
2023-07-22 08:56:03.234000,-0.15331290662288666,-0.0019268157193437219
2023-07-22 08:57:03.092000,-0.16326971352100372,-0.001996904844418168
2023-07-22 08:58:03.177000,-0.17474567890167236,-0.0018913610838353634
2023-07-22 08:59:03.168000,-0.17035537958145142,-0.0019601064268499613
2023-07-22 09:00:03.180000,-0.24334529042243958,-0.0018904791213572025
2023-07-22 09:01:03.211000,-0.329402893781662,-0.0018910769140347838
2023-07-22 09:02:03.153000,-0.3412741720676422,-0.0018076389096677303
2023-07-22 09:03:03.178000,-0.27527812123298645,-0.00199627666734159
2023-07-22 09:04:03.148000,-0.1888515204191208,-0.0019235813524574041
2023-07-22 09:05:03.220000,-0.20223061740398407,-0.001968243857845664
2023-07-22 09:06:03.151000,-0.16859379410743713,-0.001932759303599596
2023-07-22 09:07:03.178000,-0.13273218274116516,-0.0019242250127717853
2023-07-22 09:08:03.136000,-0.11992451548576355,-0.0019388695945963264
2023-07-22 09:09:03.464000,-0.10614241659641266,-0.0019570228178054094
2023-07-22 09:10:03.164000,-0.10838313400745392,-0.0019338628044351935
2023-07-22 09:11:03.143000,-0.10800951719284058,-0.0019848542287945747
2023-07-22 09:12:03.183000,-0.1006987988948822,-0.002004609676077962
2023-07-22 09:13:03.130000,-0.12897619605064392,-0.001964547671377659
2023-07-22 09:14:03.311000,-0.2809622883796692,-0.0019711905624717474
2023-07-22 09:15:03.180000,-0.3626961410045624,-0.0020538284443318844
2023-07-22 09:16:03.254000,-0.27272552251815796,-0.001953422324731946
2023-07-22 09:17:03.146000,-0.09683544933795929,-0.001927179517224431
2023-07-22 09:18:03.135000,-0.09820686280727386,-0.002014612779021263
2023-07-22 09:19:03.171000,-0.09748176485300064,-0.001984410220757127
2023-07-22 09:20:03.068000,-0.09673668444156647,-0.0019806756172329187
2023-07-22 09:21:03.122000,-0.11435794830322266,-0.0020390679128468037
2023-07-22 09:22:03.156000,-0.13051974773406982,-0.0020749333780258894
2023-07-22 09:23:03.140000,-0.15739163756370544,-0.0019171333406120539
2023-07-22 09:24:03.098000,-0.14481905102729797,-0.0019334680400788784
2023-07-22 09:25:03.202000,-0.1535630226135254,-0.0019066153327003121
2023-07-22 09:26:03.163000,-0.1732809692621231,-0.0019084500381723046
2023-07-22 09:27:03.163000,-0.3358001708984375,-0.0019195305649191141
2023-07-22 09:28:03.069000,-0.32072532176971436,-0.0018999333260580897
2023-07-22 09:29:03.060000,-0.23704156279563904,-0.0019030339317396283
2023-07-22 09:30:03.116000,-0.1823267936706543,-0.0019201249815523624
2023-07-22 09:31:03.054000,-0.18266429007053375,-0.001892255269922316
2023-07-22 09:32:03.136000,-0.1650015264749527,-0.001977533334866166
2023-07-22 09:33:03.074000,-0.14990203082561493,-0.00204746937379241
2023-07-22 09:34:03.203000,-0.14524643123149872,-0.0019659714307636023
2023-07-22 09:35:03.113000,-0.1107843816280365,-0.0019203610718250275
2023-07-22 09:36:03.122000,-0.09349440038204193,-0.001982037676498294
2023-07-22 09:37:03.159000,-0.17543672025203705,-0.001969720935449004
2023-07-22 09:38:03.108000,-0.32089778780937195,-0.001969326985999942
2023-07-22 09:39:03.356000,-0.31006133556365967,-0.001941020367667079
2023-07-22 09:40:03.152000,-0.17076250910758972,-0.001931418664753437
2023-07-22 09:41:03.111000,-0.059125449508428574,-0.0019081799546256661
2023-07-22 09:42:03.053000,-0.10451263189315796,-0.001967591932043433
2023-07-22 09:43:03.163000,-0.13301235437393188,-0.0019185238052159548
2023-07-22 09:44:03.131000,-0.1410081386566162,-0.0019380999729037285
2023-07-22 09:45:03.112000,-0.16036584973335266,-0.001891486463136971
2023-07-22 09:46:03.150000,-0.17430786788463593,-0.001966899959370494
2023-07-22 09:47:03.119000,-0.21903397142887115,-0.0019287143368273973
2023-07-22 09:48:03.076000,-0.21047469973564148,-0.0018870800267904997
2023-07-22 09:49:03.103000,-0.21234376728534698,-0.0018557083094492555
2023-07-22 09:50:03.139000,-0.15419654548168182,-0.0018902500160038471
2023-07-22 09:51:03.101000,-0.24278104305267334,-0.0019561713561415672
2023-07-22 09:52:03.072000,-0.3060351014137268,-0.0019077142933383584
2023-07-22 09:53:03.026000,-0.30128777027130127,-0.001960979076102376
2023-07-22 09:54:03.060000,-0.2417937070131302,-0.0018949245568364859
2023-07-22 09:55:03.028000,-0.1446499526500702,-0.001960818190127611
2023-07-22 09:56:03.275000,-0.12795938551425934,-0.0019410833483561873
2023-07-22 09:57:03.102000,-0.13924595713615417,-0.0019064167281612754
2023-07-22 09:58:03.111000,-0.13255003094673157,-0.001899471739307046
2023-07-22 09:59:03.103000,-0.14401893317699432,-0.001940166694112122
2023-07-22 10:00:03.073000,-0.14204691350460052,-0.0019312778022140265
2023-07-22 10:01:03.049000,-0.1613723635673523,-0.001943820039741695
2023-07-22 10:02:03.068000,-0.17449849843978882,-0.0019400238525122404
2023-07-22 10:03:03.107000,-0.17293770611286163,-0.00189968291670084
2023-07-22 10:05:03.091000,-0.2701679766178131,-0.0019167368300259113
2023-07-22 10:06:03.015000,-0.3267449140548706,-0.0019310464849695563
2023-07-22 10:07:02.997000,-0.2792266011238098,-0.0019447272643446922
2023-07-22 10:08:03.060000,-0.16509871184825897,-0.0019607499707490206
2023-07-22 10:09:03.149000,-0.1757444143295288,-0.0018827777821570635
2023-07-22 10:10:03.068000,-0.18202891945838928,-0.0018830952467396855
2023-07-22 10:11:03.103000,-0.21011653542518616,-0.001925780437886715
2023-07-22 10:12:03.130000,-0.19864308834075928,-0.0018568536033853889
2023-07-22 10:13:03.099000,-0.18472768366336823,-0.0018578292801976204
2023-07-22 10:14:03.119000,-0.1611679196357727,-0.0018983256304636598
2023-07-22 10:15:03.053000,-0.10123943537473679,-0.0019341025035828352
2023-07-22 10:16:03.088000,-0.1015063151717186,-0.001967219403013587
2023-07-22 10:17:03.027000,-0.11277518421411514,-0.0018640500493347645
2023-07-22 10:18:03.139000,-0.25224143266677856,-0.0018937346758320928
2023-07-22 10:19:03.079000,-0.2876359224319458,-0.0019049268448725343
2023-07-22 10:20:03.065000,-0.2685301899909973,-0.0018732927273958921
2023-07-22 10:21:03.070000,-0.14274516701698303,-0.001915200031362474
2023-07-22 10:22:02.985000,-0.15265780687332153,-0.001892999978736043
2023-07-22 10:23:02.997000,-0.1589401513338089,-0.001903880969621241
2023-07-22 10:24:03.073000,-0.15580685436725616,-0.0019251666963100433
2023-07-22 10:25:03.035000,-0.16799461841583252,-0.0018878221744671464
2023-07-22 10:26:03.079000,-0.175038143992424,-0.0019008604576811194
2023-07-22 10:27:03.181000,-0.19197334349155426,-0.0019309737253934145
2023-07-22 10:29:03.031000,-0.33380573987960815,-0.0018992619588971138
2023-07-22 10:30:02.988000,-0.32893407344818115,-0.0018737209029495716
2023-07-22 10:31:03.040000,-0.21682728826999664,-0.0019404186168685555
2023-07-22 10:32:03.020000,-0.10547681897878647,-0.00190593337174505
2023-07-22 10:33:03.082000,-0.1255238652229309,-0.0019009285606443882
2023-07-22 10:34:03.118000,-0.12030776590108871,-0.0018907777266576886
2023-07-22 10:35:03.058000,-0.12214061617851257,-0.001874229172244668
2023-07-22 10:36:02.984000,-0.10688101500272751,-0.0019211950711905956
2023-07-22 10:37:03.076000,-0.10786141455173492,-0.0018945909105241299
2023-07-22 10:38:03.055000,-0.12754251062870026,-0.0019053571159020066
2023-07-22 10:39:03.263000,-0.16526982188224792,-0.0018981025787070394
2023-07-22 10:40:03.055000,-0.1809965968132019,-0.0019457940943539143
2023-07-22 10:41:03.057000,-0.12336470186710358,-0.0019474000437185168
2023-07-22 10:42:03.062000,-0.14235663414001465,-0.0018967441283166409
2023-07-22 10:43:03.018000,-0.3260505795478821,-0.001887333346530795
2023-07-22 10:44:03.049000,-0.2998623251914978,-0.0019081395585089922
2023-07-22 10:45:03.162000,-0.25430765748023987,-0.0018961218884214759
2023-07-22 10:46:02.987000,-0.12098021805286407,-0.0018848537001758814
2023-07-22 10:47:03.093000,-0.14022758603096008,-0.0019104545935988426
2023-07-22 10:48:03.016000,-0.14220157265663147,-0.0018935250118374825
2023-07-22 10:49:03.055000,-0.17917028069496155,-0.0018798490054905415
2023-07-22 10:50:02.968000,-0.19738784432411194,-0.0018928542267531157
2023-07-22 10:51:03.085000,-0.1995435655117035,-0.0018672128207981586
2023-07-22 10:52:03.067000,-0.17708653211593628,-0.0018575128633528948
2023-07-22 10:53:03.118000,-0.16327814757823944,-0.0019301315769553185
2023-07-22 10:54:03.090000,-0.16307024657726288,-0.0018739142687991261
2023-07-22 10:55:02.949000,-0.16302533447742462,-0.0019052618881687522
2023-07-22 10:56:02.987000,-0.2636370062828064,-0.0018677333137020469
2023-07-22 10:57:03.047000,-0.34387660026550293,-0.0019443250494077802
2023-07-22 10:58:02.995000,-0.2921385169029236,-0.0019167825812473893
2023-07-22 10:59:03.050000,-0.17745167016983032,-0.0018691621953621507
2023-07-22 11:00:02.987000,-0.17328649759292603,-0.0018540555611252785
2023-07-22 11:01:03.041000,-0.18513283133506775,-0.0019483094802126288
2023-07-22 11:02:03.107000,-0.18872754275798798,-0.0019024047069251537
2023-07-22 11:03:03.018000,-0.19118204712867737,-0.0019267096649855375
2023-07-22 11:04:03.054000,-0.13452759385108948,-0.0019150249427184463
2023-07-22 11:05:03.004000,-0.12857204675674438,-0.001908029429614544
2023-07-22 11:06:03.033000,-0.13322189450263977,-0.0019233999773859978
2023-07-22 11:07:03.043000,-0.13072633743286133,-0.0019203845877200365
2023-07-22 11:08:02.964000,-0.14242641627788544,-0.0019304166780784726
2023-07-22 11:09:03.309000,-0.2882653474807739,-0.0019277561223134398
2023-07-22 11:10:03.067000,-0.29794541001319885,-0.0018850789638236165
2023-07-22 11:11:03.066000,-0.2197394073009491,-0.0018961428431794047
2023-07-22 11:12:02.933000,-0.1789843887090683,-0.0018761707469820976
2023-07-22 11:13:03.134000,-0.16640742123126984,-0.0019376530544832349
2023-07-22 11:14:03.020000,-0.12192375212907791,-0.0019064185908064246
2023-07-22 11:15:03.282000,-0.1223403811454773,-0.0018943403847515583
2023-07-22 11:16:02.978000,-0.10551023483276367,-0.0019091999856755137
2023-07-22 11:17:03.063000,-0.09892600029706955,-0.0019176136702299118
2023-07-22 11:18:02.934000,-0.09849956631660461,-0.0019020714098587632
2023-07-22 11:19:02.956000,-0.1379566192626953,-0.0019079047488048673
2023-07-22 11:20:03.046000,-0.2945389151573181,-0.0018941463204100728
2023-07-22 11:21:02.967000,-0.3163451850414276,-0.0018859411356970668
2023-07-22 11:22:03.022000,-0.22891712188720703,-0.0018945744959637523
2023-07-22 11:23:03.042000,-0.1965842992067337,-0.0019053255673497915
2023-07-22 11:24:03.054000,-0.1774502992630005,-0.0018583170603960752
2023-07-22 11:25:03.017000,-0.16980263590812683,-0.001861425000242889
2023-07-22 11:26:02.932000,-0.1686013638973236,-0.001904060016386211
2023-07-22 11:27:02.955000,-0.16745808720588684,-0.0019089555134996772
2023-07-22 11:28:03.089000,-0.169887512922287,-0.001908864825963974
2023-07-22 11:29:03.018000,-0.17834733426570892,-0.0018931891536340117
2023-07-22 11:30:02.960000,-0.2666405737400055,-0.0019890000112354755
2023-07-22 11:31:03.029000,-0.36642736196517944,-0.0019884053617715836
2023-07-22 11:32:03.148000,-0.34913769364356995,-0.0017728604143485427
2023-07-22 11:33:03.331000,-0.4390982985496521,-0.0019326190231367946
2023-07-22 11:34:03.037000,-0.5435002446174622,-0.0019012291450053453
2023-07-22 11:35:03.016000,-0.5423629283905029,-0.0018915951950475574
2023-07-22 11:36:02.985000,-0.45099812746047974,-0.0019283110741525888
2023-07-22 11:37:03.050000,-0.3725660443305969,-0.001916377805173397
2023-07-22 11:38:02.971000,-0.3091634511947632,-0.001943000010214746
2023-07-22 11:39:02.985000,-0.3096529245376587,-0.0019098204793408513
2023-07-22 11:40:02.975000,-0.28928935527801514,-0.001955500105395913
2023-07-22 11:41:02.994000,-0.2874844968318939,-0.0019187916768714786
2023-07-22 11:42:03.066000,-0.2964373230934143,-0.0019034221768379211
2023-07-22 11:43:02.997000,-0.2949182689189911,-0.0018991428660228848
2023-07-22 11:45:03.067000,-0.3621579110622406,-0.0019402973121032119
2023-07-22 11:46:03.053000,-0.395768404006958,-0.0019163404358550906
2023-07-22 11:47:02.980000,-0.536495566368103,-0.0019030714174732566
2023-07-22 11:48:02.887000,-0.5480340123176575,-0.0019062631763517857
2023-07-22 11:49:03.021000,-0.4618729054927826,-0.0018169599352404475
2023-07-22 11:50:03.062000,-0.36366143822669983,-0.0019115312024950981
2023-07-22 11:51:03.008000,-0.36080610752105713,-0.00191308103967458
2023-07-22 11:52:02.924000,-0.359656423330307,-0.0019247272284701467
2023-07-22 11:53:02.925000,-0.375983327627182,-0.0019382069585844874
2023-07-22 11:54:03.034000,-0.3871248960494995,-0.001869170693680644
2023-07-22 11:55:03.062000,-0.3937103748321533,-0.0019099705386906862
2023-07-22 11:56:03.001000,-0.29685840010643005,-0.001907911035232246
2023-07-22 11:57:03.042000,-0.2859349548816681,-0.0019135000184178352
2023-07-22 11:58:02.911000,-0.28609269857406616,-0.0019468333339318633
2023-07-22 11:59:02.965000,-0.3152042031288147,-0.0019420000026002526
2023-07-22 12:01:03.062000,-0.4677654206752777,-0.0019154694164171815
2023-07-22 12:02:02.977000,-0.33239808678627014,-0.0019154222682118416
2023-07-22 12:03:02.953000,-0.2278336137533188,-0.0019240465480834246
2023-07-22 12:04:02.970000,-0.22627820074558258,-0.0019330207724124193
2023-07-22 12:05:02.907000,-0.22734434902668,-0.0019491702551022172
2023-07-22 12:06:02.921000,-0.2279096096754074,-0.0019593487959355116
2023-07-22 12:07:02.868000,-0.22779549658298492,-0.001931214239448309
2023-07-22 12:08:02.988000,-0.22985802590847015,-0.0019290638156235218
2023-07-22 12:09:03.267000,-0.22496098279953003,-0.001950424979440868
2023-07-22 12:10:02.885000,-0.18657496571540833,-0.0019463199423626065
2023-07-22 12:11:02.903000,-0.34077608585357666,-0.001927891280502081
2023-07-22 12:12:02.954000,-0.2214331328868866,-0.001924829208292067
2023-07-22 12:13:02.936000,-0.10788270086050034,-0.0019228666787967086
2023-07-22 12:14:02.875000,-0.05684563145041466,-0.0019270667107775807
2023-07-22 12:15:02.977000,-0.0552053339779377,-0.00188708514906466
2023-07-22 12:16:02.946000,-0.05341293290257454,-0.0019251799676567316
2023-07-22 12:17:02.935000,-0.06662078201770782,-0.0019205111311748624
2023-07-22 12:18:02.993000,-0.07299913465976715,-0.001915272674523294
2023-07-22 12:19:02.898000,-0.12671241164207458,-0.0019425000064074993
2023-07-22 12:20:02.896000,-0.2468031644821167,-0.0018992307595908642
2023-07-22 12:21:02.938000,-0.2996174097061157,-0.0018663720693439245
2023-07-22 12:22:02.954000,-0.23394648730754852,-0.0018666303949430585
2023-07-22 12:23:02.971000,-0.24156442284584045,-0.0017562045250087976
2023-07-22 12:24:02.860000,-0.3239133059978485,-0.0018979761516675353
2023-07-22 12:25:02.926000,-0.4820263385772705,-0.0019088808912783861
2023-07-22 12:26:02.891000,-0.4382890462875366,-0.0018797727534547448
2023-07-22 12:27:02.950000,-0.37124574184417725,-0.0018974877893924713
2023-07-22 12:28:02.950000,-0.27512097358703613,-0.0019139761570841074
2023-07-22 12:29:02.891000,-0.294650673866272,-0.001927425037138164
2023-07-22 12:30:02.965000,-0.27499422430992126,-0.0018712045857682824
2023-07-22 12:31:02.879000,-0.2736510932445526,-0.0018977272557094693
2023-07-22 12:32:02.942000,-0.26712745428085327,-0.001907960744574666
2023-07-22 12:33:02.938000,-0.2826719284057617,-0.0018944749608635902
2023-07-22 12:34:02.852000,-0.2820153832435608,-0.0018481555161997676
2023-07-22 12:35:02.945000,-0.2787493169307709,-0.0018906666664406657
2023-07-22 12:36:02.983000,-0.2555150091648102,-0.0019312173826619983
2023-07-22 12:37:02.895000,-0.24721147119998932,-0.0018235135357826948
2023-07-22 12:38:03.512000,-0.3912317156791687,-0.001852282090112567
2023-07-22 12:39:03.100000,-0.41157808899879456,-0.0019441739423200488
2023-07-22 12:40:02.922000,-0.32991260290145874,-0.0019005454378202558
2023-07-22 12:41:02.844000,-0.270613431930542,-0.0018977777799591422
2023-07-22 12:42:02.921000,-0.28886115550994873,-0.001904624979943037
2023-07-22 12:43:03.006000,-0.3077526092529297,-0.0019011707045137882
2023-07-22 12:44:02.887000,-0.2910972237586975,-0.0019486170494928956
2023-07-22 12:45:02.927000,-0.289364755153656,-0.001857682946138084
2023-07-22 12:46:03.049000,-0.22531083226203918,-0.0019075952004641294
2023-07-22 12:47:03.476000,-0.20748434960842133,-0.0019444390200078487
2023-07-22 12:48:02.852000,-0.2056400179862976,-0.0019167691934853792
2023-07-22 12:49:02.919000,-0.22388264536857605,-0.0019231714541092515
2023-07-22 12:51:02.928000,-0.34033969044685364,-0.0019301282009109855
2023-07-22 12:52:02.923000,-0.307495653629303,-0.0019433636916801333
2023-07-22 12:53:02.825000,-0.1802750825881958,-0.0018860249547287822
2023-07-22 12:54:02.959000,-0.18781252205371857,-0.001980199944227934
2023-07-22 12:55:02.909000,-0.20469628274440765,-0.0019290000200271606
2023-07-22 12:56:02.869000,-0.20966576039791107,-0.0019172391621395946
2023-07-22 12:57:03.284000,-0.2241668701171875,-0.0019150188891217113
2023-07-22 12:58:02.919000,-0.22664719820022583,-0.0019012499833479524
2023-07-22 12:59:02.973000,-0.24204441905021667,-0.0018928979989141226
2023-07-22 13:00:02.962000,-0.24973981082439423,-0.001961024943739176
2023-07-22 13:01:02.911000,-0.3108797073364258,-0.001990785589441657
2023-07-22 13:03:02.900000,-0.34347110986709595,-0.0019249791512265801
2023-07-22 13:04:02.934000,-0.20843388140201569,-0.0019239786779507995
2023-07-22 13:05:02.964000,-0.21071326732635498,-0.0019489999394863844
2023-07-22 13:06:02.956000,-0.2015371322631836,-0.0019012000411748886
2023-07-22 13:07:02.908000,-0.20634593069553375,-0.0019073777366429567
2023-07-22 13:09:02.837000,-0.225865438580513,-0.001898135174997151
2023-07-22 13:10:02.916000,-0.26159098744392395,-0.0019210487371310592
2023-07-22 13:11:02.882000,-0.27407321333885193,-0.0018863952718675137
2023-07-22 13:12:02.943000,-0.2145119607448578,-0.001940545393154025
2023-07-22 13:13:03.302000,-0.2134680449962616,-0.0018984650960192084
2023-07-22 13:14:02.933000,-0.2144753485918045,-0.0018966200295835733
2023-07-22 13:15:02.886000,-0.3186936378479004,-0.0018995227292180061
2023-07-22 13:16:02.838000,-0.36776745319366455,-0.001840977231040597
2023-07-22 13:17:02.931000,-0.348202109336853,-0.0019037381280213594
2023-07-22 13:18:02.947000,-0.2913866341114044,-0.0019343954045325518
2023-07-22 13:19:02.802000,-0.2186100333929062,-0.0019008292583748698
2023-07-22 13:20:02.873000,-0.25078797340393066,-0.0019029761897400022
2023-07-22 13:21:02.900000,-0.2886539101600647,-0.0019177778158336878
2023-07-22 13:22:02.999000,-0.2921142578125,-0.00184632430318743
2023-07-22 13:23:02.883000,-0.2801399230957031,-0.0018954634433612227
2023-07-22 13:24:02.876000,-0.2509380877017975,-0.0019040227634832263
2023-07-22 13:25:02.815000,-0.2474033087491989,-0.0018937954446300864
2023-07-22 13:26:02.837000,-0.2491205334663391,-0.0019310512579977512
2023-07-22 13:27:03.162000,-0.25024375319480896,-0.001912871841341257
2023-07-22 13:28:02.901000,-0.23885589838027954,-0.0018480682047083974
2023-07-22 13:29:03.123000,-0.37914910912513733,-0.0019308043411001563
2023-07-22 13:30:02.892000,-0.42023855447769165,-0.001912682899273932
2023-07-22 13:31:02.822000,-0.3548392057418823,-0.0019078139448538423
2023-07-22 13:32:02.888000,-0.23978424072265625,-0.0019394761184230447
2023-07-22 13:33:02.919000,-0.25751417875289917,-0.0019242777489125729
2023-07-22 13:34:02.904000,-0.26111912727355957,-0.001937232562340796
2023-07-22 13:35:02.860000,-0.18117491900920868,-0.0019244418945163488
2023-07-22 13:36:02.865000,-0.17636463046073914,-0.0019426190992817283
2023-07-22 13:37:02.904000,-0.1911594569683075,-0.0019154681358486414
2023-07-22 13:38:02.889000,-0.1901889443397522,-0.001933111110702157
2023-07-22 13:39:03.701000,-0.1885654330253601,-0.001956708263605833
2023-07-22 13:40:02.869000,-0.16586686670780182,-0.0019120217766612768
2023-07-22 13:41:02.917000,-0.20107494294643402,-0.001893673907034099
2023-07-22 13:42:02.816000,-0.3913518786430359,-0.0018983000190928578
2023-07-22 13:43:02.980000,-0.4156210124492645,-0.001899692346341908
2023-07-22 13:44:02.779000,-0.3090132772922516,-0.0019072926370427012
2023-07-22 13:45:02.866000,-0.197954922914505,-0.001917488407343626
2023-07-22 13:46:02.878000,-0.19852286577224731,-0.001895438996143639
2023-07-22 13:47:02.821000,-0.19798941910266876,-0.0019023958593606949
2023-07-22 13:48:02.941000,-0.17397670447826385,-0.0019198666559532285
2023-07-22 13:49:02.861000,-0.17415198683738708,-0.0019126739352941513
2023-07-22 13:50:03.296000,-0.17484496533870697,-0.001923945965245366
2023-07-22 13:51:02.873000,-0.17968593537807465,-0.0019305555615574121
2023-07-22 13:52:02.883000,-0.09697803109884262,-0.0019157575443387032
2023-07-22 13:53:02.906000,-0.3180660307407379,-0.0019266667077317834
2023-07-22 13:54:02.814000,-0.29059740900993347,-0.0019283437868580222
2023-07-22 13:55:02.803000,-0.1899670958518982,-0.0019017199520021677
2023-07-22 13:56:02.921000,-0.10116446763277054,-0.001936499960720539
2023-07-22 13:57:02.828000,-0.09180449694395065,-0.0019076756434515119
2023-07-22 13:58:02.788000,-0.09011159837245941,-0.0019000882748514414
2023-07-22 13:59:02.796000,-0.13741496205329895,-0.0019254210637882352
2023-07-22 14:00:02.892000,-0.1822258085012436,-0.001953666564077139
2023-07-22 14:01:02.848000,-0.2450956106185913,-0.0019204473355785012
2023-07-22 14:02:02.959000,-0.2682672142982483,-0.0019298420520499349
2023-07-22 14:03:02.763000,-0.27975013852119446,-0.001903275027871132
2023-07-22 14:04:02.924000,-0.20995576679706573,-0.0019288635812699795
2023-07-22 14:05:02.771000,-0.171947181224823,-0.0019277872052043676
2023-07-22 14:06:02.755000,-0.20918618142604828,-0.0019091860158368945
2023-07-22 14:07:02.856000,-0.3364451229572296,-0.0019128809217363596
2023-07-22 14:08:02.829000,-0.32992640137672424,-0.0019018570892512798
2023-07-22 14:09:03.173000,-0.3101990520954132,-0.0019089749548584223
2023-07-22 14:10:02.767000,-0.1809239685535431,-0.0019046427914872766
2023-07-22 14:11:02.791000,-0.20593507587909698,-0.0018917291890829802
2023-07-22 14:12:02.869000,-0.2080601304769516,-0.0018947619246318936
2023-07-22 14:13:02.876000,-0.22719387710094452,-0.001884249970316887
2023-07-22 14:14:02.802000,-0.17122551798820496,-0.001988621661439538
2023-07-22 14:15:02.840000,-0.15027496218681335,-0.001826458377763629
2023-07-22 14:16:02.789000,-0.15247966349124908,-0.0019396923016756773
2023-07-22 14:17:02.838000,-0.16551223397254944,-0.0019413863774389029
2023-07-22 14:19:02.777000,-0.16245116293430328,-0.0020153913646936417
2023-07-22 14:20:03.157000,-0.24714431166648865,-0.0019528684206306934
2023-07-22 14:21:03.592000,-0.32834386825561523,-0.0020376278553158045
2023-07-22 14:22:03.245000,-0.29414862394332886,-0.0020292194094508886
2023-07-22 14:23:02.881000,-0.19976283609867096,-0.0018020286224782467
2023-07-22 14:24:02.881000,-0.21298028528690338,-0.001977891195565462
2023-07-22 14:25:02.802000,-0.2366550862789154,-0.0019815945997834206
2023-07-22 14:26:02.833000,-0.22879277169704437,-0.002014738041907549
2023-07-22 14:27:02.736000,-0.22302477061748505,-0.0020319761242717505
2023-07-22 14:28:03.179000,-0.20004785060882568,-0.0018878537230193615
2023-07-22 14:29:02.775000,-0.19479703903198242,-0.001919145812280476
2023-07-22 14:30:02.732000,-0.1787583976984024,-0.00198297668248415
2023-07-22 14:31:02.829000,-0.16620080173015594,-0.0020045554265379906
2023-07-22 14:32:02.909000,-0.1593969762325287,-0.0019857906736433506
2023-07-22 14:33:02.825000,-0.30851390957832336,-0.0019414545968174934
2023-07-22 14:34:02.874000,-0.36581215262413025,-0.0019718636758625507
2023-07-22 14:35:02.791000,-0.3435520529747009,-0.0019088510889559984
2023-07-22 14:36:02.787000,-0.19091489911079407,-0.0019737749826163054
2023-07-22 14:37:02.779000,-0.157579243183136,-0.001933921012096107
2023-07-22 14:38:02.833000,-0.11274191737174988,-0.0020295209251344204
2023-07-22 14:39:03.251000,-0.11284466832876205,-0.001972428523004055
2023-07-22 14:41:02.872000,-0.13267146050930023,-0.0018933616811409593
2023-07-22 14:42:02.707000,-0.13730639219284058,-0.0018926250049844384
2023-07-22 14:43:02.797000,-0.14516225457191467,-0.001956326188519597
2023-07-22 14:44:03.020000,-0.3202624022960663,-0.001982300076633692
2023-07-22 14:45:02.778000,-0.3391340970993042,-0.0019175454508513212
2023-07-22 14:46:02.916000,-0.2778545618057251,-0.0020619286224246025
2023-07-22 14:47:02.863000,-0.11245768517255783,-0.001973173813894391
2023-07-22 14:48:02.755000,-0.11603099852800369,-0.0019573913887143135
2023-07-22 14:49:02.758000,-0.1360265016555786,-0.001931138918735087
2023-07-22 14:50:02.728000,-0.13587141036987305,-0.0019415365532040596
2023-07-22 14:51:02.826000,-0.13170009851455688,-0.0019322000443935394
2023-07-22 14:52:02.742000,-0.11075763404369354,-0.002035066718235612
2023-07-22 14:53:02.755000,-0.1130484864115715,-0.001942136324942112
2023-07-22 14:54:02.807000,-0.12043151259422302,-0.0018852631328627467
2023-07-22 14:55:02.812000,-0.13862280547618866,-0.001900102593936026
2023-07-22 14:56:02.776000,-0.1512063443660736,-0.0018601621268317103
2023-07-22 14:57:02.742000,-0.2076309472322464,-0.001822595251724124
2023-07-22 14:58:03.227000,-0.3507986068725586,-0.0018820888362824917
2023-07-22 14:59:02.734000,-0.3364165425300598,-0.001969657838344574
2023-07-22 15:00:03.238000,-0.2706941068172455,-0.002021454507485032
2023-07-22 15:01:02.871000,-0.14250776171684265,-0.002057261997833848
2023-07-22 15:02:03.458000,-0.16480419039726257,-0.0019514883169904351
2023-07-22 15:03:02.811000,-0.18166077136993408,-0.0019121957011520863
2023-07-22 15:04:02.805000,-0.189976304769516,-0.001919642905704677
2023-07-22 15:05:02.775000,-0.19086940586566925,-0.0019031111150979996
2023-07-22 15:06:02.751000,-0.1349072903394699,-0.001859096111729741
2023-07-22 15:07:03.076000,-0.13093850016593933,-0.0018896341789513826
2023-07-22 15:08:02.838000,-0.11018428206443787,-0.001925547607243061
2023-07-22 15:09:02.963000,-0.10972251743078232,-0.0019637674558907747
2023-07-22 15:10:02.756000,-0.11160413175821304,-0.0019371224334463477
2023-07-22 15:11:02.752000,-0.18189473450183868,-0.0020185743924230337
2023-07-22 15:12:02.685000,-0.2977350056171417,-0.0019324499880895019
2023-07-22 15:13:02.763000,-0.3034031093120575,-0.0018006571335718036
2023-07-22 15:14:02.711000,-0.192867711186409,-0.0018974047852680087
2023-07-22 15:15:02.822000,-0.1875842660665512,-0.0020397778134793043
2023-07-22 15:16:02.752000,-0.0996188148856163,-0.0019286175956949592
2023-07-22 15:17:02.816000,-0.1002858504652977,-0.0019401111640036106
2023-07-22 15:18:02.736000,-0.10022018104791641,-0.0019150000298395753
2023-07-22 15:19:02.827000,-0.09980681538581848,-0.0018977555446326733
2023-07-22 15:20:02.745000,-0.10450039803981781,-0.001960255904123187
2023-07-22 15:21:02.757000,-0.12358811497688293,-0.001878024428151548
2023-07-22 15:22:02.779000,-0.15057118237018585,-0.0019181817770004272
2023-07-22 15:23:02.793000,-0.14812681078910828,-0.0019360652659088373
2023-07-22 15:24:02.817000,-0.32520925998687744,-0.0019471136620268226
2023-07-22 15:25:02.718000,-0.3235820531845093,-0.001974894665181637
2023-07-22 15:26:02.786000,-0.2596185505390167,-0.001921393908560276
2023-07-22 15:27:02.722000,-0.16157056391239166,-0.001996181905269623
2023-07-22 15:28:03.206000,-0.166839137673378,-0.001990305492654443
2023-07-22 15:29:02.864000,-0.18459700047969818,-0.001929681864567101
2023-07-22 15:30:02.753000,-0.1845121532678604,-0.0018763409461826086
2023-07-22 15:31:02.720000,-0.17875635623931885,-0.0019310000352561474
2023-07-22 15:32:02.743000,-0.16028060019016266,-0.001880826079286635
2023-07-22 15:33:03.274000,-0.14994582533836365,-0.001896000001579523
2023-07-22 15:34:02.938000,-0.14472725987434387,-0.0020310713443905115
2023-07-22 15:35:02.825000,-0.32253214716911316,-0.0019177907379344106
2023-07-22 15:36:02.688000,-0.3402833938598633,-0.0018818809185177088
2023-07-22 15:37:03.093000,-0.2868530750274658,-0.001978025073185563
2023-07-22 15:38:02.883000,-0.2036236673593521,-0.0018903333693742752
2023-07-22 15:39:02.881000,-0.13533130288124084,-0.0018954650731757283
2023-07-22 15:40:02.735000,-0.10058466345071793,-0.001973589649423957
2023-07-22 15:41:02.716000,-0.0997333824634552,-0.0018807250307872891
2023-07-22 15:42:02.663000,-0.10793348401784897,-0.0019255869556218386
2023-07-22 15:43:02.663000,-0.11011191457509995,-0.002007086994126439
2023-07-22 15:44:02.753000,-0.11664725095033646,-0.001797912991605699
2023-07-22 15:45:02.741000,-0.16480886936187744,-0.0019956957548856735
2023-07-22 15:46:02.855000,-0.1764499992132187,-0.001925820019096136
2023-07-22 15:47:03.249000,-0.2033689171075821,-0.002036239020526409
2023-07-22 15:48:02.983000,-0.18805904686450958,-0.0019281281856819987
2023-07-22 15:49:02.947000,-0.2921132445335388,-0.0019153414759784937
2023-07-22 15:50:02.988000,-0.2841271460056305,-0.001912325038574636
2023-07-22 15:51:02.651000,-0.2278524935245514,-0.0020355945453047752
2023-07-22 15:52:02.668000,-0.11727173626422882,-0.0019580000080168247
2023-07-22 15:53:02.738000,-0.13069547712802887,-0.0019395952112972736
2023-07-22 15:54:02.672000,-0.1345253884792328,-0.0019310909556224942
2023-07-22 15:55:02.788000,-0.1483330875635147,-0.0018869091290980577
2023-07-22 15:56:02.733000,-0.13616789877414703,-0.0019475356675684452
2023-07-22 15:57:02.723000,-0.1567526012659073,-0.0019162222743034363
2023-07-22 15:58:02.682000,-0.15959689021110535,-0.002009760122746229
2023-07-22 15:59:02.721000,-0.1988244354724884,-0.0019386046333238482
2023-07-22 16:00:02.717000,-0.20669874548912048,-0.0019933809526264668
2023-07-22 16:01:02.669000,-0.21080969274044037,-0.001971977297216654
2023-07-22 16:02:02.754000,-0.29087427258491516,-0.0020496153738349676
2023-07-22 16:03:02.745000,-0.3617139756679535,-0.0019650221802294254
2023-07-22 16:04:02.743000,-0.30502086877822876,-0.0019458918832242489
2023-07-22 16:05:02.656000,-0.18103943765163422,-0.001997232437133789
2023-07-22 16:06:02.762000,-0.18266649544239044,-0.0019339333521202207
2023-07-22 16:07:02.719000,-0.18257367610931396,-0.0019347837660461664
2023-07-22 16:08:02.715000,-0.18578554689884186,-0.001981999957934022
2023-07-22 16:09:02.814000,-0.22345995903015137,-0.0019968808628618717
2023-07-22 16:10:02.714000,-0.23487785458564758,-0.001997958403080702
2023-07-22 16:11:02.727000,-0.23119056224822998,-0.001920372131280601
2023-07-22 16:12:02.644000,-0.19919712841510773,-0.0019857599399983883
2023-07-22 16:13:02.810000,-0.13549798727035522,-0.0019447499653324485
2023-07-22 16:14:02.675000,-0.18738074600696564,-0.001969872275367379
2023-07-22 16:15:02.831000,-0.3093419075012207,-0.0020446665585041046
2023-07-22 16:16:02.639000,-0.3032522201538086,-0.0019202750409021974
2023-07-22 16:17:02.849000,-0.1945631504058838,-0.0019275348167866468
2023-07-22 16:18:02.840000,-0.14896216988563538,-0.0019312340300530195
2023-07-22 16:19:02.655000,-0.17691916227340698,-0.002015319187194109
2023-07-22 16:20:02.953000,-0.15890339016914368,-0.0019883171189576387
2023-07-22 16:21:02.683000,-0.17469485104084015,-0.001846020808443427
2023-07-22 16:22:02.696000,-0.18582068383693695,-0.001965795410797
2023-07-22 16:23:02.977000,-0.1761888712644577,-0.0021106889471411705
2023-07-22 16:24:02.709000,-0.1833367943763733,-0.002068363595753908
2023-07-22 16:25:02.669000,-0.2536279559135437,-0.0020565122831612825
2023-07-22 16:26:02.627000,-0.40440863370895386,-0.0019893182907253504
2023-07-22 16:27:02.671000,-0.38583722710609436,-0.0018877381226047873
2023-07-22 16:28:02.658000,-0.2379714548587799,-0.002023693872615695
2023-07-22 16:29:03.152000,-0.1349148005247116,-0.0019460237817838788
2023-07-22 16:30:02.731000,-0.13527588546276093,-0.0018419111147522926
2023-07-22 16:31:02.624000,-0.13339899480342865,-0.0019123333040624857
2023-07-22 16:32:02.722000,-0.14070408046245575,-0.0020202500745654106
2023-07-22 16:33:02.711000,-0.15823937952518463,-0.0021077292039990425
2023-07-22 16:34:02.762000,-0.16012048721313477,-0.0019020221661776304
2023-07-22 16:35:02.714000,-0.18707124888896942,-0.0020425207912921906
2023-07-22 16:36:02.640000,-0.19036024808883667,-0.002148042432963848
2023-07-22 16:37:02.817000,-0.20244665443897247,-0.0021233095321804285
2023-07-22 16:38:02.681000,-0.1368025690317154,-0.001943577779456973
2023-07-22 16:39:03.202000,-0.21094712615013123,-0.0021360476966947317
2023-07-22 16:40:02.730000,-0.3088705539703369,-0.0020091626793146133
2023-07-22 16:41:02.716000,-0.3132683038711548,-0.0020121706183999777
2023-07-22 16:42:02.682000,-0.25852787494659424,-0.002116767456755042
2023-07-22 16:43:02.757000,-0.14600126445293427,-0.001901485724374652
2023-07-22 16:44:02.844000,-0.13710613548755646,-0.001915076863951981
2023-07-22 16:45:02.626000,-0.15315304696559906,-0.0019646305590867996
2023-07-22 16:46:02.697000,-0.168537437915802,-0.0020807674154639244
2023-07-22 16:47:03.108000,-0.17899484932422638,-0.0022140000946819782
2023-07-22 16:48:02.611000,-0.18460313975811005,-0.00205029989592731
2023-07-22 16:49:02.762000,-0.1971447467803955,-0.0020740244071930647
2023-07-22 16:50:02.591000,-0.19012318551540375,-0.0020437058992683887
2023-07-22 16:51:02.702000,-0.13531352579593658,-0.002071062568575144
2023-07-22 16:52:03.001000,-0.1094614639878273,-0.002057361649349332
2023-07-22 16:53:02.684000,-0.22600378096103668,-0.0019914782606065273
2023-07-22 16:54:02.662000,-0.27604803442955017,-0.001960800029337406
2023-07-22 16:55:02.757000,-0.21557094156742096,-0.001950794830918312
2023-07-22 16:56:02.631000,-0.1251031458377838,-0.001964777708053589
2023-07-22 16:57:02.619000,-0.15196003019809723,-0.001954176463186741
2023-07-22 16:58:02.628000,-0.2001195102930069,-0.00194697140250355
2023-07-22 16:59:02.635000,-0.23383431136608124,-0.0019696499221026897
2023-07-22 17:00:02.623000,-0.1564284712076187,-0.0019849766977131367
2023-07-22 17:01:02.709000,-0.15536345541477203,-0.0020022825337946415
2023-07-22 17:02:03.042000,-0.17293256521224976,-0.0019606584683060646
2023-07-22 17:03:02.595000,-0.1761130690574646,-0.0020413571037352085
2023-07-22 17:04:02.998000,-0.17812003195285797,-0.0019514893647283316
2023-07-22 17:05:02.619000,-0.17576664686203003,-0.0019804565235972404
2023-07-22 17:06:02.704000,-0.34037137031555176,-0.0019734527450054884
2023-07-22 17:07:02.668000,-0.3625374734401703,-0.0019372826209291816
2023-07-22 17:08:02.698000,-0.34275007247924805,-0.0019745745230466127
2023-07-22 17:09:02.944000,-0.22644902765750885,-0.0020107380114495754
2023-07-22 17:10:02.579000,-0.1555151492357254,-0.0019428204977884889
2023-07-22 17:11:02.574000,-0.15316654741764069,-0.001972666708752513
2023-07-22 17:12:02.712000,-0.15603283047676086,-0.001975487917661667
2023-07-22 17:13:02.683000,-0.16994771361351013,-0.001989340875297785
2023-07-22 17:14:02.842000,-0.1705450862646103,-0.0020216922275722027
2023-07-22 17:15:02.587000,-0.16191662847995758,-0.001978909131139517
2023-07-22 17:16:02.592000,-0.1627463698387146,-0.0019740816205739975
2023-07-22 17:17:03.025000,-0.3251277208328247,-0.0019770667422562838
2023-07-22 17:18:02.924000,-0.34032687544822693,-0.0019845417700707912
2023-07-22 17:19:02.685000,-0.26314935088157654,-0.0019573094323277473
2023-07-22 17:20:02.681000,-0.18911392986774445,-0.0019447391387075186
2023-07-22 17:21:02.949000,-0.20168446004390717,-0.0020026667043566704
2023-07-22 17:22:02.594000,-0.21133209764957428,-0.002007148927077651
2023-07-22 17:23:02.618000,-0.21494939923286438,-0.001968538388609886
2023-07-22 17:24:02.582000,-0.1916368007659912,-0.0018778297817334533
2023-07-22 17:25:02.683000,-0.18811069428920746,-0.0019353750394657254
2023-07-22 17:26:02.624000,-0.1902834177017212,-0.0020126744639128447
2023-07-22 17:27:02.822000,-0.19034132361412048,-0.0021918138954788446
2023-07-22 17:28:02.658000,-0.19872111082077026,-0.0020540000405162573
2023-07-22 17:29:02.550000,-0.19834460318088531,-0.0020472954493016005
2023-07-22 17:30:02.944000,-0.23030169308185577,-0.0020137440878897905
2023-07-22 17:31:02.628000,-0.3700180649757385,-0.001967618940398097
2023-07-22 17:32:03.084000,-0.3592051565647125,-0.002007444389164448
2023-07-22 17:33:02.681000,-0.31873923540115356,-0.0019496249733492732
2023-07-22 17:34:02.559000,-0.19217275083065033,-0.00197693333029747
2023-07-22 17:35:02.598000,-0.11842278391122818,-0.0019170870073139668
2023-07-22 17:36:02.692000,-0.13297320902347565,-0.0018820277182385325
2023-07-22 17:37:02.543000,-0.13391755521297455,-0.0019478333415463567
2023-07-22 17:38:02.729000,-0.13439244031906128,-0.0020156458485871553
2023-07-22 17:39:03.365000,-0.1296437829732895,-0.001979285618290305
2023-07-22 17:40:02.611000,-0.12060005217790604,-0.001996549079194665
2023-07-22 17:41:02.550000,-0.14591637253761292,-0.0020293404813855886
2023-07-22 17:42:02.680000,-0.16935163736343384,-0.00202859565615654
2023-07-22 17:43:02.616000,-0.20637929439544678,-0.002081466605886817
2023-07-22 17:44:02.589000,-0.30270734429359436,-0.0019743696320801973
2023-07-22 17:45:02.585000,-0.41179370880126953,-0.0019296315731480718
2023-07-22 17:46:02.866000,-0.37369459867477417,-0.0019159333314746618
2023-07-22 17:47:03.214000,-0.21116402745246887,-0.0020016818307340145
2023-07-22 17:48:02.615000,-0.1963646113872528,-0.001951688900589943
2023-07-22 17:49:02.632000,-0.19491393864154816,-0.0019274348160251975
2023-07-22 17:50:02.644000,-0.19353564083576202,-0.0019700408447533846
2023-07-22 17:51:02.593000,-0.13202902674674988,-0.0019321489380672574
2023-07-22 17:52:02.561000,-0.12371529638767242,-0.0019454510184004903
2023-07-22 17:53:02.987000,-0.1329919695854187,-0.001959738088771701
2023-07-22 17:54:02.651000,-0.1275077760219574,-0.0019427499501034617
2023-07-22 17:55:02.601000,-0.11530344933271408,-0.0019063589861616492
2023-07-22 17:56:02.668000,-0.10384669899940491,-0.001992969773709774
2023-07-22 17:57:02.969000,-0.29758280515670776,-0.001957499887794256
2023-07-22 17:58:02.573000,-0.3117610514163971,-0.002010576892644167
2023-07-22 17:59:02.680000,-0.2876337766647339,-0.002023393986746669
2023-07-22 18:00:02.613000,-0.20952841639518738,-0.001954080071300268
2023-07-22 18:01:02.627000,-0.2262943983078003,-0.0019301333231851459
2023-07-22 18:02:02.537000,-0.23439623415470123,-0.0019409999949857593
2023-07-22 18:03:02.567000,-0.21727357804775238,-0.0020293784327805042
2023-07-22 18:04:02.953000,-0.2033357322216034,-0.0020079566165804863
2023-07-22 18:05:02.634000,-0.20265038311481476,-0.00203002174384892
2023-07-22 18:06:02.631000,-0.17015373706817627,-0.002013886347413063
2023-07-22 18:07:02.611000,-0.12960630655288696,-0.0019961860962212086
2023-07-22 18:08:02.696000,-0.29034623503685,-0.0019862607587128878
2023-07-22 18:09:02.890000,-0.253609299659729,-0.0019632051698863506
2023-07-22 18:10:02.688000,-0.1536698192358017,-0.00192341860383749
2023-07-22 18:11:02.674000,-0.0531274676322937,-0.001930803875438869
2023-07-22 18:12:02.517000,-0.041727516800165176,-0.001970102544873953
2023-07-22 18:13:02.908000,-0.07720863074064255,-0.0020054783672094345
2023-07-22 18:14:02.598000,-0.10670318454504013,-0.002037921454757452
2023-07-22 18:15:02.718000,-0.13891680538654327,-0.001915777800604701
2023-07-22 18:16:02.582000,-0.17034783959388733,-0.0019546744879335165
2023-07-22 18:17:02.653000,-0.1521800458431244,-0.001943428535014391
2023-07-22 18:18:02.560000,-0.16883711516857147,-0.002017510589212179
2023-07-22 18:19:02.555000,-0.16123805940151215,-0.0018210930284112692
2023-07-22 18:20:02.538000,-0.15884418785572052,-0.0020804081577807665
2023-07-22 18:21:02.910000,-0.20090773701667786,-0.0018909038044512272
2023-07-22 18:22:02.480000,-0.3574918806552887,-0.001972059952095151
2023-07-22 18:23:02.538000,-0.3344678282737732,-0.001986473798751831
2023-07-22 18:24:02.627000,-0.29911211133003235,-0.0020242726895958185
2023-07-22 18:25:02.956000,-0.23895664513111115,-0.0017808261327445507
2023-07-22 18:26:02.538000,-0.25835517048835754,-0.0019165101693943143
2023-07-22 18:27:02.539000,-0.24903929233551025,-0.0020410213619470596
2023-07-22 18:28:02.519000,-0.23045291006565094,-0.002050210488960147
2023-07-22 18:29:02.593000,-0.22291266918182373,-0.002064065309241414
2023-07-22 18:30:02.478000,-0.21053725481033325,-0.0019860833417624235
2023-07-22 18:31:02.491000,-0.20842412114143372,-0.0019108837004750967
2023-07-22 18:33:03.013000,-0.21918311715126038,-0.0019606382120400667
2023-07-22 18:34:02.913000,-0.15245038270950317,-0.002014951314777136
2023-07-22 18:35:02.545000,-0.25759977102279663,-0.001922599971294403
2023-07-22 18:36:02.962000,-0.2936668395996094,-0.001970177749171853
2023-07-22 18:37:02.756000,-0.21793878078460693,-0.0019727631006389856
2023-07-22 18:38:02.787000,-0.11371214687824249,-0.0019500207854434848
2023-07-22 18:39:03.186000,-0.11571384966373444,-0.0019825624767690897
2023-07-22 18:40:02.528000,-0.17301461100578308,-0.001977162668481469
2023-07-22 18:41:02.472000,-0.22849415242671967,-0.001983181806281209
2023-07-22 18:42:02.792000,-0.2534528970718384,-0.0019946217071264982
2023-07-22 18:43:02.504000,-0.24150769412517548,-0.0019742499571293592
2023-07-22 18:44:02.574000,-0.23545250296592712,-0.0019645956344902515
2023-07-22 18:45:03.042000,-0.22646257281303406,-0.001958340872079134
2023-07-22 18:46:02.549000,-0.21804273128509521,-0.001948956516571343
2023-07-22 18:47:02.518000,-0.32011473178863525,-0.001956069841980934
2023-07-22 18:48:02.557000,-0.37302136421203613,-0.0019598836079239845
2023-07-22 18:49:02.586000,-0.3580883741378784,-0.001945886411704123
2023-07-22 18:50:02.538000,-0.19089670479297638,-0.0019414782291278243
2023-07-22 18:51:02.600000,-0.16231410205364227,-0.0019594761542975903
2023-07-22 18:52:02.532000,-0.1554006040096283,-0.0019491111161187291
2023-07-22 18:53:02.902000,-0.18621516227722168,-0.0019485624507069588
2023-07-22 18:54:02.862000,-0.19398757815361023,-0.001985877985134721
2023-07-22 18:55:02.565000,-0.13050314784049988,-0.0019670233596116304
2023-07-22 18:56:02.606000,-0.13662683963775635,-0.0019650424364954233
2023-07-22 18:57:02.475000,-0.14026564359664917,-0.0019524680683389306
2023-07-22 18:58:02.836000,-0.20684003829956055,-0.0019657271914184093
2023-07-22 18:59:02.563000,-0.30102115869522095,-0.001960383029654622
2023-07-22 19:00:02.561000,-0.2817648649215698,-0.0019696189556270838
2023-07-22 19:01:02.496000,-0.14008556306362152,-0.0019754318054765463
2023-07-22 19:02:02.519000,-0.1356886625289917,-0.0019676389638334513
2023-07-22 19:03:02.459000,-0.1726476401090622,-0.001953674014657736
2023-07-22 19:04:02.714000,-0.2093391716480255,-0.001906555495224893
2023-07-22 19:05:02.475000,-0.14020654559135437,-0.001973818289116025
2023-07-22 19:06:02.546000,-0.13501963019371033,-0.0019416904542595148
2023-07-22 19:07:02.593000,-0.11910848319530487,-0.0019452563719823956
2023-07-22 19:08:02.483000,-0.11117083579301834,-0.002005187561735511
2023-07-22 19:09:02.890000,-0.11043644696474075,-0.0019365510670468211
2023-07-22 19:10:02.819000,-0.11107835173606873,-0.001988826086744666
2023-07-22 19:11:02.524000,-0.12208941578865051,-0.001990086864680052
2023-07-22 19:12:02.537000,-0.2642776072025299,-0.001967562595382333
2023-07-22 19:13:02.942000,-0.36218002438545227,-0.0018868636107072234
2023-07-22 19:14:02.610000,-0.36901265382766724,-0.0019309230847284198
2023-07-22 19:15:02.595000,-0.2696627974510193,-0.0019297142280265689
2023-07-22 19:16:02.962000,-0.17536310851573944,-0.0019728667102754116
2023-07-22 19:17:02.538000,-0.1681634932756424,-0.001918717403896153
2023-07-22 19:18:02.490000,-0.16526202857494354,-0.0019610929302871227
2023-07-22 19:19:02.460000,-0.16383297741413116,-0.00200997875072062
2023-07-22 19:20:02.460000,-0.17826701700687408,-0.0019721249118447304
2023-07-22 19:21:02.499000,-0.17187713086605072,-0.0019532765727490187
2023-07-22 19:22:02.459000,-0.11104211956262589,-0.001892769243568182
2023-07-22 19:23:02.456000,-0.09644024819135666,-0.0019566749688237906
2023-07-22 19:24:02.569000,-0.08942858129739761,-0.0020076457876712084
2023-07-22 19:25:02.713000,-0.08918025344610214,-0.0019139047944918275
2023-07-22 19:27:02.451000,-0.25058895349502563,-0.0018622727366164327
2023-07-22 19:28:02.506000,-0.1863170564174652,-0.0020261199679225683
2023-07-22 19:29:02.565000,-0.14784356951713562,-0.0019361914601176977
2023-07-22 19:30:02.462000,-0.1595757156610489,-0.0019746955949813128
2023-07-22 19:31:02.480000,-0.15514889359474182,-0.001898340880870819
2023-07-22 19:32:02.887000,-0.15399576723575592,-0.0019247233867645264
2023-07-22 19:33:02.509000,-0.14847324788570404,-0.001998421037569642
2023-07-22 19:34:02.722000,-0.1461862474679947,-0.0020293479319661856
2023-07-22 19:35:02.490000,-0.14666080474853516,-0.0019822665490210056
2023-07-22 19:36:02.537000,-0.16428154706954956,-0.0019891024567186832
2023-07-22 19:37:02.470000,-0.17072884738445282,-0.0020756665617227554
2023-07-22 19:38:02.994000,-0.19356010854244232,-0.001965333241969347
2023-07-22 19:39:02.717000,-0.3631060719490051,-0.002009371528401971
2023-07-22 19:40:02.530000,-0.34168633818626404,-0.0019032092532142997
2023-07-22 19:41:02.479000,-0.2522333860397339,-0.0019397895084694028
2023-07-22 19:42:02.797000,-0.12971457839012146,-0.0019193043699488044
2023-07-22 19:43:02.884000,-0.11095494776964188,-0.0019473060965538025
2023-07-22 19:44:02.863000,-0.12658867239952087,-0.001969774952158332
2023-07-22 19:45:02.489000,-0.13091842830181122,-0.0019826905336230993
2023-07-22 19:46:02.431000,-0.13255855441093445,-0.0019239565590396523
2023-07-22 19:47:02.921000,-0.1164102852344513,-0.0019567618146538734
2023-07-22 19:48:02.975000,-0.13419677317142487,-0.001939974376000464
2023-07-22 19:49:02.458000,-0.2020886093378067,-0.0019365106709301472
2023-07-22 19:50:02.510000,-0.3558535575866699,-0.0019319268176332116
2023-07-22 19:51:02.419000,-0.3173724412918091,-0.0019289777847006917
2023-07-22 19:52:02.473000,-0.14252932369709015,-0.0019467941019684076
2023-07-22 19:53:02.796000,-0.12497834861278534,-0.0019866738002747297
2023-07-22 19:54:02.486000,-0.12196988612413406,-0.0019236342050135136
2023-07-22 19:55:02.465000,-0.10431011766195297,-0.0020287141669541597
2023-07-22 19:56:02.434000,-0.09824994951486588,-0.002000239212065935
2023-07-22 19:57:02.855000,-0.09901288151741028,-0.001974205020815134
2023-07-22 19:58:02.497000,-0.11414949595928192,-0.0019483333453536034
2023-07-22 19:59:02.451000,-0.11852634698152542,-0.001969205215573311
2023-07-22 20:00:02.875000,-0.1583288311958313,-0.001993827521800995
2023-07-22 20:01:02.389000,-0.16584475338459015,-0.001984250033274293
2023-07-22 20:02:02.522000,-0.1483556032180786,-0.0019232500344514847
2023-07-22 20:03:02.964000,-0.24611899256706238,-0.001963346265256405
2023-07-22 20:04:02.469000,-0.2781234085559845,-0.0019705311860889196
2023-07-22 20:05:02.827000,-0.2660260498523712,-0.0020055908244103193
2023-07-22 20:06:02.469000,-0.16193126142024994,-0.0019339999416843057
2023-07-22 20:07:02.831000,-0.12252993136644363,-0.0019761021248996258
2023-07-22 20:08:02.705000,-0.15110094845294952,-0.002049659611657262
2023-07-22 20:09:02.630000,-0.188454270362854,-0.0019740653224289417
2023-07-22 20:10:02.514000,-0.19607938826084137,-0.0019899511244148016
2023-07-22 20:11:02.480000,-0.15978199243545532,-0.001959895947948098
2023-07-22 20:12:02.799000,-0.16007377207279205,-0.001927739940583706
2023-07-22 20:13:02.496000,-0.1651388704776764,-0.002026552567258477
2023-07-22 20:14:02.415000,-0.17198419570922852,-0.0020006743725389242
2023-07-22 20:15:02.526000,-0.17096684873104095,-0.0019964564125984907
2023-07-22 20:16:02.810000,-0.16686536371707916,-0.001977380830794573
2023-07-22 20:18:02.402000,-0.3702501952648163,-0.0019216046202927828
2023-07-22 20:19:02.660000,-0.278139591217041,-0.002020374871790409
2023-07-22 20:20:02.749000,-0.18333816528320312,-0.0019881667103618383
2023-07-22 20:21:02.458000,-0.14305903017520905,-0.0019713076762855053
2023-07-22 20:22:02.474000,-0.15006296336650848,-0.0019262926653027534
2023-07-22 20:23:02.806000,-0.1438555121421814,-0.001964666647836566
2023-07-22 20:24:02.868000,-0.1616227775812149,-0.0019878477323800325
2023-07-22 20:25:02.409000,-0.16715867817401886,-0.0019488043617457151
2023-07-22 20:26:02.821000,-0.16728878021240234,-0.001971320016309619
2023-07-22 20:27:02.466000,-0.17272885143756866,-0.0019349772483110428
2023-07-22 20:28:02.447000,-0.17312666773796082,-0.0019499302143231034
2023-07-22 20:29:02.454000,-0.21528400480747223,-0.0019696590024977922
2023-07-22 20:30:02.933000,-0.37251022458076477,-0.0019539333879947662
2023-07-22 20:31:02.877000,-0.355691134929657,-0.0019498333567753434
2023-07-22 20:32:02.390000,-0.2727709710597992,-0.0020175999961793423
2023-07-22 20:33:02.438000,-0.21816706657409668,-0.0019048085669055581
2023-07-22 20:34:02.456000,-0.2191321849822998,-0.0019506278913468122
2023-07-22 20:35:02.918000,-0.20057784020900726,-0.002067999914288521
2023-07-22 20:36:02.457000,-0.19815213978290558,-0.0019288510084152222
2023-07-22 20:37:02.707000,-0.18552757799625397,-0.0019963777158409357
2023-07-22 20:38:02.846000,-0.17986463010311127,-0.0020247441716492176
2023-07-22 20:39:02.913000,-0.1871272176504135,-0.001998000079765916
2023-07-22 20:40:02.926000,-0.31389525532722473,-0.0019988571293652058
2023-07-22 20:41:02.885000,-0.3764747083187103,-0.0019302894361317158
2023-07-22 20:42:02.842000,-0.34972497820854187,-0.0019315319368615746
2023-07-22 20:43:02.744000,-0.15561862289905548,-0.0019254782237112522
2023-07-22 20:44:02.846000,-0.11276855319738388,-0.0019791163504123688
2023-07-22 20:45:02.425000,-0.11462993174791336,-0.0019209767924621701
2023-07-22 20:46:02.699000,-0.11505220085382462,-0.002050897339358926
2023-07-22 20:47:02.336000,-0.11860202997922897,-0.0019198297522962093
2023-07-22 20:48:02.472000,-0.14183101058006287,-0.0019682093989104033
2023-07-22 20:49:02.713000,-0.14554065465927124,-0.0020114791113883257
2023-07-22 20:50:02.343000,-0.1819954663515091,-0.002001447370275855
2023-07-22 20:51:02.351000,-0.18968991935253143,-0.001977135194465518
2023-07-22 20:52:02.332000,-0.21163055300712585,-0.0019905127119272947
2023-07-22 20:53:02.418000,-0.14990800619125366,-0.002010291675105691
2023-07-22 20:54:02.420000,-0.3021705150604248,-0.001960553228855133
2023-07-22 20:55:02.726000,-0.3066362142562866,-0.001983571331948042
2023-07-22 20:56:02.424000,-0.3158482015132904,-0.0019356590928509831
2023-07-22 20:57:03.023000,-0.1614588052034378,-0.0018726499984040856
2023-07-22 20:58:02.791000,-0.14439232647418976,-0.0019894889555871487
2023-07-22 20:59:02.791000,-0.12754277884960175,-0.0018947619246318936
2023-07-22 21:00:02.379000,-0.14452534914016724,0.009294659830629826
2023-07-22 21:01:02.553000,-0.1528383195400238,-7.799999002600089e-05
2023-07-22 21:02:02.488000,-0.15375137329101562,-0.0019694871734827757
2023-07-22 21:03:02.457000,-0.1563064157962799,-0.0019248536555096507
2023-07-22 21:04:02.710000,-0.17493486404418945,-0.001948555582202971
2023-07-22 21:05:02.910000,-0.17609380185604095,-0.0019243863644078374
2023-07-22 21:06:02.595000,-0.1745602935552597,0.007744316011667252
2023-07-22 21:07:02.897000,-0.2035423368215561,0.01713304966688156
2023-07-22 21:08:02.463000,-0.32298287749290466,0.010404820553958416
2023-07-22 21:09:03.054000,-0.31254202127456665,0.01137739047408104
2023-07-22 21:10:02.813000,-0.16441534459590912,0.011940083466470242
2023-07-22 21:11:02.386000,-0.16722021996974945,0.013425113633275032
2023-07-22 21:12:02.792000,-0.18961510062217712,0.014778673648834229
2023-07-22 21:13:02.619000,-0.18763303756713867,0.01591780036687851
2023-07-22 21:14:02.341000,-0.2105889767408371,0.016074400395154953
2023-07-22 21:15:02.414000,-0.19454576075077057,0.015790292993187904
2023-07-22 21:16:02.583000,-0.19552665948867798,0.01576543226838112
2023-07-22 21:18:02.712000,-0.11626553535461426,0.016603199765086174
2023-07-22 21:19:02.318000,-0.11431264877319336,0.017210233956575394
2023-07-22 21:20:02.760000,-0.2498830258846283,0.0185422170907259
2023-07-22 21:21:02.818000,-0.3005208969116211,0.019983652979135513
2023-07-22 21:22:02.688000,-0.28440427780151367,0.02080065943300724
2023-07-22 21:23:02.345000,-0.1380300223827362,0.021253934130072594
2023-07-22 21:24:02.758000,-0.15739677846431732,0.021930072456598282
2023-07-22 21:25:02.824000,-0.18635119497776031,0.02290356159210205
2023-07-22 21:26:02.376000,-0.20421545207500458,0.02410847693681717
2023-07-22 21:27:02.635000,-0.208950012922287,0.02478458359837532
2023-07-22 21:28:02.390000,-0.22050543129444122,0.025242121890187263
2023-07-22 21:29:02.710000,-0.2047063112258911,0.025954846292734146
2023-07-22 21:30:02.737000,-0.19997157156467438,0.02710391953587532
2023-07-22 21:31:02.703000,-0.3294365406036377,0.027977600693702698
2023-07-22 21:32:02.377000,-0.3372001051902771,0.029338793829083443
2023-07-22 21:34:02.797000,-0.08264114707708359,0.03286946564912796
2023-07-22 21:35:02.591000,-0.08170201629400253,0.035821665078401566
2023-07-22 21:36:02.621000,-0.10221734642982483,0.039366599172353745
2023-07-22 21:37:02.384000,-0.10419859737157822,0.04314090311527252
2023-07-22 21:38:02.855000,-0.10558543354272842,0.04717949032783508
2023-07-22 21:39:02.910000,-0.10044046491384506,0.051038067787885666
2023-07-22 21:40:02.418000,-0.13196085393428802,0.0545198880136013
2023-07-22 21:41:02.866000,-0.16816766560077667,0.0571608729660511
2023-07-22 21:42:02.330000,-0.20758840441703796,0.05940927192568779
2023-07-22 21:43:02.721000,-0.16287684440612793,0.06109653785824776
2023-07-22 21:44:02.741000,-0.1776295304298401,0.06253480166196823
2023-07-22 21:45:02.653000,-0.3391388952732086,0.063946433365345
2023-07-22 21:46:02.769000,-0.32645270228385925,0.06491924077272415
2023-07-22 21:47:03.186000,-0.28563880920410156,0.06557665020227432
2023-07-22 21:49:02.339000,-0.12969368696212769,0.06715139746665955
2023-07-22 21:50:02.788000,-0.1464199423789978,0.06772761791944504
2023-07-22 21:51:02.726000,-0.16770753264427185,0.06839971244335175
2023-07-22 21:52:02.329000,-0.22410865128040314,0.06953056156635284
2023-07-22 21:53:02.276000,-0.17162466049194336,0.07070090621709824
2023-07-22 21:54:02.670000,-0.1446935087442398,0.07194432616233826
2023-07-22 21:55:02.433000,-0.0755813866853714,0.0729818269610405
2023-07-22 21:56:02.593000,-0.06149765104055405,0.07326538115739822
2023-07-22 21:57:02.765000,-0.054673001170158386,0.07263492792844772
2023-07-22 21:58:02.627000,-0.09925338625907898,0.07407736033201218
2023-07-22 21:59:02.559000,-0.2462693601846695,0.07458797097206116
2023-07-22 22:00:02.990000,-0.2549745738506317,0.0729973167181015
2023-07-22 22:01:02.540000,-0.12295471876859665,0.07271815091371536
2023-07-22 22:02:02.367000,-0.17058376967906952,0.07118483632802963
2023-07-22 22:03:02.656000,-0.19722281396389008,0.06996007263660431
2023-07-22 22:05:02.409000,-0.21296483278274536,0.0684969574213028
2023-07-22 22:06:02.593000,-0.22162243723869324,0.06826555728912354
2023-07-22 22:07:02.385000,-0.22706139087677002,0.0689179003238678
2023-07-22 22:08:02.714000,-0.2406267672777176,0.0702361911535263
2023-07-22 22:09:02.937000,-0.2238485962152481,0.0718347430229187
2023-07-22 22:10:02.667000,-0.2244195193052292,0.07312808930873871
2023-07-22 22:11:02.255000,-0.3046909272670746,0.07594037801027298
2023-07-22 22:12:02.595000,-0.3648384213447571,0.08005339652299881
2023-07-22 22:13:02.703000,-0.3566901683807373,0.12866619229316711
2023-07-22 22:14:02.712000,-0.22478343546390533,0.1861252784729004
2023-07-22 22:15:02.737000,-0.2274990826845169,0.19356869161128998
2023-07-22 22:16:02.342000,-0.24494972825050354,0.19884437322616577
2023-07-22 22:17:02.459000,-0.19456446170806885,0.20318017899990082
2023-07-22 22:18:02.523000,-0.1586427390575409,0.2052266150712967
2023-07-22 22:19:02.386000,-0.13700614869594574,0.2077743411064148
2023-07-22 22:20:02.881000,-0.13595330715179443,0.2118234932422638
2023-07-22 22:21:02.596000,-0.13774393498897552,0.21675026416778564
2023-07-22 22:22:02.529000,-0.26286840438842773,0.22128735482692719
2023-07-22 22:23:02.579000,-0.307242751121521,0.22517673671245575
2023-07-22 22:24:02.672000,-0.31511735916137695,0.228679820895195
2023-07-22 22:25:02.324000,-0.20991918444633484,0.23263657093048096
2023-07-22 22:26:02.701000,-0.25126972794532776,0.2361493557691574
2023-07-22 22:27:02.316000,-0.20274724066257477,0.23859469592571259
2023-07-22 22:28:02.515000,-0.14675341546535492,0.23987241089344025
2023-07-22 22:29:02.753000,-0.14562170207500458,0.24080371856689453
2023-07-22 22:30:02.374000,-0.14407934248447418,0.2427828311920166
2023-07-22 22:31:02.609000,-0.1444903165102005,0.2452360838651657
2023-07-22 22:32:02.267000,-0.1626652479171753,0.24776317179203033
2023-07-22 22:33:02.780000,-0.15077239274978638,0.2497960776090622
2023-07-22 22:34:02.798000,-0.1644635647535324,0.25326773524284363
2023-07-22 22:35:02.421000,-0.1346871703863144,0.25738805532455444
2023-07-22 22:36:02.713000,-0.3246293067932129,0.2599634528160095
2023-07-22 22:37:02.314000,-0.32581838965415955,0.262160062789917
2023-07-22 22:38:02.312000,-0.3107798099517822,0.264402836561203
2023-07-22 22:39:02.535000,-0.18708279728889465,0.2661795914173126
2023-07-22 22:40:02.348000,-0.17263279855251312,0.268700510263443
2023-07-22 22:41:02.665000,-0.17232874035835266,0.2719942629337311
2023-07-22 22:42:02.601000,-0.17645485699176788,0.2728414237499237
2023-07-22 22:43:02.539000,-0.19038861989974976,0.27177807688713074
2023-07-22 22:44:02.353000,-0.19792133569717407,0.2694067656993866
2023-07-22 22:45:02.627000,-0.20385491847991943,0.26799967885017395
2023-07-22 22:46:02.315000,-0.20725078880786896,0.2677297592163086
2023-07-22 22:47:02.643000,-0.20767223834991455,0.26721298694610596
2023-07-22 22:48:02.736000,-0.22368507087230682,0.26792141795158386
2023-07-22 22:49:02.663000,-0.23373687267303467,0.2715512812137604
2023-07-22 22:50:02.627000,-0.39721834659576416,0.2767222821712494
2023-07-22 22:51:02.754000,-0.3515387773513794,0.28257283568382263
2023-07-22 22:52:02.783000,-0.22501476109027863,0.28746819496154785
2023-07-22 22:53:02.851000,-0.16854797303676605,0.2915215790271759
2023-07-22 22:54:02.676000,-0.17070157825946808,0.29452863335609436
2023-07-22 22:55:02.576000,-0.20060370862483978,0.29724597930908203
2023-07-22 22:56:02.304000,-0.22343063354492188,0.300477534532547
2023-07-22 22:57:02.752000,-0.16181375086307526,0.30374863743782043
2023-07-22 22:58:02.574000,-0.1361076533794403,0.3067912459373474
2023-07-22 22:59:02.228000,-0.1169024184346199,0.31094372272491455
2023-07-22 23:00:02.671000,-0.11676126718521118,0.3172362148761749
2023-07-22 23:01:02.698000,-0.11636513471603394,0.3240961730480194
2023-07-22 23:02:02.738000,-0.1456756889820099,0.3320557773113251
2023-07-22 23:03:02.600000,-0.29909220337867737,0.34652936458587646
2023-07-22 23:04:02.286000,-0.2832905352115631,0.3617638945579529
2023-07-22 23:05:02.545000,-0.1927725225687027,0.3736375868320465
2023-07-22 23:06:02.512000,-0.1597948521375656,0.3812347948551178
2023-07-22 23:07:02.601000,-0.0806061327457428,0.3878711462020874
2023-07-22 23:08:02.575000,-0.05983711779117584,0.3971577286720276
2023-07-22 23:09:02.935000,-0.06028898432850838,0.41632795333862305
2023-07-22 23:10:02.476000,-0.06007644906640053,0.4162745773792267
2023-07-22 23:11:02.288000,-0.114392951130867,0.4283199906349182
2023-07-22 23:12:02.757000,-0.16963902115821838,0.43944892287254333
2023-07-22 23:13:02.534000,-0.24862802028656006,0.4372572600841522
2023-07-22 23:14:02.678000,-0.37197643518447876,0.4463997781276703
2023-07-22 23:15:02.180000,-0.372450053691864,0.4491507112979889
2023-07-22 23:16:02.468000,-0.2608071565628052,0.4611032009124756
2023-07-22 23:17:02.595000,-0.24330131709575653,0.48530471324920654
2023-07-22 23:18:02.698000,-0.22003722190856934,0.5043073892593384
2023-07-22 23:19:02.680000,-0.21627536416053772,0.5226947665214539
2023-07-22 23:20:02.642000,-0.23264163732528687,0.5425816178321838
2023-07-22 23:21:02.643000,-0.23168402910232544,0.5684643387794495
2023-07-22 23:22:02.623000,-0.23032905161380768,0.6006543040275574
2023-07-22 23:23:02.318000,-0.21576367318630219,0.6802164316177368
2023-07-22 23:24:02.729000,-0.15028443932533264,0.7266661524772644
2023-07-22 23:25:02.339000,-0.12416666746139526,0.6704028844833374
2023-07-22 23:26:02.649000,-0.12465941905975342,0.6704464554786682
2023-07-22 23:27:02.322000,-0.2598131597042084,0.7320727705955505
2023-07-22 23:28:02.682000,-0.32701224088668823,0.7244477868080139
2023-07-22 23:30:02.713000,-0.22058206796646118,0.7926024198532104
2023-07-22 23:31:02.597000,-0.17351855337619781,0.8302614688873291
2023-07-22 23:32:02.412000,-0.2022121697664261,0.7875649929046631
2023-07-22 23:33:02.317000,-0.22340571880340576,0.8122252225875854
2023-07-22 23:34:02.541000,-0.18628621101379395,0.9055370688438416
2023-07-22 23:35:02.253000,-0.15723948180675507,0.808775782585144
2023-07-22 23:36:02.793000,-0.17735376954078674,0.8313928842544556
2023-07-22 23:37:02.639000,-0.16649655997753143,0.8937546610832214
2023-07-22 23:38:02.241000,-0.15350793302059174,0.85247802734375
2023-07-22 23:39:02.491000,-0.1350676566362381,0.99107426404953
2023-07-22 23:40:02.571000,-0.13450491428375244,1.0233275890350342
2023-07-22 23:41:02.644000,-0.29396554827690125,0.9579017162322998
2023-07-22 23:42:02.518000,-0.30846303701400757,0.9362830519676208
2023-07-22 23:43:02.681000,-0.25575336813926697,0.9462514519691467
2023-07-22 23:44:02.432000,-0.18720713257789612,1.0436772108078003
2023-07-22 23:45:02.281000,-0.18458904325962067,1.1580392122268677
2023-07-22 23:46:02.713000,-0.18034406006336212,1.0117641687393188
2023-07-22 23:47:02.528000,-0.16535575687885284,0.9853487610816956
2023-07-22 23:48:02.226000,-0.16676829755306244,0.92472243309021
2023-07-22 23:49:02.739000,-0.1699373871088028,0.9011884331703186
2023-07-22 23:50:02.319000,-0.17125606536865234,0.9081621766090393
2023-07-22 23:51:02.468000,-0.17728935182094574,0.9730452299118042
2023-07-22 23:52:02.504000,-0.19706220924854279,0.9688358306884766
2023-07-22 23:53:02.603000,-0.2259979546070099,1.0407658815383911
2023-07-22 23:54:02.572000,-0.41540494561195374,1.1363117694854736
2023-07-22 23:55:02.456000,-0.3746612071990967,1.1290528774261475
2023-07-22 23:56:02.667000,-0.30718594789505005,1.0714409351348877
2023-07-22 23:57:02.534000,-0.21217717230319977,0.9222748875617981
2023-07-22 23:59:02.199000,-0.12621983885765076,0.8005738258361816
2023-07-23 00:00:02.592000,-0.1433962732553482,0.7830368876457214
2023-07-23 00:01:02.629000,-0.13826142251491547,0.7782329320907593
2023-07-23 00:02:02.520000,-0.11634908616542816,0.7381477952003479
2023-07-23 00:03:02.523000,-0.09683375060558319,0.7256301045417786
2023-07-23 00:04:02.735000,-0.1050417497754097,0.729387640953064
2023-07-23 00:06:02.246000,-0.30353638529777527,0.742035448551178
2023-07-23 00:07:02.643000,-0.2371712028980255,0.7502005696296692
2023-07-23 00:08:02.201000,-0.1886066496372223,0.7700225710868835
2023-07-23 00:09:02.940000,-0.13197392225265503,0.7699731588363647
2023-07-23 00:10:02.620000,-0.12654410302639008,0.8215126395225525
2023-07-23 00:11:02.679000,-0.10909949988126755,0.8314518928527832
2023-07-23 00:12:02.654000,-0.1088634803891182,0.8157426118850708
2023-07-23 00:13:02.516000,-0.10520466417074203,0.8011730909347534
2023-07-23 00:14:02.500000,-0.0988115519285202,0.8636270761489868
2023-07-23 00:15:02.535000,-0.11797834932804108,0.7510660886764526
2023-07-23 00:16:02.618000,-0.1502457708120346,0.7294978499412537
2023-07-23 00:17:02.461000,-0.18793539702892303,0.7301464080810547
2023-07-23 00:18:02.476000,-0.26240068674087524,0.7430452704429626
2023-07-23 00:19:02.630000,-0.3633619546890259,0.7290124893188477
2023-07-23 00:20:02.257000,-0.3442881405353546,0.7227819561958313
2023-07-23 00:22:02.200000,-0.16696926951408386,0.7229530811309814
2023-07-23 00:23:02.506000,-0.17976389825344086,0.698497474193573
2023-07-23 00:24:02.144000,-0.19411836564540863,0.6643035411834717
2023-07-23 00:25:02.489000,-0.1636662632226944,0.6632136702537537
2023-07-23 00:26:02.496000,-0.10555413365364075,0.6514348983764648
2023-07-23 00:27:02.550000,-0.08902686834335327,0.6405965685844421
2023-07-23 00:28:02.513000,-0.08773709833621979,0.643171489238739
2023-07-23 00:29:02.527000,-0.08844223618507385,0.6449755430221558
2023-07-23 00:30:02.176000,-0.08972113579511642,0.6371156573295593
2023-07-23 00:31:02.559000,-0.09649321436882019,0.616838812828064
2023-07-23 00:32:02.120000,-0.29190361499786377,0.6063950657844543
2023-07-23 00:33:02.471000,-0.3160233795642853,0.5943785309791565
2023-07-23 00:34:02.632000,-0.2363021969795227,0.6021204590797424
2023-07-23 00:35:02.442000,-0.14595040678977966,0.6233341693878174
2023-07-23 00:36:02.418000,-0.145796000957489,0.6581446528434753
2023-07-23 00:37:02.436000,-0.14543263614177704,0.7029904127120972
2023-07-23 00:38:02.358000,-0.14533069729804993,0.7498440742492676
2023-07-23 00:39:02.845000,-0.1519058495759964,0.7970228791236877
2023-07-23 00:40:02.563000,-0.16450758278369904,0.8544449210166931
2023-07-23 00:41:02.701000,-0.1621941477060318,0.9616405963897705
2023-07-23 00:42:02.628000,-0.16176335513591766,0.980226457118988
2023-07-23 00:43:02.704000,-0.13254289329051971,0.9102292060852051
2023-07-23 00:44:02.536000,-0.1753855049610138,0.907749593257904
2023-07-23 00:45:02.171000,-0.3166428208351135,0.8991073369979858
2023-07-23 00:46:02.627000,-0.4848642945289612,0.9435297250747681
2023-07-23 00:47:02.684000,-0.4445261061191559,0.9354118704795837
2023-07-23 00:48:02.225000,-0.3886810839176178,0.9145050048828125
2023-07-23 00:49:02.451000,-0.39386895298957825,0.8886935710906982
2023-07-23 00:51:02.115000,-0.45339128375053406,0.989879310131073
2023-07-23 00:52:02.438000,-0.4593692719936371,0.9495318531990051
2023-07-23 00:53:02.591000,-0.4481453597545624,0.97612464427948
2023-07-23 00:54:02.210000,-0.45468586683273315,1.1190872192382812
2023-07-23 00:55:02.211000,-0.5199774503707886,1.053805947303772
2023-07-23 00:57:02.587000,-0.6118876934051514,1.2588363885879517
2023-07-23 00:58:02.436000,-0.465438574552536,1.3467799425125122
2023-07-23 00:59:02.580000,-0.3325346112251282,1.1542357206344604
2023-07-23 01:00:02.560000,-0.27323782444000244,1.1042307615280151
2023-07-23 01:01:02.585000,-0.20183658599853516,0.9299972057342529
2023-07-23 01:02:02.518000,-0.12541623413562775,0.9695120453834534
2023-07-23 01:03:02.582000,-0.13381339609622955,1.1452807188034058
2023-07-23 01:04:02.513000,-0.14484159648418427,1.0750890970230103
2023-07-23 01:05:02.441000,-0.14624100923538208,1.0728397369384766
2023-07-23 01:06:02.187000,-0.13828878104686737,1.0132794380187988
2023-07-23 01:07:02.515000,-0.12505125999450684,0.8906322717666626
2023-07-23 01:08:02.240000,-0.1969917118549347,0.8690677285194397
2023-07-23 01:09:02.681000,-0.3244224488735199,0.888100266456604
2023-07-23 01:10:02.511000,-0.4090511202812195,0.9311445355415344
2023-07-23 01:11:02.345000,-0.40970996022224426,1.0973013639450073
2023-07-23 01:12:02.113000,-0.31524813175201416,1.200084924697876
2023-07-23 01:15:02.435000,-0.20896750688552856,1.0367193222045898
2023-07-23 01:16:02.531000,-0.21932661533355713,0.9541675448417664
2023-07-23 01:17:02.124000,-0.2101486325263977,0.9660521149635315
2023-07-23 01:18:02.641000,-0.19782638549804688,1.0070364475250244
2023-07-23 01:19:02.731000,-0.2048654705286026,1.0350666046142578
2023-07-23 01:20:02.364000,-0.20971156656742096,1.109196424484253
2023-07-23 01:21:02.522000,-0.19507500529289246,1.178069829940796
2023-07-23 01:22:02.348000,-0.17766711115837097,1.2943350076675415
2023-07-23 01:23:02.503000,-0.3338780701160431,1.4007407426834106
2023-07-23 01:24:02.594000,-0.32604989409446716,1.384260654449463
2023-07-23 01:25:02.492000,-0.21851466596126556,1.2454724311828613
2023-07-23 01:26:02.385000,-0.1667221486568451,1.1604975461959839
2023-07-23 01:27:02.464000,-0.17606033384799957,1.094219446182251
2023-07-23 01:28:02.490000,-0.19327808916568756,1.1414523124694824
2023-07-23 01:30:02.548000,-0.21894797682762146,0.9587530493736267
2023-07-23 01:31:02.374000,-0.2119666188955307,0.9026596546173096
2023-07-23 01:32:02.464000,-0.2204923778772354,0.9886003136634827
2023-07-23 01:33:02.728000,-0.23084823787212372,1.0200998783111572
2023-07-23 01:34:02.500000,-0.2346067726612091,1.0284448862075806
2023-07-23 01:35:02.583000,-0.325296014547348,1.0285001993179321
2023-07-23 01:36:02.455000,-0.4283423125743866,1.0882190465927124
2023-07-23 01:37:02.164000,-0.4179518520832062,1.1355000734329224
2023-07-23 01:38:02.598000,-0.27043405175209045,1.1011369228363037
2023-07-23 01:39:02.598000,-0.21102723479270935,1.0195547342300415
2023-07-23 01:40:02.611000,-0.1944471150636673,0.9406687021255493
2023-07-23 01:41:02.502000,-0.18632321059703827,0.8378841280937195
2023-07-23 01:42:02.392000,-0.18510594964027405,0.807075560092926
2023-07-23 01:44:02.579000,-0.21691101789474487,0.7844383120536804
2023-07-23 01:45:02.571000,-0.23063920438289642,0.7950785160064697
2023-07-23 01:46:02.611000,-0.2941674292087555,0.8033275604248047
2023-07-23 01:47:02.531000,-0.3859519362449646,0.8008072972297668
2023-07-23 01:48:02.452000,-0.29854831099510193,0.7944946885108948
2023-07-23 01:49:02.616000,-0.14044393599033356,0.7771394848823547
2023-07-23 01:50:02.404000,-0.12687884271144867,0.7626795172691345
2023-07-23 01:51:02.626000,-0.1365063488483429,0.746781587600708
2023-07-23 01:52:02.501000,-0.1495935469865799,0.7275679707527161
2023-07-23 01:53:02.505000,-0.12349922955036163,0.7177282571792603
2023-07-23 01:54:02.050000,-0.08971128612756729,0.694925844669342
2023-07-23 01:55:02.543000,-0.09431099891662598,0.6713318228721619
2023-07-23 01:56:02.468000,-0.12929068505764008,0.6616232395172119
2023-07-23 01:57:02.089000,-0.14578935503959656,0.656646192073822
2023-07-23 01:58:02.566000,-0.08651961386203766,0.6399640440940857
2023-07-23 02:00:02.413000,-0.22323809564113617,0.5803414583206177
2023-07-23 02:01:02.513000,-0.3205050826072693,0.5467989444732666
2023-07-23 02:02:02.596000,-0.32274413108825684,0.5229606628417969
2023-07-23 02:03:02.113000,-0.18285998702049255,0.5059950947761536
2023-07-23 02:05:02.361000,-0.20384815335273743,0.4821767508983612
2023-07-23 02:07:02.462000,-0.2185317426919937,0.4693850576877594
2023-07-23 02:09:02.922000,-0.23166371881961823,0.4721270203590393
2023-07-23 02:10:02.074000,-0.22063398361206055,0.476629376411438
2023-07-23 02:11:02.329000,-0.20875653624534607,0.47577816247940063
2023-07-23 02:12:02.324000,-0.20897872745990753,0.47393888235092163
2023-07-23 02:13:02.467000,-0.25357785820961,0.47269728779792786
2023-07-23 02:14:02.473000,-0.37476611137390137,0.46733683347702026
2023-07-23 02:15:02.485000,-0.3685973882675171,0.45606809854507446
2023-07-23 02:16:02.564000,-0.22276714444160461,0.43621885776519775
2023-07-23 02:17:02.091000,-0.2130158543586731,0.42633694410324097
2023-07-23 02:18:02.563000,-0.2086721807718277,0.42792510986328125
2023-07-23 02:19:02.273000,-0.21206963062286377,0.42801016569137573
2023-07-23 02:20:02.041000,-0.21817547082901,0.4228639602661133
2023-07-23 02:21:02.505000,-0.21549564599990845,0.41340371966362
2023-07-23 02:22:02.435000,-0.19413712620735168,0.3999547064304352
2023-07-23 02:23:02.293000,-0.15589921176433563,0.3837912380695343
2023-07-23 02:24:02.586000,-0.17013341188430786,0.3634639382362366
2023-07-23 02:25:02.634000,-0.1779380738735199,0.3361334502696991
2023-07-23 02:26:02.631000,-0.3218894600868225,0.3146265745162964
2023-07-23 02:27:02.450000,-0.30694276094436646,0.3000320792198181
2023-07-23 02:28:02.512000,-0.26296308636665344,0.2938860058784485
2023-07-23 02:29:02.021000,-0.1633928269147873,0.29700711369514465
2023-07-23 02:30:02.104000,-0.18003560602664948,0.3069137930870056
2023-07-23 02:31:02.509000,-0.2199263572692871,0.31362155079841614
2023-07-23 02:32:02.403000,-0.2187785804271698,0.32495880126953125
2023-07-23 02:33:02.548000,-0.13549275696277618,0.3460041284561157
2023-07-23 02:34:02.433000,-0.11890218406915665,0.36610719561576843
2023-07-23 02:36:02.029000,-0.11130758374929428,0.4133821725845337
2023-07-23 02:37:02.436000,-0.2794755697250366,0.4330604672431946
2023-07-23 02:38:02.301000,-0.26868900656700134,0.4573003649711609
2023-07-23 02:39:02.703000,-0.231912299990654,0.4913938045501709
2023-07-23 02:40:02.571000,-0.15564070641994476,0.5334161520004272
2023-07-23 02:41:02.419000,-0.1803315281867981,0.5742018818855286
2023-07-23 02:42:02.083000,-0.16630108654499054,0.6078373193740845
2023-07-23 02:43:02.411000,-0.15743643045425415,0.6312528848648071
2023-07-23 02:44:02.568000,-0.15631377696990967,0.6418531537055969
2023-07-23 02:45:02.496000,-0.15802566707134247,0.6461297869682312
2023-07-23 02:46:02.048000,-0.15986114740371704,0.6541334390640259
2023-07-23 02:47:02.464000,-0.17440427839756012,0.6611027121543884
2023-07-23 02:48:02.449000,-0.1848597526550293,0.652105450630188
2023-07-23 02:49:02.075000,-0.1853611022233963,0.6341598033905029
2023-07-23 02:50:02.362000,-0.20926763117313385,0.5868728160858154
2023-07-23 02:51:02.330000,-0.3441781997680664,0.5094774961471558
2023-07-23 02:52:02.386000,-0.3330955505371094,0.41941049695014954
2023-07-23 02:53:02.065000,-0.31788673996925354,0.340877503156662
2023-07-23 02:54:02.062000,-0.18105848133563995,0.3071863353252411
2023-07-23 02:55:02.100000,-0.19690091907978058,0.31504932045936584
2023-07-23 02:56:02.310000,-0.18743489682674408,0.3343210816383362
2023-07-23 02:57:02.045000,-0.12347249686717987,0.3504767417907715
2023-07-23 02:58:02.010000,-0.10857848078012466,0.3487784266471863
2023-07-23 02:59:01.966000,-0.09679288417100906,0.3238186836242676
2023-07-23 03:00:02.381000,-0.09718015044927597,0.30154314637184143
2023-07-23 03:01:02.022000,-0.09920954704284668,0.2783936858177185
2023-07-23 03:02:02.281000,-0.09955408424139023,0.26417917013168335
2023-07-23 03:03:02.144000,-0.15526410937309265,0.24952150881290436
2023-07-23 03:04:02.115000,-0.2830500900745392,0.22544093430042267
2023-07-23 03:05:02.358000,-0.3771245777606964,0.21515174210071564
2023-07-23 03:06:02.471000,-0.27887728810310364,0.23732519149780273
2023-07-23 03:07:02.585000,-0.1081233024597168,0.28588712215423584
2023-07-23 03:08:02.050000,-0.10898998379707336,0.3448679447174072
2023-07-23 03:09:02.360000,-0.10867185145616531,0.40155142545700073
2023-07-23 03:10:02.326000,-0.10808761417865753,0.4401686191558838
2023-07-23 03:11:02.344000,-0.12264668196439743,0.43343159556388855
2023-07-23 03:12:02.462000,-0.13172626495361328,0.3741239011287689
2023-07-23 03:14:02.491000,-0.13584204018115997,0.34029582142829895
2023-07-23 03:15:02.088000,-0.14470112323760986,0.3307252824306488
2023-07-23 03:16:02.646000,-0.14536219835281372,0.29882940649986267
2023-07-23 03:17:02.398000,-0.26794689893722534,0.2439747005701065
2023-07-23 03:18:02.479000,-0.3061336278915405,0.20152169466018677
2023-07-23 03:19:01.995000,-0.31074485182762146,0.18251827359199524
2023-07-23 03:20:02.451000,-0.1627393513917923,0.16291193664073944
2023-07-23 03:21:02.640000,-0.16229000687599182,0.1354057341814041
2023-07-23 03:22:02.009000,-0.15237709879875183,0.10989933460950851
2023-07-23 03:23:01.977000,-0.12091433256864548,0.09252101927995682
2023-07-23 03:24:02.052000,-0.10744611918926239,0.09160855412483215
2023-07-23 03:25:02.018000,-0.10843964666128159,0.10074804723262787
2023-07-23 03:26:02.229000,-0.10914455354213715,0.11818502843379974
2023-07-23 03:27:01.935000,-0.13137702643871307,0.13731220364570618
2023-07-23 03:28:02.310000,-0.32384535670280457,0.15841464698314667
2023-07-23 03:29:01.991000,-0.3266943693161011,0.1837058812379837
2023-07-23 03:30:01.950000,-0.26925939321517944,0.2078647017478943
2023-07-23 03:31:02.022000,-0.1909465491771698,0.2186788022518158
2023-07-23 03:32:02.057000,-0.15638110041618347,0.21734827756881714
2023-07-23 03:33:02.081000,-0.16057711839675903,0.21097171306610107
2023-07-23 03:34:01.925000,-0.1666705161333084,0.20611965656280518
2023-07-23 03:35:02.273000,-0.18818461894989014,0.20406579971313477
2023-07-23 03:36:01.983000,-0.1860615462064743,0.20283706486225128
2023-07-23 03:37:02.415000,-0.1738111823797226,0.1970028281211853
2023-07-23 03:38:02.517000,-0.17973721027374268,0.1758229285478592
2023-07-23 03:39:02.231000,-0.17970092594623566,0.15735593438148499
2023-07-23 03:40:02.392000,-0.19103477895259857,0.15296804904937744
2023-07-23 03:41:02.381000,-0.2665990889072418,0.14165019989013672
2023-07-23 03:42:02.257000,-0.3671080768108368,0.12276419252157211
2023-07-23 03:43:02.285000,-0.3797037899494171,0.10321902483701706
2023-07-23 03:44:01.923000,-0.2911984920501709,0.08395886421203613
2023-07-23 03:45:02.270000,-0.23559096455574036,0.08660607039928436
2023-07-23 03:46:02.410000,-0.22549772262573242,0.10428834706544876
2023-07-23 03:47:02.416000,-0.22287173569202423,0.10428989678621292
2023-07-23 03:48:02.316000,-0.16136223077774048,0.09569370746612549
2023-07-23 03:49:02.470000,-0.1722778081893921,0.09125258028507233
2023-07-23 03:50:02.332000,-0.45626357197761536,0.08121486008167267
2023-07-23 03:51:01.972000,-0.49273985624313354,0.04184453561902046
2023-07-23 03:52:02.060000,-0.8069034814834595,0.030345924198627472
2023-07-23 03:53:02.254000,-0.8993929624557495,0.039181582629680634
2023-07-23 03:54:02.395000,-0.9277822971343994,0.04564376175403595
2023-07-23 03:55:01.998000,-1.0881075859069824,0.05318022891879082
2023-07-23 03:56:02.038000,-0.8942583203315735,0.058254700154066086
2023-07-23 03:57:02.332000,-0.8011422157287598,0.05949770286679268
2023-07-23 03:58:02.017000,-0.747487485408783,0.06255067884922028
2023-07-23 03:59:02.398000,-0.7720938920974731,0.06997773051261902
2023-07-23 04:00:02.581000,-0.7769997119903564,0.07426363229751587
2023-07-23 04:01:01.910000,-0.7110458016395569,0.15069520473480225
2023-07-23 04:02:02.271000,-0.6899009346961975,0.16672152280807495
2023-07-23 04:03:01.957000,-0.6875330209732056,0.161102756857872
2023-07-23 04:04:01.972000,-0.70062255859375,0.1628667414188385
2023-07-23 04:05:01.985000,-0.751763105392456,0.18048657476902008
2023-07-23 04:06:02.335000,-0.8745401501655579,0.19859720766544342
2023-07-23 04:07:02.229000,-0.8816341161727905,0.21337160468101501
2023-07-23 04:08:02.352000,-0.7595236897468567,0.2255926877260208
2023-07-23 04:09:02.560000,-0.7043240666389465,0.2195654809474945
2023-07-23 04:10:02.352000,-0.6841100454330444,0.210333451628685
2023-07-23 04:11:01.949000,-0.6938164234161377,0.20676662027835846
2023-07-23 04:12:01.909000,-0.7198969125747681,0.2063581645488739
2023-07-23 04:13:01.995000,-0.7420594096183777,0.20326068997383118
2023-07-23 04:14:02.262000,-0.7479540705680847,0.19547641277313232
2023-07-23 04:15:02.160000,-0.6886524558067322,0.18587332963943481
2023-07-23 04:16:02.394000,-0.5785570740699768,0.1883259266614914
2023-07-23 04:17:02.001000,-0.7136693000793457,0.2135089784860611
2023-07-23 04:18:01.968000,-0.7000977993011475,0.24675746262073517
2023-07-23 04:19:02.337000,-0.6286872029304504,0.264976441860199
2023-07-23 04:20:01.920000,-0.5254470705986023,0.26842057704925537
2023-07-23 04:21:02.352000,-0.5256079435348511,0.266085684299469
2023-07-23 04:22:02.271000,-0.5354421734809875,0.2591942250728607
2023-07-23 04:23:01.946000,-0.566744863986969,0.25180691480636597
2023-07-23 04:24:02.367000,-0.6095577478408813,0.2495562732219696
2023-07-23 04:25:02.408000,-0.6211236715316772,0.2554633319377899
2023-07-23 04:26:02.275000,-0.5222758650779724,0.26733720302581787
2023-07-23 04:27:01.996000,-0.5185843706130981,0.28477102518081665
2023-07-23 04:28:01.886000,-0.5188498497009277,0.30193719267845154
2023-07-23 04:29:02.280000,-0.5186238884925842,0.32296422123908997
2023-07-23 04:30:02.319000,-0.5508272647857666,0.3363666534423828
2023-07-23 04:31:02.417000,-0.7322114109992981,0.3454531133174896
2023-07-23 04:32:01.938000,-0.748136579990387,0.35528239607810974
2023-07-23 04:33:01.992000,-0.7385465502738953,0.3615385591983795
2023-07-23 04:34:01.967000,-0.5776267051696777,0.36749041080474854
2023-07-23 04:35:02.264000,-0.5768405199050903,0.3671033978462219
2023-07-23 04:36:02.397000,-0.5785882472991943,0.3638482689857483
2023-07-23 04:37:01.883000,-0.5781815052032471,0.35556960105895996
2023-07-23 04:38:01.957000,-0.577842116355896,0.3452397286891937
2023-07-23 04:39:02.350000,-0.5969055891036987,0.3436083495616913
2023-07-23 04:40:02.278000,-0.6002604365348816,0.3505380153656006
2023-07-23 04:42:02.274000,-0.5830313563346863,0.37688958644866943
2023-07-23 04:43:02.149000,-0.5883339643478394,0.39183393120765686
2023-07-23 04:44:02.392000,-0.7637357711791992,0.4043597877025604
2023-07-23 04:45:02.040000,-0.7487018704414368,0.4144168794155121
2023-07-23 04:46:01.942000,-0.6282275915145874,0.41997000575065613
2023-07-23 04:47:01.943000,-0.6014009118080139,0.42794108390808105
2023-07-23 04:48:02.278000,-0.6150177121162415,0.43056848645210266
2023-07-23 04:49:02.484000,-0.6217548251152039,0.43594929575920105
2023-07-23 04:50:01.916000,-0.6065383553504944,0.4448385238647461
2023-07-23 04:51:02.352000,-0.6054627299308777,0.4572938084602356
2023-07-23 04:52:02.389000,-0.5561104416847229,0.46844157576560974
2023-07-23 04:53:02.319000,-0.5247278213500977,0.47312578558921814
2023-07-23 04:54:02.348000,-0.5128588676452637,0.46670591831207275
2023-07-23 04:55:02.332000,-0.5300129055976868,0.45075148344039917
2023-07-23 04:56:02.320000,-0.639370322227478,0.4260388910770416
2023-07-23 04:57:02.172000,-0.7039287686347961,0.4134853482246399
2023-07-23 04:58:01.877000,-0.6786171793937683,0.4058845639228821
2023-07-23 04:59:01.992000,-0.5345275402069092,0.38863706588745117
2023-07-23 05:00:02.101000,-0.555582582950592,0.3822189271450043
2023-07-23 05:01:02.360000,-0.5909571051597595,0.39369478821754456
2023-07-23 05:02:02.286000,-0.5724446773529053,0.40130290389060974
2023-07-23 05:03:01.948000,-0.541831374168396,0.3901542127132416
2023-07-23 05:04:01.878000,-0.5475409626960754,0.3682306706905365
2023-07-23 05:05:01.951000,-0.5466950535774231,0.32786446809768677
2023-07-23 05:06:01.880000,-0.6249306201934814,0.25072723627090454
2023-07-23 05:07:02.380000,-0.6913495063781738,0.21135620772838593
2023-07-23 05:08:02.238000,-0.6607652902603149,0.20596739649772644
2023-07-23 05:09:02.325000,-0.54994797706604,0.21449661254882812
2023-07-23 05:10:01.980000,-0.5487372875213623,0.2286422848701477
2023-07-23 05:11:01.939000,-0.5903732776641846,0.23786409199237823
2023-07-23 05:12:01.967000,-0.5983175039291382,0.21753612160682678
2023-07-23 05:13:02.330000,-0.5980462431907654,0.1968168318271637
2023-07-23 05:14:01.918000,-0.5681750178337097,0.19893518090248108
2023-07-23 05:15:02.340000,-0.563895046710968,0.18869799375534058
2023-07-23 05:16:01.980000,-0.5644944906234741,0.14635832607746124
2023-07-23 05:17:02.076000,-0.5640544891357422,0.12341924756765366
2023-07-23 05:18:01.942000,-0.5640363693237305,0.11765546351671219
2023-07-23 05:19:01.866000,-0.7365783452987671,0.12272121012210846
2023-07-23 05:20:02.324000,-0.7644705176353455,0.1416887789964676
2023-07-23 05:21:02.112000,-0.7547292709350586,0.17374801635742188
2023-07-23 05:22:01.919000,-0.5908307433128357,0.17870381474494934
2023-07-23 05:23:01.830000,-0.5733432769775391,0.162444606423378
2023-07-23 05:24:01.866000,-0.5936676859855652,0.14361990988254547
2023-07-23 05:25:02.395000,-0.6027542352676392,0.1116284504532814
2023-07-23 05:26:02.208000,-0.6055977940559387,0.09075484424829483
2023-07-23 05:27:01.970000,-0.6264200210571289,0.07032696157693863
2023-07-23 05:28:02.345000,-0.5459287166595459,0.02818697690963745
2023-07-23 05:29:01.873000,-0.5459465980529785,0.018417449668049812
2023-07-23 05:30:02.289000,-0.5557257533073425,0.022094519808888435
2023-07-23 05:31:02.164000,-0.5622966885566711,0.028199361637234688
2023-07-23 05:32:02.246000,-0.6751528382301331,0.03735402226448059
2023-07-23 05:33:02.355000,-0.7299850583076477,0.04768628999590874
2023-07-23 05:34:01.931000,-0.706591010093689,0.06658453494310379
2023-07-23 05:35:01.855000,-0.6297194957733154,0.06991731375455856
2023-07-23 05:36:02.149000,-0.6574978232383728,0.07342160493135452
2023-07-23 05:37:01.954000,-0.592656135559082,0.1757938116788864
2023-07-23 05:38:02.292000,-0.5264407396316528,0.2128395438194275
2023-07-23 05:39:02.549000,-0.5145415663719177,0.19278639554977417
2023-07-23 05:40:01.935000,-0.5139347910881042,0.1787518411874771
2023-07-23 05:41:01.822000,-0.49517107009887695,0.18399229645729065
2023-07-23 05:42:02.194000,-0.4297943413257599,0.18576891720294952
2023-07-23 05:43:01.916000,-0.45739567279815674,0.1861397922039032
2023-07-23 05:44:01.826000,-0.5464267134666443,0.19004260003566742
2023-07-23 05:45:01.928000,-0.6627088785171509,0.20230209827423096
2023-07-23 05:46:01.825000,-0.64460688829422,0.2056191861629486
2023-07-23 05:47:01.935000,-0.5121477842330933,0.22314970195293427
2023-07-23 05:48:01.849000,-0.4842502176761627,0.30429860949516296
2023-07-23 05:49:02.356000,-0.5428915619850159,0.3455023467540741
2023-07-23 05:50:01.932000,-0.5662776827812195,0.31584540009498596
2023-07-23 05:51:01.963000,-0.5955731868743896,0.2648754417896271
2023-07-23 05:52:01.794000,-0.6012529134750366,0.23095691204071045
2023-07-23 05:53:01.880000,-0.6071415543556213,0.23383881151676178
2023-07-23 05:54:01.813000,-0.5776697993278503,0.2508730888366699
2023-07-23 05:55:01.844000,-0.7190508246421814,0.22377102077007294
2023-07-23 05:56:02.072000,-0.7138270735740662,0.20354947447776794
2023-07-23 05:57:01.837000,-0.6439568996429443,0.17869733273983002
2023-07-23 05:58:01.956000,-0.5683274865150452,0.15153780579566956
2023-07-23 05:59:01.884000,-0.6042957901954651,0.15975748002529144
2023-07-23 06:00:02.038000,-0.6079870462417603,0.19039931893348694
2023-07-23 06:01:01.806000,-0.6107768416404724,0.1800333857536316
2023-07-23 06:02:01.944000,-0.5073288083076477,0.17370092868804932
2023-07-23 06:03:01.838000,-0.5055364370346069,0.17923769354820251
2023-07-23 06:04:01.842000,-0.49796605110168457,0.13649292290210724
2023-07-23 06:05:01.907000,-0.5074574947357178,0.12276089936494827
2023-07-23 06:06:02.109000,-0.518294632434845,0.15402385592460632
2023-07-23 06:07:02.215000,-0.5367979407310486,0.1726144552230835
2023-07-23 06:08:01.893000,-0.703393816947937,0.1672610193490982
2023-07-23 06:09:02.176000,-0.739734947681427,0.15853752195835114
2023-07-23 06:10:01.892000,-0.7429355978965759,0.13048547506332397
2023-07-23 06:11:01.770000,-0.6319494843482971,0.13012972474098206
2023-07-23 06:12:02.157000,-0.5249019861221313,0.16970127820968628
2023-07-23 06:13:02.213000,-0.5217364430427551,0.2279546856880188
2023-07-23 06:14:01.803000,-0.5236653685569763,0.2437966763973236
2023-07-23 06:15:01.907000,-0.5482029914855957,0.24920769035816193
2023-07-23 06:16:01.919000,-0.5500340461730957,0.24640750885009766
2023-07-23 06:17:01.848000,-0.5524433851242065,0.24151140451431274
2023-07-23 06:18:01.812000,-0.534593403339386,0.23123276233673096
2023-07-23 06:19:01.890000,-0.5336359143257141,0.2420840710401535
2023-07-23 06:20:01.749000,-0.553541898727417,0.2718754708766937
2023-07-23 06:21:02.200000,-0.6671082973480225,0.25997641682624817
2023-07-23 06:22:01.804000,-0.7399650812149048,0.1953052133321762
2023-07-23 06:23:01.805000,-0.7224229574203491,0.16064779460430145
2023-07-23 06:24:01.849000,-0.6033328771591187,0.1637190282344818
2023-07-23 06:25:01.808000,-0.6014160513877869,0.20458681881427765
2023-07-23 06:26:01.878000,-0.5781153440475464,0.24716001749038696
2023-07-23 06:27:01.774000,-0.5776568651199341,0.2718654274940491
2023-07-23 06:28:01.825000,-0.5774015188217163,0.28288182616233826
2023-07-23 06:29:01.787000,-0.5767172574996948,0.27335938811302185
2023-07-23 06:30:02.279000,-0.5772736668586731,0.24178291857242584
2023-07-23 06:31:01.801000,-0.5995034575462341,0.20986448228359222
2023-07-23 06:32:02.009000,-0.5984879732131958,0.23722513020038605
2023-07-23 06:33:01.885000,-0.6415578126907349,0.3157622516155243
2023-07-23 06:34:01.841000,-0.7753377556800842,0.3358152210712433
2023-07-23 06:35:02.126000,-0.7583084106445312,0.30979377031326294
2023-07-23 06:36:02.105000,-0.6719953417778015,0.2712884843349457
2023-07-23 06:37:01.821000,-0.5250236988067627,0.2478346973657608
2023-07-23 06:38:01.891000,-0.514103889465332,0.22598855197429657
2023-07-23 06:39:02.197000,-0.5336528420448303,0.20473621785640717
2023-07-23 06:40:01.741000,-0.5325659513473511,0.19796599447727203
2023-07-23 06:41:01.750000,-0.5338016748428345,0.18659916520118713
2023-07-23 06:42:01.786000,-0.5112050771713257,0.18599754571914673
2023-07-23 06:43:01.792000,-0.5442813038825989,0.19390708208084106
2023-07-23 06:44:02.259000,-0.6816555261611938,0.19694475829601288
2023-07-23 06:45:01.766000,-0.7596604824066162,0.20226216316223145
2023-07-23 06:46:01.890000,-0.7128949761390686,0.20931963622570038
2023-07-23 06:47:01.835000,-0.5433644652366638,0.21013405919075012
2023-07-23 06:48:01.814000,-0.5437987446784973,0.19104762375354767
2023-07-23 06:49:01.722000,-0.54108726978302,0.17971321940422058
2023-07-23 06:50:01.856000,-0.5191270709037781,0.19342643022537231
2023-07-23 06:51:01.874000,-0.5044023394584656,0.21447530388832092
2023-07-23 06:52:01.931000,-0.440055251121521,0.20795699954032898
2023-07-23 06:53:01.748000,-0.4541691839694977,0.2042831927537918
2023-07-23 06:54:01.765000,-0.4497813284397125,0.22974039614200592
2023-07-23 06:55:01.842000,-0.4875839352607727,0.2259667068719864
2023-07-23 06:56:01.804000,-0.49146372079849243,0.2156411111354828
2023-07-23 06:57:01.849000,-0.6160308122634888,0.2155212014913559
2023-07-23 06:58:02.226000,-0.6515881419181824,0.24140730500221252
2023-07-23 06:59:01.847000,-0.6960217952728271,0.3062889575958252
2023-07-23 07:00:02.319000,-0.6377568244934082,0.3516136407852173
2023-07-23 07:01:02.002000,-0.5925549268722534,0.3815363347530365
2023-07-23 07:02:02.216000,-0.5559170842170715,0.3495962917804718
2023-07-23 07:03:01.821000,-0.5750847458839417,0.3067193329334259
2023-07-23 07:04:02.082000,-0.5768736004829407,0.27438533306121826
2023-07-23 07:05:01.722000,-0.5732504725456238,0.28071731328964233
2023-07-23 07:06:01.726000,-0.5525302886962891,0.24260181188583374
2023-07-23 07:07:01.764000,-0.5645226240158081,0.21146439015865326
2023-07-23 07:08:02.013000,-0.5699085593223572,0.2058289349079132
2023-07-23 07:09:02.252000,-0.5728026628494263,0.20864135026931763
2023-07-23 07:10:01.848000,-0.6555516719818115,0.17842362821102142
2023-07-23 07:11:02.036000,-0.6870194673538208,0.1521330624818802
2023-07-23 07:12:01.784000,-0.6509779691696167,0.1297457367181778
2023-07-23 07:13:01.710000,-0.5088551044464111,0.1085730493068695
2023-07-23 07:14:01.871000,-0.48127323389053345,0.10969056934118271
2023-07-23 07:15:01.709000,-0.48014554381370544,0.14016538858413696
2023-07-23 07:16:02.046000,-0.48130807280540466,0.1488184779882431
2023-07-23 07:17:01.943000,-0.5171266198158264,0.14927080273628235
2023-07-23 07:18:01.832000,-0.5313313603401184,0.17144188284873962
2023-07-23 07:19:01.748000,-0.5842037796974182,0.18584665656089783
2023-07-23 07:20:01.770000,-0.5496699810028076,0.14127804338932037
2023-07-23 07:21:01.707000,-0.5026784539222717,0.09334604442119598
2023-07-23 07:22:01.749000,-0.5178791880607605,0.08813338726758957
2023-07-23 07:23:01.729000,-0.6700155138969421,0.08975756913423538
2023-07-23 07:24:01.812000,-0.656389594078064,0.1019182875752449
2023-07-23 07:25:02.154000,-0.556891143321991,0.11494070291519165
2023-07-23 07:26:01.764000,-0.4907222092151642,0.1264435350894928
2023-07-23 07:27:01.830000,-0.5317685604095459,0.12049302458763123
2023-07-23 07:28:01.724000,-0.5254771709442139,0.10091127455234528
2023-07-23 07:29:01.709000,-0.5406954288482666,0.10344360768795013
2023-07-23 07:30:02.279000,-0.5216927528381348,0.10736096650362015
2023-07-23 07:31:01.840000,-0.5235552191734314,0.09618564695119858
2023-07-23 07:32:01.757000,-0.5254554748535156,0.08298593014478683
2023-07-23 07:33:01.756000,-0.6508234143257141,0.08499590307474136
2023-07-23 07:34:01.755000,-0.6952175498008728,0.10256033390760422
2023-07-23 07:35:01.845000,-0.6707834601402283,0.12590292096138
2023-07-23 07:36:01.748000,-0.5482335090637207,0.13611525297164917
2023-07-23 07:37:01.720000,-0.553449273109436,0.14884397387504578
2023-07-23 07:38:01.689000,-0.7151526212692261,0.1696183979511261
2023-07-23 07:39:02.665000,-0.5968946814537048,0.16673947870731354
2023-07-23 07:40:01.689000,-0.4181014597415924,0.19315478205680847
2023-07-23 07:41:01.949000,-0.4786456227302551,0.236076220870018
2023-07-23 07:42:01.757000,-0.625015377998352,0.23954343795776367
2023-07-23 07:43:01.689000,-0.9152600765228271,0.2572322189807892
2023-07-23 07:44:01.674000,-0.8896480798721313,0.2683184742927551
2023-07-23 07:45:01.822000,-0.8260879516601562,0.3161930441856384
2023-07-23 07:46:02.045000,-0.8871679902076721,0.35467827320098877
2023-07-23 07:47:02.071000,-0.9212042689323425,0.31656309962272644
2023-07-23 07:48:01.921000,-0.9111205339431763,0.26273947954177856
2023-07-23 07:49:02.190000,-0.8197326064109802,0.2156693935394287
2023-07-23 07:50:01.824000,-0.7727187275886536,0.19455203413963318
2023-07-23 07:51:02.158000,-0.7966129779815674,0.1938207894563675
2023-07-23 07:52:01.803000,-0.825490415096283,0.1990348845720291
2023-07-23 07:53:01.763000,-0.8377133011817932,0.21780452132225037
2023-07-23 07:54:02.237000,-0.8224831223487854,0.2318083494901657
2023-07-23 07:55:01.713000,-0.7722826600074768,0.23890334367752075
2023-07-23 07:56:01.713000,-0.7492939829826355,0.24007479846477509
2023-07-23 07:57:01.673000,-0.7624971866607666,0.21843202412128448
2023-07-23 07:58:01.740000,-0.7689915299415588,0.18613497912883759
2023-07-23 07:59:01.740000,-0.850845217704773,0.15438450872898102
2023-07-23 08:00:01.785000,-0.8541826605796814,0.1288299709558487
2023-07-23 08:01:02.176000,-0.8222296833992004,0.11752378940582275
2023-07-23 08:02:02.230000,-0.6482293009757996,0.13036960363388062
2023-07-23 08:03:01.757000,-0.6339700818061829,0.1388990581035614
2023-07-23 08:04:02.131000,-0.6690872311592102,0.12703710794448853
2023-07-23 08:05:02.148000,-0.6968121528625488,0.1319604218006134
2023-07-23 08:06:02.016000,-0.7053456902503967,0.17121461033821106
2023-07-23 08:07:01.686000,-0.7215229868888855,0.1937098503112793
2023-07-23 08:08:01.795000,-0.7105354070663452,0.21695569157600403
2023-07-23 08:09:02.692000,-0.7044070959091187,0.2477545291185379
2023-07-23 08:10:01.816000,-0.6895079612731934,0.29716750979423523
2023-07-23 08:11:01.783000,-0.69014573097229,0.3312157094478607
2023-07-23 08:12:01.721000,-0.8303925395011902,0.35861629247665405
2023-07-23 08:13:02.077000,-0.8523948192596436,0.3670381009578705
2023-07-23 08:14:01.682000,-0.8375846147537231,0.3625517189502716
2023-07-23 08:15:01.768000,-0.7372074723243713,0.3762931823730469
2023-07-23 08:16:01.676000,-0.7368309497833252,0.42439624667167664
2023-07-23 08:17:01.681000,-0.741339921951294,0.4103240966796875
2023-07-23 08:18:01.708000,-0.7084594964981079,0.41528037190437317
2023-07-23 08:19:02.223000,-0.7131037712097168,0.4119562804698944
2023-07-23 08:20:01.666000,-0.6310195326805115,0.3859221935272217
2023-07-23 08:21:01.709000,-0.6332217454910278,0.35692423582077026
2023-07-23 08:22:02.182000,-0.706350564956665,0.3313938081264496
2023-07-23 08:23:01.666000,-0.8191941976547241,0.3135804235935211
2023-07-23 08:24:01.727000,-0.815678060054779,0.30844807624816895
2023-07-23 08:25:02.020000,-0.647198498249054,0.3313901126384735
2023-07-23 08:26:01.756000,-0.6442046165466309,0.35749703645706177
2023-07-23 08:27:01.684000,-0.659804105758667,0.3789321184158325
2023-07-23 08:28:01.630000,-0.6991022825241089,0.4036836326122284
2023-07-23 08:29:01.650000,-0.7213010191917419,0.41851329803466797
2023-07-23 08:30:01.736000,-0.6427768468856812,0.40851911902427673
2023-07-23 08:31:02.228000,-0.6594205498695374,0.3941613435745239
2023-07-23 08:32:01.812000,-0.6591877341270447,0.4028974175453186
2023-07-23 08:33:01.748000,-0.6201900243759155,0.41828250885009766
2023-07-23 08:34:01.675000,-0.5679253339767456,0.4223896265029907
2023-07-23 08:35:01.727000,-0.7077228426933289,0.4280814826488495
2023-07-23 08:36:01.623000,-0.8173505067825317,0.43631574511528015
2023-07-23 08:37:01.772000,-1.3055633306503296,0.4403614401817322
2023-07-23 08:38:01.735000,-1.686305284500122,0.42017367482185364
2023-07-23 08:39:02.073000,-2.106919765472412,0.39238476753234863
2023-07-23 08:40:01.812000,-2.323636054992676,0.37053176760673523
2023-07-23 08:41:01.766000,-2.410921573638916,0.35531988739967346
2023-07-23 08:42:01.728000,-2.497138738632202,0.3402809500694275
2023-07-23 08:43:01.656000,-2.5340147018432617,0.32493671774864197
2023-07-23 08:44:01.695000,-2.6133439540863037,0.30873432755470276
2023-07-23 08:45:01.647000,-2.621032953262329,0.3121483325958252
2023-07-23 08:46:01.929000,-2.6261911392211914,0.3267560601234436
2023-07-23 08:47:01.675000,-2.632084608078003,0.3526149392127991
2023-07-23 08:48:01.688000,-2.7069571018218994,0.40153586864471436
2023-07-23 08:49:02.157000,-2.760897636413574,0.4238061010837555
2023-07-23 08:50:01.711000,-2.691697120666504,0.4066219627857208
2023-07-23 08:51:01.745000,-2.560988187789917,0.3851805329322815
2023-07-23 08:52:01.987000,-2.590331554412842,0.3714067339897156
2023-07-23 08:53:01.680000,-2.58923077583313,0.3620084226131439
2023-07-23 08:54:01.683000,-2.611781120300293,0.3440842926502228
2023-07-23 08:55:02.138000,-2.6064255237579346,0.32322371006011963
2023-07-23 08:56:01.681000,-2.537761926651001,0.3051585853099823
2023-07-23 08:57:01.680000,-2.5315067768096924,0.28830739855766296
2023-07-23 08:58:01.730000,-2.5318589210510254,0.27357563376426697
2023-07-23 08:59:01.715000,-2.524181604385376,0.2574447691440582
2023-07-23 09:00:02.100000,-2.575604200363159,0.2410297840833664
2023-07-23 09:01:01.740000,-2.702629566192627,0.2256467193365097
2023-07-23 09:02:01.621000,-2.7098798751831055,0.21121233701705933
2023-07-23 09:03:01.735000,-2.653513193130493,0.19852808117866516
2023-07-23 09:04:01.629000,-2.635928153991699,0.18974624574184418
2023-07-23 09:05:01.589000,-2.706406354904175,0.18173176050186157
2023-07-23 09:06:02.021000,-2.395479440689087,0.17497777938842773
2023-07-23 09:07:01.588000,-1.8659577369689941,0.17048217356204987
2023-07-23 09:08:01.726000,-0.23565620183944702,0.16660532355308533
2023-07-23 09:09:02.001000,-0.18547120690345764,0.16171453893184662
2023-07-23 09:10:01.720000,-0.16456238925457,0.15642791986465454
2023-07-23 09:11:01.725000,-0.2815316617488861,0.15026935935020447
2023-07-23 09:12:01.665000,-0.3196585178375244,0.14322775602340698
2023-07-23 09:13:01.639000,-0.2548029124736786,0.13738621771335602
2023-07-23 09:14:01.609000,-0.15348665416240692,0.13080041110515594
2023-07-23 09:15:01.625000,-0.15541808307170868,0.12502703070640564
2023-07-23 09:16:01.683000,-0.15399356186389923,0.11777138710021973
2023-07-23 09:17:01.733000,-0.15212059020996094,0.11096719652414322
2023-07-23 09:18:02.219000,-0.15919867157936096,0.10454833507537842
2023-07-23 09:19:01.680000,-0.17316222190856934,0.1013689786195755
2023-07-23 09:20:01.639000,-0.1762087494134903,0.0984809398651123
2023-07-23 09:21:02.162000,-0.16893857717514038,0.0937219187617302
2023-07-23 09:22:01.576000,-0.15627822279930115,0.0886630266904831
2023-07-23 09:23:01.647000,-0.1637450009584427,0.0861922949552536
2023-07-23 09:24:01.576000,-0.28098031878471375,0.08637425303459167
2023-07-23 09:25:01.601000,-0.3461671769618988,0.08488091826438904
2023-07-23 09:26:01.715000,-0.3425595462322235,0.08175481855869293
2023-07-23 09:27:01.570000,-0.25866663455963135,0.07691249996423721
2023-07-23 09:28:01.612000,-0.17802774906158447,0.04321791231632233
2023-07-23 09:29:01.704000,-0.19017428159713745,0.029354367405176163
2023-07-23 09:30:02.060000,-0.1856590211391449,0.027740923687815666
2023-07-23 09:31:02.133000,-0.1887785792350769,0.02591315470635891
2023-07-23 09:32:01.654000,-0.19168277084827423,0.0241816658526659
2023-07-23 09:33:01.706000,-0.11693289875984192,0.022560255602002144
2023-07-23 09:34:01.561000,-0.11874628067016602,0.021652232855558395
2023-07-23 09:35:01.606000,-0.12991425395011902,0.020789846777915955
2023-07-23 09:36:01.552000,-0.12908372282981873,0.02000764198601246
2023-07-23 09:37:01.655000,-0.16012616455554962,0.019385699182748795
2023-07-23 09:38:01.781000,-0.2831800878047943,0.018987324088811874
2023-07-23 09:39:01.554000,-0.30257877707481384,0.018105700612068176
2023-07-23 09:40:01.668000,-0.16115890443325043,0.0166229996830225
2023-07-23 09:41:01.695000,-0.19662408530712128,0.015072956681251526
2023-07-23 09:42:02.030000,-0.21561428904533386,0.013386162929236889
2023-07-23 09:43:01.597000,-0.23344941437244415,0.01204770803451538
2023-07-23 09:44:01.743000,-0.22567158937454224,0.010766097344458103
2023-07-23 09:45:01.697000,-0.20926107466220856,0.009635795839130878
2023-07-23 09:46:01.746000,-0.19391927123069763,0.008676615543663502
2023-07-23 09:47:01.553000,-0.19286607205867767,0.007726458366960287
2023-07-23 09:48:02.020000,-0.16467483341693878,0.006409136112779379
2023-07-23 09:49:01.585000,-0.11040276288986206,0.005441857036203146
2023-07-23 09:50:01.581000,-0.29396361112594604,0.004461039789021015
2023-07-23 09:52:01.667000,-0.20111480355262756,0.0029170475900173187
2023-07-23 09:53:01.656000,-0.11443693190813065,0.002735413145273924
2023-07-23 09:54:01.606000,-0.10163258016109467,0.0024371501058340073
2023-07-23 09:55:01.624000,-0.14379295706748962,0.0017383999656885862
2023-07-23 09:56:01.623000,-0.17460858821868896,0.00048425531713292
2023-07-23 09:57:01.608000,-0.2017926275730133,-0.0009006382897496223
2023-07-23 09:58:01.537000,-0.20110437273979187,-0.0016978139756247401
2023-07-23 09:59:01.780000,-0.13231191039085388,-0.0018631818238645792
2023-07-23 10:00:01.875000,-0.27623799443244934,-0.0018590475665405393
2023-07-23 10:01:01.682000,-0.2861177921295166,-0.0018657391192391515
2023-07-23 10:02:01.581000,-0.20995736122131348,-0.001910525024868548
2023-07-23 10:03:01.680000,-0.11419626325368881,-0.0019030000548809767
2023-07-23 10:04:01.602000,-0.12058810144662857,0.0024947442580014467
2023-07-23 10:05:01.760000,-0.15729576349258423,0.001874634181149304
2023-07-23 10:06:01.684000,-0.1659611165523529,-0.0007281632861122489
2023-07-23 10:07:01.616000,-0.19433507323265076,-0.0019265000009909272
2023-07-23 10:08:01.683000,-0.18461310863494873,-0.0019478409085422754
2023-07-23 10:09:02.099000,-0.17186471819877625,-0.0018901914590969682
2023-07-23 10:10:01.530000,-0.158810093998909,-0.0019515111343935132
2023-07-23 10:11:01.585000,-0.15838311612606049,3.6976609862904297e-06
2023-07-23 10:12:01.709000,-0.1585879772901535,0.0033945117611438036
2023-07-23 10:13:01.612000,-0.30455708503723145,-0.0018649999983608723
2023-07-23 10:14:01.743000,-0.3479948043823242,-0.0019290216732770205
2023-07-23 10:15:01.684000,-0.3491055369377136,-0.0019766585901379585
2023-07-23 10:16:01.580000,-0.21688449382781982,-0.0018167020753026009
2023-07-23 10:17:01.522000,-0.17520490288734436,-0.0018545768689364195
2023-07-23 10:18:01.647000,-0.1843484789133072,0.005425130482763052
2023-07-23 10:19:01.645000,-0.1887734830379486,0.0021710426080971956
2023-07-23 10:20:01.677000,-0.19135746359825134,-0.0008115121745504439
2023-07-23 10:21:01.641000,-0.12625454366207123,-0.0011811666190624237
2023-07-23 10:22:01.573000,-0.12015506625175476,-0.001150249969214201
2023-07-23 10:23:01.508000,-0.13484591245651245,-0.001909826067276299
2023-07-23 10:24:01.632000,-0.13860319554805756,-0.0019327208865433931
2023-07-23 10:25:01.567000,-0.12829099595546722,-0.0018953110557049513
2023-07-23 10:26:01.566000,-0.2057792693376541,-0.001810372108593583
2023-07-23 10:27:01.647000,-0.2974262535572052,-0.0018951667007058859
2023-07-23 10:28:01.628000,-0.2665390968322754,-0.001861102064140141
2023-07-23 10:29:01.648000,-0.1707608848810196,-0.001828088890761137
2023-07-23 10:30:01.598000,-0.20173496007919312,-0.0018914389656856656
2023-07-23 10:31:01.510000,-0.13044533133506775,-0.0018417499959468842
2023-07-23 10:32:01.530000,-0.12947838008403778,-0.001907499972730875
2023-07-23 10:33:01.664000,-0.11711236834526062,-0.0018900800496339798
2023-07-23 10:34:01.554000,-0.10608453303575516,-0.0019000222673639655
2023-07-23 10:35:01.535000,-0.1056639701128006,-0.0019077826291322708
2023-07-23 10:36:01.561000,-0.10652166604995728,-0.001878325012512505
2023-07-23 10:37:01.573000,-0.12021763622760773,-0.0017638683784753084
2023-07-23 10:38:01.558000,-0.1999364197254181,-0.0018338889349251986
2023-07-23 10:39:01.975000,-0.3412763774394989,-0.0018102811882272363
2023-07-23 10:40:01.614000,-0.35212257504463196,-0.0019039767794311047
2023-07-23 10:42:01.530000,-0.19114169478416443,-0.0020636743865907192
2023-07-23 10:43:01.523000,-0.19434653222560883,-0.0019196829525753856
2023-07-23 10:44:01.680000,-0.19834838807582855,-0.0018904594471678138
2023-07-23 10:45:01.569000,-0.19772344827651978,-0.0018771860050037503
2023-07-23 10:46:01.519000,-0.21309936046600342,-0.0019298570696264505
2023-07-23 10:47:01.629000,-0.21736033260822296,-0.0018958181608468294
2023-07-23 10:48:01.501000,-0.1402791291475296,-0.00191014283336699
2023-07-23 10:49:01.602000,-0.26716095209121704,-0.0019725682213902473
2023-07-23 10:50:01.605000,-0.2666475772857666,-0.001798521727323532
2023-07-23 10:51:01.560000,-0.18821942806243896,-0.001882187440060079
2023-07-23 10:52:01.626000,-0.1017448678612709,-0.001932926825247705
2023-07-23 10:53:01.644000,-0.10255808383226395,-0.0019309574272483587
2023-07-23 10:54:01.653000,-0.11663228273391724,-0.0019029999384656549
2023-07-23 10:55:01.470000,-0.14929495751857758,-0.001850105240009725
2023-07-23 10:56:01.527000,-0.18507160246372223,-0.0019002041080966592
2023-07-23 10:57:01.508000,-0.1946820616722107,-0.0018589756218716502
2023-07-23 10:58:01.514000,-0.19898027181625366,-0.0018551800167188048
2023-07-23 10:59:01.546000,-0.19986559450626373,-0.001904954551719129
2023-07-23 11:00:02.094000,-0.20253369212150574,-0.0018431904027238488
2023-07-23 11:01:01.517000,-0.18111836910247803,-0.001867463462986052
2023-07-23 11:02:01.562000,-0.2976197302341461,-0.0017695951974019408
2023-07-23 11:03:01.546000,-0.3242103159427643,-0.001954616978764534
2023-07-23 11:04:01.528000,-0.31772974133491516,-0.0019151702290400863
2023-07-23 11:05:01.671000,-0.17295295000076294,-0.0017491176258772612
2023-07-23 11:06:01.667000,-0.13291878998279572,-0.001754754688590765
2023-07-23 11:07:01.530000,-0.13124020397663116,-0.0018492973176762462
2023-07-23 11:08:01.522000,-0.13983164727687836,-0.001805717940442264
2023-07-23 11:09:02.055000,-0.15673093497753143,-0.0018093750113621354
2023-07-23 11:10:01.466000,-0.20790345966815948,-0.0018407618626952171
2023-07-23 11:11:01.519000,-0.21935202181339264,-0.0018938604043796659
2023-07-23 11:12:01.519000,-0.14426903426647186,-0.001868510153144598
2023-07-23 11:13:01.545000,-0.131678968667984,-0.0018500930164009333
2023-07-23 11:14:01.483000,-0.12227178364992142,-0.0019136042101308703
2023-07-23 11:15:01.615000,-0.22192205488681793,-0.001847825013101101
2023-07-23 11:16:01.685000,-0.2793204188346863,-0.001821131561882794
2023-07-23 11:17:01.685000,-0.23440565168857574,-0.0019021999323740602
2023-07-23 11:18:01.479000,-0.1546650379896164,-0.001819895813241601
2023-07-23 11:19:01.556000,-0.1741274893283844,-0.001907619065605104
2023-07-23 11:20:01.494000,-0.2058071494102478,-0.0018903673626482487
2023-07-23 11:21:01.515000,-0.20079849660396576,-0.0018424999434500933
2023-07-23 11:22:01.452000,-0.19306379556655884,-0.0018806458683684468
2023-07-23 11:23:01.540000,-0.18736101686954498,-0.0018767575966194272
2023-07-23 11:24:01.529000,-0.18805979192256927,-0.00189270731061697
2023-07-23 11:25:02.019000,-0.18776385486125946,-0.0018557255389168859
2023-07-23 11:26:01.600000,-0.2040593922138214,-0.0018596999580040574
2023-07-23 11:27:01.525000,-0.24096713960170746,-0.0018913404783234
2023-07-23 11:28:01.456000,-0.3723633289337158,-0.0019337953999638557
2023-07-23 11:29:01.467000,-0.33136865496635437,-0.0018252036534249783
2023-07-23 11:30:01.769000,-0.2264876812696457,-0.0019138571806252003
2023-07-23 11:31:01.450000,-0.15961328148841858,-0.0018722221720963717
2023-07-23 11:32:01.554000,-0.15826746821403503,-0.0017870244337245822
2023-07-23 11:33:01.565000,-0.15694358944892883,-0.0018722083186730742
2023-07-23 11:34:01.460000,-0.17149809002876282,-0.0018556199502199888
2023-07-23 11:35:01.468000,-0.203593909740448,-0.001859325566329062
2023-07-23 11:36:01.592000,-0.20990580320358276,-0.0017980611883103848
2023-07-23 11:37:01.439000,-0.19734551012516022,-0.0018955745035782456
2023-07-23 11:38:01.505000,-0.22751140594482422,-0.0018700697692111135
2023-07-23 11:39:01.930000,-0.27537965774536133,-0.0018824872095137835
2023-07-23 11:40:01.478000,-0.2342216521501541,-0.001899372087791562
2023-07-23 11:41:01.512000,-0.10579095035791397,-0.0019383912440389395
2023-07-23 11:42:01.532000,-0.12220115214586258,-0.0019097073236480355
2023-07-23 11:43:01.453000,-0.13427433371543884,-0.001835759961977601
2023-07-23 11:44:01.888000,-0.1775711476802826,-0.0018892368534579873
2023-07-23 11:45:01.583000,-0.172840878367424,-0.0019104317761957645
2023-07-23 11:46:01.546000,-0.19758574664592743,-0.001831050030887127
2023-07-23 11:47:01.770000,-0.15164583921432495,-0.001879342133179307
2023-07-23 11:48:01.490000,-0.10792441666126251,-0.0018932962557300925
2023-07-23 11:49:01.451000,-0.10748065263032913,-0.001986619085073471
2023-07-23 11:50:01.477000,-0.1217212826013565,-0.0019407692598178983
2023-07-23 11:51:01.413000,-0.24717645347118378,-0.0019535264000296593
2023-07-23 11:53:01.467000,-0.28113430738449097,-0.0019115833565592766
2023-07-23 11:54:01.461000,-0.20068316161632538,-0.0019128333078697324
2023-07-23 11:55:01.633000,-0.1349414438009262,-0.0018990000244230032
2023-07-23 11:56:01.429000,-0.15117718279361725,-0.0019335434772074223
2023-07-23 11:57:01.429000,-0.15130366384983063,-0.0018775749485939741
2023-07-23 11:58:01.414000,-0.167337566614151,-0.0019013333367183805
2023-07-23 11:59:01.548000,-0.1725890338420868,-0.001918999943882227
2023-07-23 12:00:02.053000,-0.17168019711971283,-0.0019115777686238289
2023-07-23 12:01:01.516000,-0.15408846735954285,-0.0019316922407597303
2023-07-23 12:02:01.439000,-0.146647110581398,-0.0019140909425914288
2023-07-23 12:03:01.468000,-0.1662362813949585,-0.001913837157189846
2023-07-23 12:04:01.534000,-0.22501936554908752,-0.0019117954652756453
2023-07-23 12:05:01.766000,-0.368712842464447,-0.001930256374180317
2023-07-23 12:06:01.593000,-0.3730367422103882,-0.001913255313411355
2023-07-23 12:07:01.536000,-0.2291441708803177,-0.001902613672427833
2023-07-23 12:08:01.459000,-0.20618438720703125,-0.0019155610352754593
2023-07-23 12:09:02.113000,-0.1836935430765152,-0.0019012391567230225
2023-07-23 12:10:01.439000,-0.17639310657978058,-0.0020330999977886677
2023-07-23 12:11:01.605000,-0.17590676248073578,-0.001904562464915216
2023-07-23 12:12:01.491000,-0.17431078851222992,-0.0019098042976111174
2023-07-23 12:13:01.548000,-0.17059648036956787,-0.0019234999781474471
2023-07-23 12:14:01.511000,-0.17390386760234833,-0.0018756221979856491
2023-07-23 12:15:01.501000,-0.17718270421028137,-0.0019402093021199107
2023-07-23 12:16:01.449000,-0.16831566393375397,-0.0018705917755141854
2023-07-23 12:17:01.458000,-0.3099049925804138,-0.0019396382849663496
2023-07-23 12:18:01.637000,-0.2944393455982208,-0.0018849591724574566
2023-07-23 12:19:01.542000,-0.2458530217409134,-0.0019054871518164873
2023-07-23 12:20:01.442000,-0.06329621374607086,-0.001909951213747263
2023-07-23 12:21:01.472000,-0.056649383157491684,-0.0018891951767727733
2023-07-23 12:22:01.511000,-0.07276691496372223,-0.001904244883917272
2023-07-23 12:23:01.480000,-0.0801130160689354,-0.001910333288833499
2023-07-23 12:24:01.489000,-0.12488334625959396,-0.0018926922930404544
2023-07-23 12:25:01.594000,-0.1458117663860321,-0.0018699795473366976
2023-07-23 12:26:01.477000,-0.157181516289711,-0.0019402549369260669
2023-07-23 12:27:01.407000,-0.24634137749671936,-0.0019295000238344073
2023-07-23 12:28:01.489000,-0.39239007234573364,-0.0018930732039734721
2023-07-23 12:29:01.422000,-0.40473467111587524,-0.0018888780614361167
2023-07-23 12:30:01.705000,-0.20631466805934906,-0.001860382966697216
2023-07-23 12:31:01.444000,-0.16281455755233765,-0.0018705216934904456
2023-07-23 12:32:01.612000,-0.1635570526123047,-0.0019210525788366795
2023-07-23 12:33:01.476000,-0.14675089716911316,-0.0017919524107128382
2023-07-23 12:34:01.428000,-0.1388152837753296,-0.001954473555088043
2023-07-23 12:35:01.485000,-0.13185414671897888,-0.001915847766213119
2023-07-23 12:36:01.416000,-0.14378882944583893,-0.001956749940291047
2023-07-23 12:37:01.450000,-0.1595402956008911,-0.0017839286010712385
2023-07-23 12:38:01.666000,-0.2036413997411728,-0.001963707385584712
2023-07-23 12:39:01.730000,-0.22771264612674713,-0.0018834102666005492
2023-07-23 12:40:01.496000,-0.2687278389930725,-0.002012369455769658
2023-07-23 12:41:01.489000,-0.3725782632827759,-0.0018061489099636674
2023-07-23 12:42:01.414000,-0.3473450839519501,-0.0017912857001647353
2023-07-23 12:43:01.472000,-0.3065973222255707,-0.0019352174131199718
2023-07-23 12:44:01.426000,-0.18272382020950317,-0.0020083333365619183
2023-07-23 12:45:01.485000,-0.1787710040807724,-0.0019165908452123404
2023-07-23 12:46:01.569000,-0.20000487565994263,-0.00194782973267138
2023-07-23 12:47:01.358000,-0.1916334331035614,-0.0018800408579409122
2023-07-23 12:48:01.419000,-0.19427421689033508,-0.0018955208361148834
2023-07-23 12:49:01.410000,-0.17689454555511475,-0.001905081677250564
2023-07-23 12:50:01.374000,-0.1732095181941986,-0.0019366666674613953
2023-07-23 12:51:01.375000,-0.1717316061258316,-0.0019026122754439712
2023-07-23 12:52:01.443000,-0.16544511914253235,-0.0019331666408106685
2023-07-23 12:53:01.480000,-0.1705765277147293,-0.0019418536685407162
2023-07-23 12:54:01.430000,-0.34143397212028503,-0.002000270178541541
2023-07-23 12:55:01.418000,-0.34028327465057373,-0.002005999907851219
2023-07-23 12:56:01.490000,-0.2446622997522354,-0.0019481428898870945
2023-07-23 12:57:01.422000,-0.17746083438396454,-0.0018829285399988294
2023-07-23 12:58:01.387000,-0.1814013421535492,-0.0019267447059974074
2023-07-23 12:59:01.471000,-0.18500298261642456,-0.001902023795992136
2023-07-23 13:00:02.110000,-0.1645146757364273,-0.0019895853474736214
2023-07-23 13:01:01.468000,-0.10960393399000168,-0.0019492830615490675
2023-07-23 13:02:01.512000,-0.1292826533317566,-0.0018692105077207088
2023-07-23 13:03:01.499000,-0.1338060200214386,-0.0018630682025104761
2023-07-23 13:04:01.405000,-0.14174191653728485,-0.0019031860865652561
2023-07-23 13:05:01.502000,-0.12424659729003906,-0.0019210800528526306
2023-07-23 13:06:01.462000,-0.21283139288425446,-0.001868857187218964
2023-07-23 13:07:01.350000,-0.3031887412071228,-0.001972790574654937
2023-07-23 13:08:01.528000,-0.31457969546318054,-0.001856157905422151
2023-07-23 13:09:01.450000,-0.2070091962814331,-0.001908438978716731
2023-07-23 13:10:01.472000,-0.21544907987117767,-0.0017873658798635006
2023-07-23 13:11:01.469000,-0.1421186774969101,-0.0019539555069059134
2023-07-23 13:12:01.387000,-0.14249898493289948,-0.001959065208211541
2023-07-23 13:13:01.454000,-0.12125056236982346,-0.0018520000157877803
2023-07-23 13:14:01.343000,-0.11498621851205826,-0.0019683248829096556
2023-07-23 13:15:01.452000,-0.10708879679441452,-0.0018646458629518747
2023-07-23 13:16:01.372000,-0.10772423446178436,-0.0019473695429041982
2023-07-23 13:17:01.337000,-0.29947420954704285,-0.0019084615632891655
2023-07-23 13:19:01.464000,-0.28528645634651184,-0.002049422124400735
2023-07-23 13:20:01.479000,-0.21430376172065735,-0.001929207588545978
2023-07-23 13:21:01.432000,-0.19433780014514923,-0.0018948124488815665
2023-07-23 13:22:01.492000,-0.18088413774967194,-0.0017963249702006578
2023-07-23 13:23:01.398000,-0.17766708135604858,-0.0019479249604046345
2023-07-23 13:24:01.467000,-0.18338677287101746,-0.001868159044533968
2023-07-23 13:25:01.561000,-0.1843411773443222,-0.0019608724396675825
2023-07-23 13:26:01.349000,-0.206391379237175,-0.0018238837365061045
2023-07-23 13:27:01.322000,-0.19784650206565857,-0.0018861026037484407
2023-07-23 13:28:01.365000,-0.1907823383808136,-0.0020424630492925644
2023-07-23 13:29:01.406000,-0.16890063881874084,-0.001948599936440587
2023-07-23 13:30:01.520000,-0.31820493936538696,-0.001976120052859187
2023-07-23 13:31:01.335000,-0.3418964445590973,-0.002013555495068431
2023-07-23 13:32:01.334000,-0.32913875579833984,-0.0019009069073945284
2023-07-23 13:33:01.330000,-0.22479581832885742,-0.0018976486753672361
2023-07-23 13:34:01.435000,-0.21123386919498444,-0.0019301956053823233
2023-07-23 13:35:01.460000,-0.21028587222099304,-0.0019816041458398104
2023-07-23 13:36:01.469000,-0.19255521893501282,-0.001943891285918653
2023-07-23 13:37:01.309000,-0.10901108384132385,-0.0019614221528172493
2023-07-23 13:38:01.327000,-0.10801784694194794,-0.0019687609747052193
2023-07-23 13:39:01.756000,-0.10656581819057465,-0.0019909534603357315
2023-07-23 13:40:01.437000,-0.10504546761512756,-0.0019536602776497602
2023-07-23 13:41:01.315000,-0.10674313455820084,-0.001919104135595262
2023-07-23 13:42:01.314000,-0.12772120535373688,-0.0019195305649191141
2023-07-23 13:43:01.310000,-0.20750316977500916,-0.001937069813720882
2023-07-23 13:44:01.361000,-0.3390291631221771,-0.0019628836307674646
2023-07-23 13:45:01.374000,-0.31775522232055664,-0.001932346960529685
2023-07-23 13:46:01.362000,-0.15980876982212067,-0.0019441951299086213
2023-07-23 13:47:01.433000,-0.15889853239059448,-0.0019353863317519426
2023-07-23 13:48:01.346000,-0.14929215610027313,-0.0019135000184178352
2023-07-23 13:49:01.426000,-0.11010218411684036,-0.0019173333421349525
2023-07-23 13:50:01.322000,-0.12916231155395508,-0.0019137428607791662
2023-07-23 13:51:01.607000,-0.13427013158798218,-0.0019157499773427844
2023-07-23 13:52:01.341000,-0.1581261157989502,-0.0019257714739069343
2023-07-23 13:53:01.393000,-0.1411648839712143,-0.0019229999743402004
2023-07-23 13:54:01.432000,-0.14118725061416626,-0.002031374955549836
2023-07-23 13:55:01.337000,-0.08473996818065643,-0.0018895454704761505
2023-07-23 13:56:01.361000,-0.2596968412399292,-0.001993222162127495
2023-07-23 13:57:01.440000,-0.30184027552604675,-0.0019276841776445508
2023-07-23 13:58:01.349000,-0.29865556955337524,-0.0020039782393723726
2023-07-23 13:59:01.314000,-0.17019979655742645,-0.0019578959327191114
2023-07-23 14:00:01.881000,-0.17444509267807007,-0.0019038260215893388
2023-07-23 14:01:01.356000,-0.15279939770698547,-0.001954325009137392
2023-07-23 14:02:01.358000,-0.15868467092514038,-0.0020572307985275984
2023-07-23 14:03:01.478000,-0.17914240062236786,-0.001839465112425387
2023-07-23 14:04:01.327000,-0.22042840719223022,-0.001881571370176971
2023-07-23 14:05:01.318000,-0.18256430327892303,-0.0019325476605445147
2023-07-23 14:06:01.468000,-0.2434048056602478,-0.0019220425747334957
2023-07-23 14:07:01.328000,-0.338106244802475,-0.0019387999782338738
2023-07-23 14:08:01.297000,-0.3285062611103058,-0.0019574593752622604
2023-07-23 14:09:01.404000,-0.14307454228401184,-0.0019105749670416117
2023-07-23 14:10:01.323000,-0.1362726092338562,-0.0019486428936943412
2023-07-23 14:11:01.345000,-0.12936601042747498,-0.001933860476128757
2023-07-23 14:12:01.379000,-0.14616018533706665,-0.0019759023562073708
2023-07-23 14:13:01.427000,-0.14820873737335205,-0.0019369582878425717
2023-07-23 14:14:01.361000,-0.19056563079357147,-0.0019604999106377363
2023-07-23 14:15:01.437000,-0.1857111155986786,-0.001968425465747714
2023-07-23 14:16:01.412000,-0.17967434227466583,-0.001966395415365696
2023-07-23 14:17:01.383000,-0.1591099053621292,-0.0019596221391111612
2023-07-23 14:18:01.287000,-0.16247451305389404,-0.001970041776075959
2023-07-23 14:19:01.298000,-0.21181052923202515,-0.001954976236447692
2023-07-23 14:20:01.322000,-0.34827736020088196,-0.0019931818824261427
2023-07-23 14:23:01.375000,-0.1845756322145462,-0.001985282637178898
2023-07-23 14:26:01.298000,-0.20335669815540314,-0.001972630387172103
2023-07-23 14:27:01.270000,-0.20302852988243103,-0.0019959183409810066
2023-07-23 14:28:01.281000,-0.17356163263320923,-0.0019518836634233594
2023-07-23 14:29:01.262000,-0.12274741381406784,-0.001956359948962927
2023-07-23 14:30:01.511000,-0.1455240547657013,-0.0019624042324721813
2023-07-23 14:31:01.901000,-0.14372660219669342,-0.00198917998932302
2023-07-23 14:32:01.304000,-0.14300474524497986,-0.0019920000340789557
2023-07-23 14:33:01.278000,-0.2941829264163971,-0.0019296222599223256
2023-07-23 14:34:01.330000,-0.28794339299201965,-0.0019536123145371675
2023-07-23 14:35:01.291000,-0.19556193053722382,-0.001972106285393238
2023-07-23 14:36:01.299000,-0.1721051186323166,-0.0019472000421956182
2023-07-23 14:37:01.372000,-0.19406621158123016,-0.0019925800152122974
2023-07-23 14:38:01.326000,-0.13977523148059845,-0.0019867445807904005
2023-07-23 14:39:01.319000,-0.13319149613380432,-0.001953795552253723
2023-07-23 14:40:01.302000,-0.1320963203907013,-0.0019504318479448557
2023-07-23 14:41:01.398000,-0.10932250320911407,-0.001950341509655118
2023-07-23 14:42:01.491000,-0.10858861356973648,-0.0019657674711197615
2023-07-23 14:43:01.325000,-0.11056579649448395,-0.001965975621715188
2023-07-23 14:44:01.412000,-0.12931755185127258,-0.002040113555267453
2023-07-23 14:45:01.318000,-0.27209392189979553,-0.002038795966655016
2023-07-23 14:46:01.290000,-0.3435601592063904,-0.001946710515767336
2023-07-23 14:47:01.488000,-0.32213228940963745,-0.002033316995948553
2023-07-23 14:48:01.395000,-0.18699945509433746,-0.001964097609743476
2023-07-23 14:49:01.234000,-0.16320805251598358,-0.002004510723054409
2023-07-23 14:50:01.261000,-0.1614474207162857,-0.001966550014913082
2023-07-23 14:51:01.295000,-0.16016089916229248,-0.002091979142278433
2023-07-23 14:52:01.313000,-0.15917523205280304,-0.001958400011062622
2023-07-23 14:53:01.257000,-0.1673995554447174,-0.0019256521482020617
2023-07-23 14:54:01.335000,-0.21053053438663483,-0.002101418562233448
2023-07-23 14:55:01.340000,-0.2596542239189148,-0.0020471750758588314
2023-07-23 14:56:01.394000,-0.38772159814834595,-0.002051868475973606
2023-07-23 14:57:01.274000,-0.3591800034046173,-0.0019251162884756923
2023-07-23 14:58:01.883000,-0.20983059704303741,-0.002071547554805875
2023-07-23 15:00:01.978000,-0.19142477214336395,-0.0020197273697704077
2023-07-23 15:01:01.272000,-0.19403976202011108,-0.002064275089651346
2023-07-23 15:02:01.216000,-0.2156286984682083,-0.002030046423897147
2023-07-23 15:03:01.359000,-0.2164842188358307,-0.0020559486001729965
2023-07-23 15:04:01.315000,-0.20882904529571533,-0.002086659660562873
2023-07-23 15:05:01.364000,-0.18327808380126953,-0.0018632631981745362
2023-07-23 15:06:01.391000,-0.17833875119686127,-0.002058127662166953
2023-07-23 15:07:01.235000,-0.1815335601568222,-0.0020761429332196712
2023-07-23 15:08:01.311000,-0.29500505328178406,-0.0019799210131168365
2023-07-23 15:09:01.356000,-0.39260855317115784,-0.0019935870077461004
2023-07-23 15:10:01.263000,-0.39556312561035156,-0.0019693903159350157
2023-07-23 15:11:01.244000,-0.23013560473918915,-0.002061543520539999
2023-07-23 15:12:01.217000,-0.14731326699256897,-0.0019772888626903296
2023-07-23 15:13:01.442000,-0.12197663635015488,-0.0019829513039439917
2023-07-23 15:14:01.253000,-0.11968256533145905,-0.0019861303735524416
2023-07-23 15:15:01.319000,-0.11116136610507965,-0.0019874905701726675
2023-07-23 15:16:01.295000,-0.11033281683921814,-0.0019895625300705433
2023-07-23 15:17:01.378000,-0.13020211458206177,-0.0019927045796066523
2023-07-23 15:18:01.225000,-0.16565924882888794,-0.0019372249953448772
2023-07-23 15:19:01.225000,-0.20334574580192566,-0.001987341558560729
2023-07-23 15:20:01.281000,-0.2046460211277008,-0.0019136189948767424
2023-07-23 15:21:01.230000,-0.14513079822063446,-0.0019562856759876013
2023-07-23 15:22:01.345000,-0.2878062129020691,-0.001961000030860305
2023-07-23 15:23:01.269000,-0.27113547921180725,-0.001987488940358162
2023-07-23 15:24:01.347000,-0.12496539950370789,-0.001965595642104745
2023-07-23 15:25:01.359000,-0.12298411875963211,-0.0019838332664221525
2023-07-23 15:26:01.324000,-0.14453814923763275,-0.001990812597796321
2023-07-23 15:28:01.249000,-0.17262376844882965,-0.0020290869288146496
2023-07-23 15:29:01.250000,-0.1892746537923813,-0.0019926889799535275
2023-07-23 15:30:01.454000,-0.20343881845474243,-0.001975790597498417
2023-07-23 15:32:01.236000,-0.19229824841022491,-0.002076599979773164
2023-07-23 15:34:01.301000,-0.38560837507247925,-0.001934571424499154
2023-07-23 15:35:01.216000,-0.356874018907547,-0.0019465333316475153
2023-07-23 15:36:01.301000,-0.22986572980880737,-0.0019257619278505445
2023-07-23 15:38:01.306000,-0.08703666925430298,-0.0019615814089775085
2023-07-23 15:39:01.517000,-0.08630483597517014,-0.0018924736650660634
2023-07-23 15:40:01.278000,-0.0861361175775528,-0.0019295000238344073
2023-07-23 15:41:01.219000,-0.08989744633436203,-0.0019280000124126673
2023-07-23 15:43:01.338000,-0.13694237172603607,-0.0018981489120051265
2023-07-23 15:44:01.203000,-0.26473942399024963,-0.001970319077372551
2023-07-23 15:45:01.508000,-0.3187033534049988,-0.0019272399367764592
2023-07-23 15:46:01.208000,-0.28037121891975403,-0.0019417209550738335
2023-07-23 15:47:01.181000,-0.16248244047164917,-0.0019143617246299982
2023-07-23 15:48:01.207000,-0.1639149934053421,-0.0019194285850971937
2023-07-23 15:49:01.206000,-0.16861319541931152,-0.0019127250416204333
2023-07-23 15:50:01.293000,-0.18823696672916412,-0.001984352944418788
2023-07-23 15:51:01.291000,-0.1887826770544052,-0.0018419743282720447
2023-07-23 15:52:01.358000,-0.18465934693813324,-0.0020149999763816595
2023-07-23 15:53:01.273000,-0.16581059992313385,-0.0018865640740841627
2023-07-23 15:54:01.195000,-0.1644243746995926,-0.0020040881354361773
2023-07-23 15:55:01.328000,-0.1584206074476242,-0.0019848421216011047
2023-07-23 15:56:01.309000,-0.21787391602993011,-0.0019974999595433474
2023-07-23 15:57:01.161000,-0.3898443877696991,-0.0019688333850353956
2023-07-23 15:58:01.217000,-0.42796972393989563,-0.0018770908936858177
2023-07-23 15:59:01.323000,-0.36491405963897705,-0.00199006381444633
2023-07-23 16:00:01.846000,-0.09401340037584305,-0.0020937856752425432
2023-07-23 16:01:01.306000,-0.057724565267562866,-0.0018958809087052941
2023-07-23 16:02:01.215000,-0.05459693446755409,-0.0019589269068092108
2023-07-23 16:03:01.213000,-0.05477344989776611,-0.00209004245698452
2023-07-23 16:04:01.160000,-0.06706298142671585,-0.00184147828258574
2023-07-23 16:05:01.165000,-0.07051315158605576,-0.001974285813048482
2023-07-23 16:06:01.225000,-0.128821462392807,-0.0019965919200330973
2023-07-23 16:07:01.238000,-0.1987820267677307,-0.001965520903468132
2023-07-23 16:09:01.226000,-0.18741996586322784,-0.0019411363173276186
2023-07-23 16:10:01.142000,-0.2728075683116913,-0.0019439024617895484
2023-07-23 16:11:01.303000,-0.328921377658844,-0.0019476363668218255
2023-07-23 16:12:01.149000,-0.26225546002388,-0.0019355249824002385
2023-07-23 16:13:01.291000,-0.1496008187532425,-0.0019180851522833109
2023-07-23 16:14:01.149000,-0.16186237335205078,-0.0019261428387835622
2023-07-23 16:15:01.169000,-0.15483969449996948,-0.001985634211450815
2023-07-23 16:16:01.288000,-0.17481841146945953,-0.0020625777542591095
2023-07-23 16:17:01.274000,-0.1590314656496048,-0.0019254374783486128
2023-07-23 16:18:01.221000,-0.1764383167028427,-0.001943025621585548
2023-07-23 16:19:01.189000,-0.1781507283449173,-0.0019274374935775995
2023-07-23 16:20:01.308000,-0.17237141728401184,-0.0020416807383298874
2023-07-23 16:21:01.276000,-0.1736905425786972,-0.001993600046262145
2023-07-23 16:22:01.275000,-0.2604218125343323,-0.0019566889386624098
2023-07-23 16:23:01.209000,-0.3417847752571106,-0.0019462325144559145
2023-07-23 16:24:01.268000,-0.33562248945236206,-0.001979187596589327
2023-07-23 16:25:01.271000,-0.1990145891904831,-0.0020019018556922674
2023-07-23 16:26:01.294000,-0.19121044874191284,-0.0019453488057479262
2023-07-23 16:27:01.231000,-0.1892305463552475,-0.0019397842697799206
2023-07-23 16:28:01.196000,-0.1962445080280304,-0.0019758366979658604
2023-07-23 16:29:01.279000,-0.2038104385137558,-0.0019957199692726135
2023-07-23 16:30:01.676000,-0.21851231157779694,-0.0019991137087345123
2023-07-23 16:31:01.297000,-0.21723727881908417,-0.0019510750425979495
2023-07-23 16:32:01.217000,-0.21179871261119843,-0.0018626363016664982
2023-07-23 16:33:01.276000,-0.3804320693016052,-0.0019424634519964457
2023-07-23 16:34:01.138000,-0.34746628999710083,-0.002033025026321411
2023-07-23 16:35:01.148000,-0.22475804388523102,-0.0019921590574085712
2023-07-23 16:36:01.284000,-0.16123974323272705,-0.0019237500382587314
2023-07-23 16:37:01.150000,-0.16567744314670563,-0.0020001111552119255
2023-07-23 16:38:01.200000,-0.17599734663963318,-0.0019112499430775642
2023-07-23 16:39:01.272000,-0.19694001972675323,-0.0019056888995692134
2023-07-23 16:40:01.207000,-0.2000644952058792,-0.0019650475587695837
2023-07-23 16:41:01.281000,-0.18702958524227142,-0.0020263143815100193
2023-07-23 16:42:01.125000,-0.13357244431972504,-0.0020056189969182014
2023-07-23 16:43:01.118000,-0.1110977977514267,-0.001942722243256867
2023-07-23 16:44:01.129000,-0.11953096836805344,-0.0019926591776311398
2023-07-23 16:45:01.230000,-0.14342577755451202,-0.001965511590242386
2023-07-23 16:46:01.140000,-0.3269442617893219,-0.0020502142142504454
2023-07-23 16:47:01.251000,-0.3189252018928528,-0.002066410146653652
2023-07-23 16:48:01.141000,-0.2627088129520416,-0.0020305111538618803
2023-07-23 16:49:01.184000,-0.15091222524642944,-0.001929934835061431
2023-07-23 16:50:01.254000,-0.2180883288383484,-0.0019440476316958666
2023-07-23 16:51:01.094000,-0.42153793573379517,-0.001984822330996394
2023-07-23 16:52:01.190000,-0.42057478427886963,-0.0018846363527700305
2023-07-23 16:53:01.211000,-0.4262836277484894,-0.001983474940061569
2023-07-23 16:54:01.155000,-0.44174623489379883,-0.001979236723855138
2023-07-23 16:55:01.294000,-0.4320889115333557,-0.0019008946837857366
2023-07-23 16:56:01.127000,-0.4229736030101776,-0.0019784749019891024
2023-07-23 16:57:01.258000,-0.40310782194137573,-0.0019351777154952288
2023-07-23 16:58:01.124000,-0.3885068893432617,-0.0019597273785620928
2023-07-23 16:59:01.118000,-0.5639159083366394,-0.0020405526738613844
2023-07-23 17:00:01.988000,-0.5477767586708069,-0.0020058462396264076
2023-07-23 17:01:01.203000,-0.4313933849334717,-0.001967923017218709
2023-07-23 17:02:01.153000,-0.41054967045783997,-0.00196079071611166
2023-07-23 17:03:01.091000,-0.35304510593414307,-0.0019499714253470302
2023-07-23 17:04:01.203000,-0.2626953125,-0.0019988419953733683
2023-07-23 17:05:01.214000,-0.12126798182725906,-0.001987043535336852
2023-07-23 17:06:01.269000,-0.0985468178987503,-0.0019424317870289087
2023-07-23 17:07:01.125000,-0.10359794646501541,-0.0019868086092174053
2023-07-23 17:08:01.177000,-0.10758139938116074,-0.0019988107960671186
2023-07-23 17:09:01.644000,-0.11675716936588287,-0.0019863999914377928
2023-07-23 17:10:01.128000,-0.16429443657398224,-0.0019990999717265368
2023-07-23 17:11:01.154000,-0.3332051932811737,-0.0019711952190846205
2023-07-23 17:12:01.187000,-0.3670654594898224,-0.001927640987560153
2023-07-23 17:13:01.243000,-0.2821884751319885,-0.0019803685136139393
2023-07-23 17:14:01.135000,-0.2194468230009079,-0.0018964186310768127
2023-07-23 17:15:01.137000,-0.21221348643302917,-0.001989378361031413
2023-07-23 17:16:01.122000,-0.20960263907909393,-0.002008384559303522
2023-07-23 17:17:01.275000,-0.2147427201271057,-0.001980133354663849
2023-07-23 17:18:01.104000,-0.22180035710334778,-0.0019136383198201656
2023-07-23 17:19:01.208000,-0.2083408534526825,-0.0018969069933518767
2023-07-23 17:20:01.154000,-0.19926817715168,-0.0020149999763816595
2023-07-23 17:21:01.100000,-0.18260332942008972,-0.0020488635636866093
2023-07-23 17:24:01.128000,-0.25644609332084656,-0.0019325348548591137
2023-07-23 17:25:01.218000,-0.18657377362251282,-0.0019600444938987494
2023-07-23 17:26:01.137000,-0.2009335309267044,-0.002023278968408704
2023-07-23 17:27:01.085000,-0.20036537945270538,-0.001999953528866172
2023-07-23 17:28:01.124000,-0.1912805289030075,-0.0020039472728967667
2023-07-23 17:29:01.107000,-0.17610600590705872,-0.002009708434343338
2023-07-23 17:30:01.518000,-0.17527475953102112,-0.0020332608837634325
2023-07-23 17:31:01.178000,-0.1745316982269287,-0.0019445897778496146
2023-07-23 17:32:01.132000,-0.1856723427772522,-0.001988325035199523
2023-07-23 17:33:01.142000,-0.20968711376190186,-0.0020127291791141033
2023-07-23 17:34:01.192000,-0.2275608777999878,-0.001945739146322012
2023-07-23 17:35:01.064000,-0.4144813120365143,-0.001978375017642975
2023-07-23 17:36:01.122000,-0.3900527060031891,-0.001996139530092478
2023-07-23 17:37:01.158000,-0.36810895800590515,-0.0019594314508140087
2023-07-23 17:38:01.117000,-0.21123258769512177,-0.001964390277862549
2023-07-23 17:39:01.202000,-0.21159294247627258,-0.0020021458622068167
2023-07-23 17:40:01.128000,-0.21317806839942932,-0.001991244498640299
2023-07-23 17:41:01.073000,-0.2237968146800995,-0.0020177674014121294
2023-07-23 17:42:01.081000,-0.23579661548137665,-0.001987850060686469
2023-07-23 17:43:01.060000,-0.2267291098833084,-0.0019473094725981355
2023-07-23 17:44:01.250000,-0.2298407256603241,-0.0018703420646488667
2023-07-23 17:45:01.288000,-0.21231219172477722,-0.001993195153772831
2023-07-23 17:46:01.067000,-0.20908258855342865,-0.0019421052420511842
2023-07-23 17:47:01.038000,-0.2080911099910736,-0.001988600008189678
2023-07-23 17:48:01.077000,-0.3256913125514984,-0.002053978620097041
2023-07-23 17:49:01.199000,-0.3683854639530182,-0.001987739000469446
2023-07-23 17:50:01.181000,-0.3132341504096985,-0.0019980750512331724
2023-07-23 17:51:01.060000,-0.21230044960975647,-0.002002656226977706
2023-07-23 17:52:01.142000,-0.1555088460445404,-0.0019802222959697247
2023-07-23 17:53:01.100000,-0.1276026964187622,-0.002015470527112484
2023-07-23 17:54:01.096000,-0.15134556591510773,-0.002046473789960146
2023-07-23 17:55:01.066000,-0.15642836689949036,-0.001956281252205372
2023-07-23 17:56:01.100000,-0.15881460905075073,-0.0019587352871894836
2023-07-23 17:57:01.101000,-0.16935855150222778,-0.0020129166077822447
2023-07-23 17:58:01.085000,-0.09461308270692825,-0.001971320016309619
2023-07-23 17:59:01.162000,-0.11986641585826874,-0.002097709570080042
2023-07-23 18:00:01.880000,-0.24221019446849823,-0.002016117563471198
2023-07-23 18:01:01.187000,-0.3206123411655426,-0.002021605148911476
2023-07-23 18:02:01.167000,-0.31903937458992004,-0.0019816153217107058
2023-07-23 18:03:01.218000,-0.18718492984771729,-0.0019850237295031548
2023-07-23 18:04:01.074000,-0.21300984919071198,-0.0019955788739025593
2023-07-23 18:05:01.184000,-0.23065873980522156,-0.0019804146140813828
2023-07-23 18:06:01.032000,-0.2583532929420471,-0.00196678563952446
2023-07-23 18:07:01.171000,-0.2694147825241089,-0.0019281189888715744
2023-07-23 18:08:01.110000,-0.26603180170059204,-0.0020533332135528326
2023-07-23 18:09:01.179000,-0.2452085316181183,-0.0020367561373859644
2023-07-23 18:10:01.060000,-0.23503203690052032,-0.0019975476898252964
2023-07-23 18:11:01.182000,-0.40181055665016174,-0.00196770834736526
2023-07-23 18:12:01.142000,-0.39018693566322327,-0.0019495681626722217
2023-07-23 18:13:01.090000,-0.29413971304893494,-0.0020796842873096466
2023-07-23 18:14:01.080000,-0.1717180460691452,-0.002032604767009616
2023-07-23 18:15:01.130000,-0.15588906407356262,-0.0019182325340807438
2023-07-23 18:16:01.151000,-0.1441609114408493,-0.0020216363482177258
2023-07-23 18:17:01.044000,-0.13323824107646942,-0.001978957327082753
2023-07-23 18:18:01.009000,-0.13518325984477997,-0.0020158409606665373
2023-07-23 18:19:01.107000,-0.12757475674152374,-0.001961659174412489
2023-07-23 18:20:01.037000,-0.15755349397659302,-0.001985210459679365
2023-07-23 18:21:01.035000,-0.19536474347114563,-0.0020086977165192366
2023-07-23 18:22:01.056000,-0.24239708483219147,-0.0020473808981478214
2023-07-23 18:23:01.122000,-0.25152459740638733,-0.0020485226996243
2023-07-23 18:24:01.349000,-0.4535880386829376,-0.0019372618990018964
2023-07-23 18:25:01.013000,-0.42294031381607056,-0.0019641388207674026
2023-07-23 18:26:01.044000,-0.3971561789512634,-0.0020176342222839594
2023-07-23 18:27:01.110000,-0.23703035712242126,-0.0019894319120794535
2023-07-23 18:28:01.123000,-0.2279849350452423,-0.001973675098270178
2023-07-23 18:29:01.129000,-0.23699907958507538,-0.00197990913875401
2023-07-23 18:30:01.545000,-0.23615378141403198,-0.0019729749765247107
2023-07-23 18:31:01.127000,-0.21209555864334106,-0.0019683095160871744
2023-07-23 18:32:01.139000,-0.18633165955543518,-0.0019856905564665794
2023-07-23 18:33:01.151000,-0.1729605495929718,-0.001941309543326497
2023-07-23 18:34:01.018000,-0.1757088303565979,-0.001964777708053589
2023-07-23 18:35:01.098000,-0.19060204923152924,-0.0019752702210098505
2023-07-23 18:36:01.127000,-0.20735348761081696,-0.0019894998986274004
2023-07-23 18:37:01.114000,-0.3224571645259857,-0.001963675720617175
2023-07-23 18:38:01.033000,-0.3423791527748108,-0.0019920445047318935
2023-07-23 18:39:01.542000,-0.26099875569343567,-0.001978692365810275
2023-07-23 18:40:01.117000,-0.13839663565158844,-0.0019843096379190683
2023-07-23 18:41:01.085000,-0.12820664048194885,-0.001969065284356475
2023-07-23 18:42:01.114000,-0.1293824315071106,-0.0018960749730467796
2023-07-23 18:43:01.023000,-0.12783820927143097,-0.001987357158213854
2023-07-23 18:44:01.061000,-0.11840140074491501,-0.0020693158730864525
2023-07-23 18:45:01.155000,-0.16100406646728516,-0.0020299286115914583
2023-07-23 18:46:01.050000,-0.2000216692686081,-0.0019833999685943127
2023-07-23 18:47:01.025000,-0.2256176769733429,-0.002027608687058091
2023-07-23 18:48:01.122000,-0.16845937073230743,-0.0020139317493885756
2023-07-23 18:49:01.002000,-0.1484241932630539,-0.002042533364146948
2023-07-23 18:50:01.067000,-0.29745954275131226,-0.0020405238028615713
2023-07-23 18:51:01.003000,-0.279622346162796,-0.00201311893761158
2023-07-23 18:52:01.009000,-0.17655399441719055,-0.001938894740305841
2023-07-23 18:53:00.990000,-0.13052618503570557,-0.002018512925133109
2023-07-23 18:54:01.176000,-0.1464359313249588,-0.0019848537631332874
2023-07-23 18:55:01.066000,-0.16340883076190948,-0.001865738071501255
2023-07-23 18:56:01.389000,-0.15173660218715668,-0.0019768718630075455
2023-07-23 18:59:01.023000,-0.15219922363758087,-0.0020079761743545532
2023-07-23 19:00:01.910000,-0.29368090629577637,-0.00198766659013927
2023-07-23 19:01:00.982000,-0.32622480392456055,-0.0020033190958201885
2023-07-23 19:02:01.019000,-0.2718563377857208,-0.0019762751180678606
2023-07-23 19:03:01.079000,-0.17584559321403503,-0.0019931388087570667
2023-07-23 19:04:01.074000,-0.1712665855884552,-0.0020341738127171993
2023-07-23 19:05:01.157000,-0.16449399292469025,-0.0019642820116132498
2023-07-23 19:06:01.008000,-0.16514408588409424,-0.0020676087588071823
2023-07-23 19:07:01.072000,-0.16504594683647156,-0.002029574941843748
2023-07-23 19:08:01.083000,-0.16503658890724182,-0.0019899182952940464
2023-07-23 19:09:01.037000,-0.17881184816360474,-0.002025814028456807
2023-07-23 19:10:01.069000,-0.18983705341815948,-0.001991333207115531
2023-07-23 19:11:01.215000,-0.18979018926620483,-0.0020026303827762604
2023-07-23 19:12:01.089000,-0.1725536584854126,-0.001968659460544586
2023-07-23 19:13:01.131000,-0.3190629184246063,-0.0019234889186918736
2023-07-23 19:14:00.962000,-0.36354437470436096,-0.001978244399651885
2023-07-23 19:15:01.188000,-0.35006505250930786,-0.0019731922075152397
2023-07-23 19:16:01.071000,-0.2074415385723114,-0.0019398260628804564
2023-07-23 19:17:01.008000,-0.20389488339424133,-0.0019933637231588364
2023-07-23 19:18:01.175000,-0.15964174270629883,-0.0019548044074326754
2023-07-23 19:19:00.961000,-0.1313106268644333,-0.0019716594833880663
2023-07-23 19:20:01.032000,-0.11462549865245819,-0.0019766041077673435
2023-07-23 19:21:01.089000,-0.10509695112705231,-0.0019926580134779215
2023-07-23 19:22:01.076000,-0.10733481496572495,-0.0019398605218157172
2023-07-23 19:23:01.058000,-0.10664866864681244,-0.0019801249727606773
2023-07-23 19:24:01.202000,-0.1290130615234375,-0.0019911632407456636
2023-07-23 19:25:01,-0.16529028117656708,-0.001984881004318595
2023-07-23 19:26:00.995000,-0.28435268998146057,-0.001974018756300211
2023-07-23 19:27:01.032000,-0.3944646418094635,-0.0020005216356366873
2023-07-23 19:28:01.035000,-0.26645582914352417,-0.002008577808737755
2023-07-23 19:29:01.004000,-0.11690476536750793,-0.0020077379886060953
2023-07-23 19:30:01.047000,-0.10908365249633789,-0.001964435912668705
2023-07-23 19:31:00.938000,-0.07002046704292297,-0.0020268000662326813
2023-07-23 19:32:00.935000,-0.06664306670427322,-0.0019605744164437056
2023-07-23 19:33:00.949000,-0.08114407956600189,-0.002003325615078211
2023-07-23 19:34:01.008000,-0.10824011266231537,-0.001984829781576991
2023-07-23 19:35:00.999000,-0.11245045065879822,-0.0020372564904391766
2023-07-23 19:36:00.963000,-0.1299086958169937,-0.0020509776659309864
2023-07-23 19:37:01.011000,-0.1421126276254654,-0.002006325637921691
2023-07-23 19:38:00.979000,-0.2507556080818176,-0.002074930351227522
2023-07-23 19:39:00.948000,-0.3916594982147217,-0.002088152104988694
2023-07-23 19:40:00.952000,-0.3757377862930298,-0.002049177885055542
2023-07-23 19:41:01.060000,-0.27806350588798523,-0.0019232380436733365
2023-07-23 19:42:00.979000,-0.24435898661613464,-0.0020409999415278435
2023-07-23 19:43:00.998000,-0.248902827501297,-0.0019692888017743826
2023-07-23 19:44:01.057000,-0.22967351973056793,-0.0021181462798267603
2023-07-23 19:45:01.115000,-0.20671793818473816,-0.001982977846637368
2023-07-23 19:46:00.976000,-0.2097899168729782,-0.0020427778363227844
2023-07-23 19:47:01.168000,-0.21199047565460205,-0.002083590952679515
2023-07-23 19:48:00.975000,-0.21031123399734497,-0.001882926793769002
2023-07-23 19:49:00.955000,-0.25240838527679443,-0.0019028636161237955
2023-07-23 19:50:00.948000,-0.4098259210586548,-0.0020247825887054205
2023-07-23 19:51:01.001000,-0.40248170495033264,-0.0020830435678362846
2023-07-23 19:52:01.116000,-0.2719813287258148,-0.0019512708531692624
2023-07-23 19:53:01.067000,-0.22178904712200165,-0.0019392272224649787
2023-07-23 19:54:01.042000,-0.16390804946422577,-0.0018748085713014007
2023-07-23 19:55:00.968000,-0.12132726609706879,-0.002006199909374118
2023-07-23 19:56:01.028000,-0.1209527999162674,-0.0020420770160853863
2023-07-23 19:57:00.953000,-0.13711588084697723,-0.001964735332876444
2023-07-23 19:58:00.977000,-0.1420469731092453,-0.0019926896784454584
2023-07-23 19:59:00.981000,-0.1427709013223648,-0.002146894810721278
2023-07-23 20:00:01.859000,-0.12793423235416412,-0.0018819564720615745
2023-07-23 20:01:01.019000,-0.13950902223587036,-0.0019438095623627305
2023-07-23 20:02:01.020000,-0.16087982058525085,-0.00210306653752923
2023-07-23 20:03:00.933000,-0.31278732419013977,-0.0019875909201800823
2023-07-23 20:04:01.048000,-0.37329134345054626,-0.00200839014723897
2023-07-23 20:05:00.924000,-0.3086659908294678,-0.002021234016865492
2023-07-23 20:06:01.018000,-0.2468384951353073,-0.002020571380853653
2023-07-23 20:07:01.056000,-0.16392788290977478,-0.0019234389765188098
2023-07-23 20:08:00.886000,-0.1459062099456787,-0.001962974900379777
2023-07-23 20:09:00.965000,-0.1370972990989685,-0.001823512138798833
2023-07-23 20:10:00.952000,-0.13928939402103424,-0.0020311835687607527
2023-07-23 20:11:00.965000,-0.16333486139774323,-0.0020541250705718994
2023-07-23 20:12:00.906000,-0.16291989386081696,-0.001958863576874137
2023-07-23 20:13:01.002000,-0.1993630826473236,-0.001907434780150652
2023-07-23 20:14:00.973000,-0.20828655362129211,-0.0019496590830385685
2023-07-23 20:15:01.210000,-0.20748396217823029,-0.002056000055745244
2023-07-23 20:16:00.908000,-0.18894770741462708,-0.001965437550097704
2023-07-23 20:17:00.959000,-0.29962021112442017,-0.0019994317553937435
2023-07-23 20:18:00.911000,-0.3440081477165222,-0.0020193541422486305
2023-07-23 20:19:00.951000,-0.2792096436023712,-0.0019868125673383474
2023-07-23 20:20:01.011000,-0.17053230106830597,-0.002002787310630083
2023-07-23 20:21:00.944000,-0.21288490295410156,-0.001994219608604908
2023-07-23 20:22:01.030000,-0.22279341518878937,-0.001966875046491623
2023-07-23 20:23:01.231000,-0.22653990983963013,-0.0020129999611526728
2023-07-23 20:24:01.072000,-0.220265731215477,-0.0019915238954126835
2023-07-23 20:25:00.946000,-0.21563367545604706,-0.0020166486501693726
2023-07-23 20:26:00.942000,-0.21109671890735626,-0.0020170435309410095
2023-07-23 20:27:01.002000,-0.20830842852592468,-0.001976214349269867
2023-07-23 20:28:01,-0.20829296112060547,-0.0019500416237860918
2023-07-23 20:29:00.905000,-0.2230968326330185,-0.001986571354791522
2023-07-23 20:30:01.586000,-0.35994601249694824,-0.0020962751004844904
2023-07-23 20:31:00.994000,-0.3887174129486084,-0.0019359400030225515
2023-07-23 20:32:00.913000,-0.329315185546875,-0.0019203255651518703
2023-07-23 20:33:00.928000,-0.19217218458652496,-0.001993591897189617
2023-07-23 20:34:00.906000,-0.19759973883628845,-0.0019927555695176125
2023-07-23 20:35:00.903000,-0.21815776824951172,-0.0019863913767039776
2023-07-23 20:36:00.925000,-0.2225048840045929,-0.002009238116443157
2023-07-23 20:37:01.010000,-0.213997021317482,-0.0020606042817234993
2023-07-23 20:38:00.873000,-0.16854576766490936,-0.001910893595777452
2023-07-23 20:39:00.933000,-0.1616002470254898,-0.002017645863816142
2023-07-23 20:40:01.054000,-0.15835149586200714,-0.0019211632898077369
2023-07-23 20:41:01.033000,-0.3129381537437439,-0.001963902497664094
2023-07-23 20:42:00.999000,-0.294649600982666,-0.0019871860276907682
2023-07-23 20:43:00.904000,-0.17841839790344238,-0.0019808479119092226
2023-07-23 20:44:01.004000,-0.16800503432750702,-0.001958149950951338
2023-07-23 20:45:00.994000,-0.21019485592842102,-0.0020261520985513926
2023-07-23 20:46:00.856000,-0.243750661611557,-0.0019279791740700603
2023-07-23 20:47:00.904000,-0.1969614028930664,-0.0019546665716916323
2023-07-23 20:48:00.976000,-0.14333438873291016,-0.002033583354204893
2023-07-23 20:49:00.892000,-0.13912074267864227,-0.002001000102609396
2023-07-23 20:50:00.906000,-0.13795529305934906,-0.0020440223161131144
2023-07-23 20:51:00.917000,-0.1372690498828888,-0.0020320790354162455
2023-07-23 20:52:00.865000,-0.13814793527126312,-0.001981444424018264
2023-07-23 20:53:00.892000,-0.15742404758930206,-0.0020110770128667355
2023-07-23 20:54:00.909000,-0.278576523065567,-0.002083810744807124
2023-07-23 20:55:01.003000,-0.39201095700263977,-0.002011297969147563
2023-07-23 20:56:00.927000,-0.3780178129673004,-0.0020280000753700733
2023-07-23 20:57:00.935000,-0.2524057924747467,-0.002018425613641739
2023-07-23 20:58:00.937000,-0.14947235584259033,-0.0019383234903216362
2023-07-23 20:59:00.978000,-0.13505829870700836,-0.001946292701177299
2023-07-23 21:00:01.586000,-0.12654149532318115,-0.00200104434043169
2023-07-23 21:01:01.016000,-0.1430569291114807,-0.001898432383313775
2023-07-23 21:02:01.014000,-0.14549317955970764,-0.002022841013967991
2023-07-23 21:03:00.923000,-0.09166090190410614,-0.001953636296093464
2023-07-23 21:04:00.982000,-0.1026327982544899,-0.0020385333336889744
2023-07-23 21:05:01.021000,-0.13579972088336945,-0.0019532390870153904
2023-07-23 21:06:01.032000,-0.14411446452140808,-0.0019882682245224714
2023-07-23 21:07:00.955000,-0.15391823649406433,-0.002036822261288762
2023-07-23 21:08:00.877000,-0.28465238213539124,-0.0020162046421319246
2023-07-23 21:09:00.984000,-0.35210898518562317,-0.0020781499333679676
2023-07-23 21:10:00.977000,-0.30615782737731934,-0.002065999899059534
2023-07-23 21:11:00.883000,-0.20746581256389618,-0.0020421333611011505
2023-07-23 21:12:00.892000,-0.20451878011226654,-0.0019730250351130962
2023-07-23 21:13:00.989000,-0.20573535561561584,-0.0019080651691183448
2023-07-23 21:14:00.845000,-0.2068607658147812,-0.0019907173700630665
2023-07-23 21:15:01.099000,-0.20842692255973816,-0.001863999990746379
2023-07-23 21:16:00.824000,-0.20884175598621368,-0.0020326278172433376
2023-07-23 21:17:00.918000,-0.22445496916770935,-0.0020641633309423923
2023-07-23 21:18:00.970000,-0.22300057113170624,-0.002008260926231742
2023-07-23 21:19:00.999000,-0.2182345688343048,-0.0019530435092747211
2023-07-23 21:20:00.922000,-0.2232266515493393,-0.002044734777882695
2023-07-23 21:21:00.859000,-0.3753013014793396,-0.0020376190077513456
2023-07-23 21:22:00.990000,-0.381250262260437,-0.0019903259817510843
2023-07-23 21:23:00.915000,-0.30305904150009155,-0.002007510745897889
2023-07-23 21:24:00.828000,-0.23236221075057983,-0.002047999994829297
2023-07-23 21:25:00.861000,-0.23447898030281067,-0.0020598419941961765
2023-07-23 21:26:00.951000,-0.1783197522163391,-0.001973434817045927
2023-07-23 21:27:00.881000,-0.18858705461025238,-0.0019817857537418604
2023-07-23 21:28:00.888000,-0.15661028027534485,-0.0019769184291362762
2023-07-23 21:29:00.926000,-0.15248306095600128,-0.0019570975564420223
2023-07-23 21:30:01.665000,-0.15339651703834534,-0.001970978220924735
2023-07-23 21:31:00.914000,-0.1945715695619583,-0.002006651135161519
2023-07-23 21:32:00.876000,-0.3334285020828247,-0.0019982093945145607
2023-07-23 21:33:00.944000,-0.3584575057029724,-0.001983844442293048
2023-07-23 21:34:00.843000,-0.2652949094772339,-0.001987895928323269
2023-07-23 21:35:00.905000,-0.23869752883911133,-0.0020198605488985777
2023-07-23 21:36:00.919000,-0.13552618026733398,-0.002003702102228999
2023-07-23 21:37:00.843000,-0.12088971585035324,-0.0019507777178660035
2023-07-23 21:38:00.793000,-0.12101608514785767,-0.0019842726178467274
2023-07-23 21:39:00.939000,-0.11640683561563492,-0.0020257271826267242
2023-07-23 21:40:00.848000,-0.11310660094022751,-0.0019877825397998095
2023-07-23 21:41:00.845000,-0.13643549382686615,-0.0019834893755614758
2023-07-23 21:42:00.942000,-0.15774506330490112,-0.0019782250747084618
2023-07-23 21:43:00.946000,-0.16123831272125244,-0.001969658536836505
2023-07-23 21:44:00.922000,-0.15351520478725433,-0.001894219545647502
2023-07-23 21:45:01.479000,-0.2727244198322296,-0.0013009000103920698
2023-07-23 21:46:00.811000,-0.34168869256973267,-0.0001669999910518527
2023-07-23 21:47:00.820000,-0.3263378143310547,-0.0019282653229311109
2023-07-23 21:48:00.927000,-0.2504667341709137,-0.0018864000448957086
2023-07-23 21:49:00.817000,-0.1791437864303589,-0.0019633721094578505
2023-07-23 21:50:00.905000,-0.18067316710948944,-0.0019422391196712852
2023-07-23 21:51:00.816000,-0.19707752764225006,-0.0020199755672365427
2023-07-23 21:52:00.872000,-0.1903875470161438,-0.0018930889200419188
2023-07-23 21:53:00.911000,-0.19219619035720825,-0.002077155513688922
2023-07-23 21:54:00.895000,-0.1953917294740677,-0.0018521042075008154
2023-07-23 21:55:00.852000,-0.19017452001571655,-0.00196342496201396
2023-07-23 21:56:00.781000,-0.180867001414299,-0.0020087750162929296
2023-07-23 21:57:00.826000,-0.19845500588417053,-0.002000243868678808
2023-07-23 21:58:00.930000,-0.19871364533901215,-0.0018781304825097322
2023-07-23 21:59:00.946000,-0.3141171932220459,-0.0019531934522092342
2023-07-23 22:00:01.754000,-0.34062662720680237,-0.0019088709959760308
2023-07-23 22:01:00.926000,-0.2829144597053528,-0.001958400011062622
2023-07-23 22:02:00.831000,-0.1564139425754547,-0.0018749999580904841
2023-07-23 22:03:00.830000,-0.15287980437278748,-0.0018774827476590872
2023-07-23 22:04:00.954000,-0.15442952513694763,-0.0019747407641261816
2023-07-23 22:05:00.922000,-0.19468408823013306,-0.001980242319405079
2023-07-23 22:06:00.874000,-0.21262256801128387,-0.0019137804629281163
2023-07-23 22:07:00.773000,-0.21708036959171295,-0.0019859555177390575
2023-07-23 22:08:00.827000,-0.15813890099525452,-0.0019432439003139734
2023-07-23 22:09:00.849000,-0.11803965270519257,-0.0019276499515399337
2023-07-23 22:10:00.883000,-0.11802159994840622,-0.002003651112318039
2023-07-23 22:11:00.902000,-0.11635678261518478,-0.0020589749328792095
2023-07-23 22:12:00.858000,-0.2514551281929016,-0.0019411250250414014
2023-07-23 22:13:00.871000,-0.3007606565952301,-0.0019115116447210312
2023-07-23 22:14:00.821000,-0.28385475277900696,-0.0018782702973112464
2023-07-23 22:15:01.302000,-0.15207889676094055,-0.001955999992787838
2023-07-23 22:16:00.861000,-0.14322802424430847,-0.001966428477317095
2023-07-23 22:17:00.788000,-0.17961250245571136,-0.0019777948036789894
2023-07-23 22:18:00.924000,-0.17169496417045593,-0.001987714320421219
2023-07-23 22:19:00.841000,-0.10541513562202454,-0.001971790799871087
2023-07-23 22:20:00.844000,-0.10634956508874893,-0.001971619902178645
2023-07-23 22:21:00.777000,-0.12772619724273682,-0.002001550979912281
2023-07-23 22:22:00.834000,-0.1280718594789505,-0.0019747500773519278
2023-07-23 22:23:00.816000,-0.28401586413383484,-0.0019408571533858776
2023-07-23 22:24:00.773000,-0.27316558361053467,-0.001970697659999132
2023-07-23 22:25:00.790000,-0.23042574524879456,-0.00195333338342607
2023-07-23 22:26:00.904000,-0.15253731608390808,-0.0019797026179730892
2023-07-23 22:27:00.922000,-0.1875099539756775,-0.00199262797832489
2023-07-23 22:28:00.775000,-0.14078254997730255,-0.0019953125156462193
2023-07-23 22:29:00.846000,-0.13729791343212128,-0.002008100040256977
2023-07-23 22:30:01.590000,-0.13837279379367828,-0.0020115000661462545
2023-07-23 22:31:00.805000,-0.13807281851768494,-0.0019753570668399334
2023-07-23 22:32:00.846000,-0.1071474626660347,-0.0019377954304218292
2023-07-23 22:33:00.761000,-0.06855568289756775,-0.001959022833034396
2023-07-23 22:34:00.860000,-0.06486079841852188,-0.001990774879232049
2023-07-23 22:35:00.956000,-0.07704691588878632,-0.0019593415781855583
2023-07-23 22:36:00.879000,-0.1147732362151146,-0.0018788722809404135
2023-07-23 22:37:00.858000,-0.3054002523422241,-0.0019398723961785436
2023-07-23 22:38:00.952000,-0.30142873525619507,-0.0019450930412858725
2023-07-23 22:39:00.773000,-0.24686738848686218,-0.0019769766367971897
2023-07-23 22:40:00.875000,-0.16941769421100616,-0.0018947026692330837
2023-07-23 22:41:00.757000,-0.18674448132514954,-0.0019710869528353214
2023-07-23 22:42:00.836000,-0.19225433468818665,-0.0020085000433027744
2023-07-23 22:43:00.862000,-0.19614188373088837,-0.0019501063507050276
2023-07-23 22:44:00.844000,-0.20407184958457947,-0.001933071413077414
2023-07-23 22:45:00.865000,-0.23485350608825684,-0.0019551627337932587
2023-07-23 22:46:00.828000,-0.22035451233386993,-0.0019870426040142775
2023-07-23 22:47:00.849000,-0.21245160698890686,-0.0019868535455316305
2023-07-23 22:48:00.748000,-0.19113421440124512,-0.0020617072004824877
2023-07-23 22:49:00.813000,-0.1922294646501541,-0.0020514046773314476
2023-07-23 22:50:00.723000,-0.3021501302719116,-0.0020004375837743282
2023-07-23 22:51:00.795000,-0.38295215368270874,-0.001961914822459221
2023-07-23 22:52:00.824000,-0.33940958976745605,-0.0020010697189718485
2023-07-23 22:53:00.847000,-0.24377326667308807,-0.0019176428904756904
2023-07-23 22:54:00.798000,-0.1962563544511795,-0.0019791859667748213
2023-07-23 22:55:00.858000,-0.14854827523231506,-0.0019748667255043983
2023-07-23 22:56:00.795000,-0.10774426907300949,-0.0019531860016286373
2023-07-23 22:57:00.772000,-0.10321535170078278,-0.0020094772335141897
2023-07-23 22:58:00.761000,-0.10432138293981552,-0.0020222249440848827
2023-07-23 22:59:00.815000,-0.10810861736536026,-0.0019464782672002912
2023-07-23 23:00:01.876000,-0.10334081947803497,-0.001951951184310019
2023-07-23 23:01:00.866000,-0.16021007299423218,-0.001974268350750208
2023-07-23 23:02:00.892000,-0.18794842064380646,-0.0020324166398495436
2023-07-23 23:03:00.755000,-0.3783474564552307,-0.0019887916278094053
2023-07-23 23:04:00.845000,-0.3037574589252472,-0.001933857100084424
2023-07-23 23:05:00.822000,-0.22155478596687317,-0.0019121665973216295
2023-07-23 23:06:00.799000,-0.12560351192951202,-0.0019937208853662014
2023-07-23 23:07:00.718000,-0.11900946497917175,-0.001991918310523033
2023-07-23 23:08:00.837000,-0.11960451304912567,-0.0018823749851435423
2023-07-23 23:09:00.814000,-0.14413286745548248,-0.0019501427887007594
2023-07-23 23:10:00.814000,-0.14712642133235931,-0.0018921701703220606
2023-07-23 23:11:00.835000,-0.16493287682533264,-0.001920071430504322
2023-07-23 23:12:00.852000,-0.14875157177448273,-0.0018499200232326984
2023-07-23 23:13:00.804000,-0.18915711343288422,-0.0020468649454414845
2023-07-23 23:14:00.775000,-0.3428022563457489,-0.0021216522436589003
2023-07-23 23:15:01.177000,-0.3185737133026123,-0.001992045436054468
2023-07-23 23:16:00.793000,-0.19870778918266296,-0.0019926487002521753
2023-07-23 23:17:00.755000,-0.1721813678741455,-0.0019574046600610018
2023-07-23 23:18:00.813000,-0.17110078036785126,-0.0019437499577179551
2023-07-23 23:19:00.856000,-0.19303244352340698,-0.0019564046524465084
2023-07-23 23:20:00.782000,-0.1796915978193283,-0.0019444222562015057
2023-07-23 23:21:00.792000,-0.1833234429359436,-0.0019704878795892
2023-07-23 23:22:00.709000,-0.1866956353187561,-0.0019817447755485773
2023-07-23 23:23:00.799000,-0.18477311730384827,-0.0019372273236513138
2023-07-23 23:24:00.703000,-0.18633468449115753,-0.001956523861736059
2023-07-23 23:25:00.807000,-0.21120457351207733,-0.0019847273360937834
2023-07-23 23:26:00.800000,-0.21105462312698364,-0.0019713696092367172
2023-07-23 23:27:01.305000,-0.2819247841835022,-0.001978133339434862
2023-07-23 23:28:00.838000,-0.3653770089149475,-0.001961976755410433
2023-07-23 23:29:00.748000,-0.3460036516189575,-0.0020396579056978226
2023-07-23 23:30:01.520000,-0.26903465390205383,-0.0019905713852494955
2023-07-23 23:31:00.882000,-0.1633320450782776,-0.001967568648979068
2023-07-23 23:32:00.771000,-0.16374559700489044,-0.0020293043926358223
2023-07-23 23:33:00.715000,-0.2113170325756073,-0.0019468845566734672
2023-07-23 23:34:00.690000,-0.21660088002681732,-0.0020055000204592943
2023-07-23 23:35:00.688000,-0.2075994461774826,-0.0019695833325386047
2023-07-23 23:36:00.699000,-0.10731735080480576,-0.0019803913310170174
2023-07-23 23:37:00.785000,-0.10895013064146042,-0.0020046874415129423
2023-07-23 23:38:00.770000,-0.10750508308410645,-0.0020311137195676565
2023-07-23 23:39:00.825000,-0.10778939723968506,-0.0019688718020915985
2023-07-23 23:40:00.715000,-0.11678211390972137,-0.001964195165783167
2023-07-23 23:41:00.718000,-0.25816911458969116,-0.002006295369938016
2023-07-23 23:42:00.688000,-0.31618475914001465,-0.001976341474801302
2023-07-23 23:43:00.682000,-0.26712727546691895,-0.0019474185537546873
2023-07-23 23:44:00.694000,-0.18746088445186615,-0.002006195718422532
2023-07-23 23:45:01.001000,-0.21362106502056122,-0.0019216304644942284
2023-07-23 23:46:00.764000,-0.21748772263526917,-0.001972547499462962
2023-07-23 23:47:00.909000,-0.21978560090065002,-0.002033222233876586
2023-07-23 23:48:00.680000,-0.21097742021083832,-0.0019364666659384966
2023-07-23 23:49:00.754000,-0.22272725403308868,-0.0019623260013759136
2023-07-23 23:50:00.730000,-0.1887570172548294,-0.001969299977645278
2023-07-23 23:51:00.691000,-0.1527557522058487,-0.0020089303143322468
2023-07-23 23:52:00.833000,-0.13172586262226105,-0.0020024103578180075
2023-07-23 23:53:00.735000,-0.12202883511781693,-0.001973916543647647
2023-07-23 23:54:00.735000,-0.2937031090259552,-0.0019846512004733086
2023-07-23 23:55:00.810000,-0.2630007266998291,-0.0019466428784653544
2023-07-23 23:56:00.669000,-0.21189653873443604,-0.0019781191367655993
2023-07-23 23:57:00.764000,-0.16433170437812805,-0.001965076895430684
2023-07-23 23:58:00.790000,-0.19914096593856812,-0.0019304583547636867
2023-07-23 23:59:00.749000,-0.19623051583766937,-0.0019516904139891267
