timestamp,0/Active Power,1/Active Power
2023-05-25 00:00:20.528000,-0.18670429289340973,1.2829453945159912
2023-05-25 00:01:20.575000,-0.18479129672050476,1.2930777072906494
2023-05-25 00:02:20.561000,-0.2136477530002594,1.2991571426391602
2023-05-25 00:03:20.558000,-0.26286187767982483,1.308390498161316
2023-05-25 00:04:20.465000,-0.2823263108730316,1.3160101175308228
2023-05-25 00:05:20.531000,-0.29699817299842834,1.325565218925476
2023-05-25 00:06:20.492000,-0.2594345211982727,1.3343156576156616
2023-05-25 00:07:20.527000,-0.25017499923706055,1.346971035003662
2023-05-25 00:08:20.492000,-0.23241664469242096,1.3547357320785522
2023-05-25 00:09:20.570000,-0.23309729993343353,1.3629629611968994
2023-05-25 00:10:20.440000,-0.23644345998764038,1.3726494312286377
2023-05-25 00:11:20.457000,-0.2712729275226593,1.3846713304519653
2023-05-25 00:12:20.472000,-0.31316280364990234,1.3972883224487305
2023-05-25 00:13:20.518000,-0.30669334530830383,1.41169273853302
2023-05-25 00:14:20.443000,-0.2708587944507599,1.4235340356826782
2023-05-25 00:15:20.436000,-0.2224930226802826,1.4337626695632935
2023-05-25 00:16:20.458000,-0.22623589634895325,1.444026231765747
2023-05-25 00:17:20.515000,-0.23462767899036407,1.4457613229751587
2023-05-25 00:18:20.427000,-0.22261154651641846,1.4573601484298706
2023-05-25 00:19:20.464000,-0.22539500892162323,1.4652149677276611
2023-05-25 00:20:20.553000,-0.2946333885192871,1.4751898050308228
2023-05-25 00:21:20.460000,-0.28569433093070984,1.4820990562438965
2023-05-25 00:22:20.424000,-0.29220542311668396,1.4905155897140503
2023-05-25 00:23:20.467000,-0.2526613771915436,1.500680685043335
2023-05-25 00:24:20.451000,-0.21016591787338257,1.511971116065979
2023-05-25 00:25:20.590000,-0.2075549066066742,1.519972801208496
2023-05-25 00:26:20.521000,-0.2070728838443756,1.5327879190444946
2023-05-25 00:27:20.413000,-0.22180576622486115,1.540566325187683
2023-05-25 00:28:20.412000,-0.21495279669761658,1.5473449230194092
2023-05-25 00:29:20.483000,-0.2778893709182739,1.5534862279891968
2023-05-25 00:30:20.541000,-0.2786088287830353,1.5632587671279907
2023-05-25 00:31:20.396000,-0.28301045298576355,1.5702505111694336
2023-05-25 00:32:20.494000,-0.255502313375473,1.5817710161209106
2023-05-25 00:33:20.502000,-0.21348153054714203,1.5897986888885498
2023-05-25 00:34:20.543000,-0.2046794593334198,1.59937584400177
2023-05-25 00:35:20.545000,-0.2043139487504959,1.6120375394821167
2023-05-25 00:36:20.485000,-0.20593629777431488,1.6194703578948975
2023-05-25 00:37:20.415000,-0.21934881806373596,1.6279329061508179
2023-05-25 00:38:20.446000,-0.23283769190311432,1.6339011192321777
2023-05-25 00:39:20.501000,-0.22740191221237183,1.644042730331421
2023-05-25 00:40:20.329000,-0.22382253408432007,1.6501365900039673
2023-05-25 00:41:20.527000,-0.15395894646644592,1.6491951942443848
2023-05-25 00:42:20.482000,-0.1525970995426178,1.6513527631759644
2023-05-25 00:43:20.438000,-0.14723436534404755,1.6586284637451172
2023-05-25 00:44:20.423000,-0.14704303443431854,1.663921594619751
2023-05-25 00:45:20.411000,-0.1394619643688202,1.6666659116744995
2023-05-25 00:46:20.473000,-0.18200519680976868,1.6756350994110107
2023-05-25 00:47:20.419000,-0.18734711408615112,1.6856179237365723
2023-05-25 00:48:20.505000,-0.17832697927951813,1.6954448223114014
2023-05-25 00:49:20.455000,-0.11069375276565552,1.704106092453003
2023-05-25 00:50:20.550000,-0.10637311637401581,1.7145012617111206
2023-05-25 00:51:20.518000,-0.10641500353813171,1.7255276441574097
2023-05-25 00:52:20.411000,-0.1123628169298172,1.7365201711654663
2023-05-25 00:53:20.481000,-0.15829436480998993,1.7468441724777222
2023-05-25 00:54:20.406000,-0.22555163502693176,1.7564125061035156
2023-05-25 00:55:20.509000,-0.23559628427028656,1.761788249015808
2023-05-25 00:56:20.472000,-0.21754738688468933,1.7699463367462158
2023-05-25 00:57:20.579000,-0.1676361858844757,1.776127815246582
2023-05-25 00:58:20.505000,-0.19702886044979095,1.7856251001358032
2023-05-25 00:59:20.404000,-0.2110327184200287,1.7957203388214111
2023-05-25 01:00:20.387000,-0.21023020148277283,1.8052327632904053
2023-05-25 01:01:20.456000,-0.21633265912532806,1.8134818077087402
2023-05-25 01:02:20.460000,-0.27435943484306335,1.8257192373275757
2023-05-25 01:03:20.378000,-0.3049575686454773,1.8349854946136475
2023-05-25 01:04:20.382000,-0.3244042694568634,1.8430393934249878
2023-05-25 01:05:20.561000,-0.25370684266090393,1.8515212535858154
2023-05-25 01:06:20.420000,-0.5257855653762817,1.8559192419052124
2023-05-25 01:07:20.476000,-0.6982264518737793,1.8613219261169434
2023-05-25 01:08:20.527000,-0.8214409351348877,1.8707118034362793
2023-05-25 01:09:20.459000,-0.26366475224494934,1.87832510471344
2023-05-25 01:10:20.465000,-0.2671497166156769,1.8865009546279907
2023-05-25 01:11:20.517000,-0.3254849314689636,1.8934117555618286
2023-05-25 01:12:20.470000,-0.3510528802871704,1.9052472114562988
2023-05-25 01:13:20.390000,-0.33494529128074646,1.9061520099639893
2023-05-25 01:14:20.446000,-0.3005518913269043,1.9093177318572998
2023-05-25 01:15:20.448000,-0.2783120572566986,1.9146751165390015
2023-05-25 01:16:20.527000,-0.2664189040660858,1.9205832481384277
2023-05-25 01:17:20.443000,-0.26874053478240967,1.926796793937683
2023-05-25 01:18:20.395000,-0.25984886288642883,1.9335352182388306
2023-05-25 01:19:20.521000,-0.2588253915309906,1.9390573501586914
2023-05-25 01:20:20.328000,-0.31013840436935425,1.9468481540679932
2023-05-25 01:21:20.406000,-0.3218138813972473,1.9535526037216187
2023-05-25 01:22:20.435000,-0.32320699095726013,1.957969069480896
2023-05-25 01:23:20.493000,-0.287577360868454,1.9607086181640625
2023-05-25 01:24:20.426000,-0.250580757856369,1.9648383855819702
2023-05-25 01:25:20.524000,-0.24942991137504578,1.968915581703186
2023-05-25 01:26:20.524000,-0.25008970499038696,1.9720748662948608
2023-05-25 01:27:20.464000,-0.26295503973960876,1.9786813259124756
2023-05-25 01:28:20.538000,-0.3278443515300751,1.9872885942459106
2023-05-25 01:29:20.434000,-0.3250483572483063,1.9913822412490845
2023-05-25 01:30:20.395000,-0.3238980770111084,1.9943974018096924
2023-05-25 01:31:20.401000,-0.2570335566997528,1.9980545043945312
2023-05-25 01:32:20.572000,-0.2244291454553604,2.005063056945801
2023-05-25 01:33:20.426000,-0.2020690143108368,2.0140435695648193
2023-05-25 01:34:20.410000,-0.20259162783622742,2.022310256958008
2023-05-25 01:35:20.437000,-0.1964571624994278,2.029900550842285
2023-05-25 01:36:20.516000,-0.2574754059314728,2.0358879566192627
2023-05-25 01:37:20.439000,-0.25869202613830566,2.0393223762512207
2023-05-25 01:38:20.515000,-0.2532458007335663,2.040402412414551
2023-05-25 01:39:20.524000,-0.21702831983566284,2.042191505432129
2023-05-25 01:40:20.426000,-0.18284325301647186,2.048801898956299
2023-05-25 01:41:20.493000,-0.17789342999458313,2.060431480407715
2023-05-25 01:42:20.413000,-0.17956261336803436,2.067821979522705
2023-05-25 01:43:20.480000,-0.1677033007144928,2.077643871307373
2023-05-25 01:44:20.509000,-0.16089722514152527,2.0904905796051025
2023-05-25 01:45:20.435000,-0.20872998237609863,2.101731777191162
2023-05-25 01:46:20.421000,-0.19571036100387573,2.1193108558654785
2023-05-25 01:47:20.488000,-0.2137887179851532,2.13177227973938
2023-05-25 01:48:20.511000,-0.17241448163986206,2.133455276489258
2023-05-25 01:49:20.455000,-0.13406139612197876,2.130934953689575
2023-05-25 01:50:20.393000,-0.13416415452957153,2.1327173709869385
2023-05-25 01:51:20.400000,-0.1630520522594452,2.1351442337036133
2023-05-25 01:52:20.480000,-0.20111879706382751,2.137819528579712
2023-05-25 01:53:20.499000,-0.18246518075466156,2.1399471759796143
2023-05-25 01:54:20.507000,-0.21693255007266998,2.1496899127960205
2023-05-25 01:55:20.423000,-0.23307554423809052,2.163668394088745
2023-05-25 01:56:20.504000,-0.2320283055305481,2.1787919998168945
2023-05-25 01:57:20.436000,-0.20570306479930878,2.179182291030884
2023-05-25 01:58:20.421000,-0.16058962047100067,2.1766865253448486
2023-05-25 01:59:20.453000,-0.16147273778915405,2.186136484146118
2023-05-25 02:00:20.268000,-0.1609778106212616,2.2233524322509766
2023-05-25 02:01:20.417000,-0.15431423485279083,2.232409715652466
2023-05-25 02:02:20.435000,-0.161357581615448,2.23024582862854
2023-05-25 02:03:20.533000,-0.22935675084590912,2.2449562549591064
2023-05-25 02:04:20.599000,-0.2237386554479599,2.2484405040740967
2023-05-25 02:05:20.479000,-0.2147655189037323,2.2661612033843994
2023-05-25 02:06:20.438000,-0.1759144812822342,2.291661262512207
2023-05-25 02:07:20.487000,-0.16106316447257996,2.317253589630127
2023-05-25 02:08:20.472000,-0.19539740681648254,2.317683696746826
2023-05-25 02:09:20.358000,-0.23234403133392334,2.2955265045166016
2023-05-25 02:10:20.380000,-0.2609874904155731,2.2743043899536133
2023-05-25 02:11:20.491000,-0.34797120094299316,2.2740025520324707
2023-05-25 02:12:20.405000,-0.34994766116142273,2.2935919761657715
2023-05-25 02:13:20.486000,-0.3382648527622223,2.324734687805176
2023-05-25 02:14:20.445000,-0.2691013216972351,2.322706460952759
2023-05-25 02:15:20.498000,-0.26393923163414,2.3219544887542725
2023-05-25 02:16:20.474000,-0.260794073343277,2.337806463241577
2023-05-25 02:17:20.365000,-0.2612980604171753,2.3485076427459717
2023-05-25 02:18:20.409000,-0.2834151089191437,2.3430519104003906
2023-05-25 02:19:20.409000,-0.32863637804985046,2.343700647354126
2023-05-25 02:20:20.468000,-0.3274291157722473,2.3164405822753906
2023-05-25 02:21:20.488000,-0.29467639327049255,1.7619104385375977
2023-05-25 02:22:20.422000,-0.25194114446640015,2.3967859745025635
2023-05-25 02:23:20.411000,-0.2520197331905365,2.405143976211548
2023-05-25 02:24:20.487000,-0.24844446778297424,2.4072813987731934
2023-05-25 02:25:20.356000,-0.24834856390953064,2.4140565395355225
2023-05-25 02:26:20.378000,-0.2699143886566162,2.44533634185791
2023-05-25 02:27:20.424000,-0.3209720253944397,2.4496376514434814
2023-05-25 02:28:20.439000,-0.3142000138759613,0.667079508304596
2023-05-25 02:29:20.483000,-0.2699755132198334,1.083815574645996
2023-05-25 02:30:20.392000,-0.18925519287586212,2.4462573528289795
2023-05-25 02:31:20.472000,-0.18801680207252502,2.477630376815796
2023-05-25 02:32:20.487000,-0.18737976253032684,2.4797523021698
2023-05-25 02:33:20.503000,-0.19332529604434967,2.479003429412842
2023-05-25 02:34:20.419000,-0.17260240018367767,2.477424383163452
2023-05-25 02:35:20.372000,-0.20808570086956024,2.4796249866485596
2023-05-25 02:36:20.426000,-0.20572562515735626,2.4874846935272217
2023-05-25 02:37:20.383000,-0.19715803861618042,2.5026695728302
2023-05-25 02:38:20.399000,-0.13474303483963013,2.5044732093811035
2023-05-25 02:39:20.344000,-0.1317252218723297,2.495769739151001
2023-05-25 02:40:20.213000,-0.13029061257839203,2.4824492931365967
2023-05-25 02:41:20.334000,-0.136023610830307,2.4968173503875732
2023-05-25 02:42:20.365000,-0.20061087608337402,1.2493128776550293
2023-05-25 02:43:20.408000,-0.2612649202346802,1.6050606966018677
2023-05-25 02:44:20.475000,-0.2560536861419678,0.5577777028083801
2023-05-25 02:45:20.360000,-0.22417297959327698,0.5304216742515564
2023-05-25 02:46:20.342000,-0.19341124594211578,1.1047730445861816
2023-05-25 02:47:20.425000,-0.19627247750759125,2.0825748443603516
2023-05-25 02:48:20.452000,-0.2258649468421936,2.547200918197632
2023-05-25 02:49:20.345000,-0.23938901722431183,2.5638821125030518
2023-05-25 02:50:20.322000,-0.2721472680568695,2.5719869136810303
2023-05-25 02:51:20.371000,-0.333450049161911,2.572510004043579
2023-05-25 02:52:20.317000,-0.33012521266937256,2.5754175186157227
2023-05-25 02:53:20.474000,-0.30357715487480164,2.5641939640045166
2023-05-25 02:54:20.356000,-0.25180503726005554,2.546442985534668
2023-05-25 02:55:20.364000,-0.2473907172679901,2.5375499725341797
2023-05-25 02:56:20.320000,-0.25324803590774536,2.5412068367004395
2023-05-25 02:57:20.406000,-0.24823108315467834,2.5530307292938232
2023-05-25 02:58:20.366000,-0.24379199743270874,2.583298683166504
2023-05-25 02:59:20.422000,-0.2984905540943146,2.4904956817626953
2023-05-25 03:00:20.337000,-0.3183750808238983,2.4132492542266846
2023-05-25 03:01:20.368000,-0.3076189458370209,2.6117098331451416
2023-05-25 03:02:20.341000,-1.0526747703552246,2.028045654296875
2023-05-25 03:03:20.343000,-1.795911431312561,1.0110788345336914
2023-05-25 03:04:20.399000,-1.791879415512085,1.9913781881332397
2023-05-25 03:05:20.309000,-1.808457851409912,2.3355724811553955
2023-05-25 03:06:20.308000,-1.843910574913025,2.594372034072876
2023-05-25 03:07:20.421000,-1.8509299755096436,2.5441973209381104
2023-05-25 03:08:20.390000,-1.9007076025009155,2.4872026443481445
2023-05-25 03:09:20.379000,-0.775016188621521,2.5878543853759766
2023-05-25 03:10:20.347000,-0.407280296087265,2.6017282009124756
2023-05-25 03:11:20.403000,-0.4054955244064331,2.615748167037964
2023-05-25 03:12:20.446000,-0.33350256085395813,2.627613067626953
2023-05-25 03:13:20.372000,-0.34167200326919556,2.6502349376678467
2023-05-25 03:14:20.430000,-0.3285183608531952,2.653017044067383
2023-05-25 03:15:20.301000,-0.32631945610046387,2.6218068599700928
2023-05-25 03:16:20.548000,-0.3282049894332886,2.6315152645111084
2023-05-25 03:17:20.545000,-0.3369665741920471,1.8791812658309937
2023-05-25 03:18:20.390000,-0.39649829268455505,2.0922317504882812
2023-05-25 03:19:20.339000,-0.3836037814617157,2.6343371868133545
2023-05-25 03:20:20.213000,-0.3965645134449005,1.2345831394195557
2023-05-25 03:21:20.422000,-0.3667931854724884,1.2896076440811157
2023-05-25 03:22:20.392000,-0.3781917095184326,1.0292314291000366
2023-05-25 03:23:20.379000,-0.3915922939777374,2.483887195587158
2023-05-25 03:24:20.315000,-0.33025866746902466,2.766437292098999
2023-05-25 03:25:20.410000,-0.2363760769367218,2.7610833644866943
2023-05-25 03:26:20.448000,-0.20893371105194092,2.7931180000305176
2023-05-25 03:27:20.433000,-0.21632243692874908,2.816922187805176
2023-05-25 03:28:20.438000,-0.22122618556022644,2.8081350326538086
2023-05-25 03:29:20.388000,-0.27531030774116516,2.7831997871398926
2023-05-25 03:30:20.339000,-0.2905087172985077,2.761752128601074
2023-05-25 03:31:20.307000,-0.30523955821990967,1.5658406019210815
2023-05-25 03:32:20.378000,-0.2775515913963318,0.8697026968002319
2023-05-25 03:33:20.406000,-0.269599974155426,1.031613826751709
2023-05-25 03:34:20.342000,-0.2667381465435028,1.4769219160079956
2023-05-25 03:35:20.356000,-1.0293086767196655,1.5582921504974365
2023-05-25 03:36:20.333000,-0.6196519136428833,0.980909526348114
2023-05-25 03:37:20.315000,-0.3446303606033325,0.8206557631492615
2023-05-25 03:38:20.312000,-0.3401389718055725,0.8192235231399536
2023-05-25 03:39:20.486000,-0.3383012115955353,0.845838725566864
2023-05-25 03:40:20.430000,-0.2725001275539398,0.8919527530670166
2023-05-25 03:41:20.319000,-0.14458493888378143,0.9418537616729736
2023-05-25 03:42:20.389000,-0.1737162321805954,0.9797351360321045
2023-05-25 03:43:20.416000,-0.1677871197462082,1.0003108978271484
2023-05-25 03:44:20.330000,-0.17638903856277466,1.0509049892425537
2023-05-25 03:45:20.396000,-0.21896851062774658,1.5387450456619263
2023-05-25 03:46:20.458000,-0.25873446464538574,2.764467239379883
2023-05-25 03:47:20.410000,-0.2669949531555176,3.220027446746826
2023-05-25 03:48:20.386000,-0.2546866834163666,2.1114039421081543
2023-05-25 03:49:20.579000,-0.1747477650642395,2.636542320251465
2023-05-25 03:50:20.506000,-0.19140253961086273,2.654052495956421
2023-05-25 03:51:20.361000,-0.19528263807296753,1.3280625343322754
2023-05-25 03:52:20.317000,-0.1968640387058258,1.059794306755066
2023-05-25 03:53:20.379000,-0.17355890572071075,1.0906661748886108
2023-05-25 03:54:20.315000,-0.14737263321876526,1.0992074012756348
2023-05-25 03:55:20.369000,-0.2187924087047577,1.3707770109176636
2023-05-25 03:56:20.328000,-0.29299813508987427,1.7387124300003052
2023-05-25 03:57:20.287000,-0.2924056947231293,1.1054725646972656
2023-05-25 03:58:20.306000,-0.2834116816520691,2.5995779037475586
2023-05-25 03:59:20.398000,-0.218783900141716,2.848536491394043
2023-05-25 04:00:20.159000,-0.21461836993694305,2.4495580196380615
2023-05-25 04:01:20.369000,-0.23956529796123505,2.8429973125457764
2023-05-25 04:02:20.336000,-0.23072317242622375,2.8841488361358643
2023-05-25 04:03:20.393000,-0.22284136712551117,2.5589921474456787
2023-05-25 04:04:20.412000,-0.23682135343551636,1.4230310916900635
2023-05-25 04:05:20.358000,-0.2876695394515991,1.9569486379623413
2023-05-25 04:06:20.377000,-0.28691205382347107,2.735736131668091
2023-05-25 04:07:20.314000,-0.29573020339012146,2.875314712524414
2023-05-25 04:08:20.339000,-0.2445140928030014,2.755845308303833
2023-05-25 04:09:20.442000,-0.22895164787769318,2.725026845932007
2023-05-25 04:10:20.357000,-0.22690868377685547,2.8040823936462402
2023-05-25 04:11:20.345000,-0.22778671979904175,2.8664116859436035
2023-05-25 04:12:20.358000,-0.22822313010692596,2.7623445987701416
2023-05-25 04:13:20.270000,-0.2205096036195755,2.5274789333343506
2023-05-25 04:14:20.331000,-0.27482664585113525,2.5740973949432373
2023-05-25 04:15:20.339000,-0.25375381112098694,2.6803171634674072
2023-05-25 04:16:20.379000,-0.19803717732429504,2.8294644355773926
2023-05-25 04:17:20.314000,-0.1484067589044571,2.879129648208618
2023-05-25 04:18:20.389000,-0.11779238283634186,2.9043846130371094
2023-05-25 04:19:20.310000,-0.11250968277454376,2.870614767074585
2023-05-25 04:20:20.400000,-0.11258243024349213,2.772153615951538
2023-05-25 04:21:20.382000,-0.11242306977510452,2.817214250564575
2023-05-25 04:22:20.306000,-0.15530438721179962,1.9633599519729614
2023-05-25 04:23:20.361000,-0.22855296730995178,1.6897614002227783
2023-05-25 04:24:20.348000,-0.24433794617652893,2.6847546100616455
2023-05-25 04:25:20.377000,-0.24424096941947937,2.760634660720825
2023-05-25 04:26:20.393000,-0.22957904636859894,2.79197359085083
2023-05-25 04:27:20.328000,-0.18221987783908844,2.89628529548645
2023-05-25 04:28:20.338000,-0.19248999655246735,2.84440016746521
2023-05-25 04:29:20.292000,-0.18668676912784576,2.4787425994873047
2023-05-25 04:30:20.339000,-0.18598416447639465,2.19909405708313
2023-05-25 04:31:20.311000,-0.1845366507768631,2.072646141052246
2023-05-25 04:32:20.277000,-0.20872212946414948,2.2758982181549072
2023-05-25 04:33:20.255000,-0.2877410352230072,1.7893173694610596
2023-05-25 04:34:20.374000,-0.28276801109313965,1.9336646795272827
2023-05-25 04:35:20.325000,-0.2887069880962372,1.8065836429595947
2023-05-25 04:36:20.313000,-0.23718972504138947,1.629143238067627
2023-05-25 04:37:20.310000,-0.22906656563282013,1.6538485288619995
2023-05-25 04:38:20.340000,-0.23791147768497467,1.7392168045043945
2023-05-25 04:39:20.358000,-0.23186221718788147,1.5019358396530151
2023-05-25 04:40:20.191000,-0.22905278205871582,1.3708304166793823
2023-05-25 04:41:20.338000,-0.24396508932113647,1.3603851795196533
2023-05-25 04:42:20.348000,-0.29370564222335815,1.4043469429016113
2023-05-25 04:43:20.339000,-0.29697519540786743,1.4900507926940918
2023-05-25 04:44:20.271000,-0.2940061688423157,1.4754818677902222
2023-05-25 04:45:20.411000,-0.23942898213863373,1.4594159126281738
2023-05-25 04:46:20.338000,-0.22306926548480988,1.402794599533081
2023-05-25 04:47:20.381000,-0.2359667271375656,1.3510509729385376
2023-05-25 04:48:20.360000,-0.24486123025417328,1.3737828731536865
2023-05-25 04:49:20.366000,-0.23881326615810394,1.4919004440307617
2023-05-25 04:50:20.394000,-0.241441011428833,1.5475473403930664
2023-05-25 04:51:20.283000,-0.30731433629989624,1.593329906463623
2023-05-25 04:52:20.291000,-0.30290913581848145,1.6357700824737549
2023-05-25 04:53:20.442000,-0.3000181019306183,1.6839407682418823
2023-05-25 04:54:20.377000,-0.2739392817020416,1.6892271041870117
2023-05-25 04:55:20.332000,-0.21653854846954346,1.6966546773910522
2023-05-25 04:56:20.328000,-0.21365796029567719,1.9364937543869019
2023-05-25 04:57:20.307000,-0.21192772686481476,1.8866870403289795
2023-05-25 04:58:20.499000,-0.2144932597875595,1.8631116151809692
2023-05-25 04:59:20.275000,-0.2051263302564621,1.646551489830017
2023-05-25 05:00:20.253000,-0.20651763677597046,1.7709180116653442
2023-05-25 05:01:20.361000,-0.2736274302005768,1.5488406419754028
2023-05-25 05:02:20.269000,-0.27386561036109924,1.412085771560669
2023-05-25 05:03:20.326000,-0.27420634031295776,1.2238106727600098
2023-05-25 05:04:20.299000,-0.22712306678295135,1.1255563497543335
2023-05-25 05:05:20.312000,-0.1997310221195221,1.0845671892166138
2023-05-25 05:06:20.329000,-0.1980735808610916,1.0997140407562256
2023-05-25 05:07:20.366000,-0.20825564861297607,1.171897053718567
2023-05-25 05:08:20.388000,-0.2136482298374176,1.1733649969100952
2023-05-25 05:09:20.361000,-0.20017310976982117,1.1271336078643799
2023-05-25 05:10:20.260000,-0.2449968159198761,1.0756868124008179
2023-05-25 05:11:20.257000,-0.23213815689086914,1.034023404121399
2023-05-25 05:12:20.292000,-0.22257719933986664,0.9863141775131226
2023-05-25 05:13:20.320000,-0.14007088541984558,0.9195001721382141
2023-05-25 05:14:20.255000,-0.10315220057964325,0.8674390912055969
2023-05-25 05:15:20.300000,-0.1019890308380127,0.8691747784614563
2023-05-25 05:16:20.379000,-0.09670191258192062,0.9190865755081177
2023-05-25 05:17:20.293000,-0.14528140425682068,1.0126301050186157
2023-05-25 05:18:20.374000,-0.16270692646503448,1.088800072669983
2023-05-25 05:19:20.254000,-0.22532708942890167,1.3114973306655884
2023-05-25 05:20:20.166000,-0.22450314462184906,1.2719340324401855
2023-05-25 05:21:20.300000,-0.22724699974060059,1.1594754457473755
2023-05-25 05:22:20.382000,-0.1926175206899643,1.2352619171142578
2023-05-25 05:23:20.327000,-0.15940716862678528,1.3063411712646484
2023-05-25 05:24:20.374000,-0.1561993658542633,1.192166805267334
2023-05-25 05:25:20.364000,-0.15499456226825714,1.3493314981460571
2023-05-25 05:26:20.308000,-0.15489518642425537,1.6245290040969849
2023-05-25 05:27:20.320000,-0.1656349152326584,1.6278882026672363
2023-05-25 05:28:20.272000,-0.23417481780052185,1.3576496839523315
2023-05-25 05:29:20.395000,-0.26816150546073914,2.055387258529663
2023-05-25 05:30:20.267000,-0.28025418519973755,2.3438127040863037
2023-05-25 05:31:20.371000,-0.24901367723941803,2.5962867736816406
2023-05-25 05:32:20.316000,-0.22773316502571106,2.424661636352539
2023-05-25 05:33:20.316000,-0.22360798716545105,2.525377035140991
2023-05-25 05:34:20.225000,-0.22257176041603088,2.36049222946167
2023-05-25 05:35:20.345000,-0.21888747811317444,2.0049588680267334
2023-05-25 05:36:20.291000,-0.2128000110387802,2.5130844116210938
2023-05-25 05:37:20.250000,-0.2586231827735901,2.4700331687927246
2023-05-25 05:38:20.248000,-0.3025284707546234,2.4131672382354736
2023-05-25 05:39:20.276000,-0.29159000515937805,1.1606333255767822
2023-05-25 05:40:20.244000,-0.2854467034339905,0.6675854921340942
2023-05-25 05:41:20.314000,-0.2274760901927948,0.7888596057891846
2023-05-25 05:42:20.216000,-0.22283495962619781,0.7705154418945312
2023-05-25 05:43:20.285000,-0.22682498395442963,1.1391348838806152
2023-05-25 05:44:20.252000,-0.2263537347316742,1.624756097793579
2023-05-25 05:45:20.244000,-0.22038449347019196,1.5094454288482666
2023-05-25 05:46:20.320000,-0.23875848948955536,1.5697165727615356
2023-05-25 05:47:20.375000,-0.3078332245349884,2.155611753463745
2023-05-25 05:48:20.310000,-0.307804137468338,2.0967226028442383
2023-05-25 05:49:20.338000,-0.3107770085334778,2.305128574371338
2023-05-25 05:50:20.224000,-0.25783321261405945,1.9974350929260254
2023-05-25 05:51:20.225000,-0.23507902026176453,1.71866774559021
2023-05-25 05:52:20.331000,-0.23773130774497986,0.6726379990577698
2023-05-25 05:53:20.315000,-0.23066680133342743,0.6638228893280029
2023-05-25 05:54:20.306000,-0.22391115128993988,0.6361034512519836
2023-05-25 05:55:20.219000,-0.218926340341568,0.6876552104949951
2023-05-25 05:56:20.248000,-0.2750490605831146,0.8046069741249084
2023-05-25 05:57:20.347000,-0.28100305795669556,0.9765376448631287
2023-05-25 05:58:20.311000,-0.2862829267978668,0.8742100596427917
2023-05-25 05:59:20.278000,-0.25572219491004944,1.9208111763000488
2023-05-25 06:00:20.149000,-0.21104620397090912,2.3047919273376465
2023-05-25 06:01:20.276000,-0.205670565366745,1.4928243160247803
2023-05-25 06:02:20.268000,-0.18878108263015747,2.186741828918457
2023-05-25 06:03:20.261000,-0.1723960041999817,2.12626314163208
2023-05-25 06:04:20.306000,-0.15606601536273956,1.3991563320159912
2023-05-25 06:05:20.232000,-0.2090427577495575,2.0434107780456543
2023-05-25 06:06:20.406000,-0.22222621738910675,2.176403760910034
2023-05-25 06:07:20.244000,-0.2287137657403946,1.8467124700546265
2023-05-25 06:08:20.272000,-0.1785651594400406,1.2182152271270752
2023-05-25 06:09:20.325000,-0.11771601438522339,2.0155696868896484
2023-05-25 06:10:20.267000,-0.15081216394901276,2.209467649459839
2023-05-25 06:11:20.222000,-0.17530818283557892,2.194399356842041
2023-05-25 06:12:20.277000,-0.1755092442035675,2.1691691875457764
2023-05-25 06:13:20.334000,-0.16570186614990234,2.1655826568603516
2023-05-25 06:14:20.488000,-0.18297407031059265,2.1264426708221436
2023-05-25 06:15:20.323000,-0.2337377965450287,2.1132023334503174
2023-05-25 06:16:20.284000,-0.22557111084461212,1.7530866861343384
2023-05-25 06:17:20.305000,-0.22549422085285187,2.0688560009002686
2023-05-25 06:18:20.275000,-0.19573108851909637,2.1320111751556396
2023-05-25 06:19:20.321000,-0.15877363085746765,2.1483657360076904
2023-05-25 06:20:20.283000,-0.1555642932653427,2.1261398792266846
2023-05-25 06:21:20.221000,-0.1555597335100174,2.121401786804199
2023-05-25 06:22:20.237000,-0.15548062324523926,2.148862361907959
2023-05-25 06:23:20.213000,-0.15687668323516846,2.149948835372925
2023-05-25 06:24:20.257000,-0.18480877578258514,2.112637519836426
2023-05-25 06:25:20.201000,-0.25626781582832336,2.08557391166687
2023-05-25 06:26:20.336000,-0.2646227777004242,2.1004574298858643
2023-05-25 06:27:20.350000,-0.26198774576187134,2.092780351638794
2023-05-25 06:28:20.173000,-0.22314681112766266,2.0887672901153564
2023-05-25 06:29:20.211000,-0.22616668045520782,2.099245071411133
2023-05-25 06:30:20.372000,-0.22508826851844788,2.082871675491333
2023-05-25 06:31:20.222000,-0.22518080472946167,2.035719633102417
2023-05-25 06:32:20.255000,-0.22326251864433289,2.0006184577941895
2023-05-25 06:33:20.354000,-0.27281248569488525,1.122892141342163
2023-05-25 06:34:20.246000,-0.2907778024673462,0.6303937435150146
2023-05-25 06:35:20.368000,-0.28317537903785706,1.1832466125488281
2023-05-25 06:36:20.248000,-0.23506757616996765,1.5665913820266724
2023-05-25 06:37:20.229000,-0.20969435572624207,0.8436878323554993
2023-05-25 06:38:20.326000,-0.20726168155670166,1.5230342149734497
2023-05-25 06:39:20.331000,-0.2130582630634308,1.6299397945404053
2023-05-25 06:40:20.089000,-0.209027960896492,0.9188311696052551
2023-05-25 06:41:20.323000,-0.22489525377750397,0.534999668598175
2023-05-25 06:42:20.217000,-0.2799884080886841,0.5905978679656982
2023-05-25 06:43:20.356000,-0.2784084379673004,0.47341281175613403
2023-05-25 06:44:20.284000,-0.2793528437614441,0.4152834117412567
2023-05-25 06:45:20.290000,-0.21987074613571167,0.37854963541030884
2023-05-25 06:46:20.237000,-0.20794732868671417,0.3560144901275635
2023-05-25 06:47:20.348000,-0.21513420343399048,0.3429490625858307
2023-05-25 06:48:20.260000,-0.22315970063209534,0.3390735983848572
2023-05-25 06:49:20.258000,-0.22817765176296234,0.3364047408103943
2023-05-25 06:50:20.173000,-0.21700261533260345,0.3416624367237091
2023-05-25 06:51:20.280000,-0.28082624077796936,0.3481918275356293
2023-05-25 06:52:20.258000,-0.2798464596271515,0.3554981052875519
2023-05-25 06:53:20.225000,-0.2711295783519745,0.3697948753833771
2023-05-25 06:54:20.224000,-0.25085368752479553,0.3826746940612793
2023-05-25 06:55:20.300000,-0.18313783407211304,0.3971935510635376
2023-05-25 06:56:20.172000,-0.14875952899456024,0.4112606942653656
2023-05-25 06:57:20.313000,-0.14794345200061798,0.425895094871521
2023-05-25 06:58:20.193000,-0.14715123176574707,0.4361024498939514
2023-05-25 06:59:20.286000,-0.15066039562225342,0.439323365688324
2023-05-25 07:00:20.313000,-0.15146329998970032,0.43473806977272034
2023-05-25 07:01:20.166000,-0.21504074335098267,0.4177341163158417
2023-05-25 07:02:20.213000,-0.23441271483898163,0.4068602919578552
2023-05-25 07:03:20.327000,-0.2705446779727936,0.40431806445121765
2023-05-25 07:04:20.307000,-0.25590023398399353,0.403471440076828
2023-05-25 07:05:20.197000,-0.15798012912273407,0.3953203856945038
2023-05-25 07:06:20.259000,-0.15465162694454193,0.38521116971969604
2023-05-25 07:07:20.299000,-0.1642996370792389,0.3807804584503174
2023-05-25 07:08:20.200000,-0.16958364844322205,0.3759845197200775
2023-05-25 07:09:20.306000,-0.17443113029003143,0.3744180500507355
2023-05-25 07:10:20.224000,-0.190772145986557,0.37197989225387573
2023-05-25 07:11:20.279000,-0.24652214348316193,0.3674003481864929
2023-05-25 07:12:20.280000,-0.24728842079639435,0.3672930598258972
2023-05-25 07:13:20.207000,-0.23990239202976227,0.37307798862457275
2023-05-25 07:14:20.247000,-0.21434634923934937,0.38567930459976196
2023-05-25 07:15:20.312000,-0.17298196256160736,0.39371633529663086
2023-05-25 07:16:20.248000,-0.17099831998348236,0.3955340087413788
2023-05-25 07:17:20.249000,-0.1699400693178177,0.4006885588169098
2023-05-25 07:18:20.180000,-0.16835671663284302,0.40221670269966125
2023-05-25 07:19:20.157000,-0.1732899397611618,0.40222373604774475
2023-05-25 07:20:20.093000,-0.18590541183948517,0.4037138819694519
2023-05-25 07:21:20.229000,-0.24147813022136688,0.4071083068847656
2023-05-25 07:22:20.161000,-0.2702202796936035,0.41459307074546814
2023-05-25 07:23:20.207000,-0.26677438616752625,0.4264981746673584
2023-05-25 07:24:20.196000,-0.24446484446525574,0.4480006694793701
2023-05-25 07:25:20.197000,-0.21933576464653015,0.467731773853302
2023-05-25 07:26:20.209000,-0.2229020595550537,0.4891141653060913
2023-05-25 07:27:20.221000,-0.23612982034683228,0.5092829465866089
2023-05-25 07:28:20.306000,-0.2365884631872177,0.5308207869529724
2023-05-25 07:29:20.237000,-0.24387741088867188,0.5518888831138611
2023-05-25 07:30:20.271000,-0.2781945765018463,0.5681495666503906
2023-05-25 07:31:20.181000,-0.30504441261291504,0.5848269462585449
2023-05-25 07:32:20.216000,-0.30630940198898315,0.6025212407112122
2023-05-25 07:33:20.247000,-0.2919129729270935,0.6182388067245483
2023-05-25 07:34:20.232000,-0.2402290552854538,0.6245805025100708
2023-05-25 07:35:20.331000,-0.21617545187473297,0.634219229221344
2023-05-25 07:36:20.192000,-0.21265272796154022,0.6314417719841003
2023-05-25 07:37:20.160000,-0.20747779309749603,0.629777193069458
2023-05-25 07:38:20.323000,-0.20888307690620422,0.6522917747497559
2023-05-25 07:39:20.239000,-0.21645326912403107,0.6451511979103088
2023-05-25 07:40:20.182000,-0.25088077783584595,0.6576294302940369
2023-05-25 07:41:20.294000,-0.27592235803604126,0.6545672416687012
2023-05-25 07:42:20.256000,-0.2841529846191406,0.6373015642166138
2023-05-25 07:43:20.262000,-0.2648053765296936,0.6431789994239807
2023-05-25 07:44:20.257000,-0.21182648837566376,0.6400152444839478
2023-05-25 07:45:20.279000,-0.20908376574516296,0.6351109743118286
2023-05-25 07:46:20.226000,-0.20412223041057587,0.6312599182128906
2023-05-25 07:47:20.200000,-0.19777414202690125,0.631991982460022
2023-05-25 07:48:20.205000,-0.1840789020061493,0.6274345517158508
2023-05-25 07:49:20.232000,-0.18979038298130035,0.6048862338066101
2023-05-25 07:50:20.491000,-0.2391948401927948,0.5860199332237244
2023-05-25 07:51:20.259000,-0.23563171923160553,0.5627569556236267
2023-05-25 07:52:20.232000,-0.23247694969177246,0.54359370470047
2023-05-25 07:53:20.126000,-0.1838611662387848,0.5282060503959656
2023-05-25 07:54:20.201000,-0.15765024721622467,0.5141344666481018
2023-05-25 07:55:20.248000,-0.1865665316581726,0.5036014914512634
2023-05-25 07:56:20.271000,-0.20654712617397308,0.49963346123695374
2023-05-25 07:57:20.137000,-0.2078259438276291,0.498928964138031
2023-05-25 07:58:20.205000,-0.20630869269371033,0.500344455242157
2023-05-25 07:59:20.256000,-0.24132728576660156,0.5028489828109741
2023-05-25 08:00:20.064000,-0.2743339240550995,0.5073539614677429
2023-05-25 08:01:20.166000,-0.2397439181804657,0.5122106075286865
2023-05-25 08:02:20.188000,-0.2270548939704895,0.5153467059135437
2023-05-25 08:03:20.241000,-0.17482629418373108,0.5184857249259949
2023-05-25 08:04:20.224000,-0.15897798538208008,0.5161295533180237
2023-05-25 08:05:20.241000,-0.15387102961540222,0.5088607668876648
2023-05-25 08:06:20.161000,-0.15305973589420319,0.5034105777740479
2023-05-25 08:07:20.170000,-0.16391386091709137,0.4946858584880829
2023-05-25 08:08:20.195000,-0.16988082230091095,0.4815363883972168
2023-05-25 08:09:20.158000,-0.19404920935630798,0.4677240550518036
2023-05-25 08:10:20.313000,-0.2435796558856964,0.4559694230556488
2023-05-25 08:11:20.234000,-0.2403297871351242,0.4459364414215088
2023-05-25 08:12:20.250000,-0.23160569369792938,0.43921828269958496
2023-05-25 08:13:20.293000,-0.18133999407291412,0.43646004796028137
2023-05-25 08:14:20.240000,-0.15524685382843018,0.43687188625335693
2023-05-25 08:15:20.198000,-0.15078240633010864,0.43640702962875366
2023-05-25 08:16:20.189000,-0.14637158811092377,0.4366942346096039
2023-05-25 08:17:20.211000,-0.14597338438034058,0.43472376465797424
2023-05-25 08:18:20.229000,-0.1772925853729248,0.42863816022872925
2023-05-25 08:19:20.276000,-0.23734086751937866,0.41958072781562805
2023-05-25 08:20:20.173000,-0.25430482625961304,0.4126952886581421
2023-05-25 08:21:20.231000,-0.27403524518013,0.4086686670780182
2023-05-25 08:22:20.315000,-0.23998519778251648,0.4086768627166748
2023-05-25 08:23:20.213000,-0.2080647498369217,0.41269344091415405
2023-05-25 08:24:20.227000,-0.2127697467803955,0.41828909516334534
2023-05-25 08:25:20.266000,-0.20507901906967163,0.4266413748264313
2023-05-25 08:26:20.256000,-0.2075439840555191,0.43215250968933105
2023-05-25 08:27:20.279000,-0.25205594301223755,0.42937204241752625
2023-05-25 08:28:20.183000,-0.289633572101593,0.4251191020011902
2023-05-25 08:29:20.119000,-0.2969759702682495,0.4207136034965515
2023-05-25 08:30:20.202000,-0.2594972848892212,0.4173834025859833
2023-05-25 08:31:20.163000,-0.2193070948123932,0.41223177313804626
2023-05-25 08:32:20.204000,-0.22220109403133392,0.4053545892238617
2023-05-25 08:33:20.163000,-0.21245650947093964,0.39571696519851685
2023-05-25 08:34:20.336000,-0.21368426084518433,0.38417330384254456
2023-05-25 08:35:20.216000,-0.24480438232421875,0.3716597259044647
2023-05-25 08:36:20.126000,-0.27572908997535706,0.36096078157424927
2023-05-25 08:37:20.210000,-0.27732816338539124,0.3540905714035034
2023-05-25 08:38:20.118000,-0.2716054618358612,0.35184183716773987
2023-05-25 08:39:20.219000,-0.21009863913059235,0.35304439067840576
2023-05-25 08:40:20.054000,-0.18770669400691986,0.35627859830856323
2023-05-25 08:41:20.195000,-0.17197750508785248,0.3585323393344879
2023-05-25 08:42:20.248000,-0.1747356802225113,0.35886815190315247
2023-05-25 08:43:20.216000,-0.16954143345355988,0.3585262596607208
2023-05-25 08:44:20.223000,-0.21696828305721283,0.3550756275653839
2023-05-25 08:45:20.218000,-0.23085981607437134,0.3491915762424469
2023-05-25 08:46:20.200000,-0.234444260597229,0.3392493426799774
2023-05-25 08:47:20.239000,-0.25994354486465454,0.32611003518104553
2023-05-25 08:48:20.184000,-0.23718273639678955,0.3103181719779968
2023-05-25 08:49:20.298000,-0.24335084855556488,0.2937539219856262
2023-05-25 08:50:20.146000,-0.23812910914421082,0.27837127447128296
2023-05-25 08:51:20.243000,-0.23484894633293152,0.26521357893943787
2023-05-25 08:52:20.184000,-0.2345912754535675,0.25315526127815247
2023-05-25 08:53:20.181000,-0.2462955117225647,0.246006578207016
2023-05-25 08:54:20.181000,-0.30065032839775085,0.24388830363750458
2023-05-25 08:55:20.269000,-0.2941828668117523,0.24519875645637512
2023-05-25 08:56:20.137000,-0.28892210125923157,0.24826958775520325
2023-05-25 08:57:20.241000,-0.22078348696231842,0.2500944435596466
2023-05-25 08:58:20.159000,-0.16853392124176025,0.24952299892902374
2023-05-25 08:59:20.150000,-0.16654808819293976,0.24614529311656952
2023-05-25 09:00:20.226000,-0.1599731296300888,0.24102653563022614
2023-05-25 09:01:20.133000,-0.15831156075000763,0.23353849351406097
2023-05-25 09:02:20.373000,-0.15712451934814453,0.22598285973072052
2023-05-25 09:03:20.145000,-0.2257710099220276,0.2178075909614563
2023-05-25 09:04:20.123000,-0.2223542332649231,0.21054589748382568
2023-05-25 09:05:20.107000,-0.21697962284088135,0.20376187562942505
2023-05-25 09:06:20.149000,-0.18076959252357483,0.19660711288452148
2023-05-25 09:07:20.113000,-0.15752798318862915,0.18721599876880646
2023-05-25 09:08:20.110000,-0.16343118250370026,0.17939746379852295
2023-05-25 09:09:20.171000,-0.16709010303020477,0.17309732735157013
2023-05-25 09:10:20.197000,-0.16393406689167023,0.16892346739768982
2023-05-25 09:11:20.185000,-0.16261781752109528,0.1654236614704132
2023-05-25 09:12:20.179000,-0.2269330620765686,0.16360051929950714
2023-05-25 09:13:20.096000,-0.22045446932315826,0.16356420516967773
2023-05-25 09:14:20.252000,-0.22894665598869324,0.16543680429458618
2023-05-25 09:15:20.240000,-0.20485788583755493,0.16907447576522827
2023-05-25 09:16:20.179000,-0.18140654265880585,0.17384006083011627
2023-05-25 09:17:20.095000,-0.18788902461528778,0.17999060451984406
2023-05-25 09:18:20.173000,-0.20509259402751923,0.1885426789522171
2023-05-25 09:19:20.179000,-0.20790328085422516,0.19964121282100677
2023-05-25 09:20:19.982000,-0.237827330827713,0.21153470873832703
2023-05-25 09:21:20.231000,-0.27539390325546265,0.22384928166866302
2023-05-25 09:22:20.188000,-0.2783566415309906,0.23398634791374207
2023-05-25 09:23:20.176000,-0.26325488090515137,0.23862363398075104
2023-05-25 09:24:20.257000,-0.21032877266407013,0.2385687530040741
2023-05-25 09:25:20.147000,-0.20646950602531433,0.2359267622232437
2023-05-25 09:26:20.138000,-0.20764541625976562,0.23018023371696472
2023-05-25 09:27:20.244000,-0.2167784720659256,0.2204260528087616
2023-05-25 09:28:20.142000,-0.21956588327884674,0.2065487504005432
2023-05-25 09:29:20.151000,-0.2843277156352997,0.1892077475786209
2023-05-25 09:30:20.118000,-0.28562071919441223,0.1696557253599167
2023-05-25 09:31:20.142000,-0.26257482171058655,0.1503104865550995
2023-05-25 09:32:20.106000,-0.21563780307769775,0.1321703940629959
2023-05-25 09:33:20.143000,-0.16449493169784546,0.11691184341907501
2023-05-25 09:34:20.149000,-0.16653738915920258,0.1060945987701416
2023-05-25 09:35:20.232000,-0.1773192286491394,0.09872443228960037
2023-05-25 09:36:20.070000,-0.17420482635498047,0.09402140974998474
2023-05-25 09:37:20.070000,-0.16168980300426483,0.09156237542629242
2023-05-25 09:38:20.157000,-0.2351681888103485,0.09181089699268341
2023-05-25 09:39:20.155000,-0.2833542227745056,0.09593106806278229
2023-05-25 09:40:20.127000,-0.2816106975078583,0.10334660857915878
2023-05-25 09:41:20.162000,-0.27999192476272583,0.1099628284573555
2023-05-25 09:42:20.156000,-0.2506611943244934,0.11333813518285751
2023-05-25 09:43:20.134000,-0.6029465794563293,0.11517500132322311
2023-05-25 09:44:20.120000,-0.5963684916496277,0.11533274501562119
2023-05-25 09:45:20.170000,-0.5847124457359314,0.11679982393980026
2023-05-25 09:46:20.135000,-0.5821467041969299,0.12153686583042145
2023-05-25 09:47:20.200000,-0.5263739228248596,0.13167308270931244
2023-05-25 09:48:20.185000,-0.6079442501068115,0.1402212381362915
2023-05-25 09:49:20.166000,-0.6450200080871582,0.14509311318397522
2023-05-25 09:50:20.107000,-0.5799548029899597,0.14325322210788727
2023-05-25 09:51:20.188000,-0.632219672203064,0.13541829586029053
2023-05-25 09:52:20.341000,-0.5603335499763489,0.12872450053691864
2023-05-25 09:53:20.125000,-0.4893793761730194,0.12483993917703629
2023-05-25 09:54:20.104000,-0.5569650530815125,0.12452550232410431
2023-05-25 09:55:20.060000,-0.45662763714790344,0.12589383125305176
2023-05-25 09:56:20.150000,-0.4682944416999817,0.12791475653648376
2023-05-25 09:57:20.147000,-0.522903323173523,0.12846453487873077
2023-05-25 09:58:20.057000,-0.47486957907676697,0.12454212456941605
2023-05-25 09:59:20.120000,-0.5127560496330261,0.11447472870349884
2023-05-25 10:00:19.976000,-0.36152613162994385,0.10182411223649979
2023-05-25 10:01:20.212000,-0.2969171106815338,0.0867527574300766
2023-05-25 10:02:20.071000,-0.17520692944526672,0.04437579959630966
2023-05-25 10:03:20.066000,-0.17186248302459717,0.022789711132645607
2023-05-25 10:04:20.109000,-0.16890422999858856,0.01840568333864212
2023-05-25 10:05:20.138000,-0.30146732926368713,0.015032454393804073
2023-05-25 10:06:20.095000,-0.3150555491447449,0.013266760855913162
2023-05-25 10:07:20.143000,-0.3015989065170288,0.012012382037937641
2023-05-25 10:08:20.157000,-0.385198712348938,0.011108100414276123
2023-05-25 10:09:20.233000,-0.2475271373987198,0.010279378853738308
2023-05-25 10:10:20.201000,-0.2480565905570984,0.00906501617282629
2023-05-25 10:11:20.103000,-0.2383367270231247,0.0071081724017858505
2023-05-25 10:12:20.189000,-0.27323397994041443,0.004571625031530857
2023-05-25 10:13:20.046000,-0.38546591997146606,0.003047245554625988
2023-05-25 10:14:20.176000,-0.3112739026546478,0.0025199817027896643
2023-05-25 10:15:20.110000,-0.40628674626350403,-0.00027780357049778104
2023-05-25 10:16:20.063000,-0.25388452410697937,-0.002013862133026123
2023-05-25 10:17:20.071000,-0.24293766915798187,-0.0019500678172335029
2023-05-25 10:18:20.210000,-0.2879134714603424,-0.0019342281157150865
2023-05-25 10:19:20.155000,-0.29005166888237,-0.0019605690613389015
2023-05-25 10:20:20.067000,-0.4666081964969635,-7.97333414084278e-05
2023-05-25 10:21:20.106000,-0.33546948432922363,0.0033541510347276926
2023-05-25 10:22:20.182000,-0.3708542585372925,-0.0019950815476477146
2023-05-25 10:23:20.115000,-0.2906457781791687,-0.0020245262421667576
2023-05-25 10:24:20.100000,-0.16582196950912476,-0.001972833415493369
2023-05-25 10:25:20.067000,-0.17005251348018646,-0.0019879110623151064
2023-05-25 10:26:20.157000,-0.1673484444618225,-0.0020079214591532946
2023-05-25 10:27:20.139000,-0.34757187962532043,-0.0019842321053147316
2023-05-25 10:28:20.177000,-0.4300853908061981,-0.0019243414280936122
2023-05-25 10:29:20.043000,-0.35322919487953186,-0.00205373321659863
2023-05-25 10:30:20.030000,-0.4429711401462555,-0.0019833636470139027
2023-05-25 10:31:20.114000,-0.2380772978067398,-0.001961517846211791
2023-05-25 10:32:20.063000,-0.24303026497364044,-0.002111703623086214
2023-05-25 10:33:20.098000,-0.22868219017982483,-0.0019625870045274496
2023-05-25 10:34:20.187000,-0.2545696794986725,-0.002133403904736042
2023-05-25 10:35:20.081000,-0.4191991090774536,-0.002030965406447649
2023-05-25 10:36:20.168000,-0.31954774260520935,-0.001961766742169857
2023-05-25 10:37:20.143000,-0.46802619099617004,-0.0019450169056653976
2023-05-25 10:38:20.184000,-0.3502146899700165,-0.002083947416394949
2023-05-25 10:39:20.086000,-0.28148186206817627,-0.0020720339380204678
2023-05-25 10:40:19.917000,-0.2582002878189087,-0.0020611167419701815
2023-05-25 10:41:20.137000,-0.2103758007287979,-0.001967811258509755
2023-05-25 10:42:20.164000,-0.3563063442707062,-0.002031266689300537
2023-05-25 10:43:20.090000,-0.35070374608039856,-0.0020090534817427397
2023-05-25 10:44:20.062000,-0.35109323263168335,-0.0019042000640183687
2023-05-25 10:45:20.117000,-0.3473396897315979,-0.0019149122526869178
2023-05-25 10:46:20.066000,-0.20754258334636688,-0.002048666588962078
2023-05-25 10:47:20.069000,-0.28066903352737427,-0.0019743165466934443
2023-05-25 10:48:20.093000,-0.28310278058052063,-0.0019867082592099905
2023-05-25 10:49:20.112000,-0.35743841528892517,-0.0019992711022496223
2023-05-25 10:50:20.098000,-0.4397887885570526,-0.0019526140531525016
2023-05-25 10:51:20.108000,-0.26416364312171936,-0.0020765173248946667
2023-05-25 10:52:20.238000,-0.3421708345413208,-0.002002070192247629
2023-05-25 10:53:20.118000,-0.18032944202423096,-0.0018800516845658422
2023-05-25 10:54:20.148000,-0.1522166132926941,-0.002002566587179899
2023-05-25 10:55:20.147000,-0.16561463475227356,-0.001979113556444645
2023-05-25 10:56:20.086000,-0.17589247226715088,-0.001971631543710828
2023-05-25 10:57:20.064000,-0.38792139291763306,-0.0020266498904675245
2023-05-25 10:58:20.137000,-0.3504152297973633,-0.001984416740015149
2023-05-25 10:59:20.118000,-0.4176185429096222,-0.0019815932027995586
2023-05-25 11:00:20.066000,-0.3398297429084778,-0.0020039998926222324
2023-05-25 11:01:20.189000,-0.1842302829027176,-0.002014866564422846
2023-05-25 11:02:20.042000,-0.18451376259326935,-0.0020245893392711878
2023-05-25 11:03:20.070000,-0.18138499557971954,-0.0020293928682804108
2023-05-25 11:04:20.066000,-0.32715854048728943,-0.0020120516419410706
2023-05-25 11:05:20.079000,-0.40948864817619324,-0.0020063999108970165
2023-05-25 11:06:20.183000,-0.38088592886924744,-0.002013706834986806
2023-05-25 11:07:20.015000,-0.48185136914253235,-0.002022034488618374
2023-05-25 11:08:20.106000,-0.4488879442214966,-0.002030192408710718
2023-05-25 11:09:20.063000,-0.4631000757217407,-0.002096272772178054
2023-05-25 11:10:20.082000,-0.40525826811790466,-0.0021127965301275253
2023-05-25 11:11:20.113000,-0.4389696717262268,-0.002094915136694908
2023-05-25 11:12:20.085000,-0.5886508226394653,-0.0020301963668316603
2023-05-25 11:13:20.156000,-0.4746299088001251,-0.00202471436932683
2023-05-25 11:14:20.148000,-0.5520341992378235,-0.0021014667581766844
2023-05-25 11:15:20.065000,-0.4172036945819855,-0.0020376499742269516
2023-05-25 11:16:20.116000,-0.40609145164489746,-0.002016250044107437
2023-05-25 11:17:20.117000,-0.40404847264289856,-0.0019741833675652742
2023-05-25 11:18:20.138000,-0.4159387946128845,-0.0020395999308675528
2023-05-25 11:19:20.181000,-0.5166146755218506,-0.002036983147263527
2023-05-25 11:20:19.939000,-0.4701744318008423,-0.001978118671104312
2023-05-25 11:21:20.100000,-0.508863091468811,-0.0020210847724229097
2023-05-25 11:22:20.099000,-0.5160068869590759,-0.0020656667184084654
2023-05-25 11:23:20.108000,-0.39545488357543945,-0.0020027500577270985
2023-05-25 11:24:20.084000,-0.40213683247566223,-0.0019879138562828302
2023-05-25 11:25:20.080000,-0.45499736070632935,-0.00207950989715755
2023-05-25 11:26:20.160000,-0.5326216816902161,-0.0020267555955797434
2023-05-25 11:27:20.106000,-0.6420093178749084,-0.001962696434929967
2023-05-25 11:28:20.087000,-0.5118192434310913,-0.002084057778120041
2023-05-25 11:29:20.139000,-0.43458232283592224,-0.0021359818056225777
2023-05-25 11:30:20.112000,-0.2727997303009033,-0.00205973326228559
2023-05-25 11:31:20.119000,-0.24955572187900543,-0.001936280052177608
2023-05-25 11:32:20.081000,-0.25004252791404724,-0.0020453447941690683
2023-05-25 11:33:20.103000,-0.2521421015262604,-0.0020829106215387583
2023-05-25 11:34:20.087000,-0.48283278942108154,-0.001978711923584342
2023-05-25 11:35:20.200000,-0.5713585615158081,-0.001980491215363145
2023-05-25 11:36:20.040000,-0.7973877787590027,-0.0020146332681179047
2023-05-25 11:37:20.099000,-0.7255843877792358,-0.002011864446103573
2023-05-25 11:38:20.090000,-0.5349858403205872,-0.0020092499908059835
2023-05-25 11:39:20.090000,-0.5448549389839172,-0.0020486980210989714
2023-05-25 11:40:20.017000,-0.5578526258468628,-0.0020095999352633953
2023-05-25 11:41:20.075000,-0.6858551502227783,-0.002035383367910981
2023-05-25 11:42:20.083000,-0.7249290943145752,-0.002003773581236601
2023-05-25 11:43:20.160000,-0.7373100519180298,-0.001977052539587021
2023-05-25 11:44:20.119000,-0.828493058681488,-0.0020383999217301607
2023-05-25 11:45:20.033000,-0.6566075086593628,-0.002075416734442115
2023-05-25 11:46:20.068000,-0.6350234746932983,-0.0020185334142297506
2023-05-25 11:47:19.996000,-0.6575313210487366,-0.0020626140758395195
2023-05-25 11:48:20.009000,-0.7022408843040466,-0.0020064832642674446
2023-05-25 11:49:20.060000,-0.8274070620536804,-0.002040431136265397
2023-05-25 11:50:20.048000,-0.7391875982284546,-0.0020087501034140587
2023-05-25 11:51:20.126000,-0.8209193348884583,-0.00202408479526639
2023-05-25 11:52:20.095000,-0.684722900390625,-0.0020326334051787853
2023-05-25 11:53:20.009000,-0.6894102692604065,-0.002051000017672777
2023-05-25 11:54:20.119000,-0.6447091102600098,-0.0020324736833572388
2023-05-25 11:55:20.119000,-0.48266568779945374,-0.0019976834300905466
2023-05-25 11:56:20.087000,-0.5321479439735413,-0.0020155254751443863
2023-05-25 11:57:20.092000,-0.3893226683139801,-0.002053465461358428
2023-05-25 11:58:20.173000,-0.42966604232788086,-0.0019944000523537397
2023-05-25 11:59:20.226000,-0.3785535395145416,-0.002045169472694397
2023-05-25 12:00:19.854000,-0.26877662539482117,-0.0020338071044534445
2023-05-25 12:01:19.991000,-0.26569637656211853,-0.0020968643948435783
2023-05-25 12:02:20.041000,-0.32909682393074036,-0.0019867068622261286
2023-05-25 12:03:20.014000,-0.4249507188796997,-0.0021125636994838715
2023-05-25 12:04:20.084000,-0.4990638494491577,-0.0020521017722785473
2023-05-25 12:05:20.067000,-0.34381330013275146,-0.002114000031724572
2023-05-25 12:06:19.976000,-0.448049932718277,-0.002061358420178294
2023-05-25 12:07:20.164000,-0.30967384576797485,-0.0021461332216858864
2023-05-25 12:08:20.014000,-0.29959604144096375,-0.002178728813305497
2023-05-25 12:09:20.001000,-0.2971433103084564,-0.002176083391532302
2023-05-25 12:10:20.079000,-0.35389819741249084,-0.0020745000801980495
2023-05-25 12:11:20.020000,-0.5499415993690491,-0.0020542165730148554
2023-05-25 12:12:20.024000,-0.5022113919258118,-0.00215098331682384
2023-05-25 12:13:20.051000,-0.5747381448745728,-0.0020873332396149635
2023-05-25 12:14:20.079000,-0.4122121334075928,-0.002140533411875367
2023-05-25 12:15:20.021000,-0.38016968965530396,-0.0020394641906023026
2023-05-25 12:16:20.103000,-0.3837280869483948,-0.0019998333882540464
2023-05-25 12:17:20.160000,-0.3801129162311554,-0.002036933321505785
2023-05-25 12:18:20.064000,-0.5120195746421814,-0.002163683297112584
2023-05-25 12:19:20.023000,-0.5975608229637146,-0.002092137932777405
2023-05-25 12:20:20.122000,-0.578744649887085,-0.001963638002052903
2023-05-25 12:21:20.044000,-0.5796512961387634,-0.0020355000160634518
2023-05-25 12:22:20.036000,-0.3973442614078522,-0.0020513751078397036
2023-05-25 12:23:20.050000,-0.3636169731616974,-0.0020650166552513838
2023-05-25 12:24:20.032000,-0.3572191298007965,-0.0020340702030807734
2023-05-25 12:25:20.047000,-0.3660111725330353,-0.0020591167267411947
2023-05-25 12:26:19.984000,-0.4826718866825104,-0.002056118566542864
2023-05-25 12:27:20.021000,-0.4369058609008789,-0.002021152526140213
2023-05-25 12:28:19.975000,-0.5443651080131531,-0.00199666665866971
2023-05-25 12:29:20.112000,-0.418292373418808,-0.0020585625898092985
2023-05-25 12:30:20.028000,-0.41305503249168396,-0.002016321523115039
2023-05-25 12:31:19.982000,-0.4083675444126129,-0.0020473666954785585
2023-05-25 12:32:20.031000,-0.370729923248291,-0.0020204666070640087
2023-05-25 12:33:20.112000,-0.5327645540237427,-0.0020289665553718805
2023-05-25 12:34:20.059000,-0.4715860188007355,-0.0020284238271415234
2023-05-25 12:35:20.086000,-0.6726717948913574,-0.0020308000966906548
2023-05-25 12:36:20.090000,-0.6555799841880798,-0.0020420169457793236
2023-05-25 12:37:20.058000,-0.3485518991947174,-0.002035049954429269
2023-05-25 12:38:20.103000,-0.4040299654006958,-0.002033583354204893
2023-05-25 12:39:20.068000,-0.3995065689086914,-0.002010416705161333
2023-05-25 12:40:19.841000,-0.4688568413257599,-0.0020400667563080788
2023-05-25 12:41:20.004000,-0.5321499109268188,-0.00210379995405674
2023-05-25 12:42:20.005000,-0.451567679643631,-0.0020955665968358517
2023-05-25 12:43:20.007000,-0.5288940668106079,-0.001975049963220954
2023-05-25 12:44:20.067000,-0.351110577583313,-0.002014599973335862
2023-05-25 12:45:19.960000,-0.38148802518844604,-0.0020595500245690346
2023-05-25 12:46:19.988000,-0.426285982131958,-0.0020357456523925066
2023-05-25 12:47:19.966000,-0.4553765058517456,-0.0020684334449470043
2023-05-25 12:48:20.051000,-0.6155572533607483,-0.0020323102362453938
2023-05-25 12:49:20.078000,-0.4626852571964264,-0.002045833272859454
2023-05-25 12:50:20.030000,-0.5475719571113586,-0.0020875500049442053
2023-05-25 12:51:20.012000,-0.42255038022994995,-0.001955482643097639
2023-05-25 12:52:20.007000,-0.3568103313446045,-0.002041733358055353
2023-05-25 12:53:19.953000,-0.32764315605163574,-0.0020517457742244005
2023-05-25 12:54:19.991000,-0.295968621969223,-0.0020052832551300526
2023-05-25 12:55:20.066000,-0.5008012056350708,-0.00200568325817585
2023-05-25 12:56:20.030000,-0.49021005630493164,-0.001983288209885359
2023-05-25 12:57:20.047000,-0.48521125316619873,-0.002063559368252754
2023-05-25 12:58:20.039000,-0.46330180764198303,-0.0020385500974953175
2023-05-25 12:59:19.967000,-0.27500465512275696,-0.002098633209243417
2023-05-25 13:00:20.052000,-0.2740624248981476,-0.001962716691195965
2023-05-25 13:01:19.952000,-0.3139694929122925,-0.0020349500700831413
2023-05-25 13:02:20.067000,-0.39918115735054016,-0.0020485499408096075
2023-05-25 13:03:19.997000,-0.5124334692955017,-0.0021212033461779356
2023-05-25 13:04:20.054000,-0.4351298213005066,-0.0020754309371113777
2023-05-25 13:05:20.106000,-0.5753035545349121,-0.002000661101192236
2023-05-25 13:06:19.999000,-0.4187932312488556,-0.001934333355166018
2023-05-25 13:07:19.981000,-0.3952459692955017,-0.0020624499302357435
2023-05-25 13:08:20.015000,-0.36924034357070923,-0.0021517500281333923
2023-05-25 13:09:20.060000,-0.332640677690506,-0.002232283353805542
2023-05-25 13:10:20.007000,-0.5083496570587158,-0.002286896575242281
2023-05-25 13:11:20.046000,-0.4340173304080963,-0.0021208643447607756
2023-05-25 13:12:20.012000,-0.49596795439720154,-0.002031616633757949
2023-05-25 13:13:19.961000,-0.4103113114833832,-0.0020582498982548714
2023-05-25 13:14:20.102000,-0.3319104015827179,-0.002122200094163418
2023-05-25 13:15:20.041000,-0.38789159059524536,-0.0021950677037239075
2023-05-25 13:16:20.045000,-0.3743336498737335,-0.002061366569250822
2023-05-25 13:17:20.064000,-0.43462833762168884,-0.0020587118342518806
2023-05-25 13:18:20.060000,-0.4810030460357666,-0.002056271070614457
2023-05-25 13:19:20.031000,-0.370848149061203,-0.002083716681227088
2023-05-25 13:20:19.868000,-0.4268709123134613,-0.0020488332957029343
2023-05-25 13:21:20.033000,-0.2612786591053009,-0.0020497143268585205
2023-05-25 13:22:20.068000,-0.2602676451206207,-0.0020876459311693907
2023-05-25 13:23:20.142000,-0.26018625497817993,-0.0020293695852160454
2023-05-25 13:24:20.087000,-0.30544352531433105,-0.002088000066578388
2023-05-25 13:25:19.970000,-0.5170080661773682,-0.0020247255451977253
2023-05-25 13:26:19.937000,-0.42513200640678406,-0.0020335600711405277
2023-05-25 13:27:20.062000,-0.5179678201675415,-0.0020474856719374657
2023-05-25 13:28:20.001000,-0.3389977514743805,-0.002025510650128126
2023-05-25 13:29:19.965000,-0.2617737650871277,-0.0020559714175760746
2023-05-25 13:30:20.108000,-0.2920805811882019,-0.00198423326946795
2023-05-25 13:31:20.059000,-0.2981368601322174,-0.001982749905437231
2023-05-25 13:32:19.962000,-0.4540216624736786,-0.0022263333667069674
2023-05-25 13:33:20.130000,-0.4631894528865814,-0.0020910000894218683
2023-05-25 13:34:19.966000,-0.531385064125061,-0.002142774173989892
2023-05-25 13:35:19.995000,-0.5113016366958618,-0.0021199360489845276
2023-05-25 13:36:20.055000,-0.37361836433410645,-0.0020539260003715754
2023-05-25 13:37:19.930000,-0.30831465125083923,-0.0021670169662684202
2023-05-25 13:38:20.039000,-0.32077330350875854,-0.0021497069392353296
2023-05-25 13:39:20.052000,-0.40887269377708435,-0.0020989831537008286
2023-05-25 13:40:20.053000,-0.5063962936401367,-0.0020570000633597374
2023-05-25 13:41:20.131000,-0.41377830505371094,-0.0020546531304717064
2023-05-25 13:42:19.987000,-0.5347784757614136,-0.0021138302981853485
2023-05-25 13:43:20.053000,-0.3628523647785187,-0.0019887627568095922
2023-05-25 13:44:20.043000,-0.3478166162967682,-0.001964716939255595
2023-05-25 13:45:20.048000,-0.30873990058898926,-0.002019481500610709
2023-05-25 13:46:19.956000,-0.2717241644859314,-0.0020550000481307507
2023-05-25 13:47:19.959000,-0.4531360864639282,-0.002057236386463046
2023-05-25 13:48:19.961000,-0.3683713972568512,-0.0020915556233376265
2023-05-25 13:49:20.121000,-0.4520283639431,-0.001915711909532547
2023-05-25 13:50:19.977000,-0.3887959122657776,-0.0020981666166335344
2023-05-25 13:51:19.976000,-0.3593895733356476,-0.0020337451715022326
2023-05-25 13:52:20.013000,-0.3665838837623596,-0.0020301579497754574
2023-05-25 13:53:20.005000,-0.3586631715297699,-0.0020745762158185244
2023-05-25 13:54:19.945000,-0.46504536271095276,-0.0021550690289586782
2023-05-25 13:55:20.027000,-0.452557772397995,-0.002175266621634364
2023-05-25 13:56:19.940000,-0.40613511204719543,-0.002156654605641961
2023-05-25 13:57:20.036000,-0.4383589029312134,-0.0021165688522160053
2023-05-25 13:58:19.987000,-0.282110333442688,-0.0021274893078953028
2023-05-25 13:59:20.005000,-0.28448209166526794,-0.0020748034585267305
2023-05-25 14:00:19.848000,-0.3284536600112915,-0.002092166570946574
2023-05-25 14:01:19.979000,-0.40201666951179504,-0.0020862678065896034
2023-05-25 14:02:20.019000,-0.5412834882736206,-0.0019232400227338076
2023-05-25 14:03:19.923000,-0.4305800795555115,-0.0020241832826286554
2023-05-25 14:04:20.011000,-0.4576070010662079,-0.0019741379655897617
2023-05-25 14:05:20.010000,-0.31260576844215393,-0.002083699917420745
2023-05-25 14:06:19.925000,-0.2608494758605957,-0.002093483228236437
2023-05-25 14:07:19.926000,-0.25960418581962585,-0.002000282984226942
2023-05-25 14:08:19.884000,-0.26039919257164,-0.0019529123092070222
2023-05-25 14:09:20.016000,-0.44196489453315735,-0.002028033370152116
2023-05-25 14:10:19.928000,-0.40646788477897644,-0.00204030005261302
2023-05-25 14:11:19.914000,-0.4388017952442169,-0.0021019000560045242
2023-05-25 14:12:20.041000,-0.38840413093566895,-0.0019801578018814325
2023-05-25 14:13:19.910000,-0.1986231505870819,-0.002094416646286845
2023-05-25 14:14:20,-0.19681058824062347,-0.002060916740447283
2023-05-25 14:15:19.975000,-0.19651517271995544,-0.0020123666618019342
2023-05-25 14:16:19.958000,-0.2917121648788452,-0.002106450032442808
2023-05-25 14:17:19.976000,-0.4389321208000183,-0.0019771666266024113
2023-05-25 14:18:20.028000,-0.3224148452281952,-0.001989099895581603
2023-05-25 14:19:20.029000,-0.4471455216407776,-0.0020048620644956827
2023-05-25 14:20:19.994000,-0.2797269821166992,-0.0020077647641301155
2023-05-25 14:21:19.894000,-0.2730059325695038,-0.002083368366584182
2023-05-25 14:22:19.927000,-0.23350054025650024,-0.0020691356621682644
2023-05-25 14:23:19.889000,-0.2146742045879364,-0.001958766719326377
2023-05-25 14:24:19.980000,-0.38667383790016174,-0.002024833345785737
2023-05-25 14:25:19.961000,-0.29843512177467346,-0.0020882165990769863
2023-05-25 14:26:19.950000,-0.3824617862701416,-0.0019875334110111
2023-05-25 14:27:19.903000,-0.28231173753738403,-0.0020920000970363617
2023-05-25 14:28:19.933000,-0.27437517046928406,-0.0020450877491384745
2023-05-25 14:29:19.921000,-0.259701669216156,-0.002021237276494503
2023-05-25 14:30:20.025000,-0.2711646854877472,-0.001958216540515423
2023-05-25 14:31:19.984000,-0.40820181369781494,-0.001856622169725597
2023-05-25 14:32:19.918000,-0.38663798570632935,-0.0019676480442285538
2023-05-25 14:33:19.871000,-0.3754587173461914,-0.002006849041208625
2023-05-25 14:34:19.969000,-0.37619760632514954,-0.0021924166940152645
2023-05-25 14:35:19.878000,-0.11398746818304062,-0.0022094561718404293
2023-05-25 14:36:20.053000,-0.15852180123329163,-0.0018849830375984311
2023-05-25 14:37:19.946000,-0.20149479806423187,-0.0020926441065967083
2023-05-25 14:38:19.952000,-0.29049885272979736,-0.00204673339612782
2023-05-25 14:39:19.919000,-0.4216966927051544,-0.0019775833934545517
2023-05-25 14:40:19.782000,-0.32222679257392883,-0.0021523393224924803
2023-05-25 14:41:19.878000,-0.34822821617126465,-0.0021120000164955854
2023-05-25 14:42:19.995000,-0.20409426093101501,-0.002149272710084915
2023-05-25 14:43:19.967000,-0.16321821510791779,-0.002018316648900509
2023-05-25 14:44:19.964000,-0.16152620315551758,-0.0021037666592746973
2023-05-25 14:45:19.957000,-0.16530832648277283,-0.002102783415466547
2023-05-25 14:46:20.027000,-0.3696577847003937,-0.0020349333062767982
2023-05-25 14:47:19.967000,-0.3513660728931427,-0.001999370288103819
2023-05-25 14:48:19.953000,-0.40206751227378845,-0.002067351946607232
2023-05-25 14:49:20.020000,-0.35596132278442383,-0.002076620701700449
2023-05-25 14:50:19.979000,-0.24267229437828064,-0.0020678620785474777
2023-05-25 14:51:19.967000,-0.23970171809196472,-0.0021101522725075483
2023-05-25 14:52:19.898000,-0.2731584310531616,-0.002007955452427268
2023-05-25 14:53:20.004000,-0.35574090480804443,-0.002120588207617402
2023-05-25 14:54:20.064000,-0.43816402554512024,-0.0019807200878858566
2023-05-25 14:55:19.910000,-0.3572416603565216,-0.0020430784206837416
2023-05-25 14:56:19.905000,-0.4854530692100525,-0.001998899970203638
2023-05-25 14:57:19.914000,-0.3221111297607422,-0.0021176666487008333
2023-05-25 14:58:19.917000,-0.32644760608673096,-0.002025583293288946
2023-05-25 14:59:19.889000,-0.32750412821769714,-0.00201511662453413
2023-05-25 15:00:19.942000,-0.2819438874721527,-0.0021556667052209377
2023-05-25 15:01:19.949000,-0.4492366909980774,-0.0019950666464865208
2023-05-25 15:02:19.955000,-0.35193249583244324,-0.0021140165627002716
2023-05-25 15:03:19.944000,-0.43832480907440186,-0.002069366630166769
2023-05-25 15:04:19.892000,-0.30942562222480774,-0.0021477832924574614
2023-05-25 15:05:20.003000,-0.20458121597766876,-0.002137233270332217
2023-05-25 15:06:19.874000,-0.2608058750629425,-0.0021148165687918663
2023-05-25 15:07:20.116000,-0.2787475883960724,-0.0021492333617061377
2023-05-25 15:08:20.033000,-0.4114772081375122,-0.002096416661515832
2023-05-25 15:09:19.997000,-0.40590202808380127,-0.0020460544619709253
2023-05-25 15:10:19.944000,-0.32801517844200134,-0.002108932239934802
2023-05-25 15:11:19.911000,-0.33472591638565063,-0.0021567833609879017
2023-05-25 15:12:19.896000,-0.18862976133823395,-0.002147899940609932
2023-05-25 15:13:19.914000,-0.17337003350257874,-0.0021592832636088133
2023-05-25 15:14:19.939000,-0.16305412352085114,-0.0020437666680663824
2023-05-25 15:15:19.936000,-0.20885154604911804,-0.002017733408138156
2023-05-25 15:16:19.842000,-0.3835984766483307,-0.00212138332426548
2023-05-25 15:17:19.944000,-0.29538655281066895,-0.0020867667626589537
2023-05-25 15:18:19.870000,-0.37993213534355164,-0.002119440585374832
2023-05-25 15:19:19.889000,-0.22217562794685364,-0.0020803832449018955
2023-05-25 15:20:19.771000,-0.13299329578876495,-0.002066051820293069
2023-05-25 15:21:19.934000,-0.15522129833698273,-0.0020892880856990814
2023-05-25 15:22:19.872000,-0.19637389481067657,-0.0020720339380204678
2023-05-25 15:23:19.876000,-0.4090390205383301,-0.0020187832415103912
2023-05-25 15:24:19.899000,-0.3398163318634033,-0.001969449920579791
2023-05-25 15:25:19.952000,-0.4106137752532959,-0.0021568499505519867
2023-05-25 15:26:19.980000,-0.42353636026382446,-0.0021460833959281445
2023-05-25 15:27:19.843000,-0.32449957728385925,-0.0021794000640511513
2023-05-25 15:28:19.988000,-0.32817554473876953,-0.0020300701726228
2023-05-25 15:29:19.940000,-0.3002179265022278,-0.002018633298575878
2023-05-25 15:30:19.943000,-0.3628477454185486,-0.0021213965956121683
2023-05-25 15:31:19.857000,-0.4411410689353943,-0.001997576327994466
2023-05-25 15:32:19.995000,-0.3585067689418793,-0.0021251665893942118
2023-05-25 15:33:19.830000,-0.4190414547920227,-0.0021219500340521336
2023-05-25 15:34:19.960000,-0.24811393022537231,-0.00203999993391335
2023-05-25 15:35:19.993000,-0.27629438042640686,-0.002136909170076251
2023-05-25 15:36:19.894000,-0.3108721673488617,-0.002120789373293519
2023-05-25 15:37:19.936000,-0.33523762226104736,-0.001970583340153098
2023-05-25 15:38:19.960000,-0.5006689429283142,-0.002065766602754593
2023-05-25 15:39:19.923000,-0.3394532799720764,-0.002132366644218564
2023-05-25 15:40:19.932000,-0.4307566285133362,-0.0021072332747280598
2023-05-25 15:41:19.880000,-0.3119385540485382,-0.0021331498865038157
2023-05-25 15:42:19.825000,-0.2427709847688675,-0.002083116676658392
2023-05-25 15:43:19.980000,-0.24448587000370026,-0.002105061197653413
2023-05-25 15:44:19.969000,-0.2700733244419098,-0.0019971667788922787
2023-05-25 15:45:19.968000,-0.4522106349468231,-0.0019958929624408484
2023-05-25 15:46:19.842000,-0.44895750284194946,-0.002107833279296756
2023-05-25 15:47:19.946000,-0.4498177468776703,-0.002074615331366658
2023-05-25 15:48:19.830000,-0.37328606843948364,-0.002163563622161746
2023-05-25 15:49:19.928000,-0.23689131438732147,-0.0021154035348445177
2023-05-25 15:50:19.928000,-0.2367168813943863,-0.0021995166316628456
2023-05-25 15:51:19.869000,-0.24096152186393738,-0.0020666441414505243
2023-05-25 15:52:19.838000,-0.31087327003479004,-0.0020790500566363335
2023-05-25 15:53:19.940000,-0.42938733100891113,-0.0021560166496783495
2023-05-25 15:54:19.850000,-0.32352036237716675,-0.0021184165962040424
2023-05-25 15:55:19.896000,-0.3859390318393707,-0.0020731999538838863
2023-05-25 15:56:19.874000,-0.2336060106754303,-0.002134166657924652
2023-05-25 15:57:19.858000,-0.1469835489988327,-0.0020874999463558197
2023-05-25 15:58:19.814000,-0.13844390213489532,-0.002094183349981904
2023-05-25 15:59:19.910000,-0.09268826991319656,-0.002095316769555211
2023-05-25 16:00:19.706000,-0.24000374972820282,-0.002013206947594881
2023-05-25 16:01:19.854000,-0.1547504961490631,-0.002131266752257943
2023-05-25 16:02:19.921000,-0.23640748858451843,-0.0020656378474086523
2023-05-25 16:03:19.955000,-0.20453257858753204,-0.0020649998914450407
2023-05-25 16:04:19.916000,-0.10976269841194153,-0.002095618285238743
2023-05-25 16:05:19.956000,-0.10938998311758041,-0.002113333437591791
2023-05-25 16:06:19.810000,-0.06032174825668335,-0.001981500070542097
2023-05-25 16:07:19.901000,-0.19837604463100433,-0.002072866540402174
2023-05-25 16:08:19.962000,-0.2750079333782196,-0.0021213877480477095
2023-05-25 16:09:19.912000,-0.2831230163574219,-0.002098072785884142
2023-05-25 16:10:19.955000,-0.3434533178806305,-0.0020914385095238686
2023-05-25 16:11:19.882000,-0.20216235518455505,-0.0021041524596512318
2023-05-25 16:12:19.909000,-0.24954457581043243,-0.002083203289657831
2023-05-25 16:13:19.901000,-0.24031320214271545,-0.0020779138430953026
2023-05-25 16:14:19.927000,-0.28196898102760315,-0.002095036441460252
2023-05-25 16:15:20.026000,-0.37463080883026123,-0.0020768200047314167
2023-05-25 16:16:19.877000,-0.2684343159198761,-0.002094266703352332
2023-05-25 16:17:19.885000,-0.352073073387146,-0.0021144209895282984
2023-05-25 16:18:19.822000,-0.24710291624069214,-0.002068480011075735
2023-05-25 16:19:19.923000,-0.20878367125988007,-0.002031999872997403
2023-05-25 16:20:19.879000,-0.21211396157741547,-0.0020348147954791784
2023-05-25 16:21:19.936000,-0.2887367904186249,-0.002124104183167219
2023-05-25 16:22:19.916000,-0.4511229395866394,-0.0021235370077192783
2023-05-25 16:23:19.927000,-0.42419302463531494,-0.0019921378698199987
2023-05-25 16:24:19.887000,-0.443112313747406,-0.002031352836638689
2023-05-25 16:25:20.004000,-0.3496057987213135,-0.002133872825652361
2023-05-25 16:26:19.870000,-0.23007895052433014,-0.00219153705984354
2023-05-25 16:27:19.939000,-0.23283472657203674,-0.0021310599986463785
2023-05-25 16:28:19.836000,-0.22963300347328186,-0.0019767400808632374
2023-05-25 16:29:19.885000,-0.3180374503135681,-0.0020209411159157753
2023-05-25 16:30:19.909000,-0.41756951808929443,-0.0021423615980893373
2023-05-25 16:31:19.809000,-0.4019659161567688,-0.002017795806750655
2023-05-25 16:32:19.928000,-0.47448012232780457,-0.002046673558652401
2023-05-25 16:33:19.829000,-0.3014312982559204,-0.001978115411475301
2023-05-25 16:34:19.892000,-0.26314571499824524,-0.0021743725519627333
2023-05-25 16:35:19.960000,-0.21148627996444702,-0.002064111176878214
2023-05-25 16:36:19.883000,-0.2286154180765152,-0.0021096139680594206
2023-05-25 16:38:19.925000,-0.31513458490371704,-0.0020636599510908127
2023-05-25 16:39:19.836000,-0.39626315236091614,-0.002161520766094327
2023-05-25 16:40:19.730000,-0.29475337266921997,-0.002147833351045847
2023-05-25 16:41:19.889000,-0.26955369114875793,-0.0020059423986822367
2023-05-25 16:42:19.916000,-0.27882757782936096,-0.002113833324983716
2023-05-25 16:43:19.919000,-0.2741183042526245,-0.002122442238032818
2023-05-25 16:44:19.907000,-0.39723867177963257,-0.0021195262670516968
2023-05-25 16:45:19.844000,-0.36295434832572937,-0.0021657308097928762
2023-05-25 16:46:19.833000,-0.28059881925582886,-0.002125566592440009
2023-05-25 16:47:19.856000,-0.3144945204257965,-0.0020717273000627756
2023-05-25 16:48:19.832000,-0.15873536467552185,-0.0021630909759551287
2023-05-25 16:49:19.825000,-0.15886080265045166,-0.002108982065692544
2023-05-25 16:50:20.338000,-0.15758930146694183,-0.002116891322657466
2023-05-25 16:51:19.797000,-0.26210349798202515,-0.002131915185600519
2023-05-25 16:52:19.916000,-0.42587968707084656,-0.0021228750701993704
2023-05-25 16:53:19.906000,-0.3705263137817383,-0.0021507241763174534
2023-05-25 16:54:19.895000,-0.4407412111759186,-0.0021307291463017464
2023-05-25 16:55:19.875000,-0.20457646250724792,-0.0021009999327361584
2023-05-25 16:56:19.902000,-0.1592036783695221,-0.0020932999905198812
2023-05-25 16:57:19.911000,-0.15710118412971497,-0.002113698050379753
2023-05-25 16:58:19.928000,-0.15840736031532288,-0.0021240576170384884
2023-05-25 16:59:19.823000,-0.32551220059394836,-0.0020233888644725084
2023-05-25 17:00:19.770000,-0.32664310932159424,-0.0021200499031692743
2023-05-25 17:01:19.866000,-0.3900570869445801,-0.0021877367980778217
2023-05-25 17:02:19.839000,-0.34592190384864807,-0.002145216567441821
2023-05-25 17:03:19.824000,-0.22974893450737,-0.0021766326390206814
2023-05-25 17:04:19.836000,-0.16435672342777252,-0.002159039257094264
2023-05-25 17:05:19.770000,-0.1590871810913086,-0.002081833314150572
2023-05-25 17:06:19.924000,-0.2500578761100769,-0.0021175965666770935
2023-05-25 17:07:19.849000,-0.33735716342926025,-0.0021245332900434732
2023-05-25 17:08:19.856000,-0.2556554079055786,-0.002158907474949956
2023-05-25 17:09:19.822000,-0.3328765034675598,-0.0021036735270172358
2023-05-25 17:10:19.847000,-0.2155115008354187,-0.0020302264019846916
2023-05-25 17:11:19.809000,-0.22908087074756622,-0.002131446497514844
2023-05-25 17:12:19.774000,-0.2265087515115738,-0.0020964229479432106
2023-05-25 17:13:19.830000,-0.23249560594558716,-0.002134966664016247
2023-05-25 17:14:19.842000,-0.3395349681377411,-0.0021468596532940865
2023-05-25 17:15:19.855000,-0.281536340713501,-0.002097813645377755
2023-05-25 17:16:19.865000,-0.36556529998779297,-0.0021184375509619713
2023-05-25 17:17:19.896000,-0.270925909280777,-0.0021449122577905655
2023-05-25 17:18:19.816000,-0.20611116290092468,-0.002105155261233449
2023-05-25 17:19:19.827000,-0.2103082686662674,-0.0020915167406201363
2023-05-25 17:20:19.671000,-0.2755815386772156,-0.00213746540248394
2023-05-25 17:21:19.761000,-0.4134209454059601,-0.0020712800323963165
2023-05-25 17:22:19.891000,-0.4414026141166687,-0.002243176568299532
2023-05-25 17:23:19.832000,-0.4025809168815613,-0.0021734642796218395
2023-05-25 17:24:19.834000,-0.3546840250492096,-0.0021515318658202887
2023-05-25 17:25:19.810000,-0.21051301062107086,-0.0021975424606353045
2023-05-25 17:26:19.820000,-0.21104371547698975,-0.002095949137583375
2023-05-25 17:27:19.816000,-0.21523870527744293,-0.002098666736856103
2023-05-25 17:28:19.813000,-0.2773891091346741,-0.00212288461625576
2023-05-25 17:29:19.891000,-0.4074269235134125,-0.0021427832543849945
2023-05-25 17:30:19.860000,-0.35390931367874146,-0.0020830861758440733
2023-05-25 17:31:19.896000,-0.42084142565727234,-0.00215759314596653
2023-05-25 17:32:19.848000,-0.27821463346481323,-0.0020938334055244923
2023-05-25 17:33:19.797000,-0.1910390555858612,-0.002171084750443697
2023-05-25 17:34:19.813000,-0.1562531292438507,-0.0019851040560752153
2023-05-25 17:35:19.860000,-0.1610541045665741,-0.00209439592435956
2023-05-25 17:36:19.844000,-0.3306134343147278,-0.00214029080234468
2023-05-25 17:37:19.871000,-0.3099750280380249,-0.002239837311208248
2023-05-25 17:38:19.810000,-0.37981200218200684,-0.002113980008289218
2023-05-25 17:39:19.742000,-0.3546988070011139,-0.002177200047299266
2023-05-25 17:40:19.850000,-0.2805582284927368,-0.0021805171854794025
2023-05-25 17:41:19.837000,-0.2818574011325836,-0.0021771753672510386
2023-05-25 17:42:19.933000,-0.28922000527381897,-0.002178736962378025
2023-05-25 17:43:19.741000,-0.3341040015220642,-0.0021323123946785927
2023-05-25 17:44:19.812000,-0.3923991918563843,-0.0021683666855096817
2023-05-25 17:45:19.835000,-0.3105056583881378,-0.0021386833395808935
2023-05-25 17:46:19.896000,-0.38146257400512695,-0.0021378148812800646
2023-05-25 17:47:19.770000,-0.21511822938919067,-0.002130915177986026
2023-05-25 17:48:19.908000,-0.21336355805397034,-0.0021212203428149223
2023-05-25 17:49:19.786000,-0.2703498899936676,-0.0021745518315583467
2023-05-25 17:50:19.853000,-0.30615514516830444,-0.0021631165873259306
2023-05-25 17:51:19.797000,-0.4217709004878998,-0.0020939665846526623
2023-05-25 17:52:19.789000,-0.29922086000442505,-0.0021467667538672686
2023-05-25 17:53:19.829000,-0.33117231726646423,-0.002115305047482252
2023-05-25 17:54:19.788000,-0.21330437064170837,-0.0021587626542896032
2023-05-25 17:55:19.851000,-0.14534756541252136,-0.002133642788976431
2023-05-25 17:56:19.798000,-0.1456126719713211,-0.0021294106263667345
2023-05-25 17:57:19.829000,-0.1502150148153305,-0.0021467169281095266
2023-05-25 17:58:19.838000,-0.35096779465675354,-0.002290105214342475
2023-05-25 17:59:19.805000,-0.3718987703323364,-0.0021481020376086235
2023-05-25 18:00:19.672000,-0.36924052238464355,-0.002187020843848586
2023-05-25 18:01:19.781000,-0.34818950295448303,-0.0021901961881667376
2023-05-25 18:02:19.804000,-0.16698046028614044,-0.0021355184726417065
2023-05-25 18:03:19.760000,-0.16325390338897705,-0.0021294616162776947
2023-05-25 18:04:19.859000,-0.16670703887939453,-0.0021264364477247
2023-05-25 18:05:19.777000,-0.23666702210903168,-0.0021087818313390017
2023-05-25 18:06:19.809000,-0.3450922667980194,-0.002148879924789071
2023-05-25 18:07:19.893000,-0.3187686502933502,-0.002153408247977495
2023-05-25 18:08:19.794000,-0.4172190725803375,-0.0020091186743229628
2023-05-25 18:09:19.873000,-0.2911277711391449,-0.002057118574157357
2023-05-25 18:10:19.880000,-0.2854272425174713,-0.0020383750088512897
2023-05-25 18:11:19.829000,-0.2577442526817322,-0.0020510400645434856
2023-05-25 18:12:19.811000,-0.2764037549495697,-0.002077912213280797
2023-05-25 18:13:20.113000,-0.42603275179862976,-0.0020881053060293198
2023-05-25 18:14:19.812000,-0.34060946106910706,-0.002160591771826148
2023-05-25 18:15:19.726000,-0.4035074710845947,-0.002051588147878647
2023-05-25 18:16:19.808000,-0.3563148081302643,-0.0021011875942349434
2023-05-25 18:17:19.819000,-0.30983954668045044,-0.0021356251090765
2023-05-25 18:18:19.844000,-0.3032602071762085,-0.0020781480707228184
2023-05-25 18:19:19.790000,-0.3044782280921936,-0.0021443702280521393
2023-05-25 18:20:19.745000,-0.38054367899894714,-0.0021330909803509712
2023-05-25 18:21:19.843000,-0.45784232020378113,-0.002130500040948391
2023-05-25 18:22:19.769000,-0.4125134348869324,-0.002139333402737975
2023-05-25 18:23:19.989000,-0.4610699415206909,-0.0021239998750388622
2023-05-25 18:24:19.785000,-0.29011663794517517,-0.002172640059143305
2023-05-25 18:25:19.830000,-0.2920851409435272,-0.00214191060513258
2023-05-25 18:26:19.820000,-0.34531980752944946,-0.002131932182237506
2023-05-25 18:27:19.776000,-0.4107806980609894,-0.002145508537068963
2023-05-25 18:28:19.735000,-0.5580949187278748,-0.002127610146999359
2023-05-25 18:29:19.738000,-0.4464782774448395,-0.002138440730050206
2023-05-25 18:30:19.729000,-0.48266735672950745,-0.002120283432304859
2023-05-25 18:31:19.701000,-0.3541305959224701,-0.0020813667215406895
2023-05-25 18:32:19.812000,-0.3007901608943939,-0.002152942353859544
2023-05-25 18:33:19.731000,-0.25545167922973633,-0.0021349999587982893
2023-05-25 18:34:19.824000,-0.1412074714899063,-0.002133019268512726
2023-05-25 18:35:19.710000,-0.3590753376483917,-0.002160085132345557
2023-05-25 18:36:19.792000,-0.3398238718509674,-0.0021349999587982893
2023-05-25 18:37:19.773000,-0.36339011788368225,-0.002142125042155385
2023-05-25 18:38:19.791000,-0.2841562330722809,-0.002144175348803401
2023-05-25 18:39:19.835000,-0.13772393763065338,-0.0021112000104039907
2023-05-25 18:40:19.603000,-0.13769656419754028,-0.002137066563591361
2023-05-25 18:41:19.816000,-0.1372612863779068,-0.002122730715200305
2023-05-25 18:42:19.836000,-0.22590164840221405,-0.0021435185335576534
2023-05-25 18:43:19.827000,-0.35088711977005005,-0.002150210551917553
2023-05-25 18:44:19.791000,-0.30322158336639404,-0.0021365531720221043
2023-05-25 18:45:19.843000,-0.33943578600883484,-0.0021991729736328125
2023-05-25 18:46:19.917000,-0.1802680790424347,-0.00213493756018579
2023-05-25 18:47:19.705000,-0.10410334914922714,-0.002220159163698554
2023-05-25 18:48:19.789000,-0.11912105232477188,-0.002217433415353298
2023-05-25 18:49:19.825000,-0.1826881468296051,-0.002119750017300248
2023-05-25 18:50:19.791000,-0.3555052876472473,-0.0019962757360190153
2023-05-25 18:51:19.831000,-0.27044278383255005,-0.0021787069272249937
2023-05-25 18:52:19.707000,-0.37195512652397156,-0.0021860667038708925
2023-05-25 18:53:20.278000,-0.31662994623184204,-0.0018491875380277634
2023-05-25 18:54:19.753000,-0.23314893245697021,-0.0021229309495538473
2023-05-25 18:55:19.767000,-0.2308632880449295,-0.0020724833011627197
2023-05-25 18:56:19.792000,-0.1633537858724594,-0.0021433529909700155
2023-05-25 18:57:19.807000,-0.268787682056427,-0.0021438999101519585
2023-05-25 18:58:19.818000,-0.2801048755645752,-0.002156639937311411
2023-05-25 18:59:19.684000,-0.232650488615036,-0.002200457500293851
2023-05-25 19:00:19.807000,-0.27216365933418274,-0.00217274553142488
2023-05-25 19:01:19.798000,-0.13615480065345764,-0.002129466738551855
2023-05-25 19:02:19.826000,-0.19752848148345947,-0.002062078332528472
2023-05-25 19:03:19.730000,-0.1870354861021042,-0.0020211345981806517
2023-05-25 19:04:19.745000,-0.2507660686969757,-0.002191474661231041
2023-05-25 19:05:19.816000,-0.39499902725219727,-0.002117043361067772
2023-05-25 19:06:19.725000,-0.3124249279499054,-0.0021684386301785707
2023-05-25 19:07:19.755000,-0.41834941506385803,-0.002166689606383443
2023-05-25 19:08:19.685000,-0.2938407063484192,-0.0021613750141113997
2023-05-25 19:09:19.712000,-0.23908182978630066,-0.0021492999512702227
2023-05-25 19:10:19.754000,-0.2963665723800659,-0.0021273333113640547
2023-05-25 19:11:19.822000,-0.3099609613418579,-0.002162316581234336
2023-05-25 19:12:19.760000,-0.47805672883987427,-0.002123050857335329
2023-05-25 19:13:19.784000,-0.41297611594200134,-0.0021285272669047117
2023-05-25 19:14:19.774000,-0.38920992612838745,-0.0022061606869101524
2023-05-25 19:15:19.786000,-0.3484850823879242,-0.0021825500298291445
2023-05-25 19:16:19.815000,-0.23346737027168274,-0.002144016558304429
2023-05-25 19:17:19.799000,-0.23510988056659698,-0.0021706363186240196
2023-05-25 19:18:19.797000,-0.2217300981283188,-0.0021594467107206583
2023-05-25 19:19:19.764000,-0.3426981568336487,-0.0021605000365525484
2023-05-25 19:20:19.572000,-0.4775865972042084,-0.0021397678647190332
2023-05-25 19:21:19.779000,-0.39895763993263245,-0.0021366544533520937
2023-05-25 19:22:19.775000,-0.48681172728538513,-0.0021345207933336496
2023-05-25 19:23:19.749000,-0.26435381174087524,-0.002174000022932887
2023-05-25 19:24:19.780000,-0.22769540548324585,-0.0021641275379806757
2023-05-25 19:25:19.724000,-0.23021425306797028,-0.0021371087059378624
2023-05-25 19:26:19.710000,-0.24505028128623962,-0.002142749959602952
2023-05-25 19:27:19.751000,-0.4278489351272583,-0.0022067679092288017
2023-05-25 19:28:19.708000,-0.331816703081131,-0.002146561397239566
2023-05-25 19:29:19.802000,-0.4446985125541687,-0.0021346667781472206
2023-05-25 19:30:19.689000,-0.37461918592453003,-0.0021299165673553944
2023-05-25 19:31:19.693000,-0.29230165481567383,-0.00217655161395669
2023-05-25 19:32:19.767000,-0.2923741042613983,-0.0021504999604076147
2023-05-25 19:33:19.806000,-0.22296857833862305,-0.002155599882826209
2023-05-25 19:34:19.696000,-0.3328024744987488,-0.002134245354682207
2023-05-25 19:35:19.706000,-0.3564067780971527,-0.0021411667112261057
2023-05-25 19:36:19.677000,-0.3261559307575226,-0.002199354115873575
2023-05-25 19:37:19.731000,-0.3533649146556854,-0.0021578511223196983
2023-05-25 19:38:19.812000,-0.20094698667526245,-0.002171959262341261
2023-05-25 19:39:19.740000,-0.2609040439128876,-0.0021691874135285616
2023-05-25 19:40:19.747000,-0.24311845004558563,-0.0021977017167955637
2023-05-25 19:41:19.755000,-0.260517954826355,-0.0021551295649260283
2023-05-25 19:42:19.751000,-0.3363387882709503,-0.002195327542722225
2023-05-25 19:43:19.750000,-0.2063295841217041,-0.0021150587126612663
2023-05-25 19:44:19.686000,-0.28612256050109863,-0.0021167544182389975
2023-05-25 19:45:19.696000,-0.1448192000389099,-0.0021556667052209377
2023-05-25 19:46:19.739000,-0.10451105237007141,-0.002138866577297449
2023-05-25 19:47:19.741000,-0.14145751297473907,-0.0020900587551295757
2023-05-25 19:48:19.735000,-0.23295404016971588,-0.002131618093699217
2023-05-25 19:49:19.739000,-0.4096560776233673,-0.002130142878741026
2023-05-25 19:50:19.796000,-0.3572694957256317,-0.002122018486261368
2023-05-25 19:51:19.670000,-0.3711184859275818,-0.002158959163352847
2023-05-25 19:52:19.656000,-0.282193124294281,-0.0021452712826430798
2023-05-25 19:53:19.685000,-0.1614295095205307,-0.0022098333574831486
2023-05-25 19:54:19.727000,-0.15614686906337738,-0.002180783310905099
2023-05-25 19:55:19.685000,-0.15625637769699097,-0.0021806610748171806
2023-05-25 19:56:19.787000,-0.2592535614967346,-0.0021462885197252035
2023-05-25 19:57:19.665000,-0.4129596948623657,-0.002100622281432152
2023-05-25 19:58:19.818000,-0.32920122146606445,-0.0021453334484249353
2023-05-25 19:59:19.701000,-0.4038318693637848,-0.0021726610139012337
2023-05-25 20:00:19.552000,-0.16290810704231262,-0.002142706885933876
2023-05-25 20:01:19.678000,-0.15148167312145233,-0.0021331817843019962
2023-05-25 20:02:19.755000,-0.19077016413211823,-0.0021442000288516283
2023-05-25 20:03:19.682000,-0.21281488239765167,-0.002135339193046093
2023-05-25 20:04:19.779000,-0.38375476002693176,-0.002109386259689927
2023-05-25 20:05:19.783000,-0.34522709250450134,-0.0021063571330159903
2023-05-25 20:06:19.702000,-0.4664570391178131,-0.002162211574614048
2023-05-25 20:07:19.730000,-0.36488932371139526,-0.00228299992159009
2023-05-25 20:08:19.662000,-0.2882216274738312,-0.0021915799006819725
2023-05-25 20:09:19.689000,-0.21649287641048431,-0.0021575400605797768
2023-05-25 20:10:19.666000,-0.21866078674793243,-0.0021420817356556654
2023-05-25 20:11:19.723000,-0.3583151400089264,-0.002133263275027275
2023-05-25 20:12:19.778000,-0.3662619888782501,-0.0021123408805578947
2023-05-25 20:13:19.759000,-0.350265771150589,-0.0021383517887443304
2023-05-25 20:14:19.827000,-0.38025209307670593,-0.002144233323633671
2023-05-25 20:15:19.707000,-0.2757100462913513,-0.002155659021809697
2023-05-25 20:16:19.700000,-0.2749851644039154,-0.00222107395529747
2023-05-25 20:17:19.752000,-0.28168201446533203,-0.0021198000758886337
2023-05-25 20:18:19.669000,-0.27602648735046387,-0.0021319244988262653
2023-05-25 20:19:19.775000,-0.3908628523349762,-0.0021104528568685055
2023-05-25 20:20:19.759000,-0.3091520369052887,-0.002130211563780904
2023-05-25 20:21:19.741000,-0.3900667428970337,-0.0021757674403488636
2023-05-25 20:22:19.689000,-0.23790857195854187,-0.0022273214999586344
2023-05-25 20:23:19.804000,-0.2117367833852768,-0.002143490593880415
2023-05-25 20:24:19.707000,-0.22587354481220245,-0.0021438244730234146
2023-05-25 20:25:19.638000,-0.2301933765411377,-0.0021403846330940723
2023-05-25 20:26:19.635000,-0.4011620879173279,-0.0021551321260631084
2023-05-25 20:27:19.721000,-0.27691754698753357,-0.002148982137441635
2023-05-25 20:28:19.621000,-0.33910179138183594,-0.0020784151274710894
2023-05-25 20:29:19.633000,-0.2651899456977844,-0.002143849153071642
2023-05-25 20:30:19.742000,-0.20732703804969788,-0.0021426596213132143
2023-05-25 20:31:19.692000,-0.2301144301891327,-0.00211531575769186
2023-05-25 20:32:19.705000,-0.25621750950813293,-0.0021618667524307966
2023-05-25 20:33:19.840000,-0.4071303904056549,-0.0021689999848604202
2023-05-25 20:34:19.751000,-0.46963292360305786,-0.0021804498974233866
2023-05-25 20:35:19.774000,-0.39517802000045776,-0.0021691001020371914
2023-05-25 20:36:19.792000,-0.3993206024169922,-0.0022421579342335463
2023-05-25 20:37:19.633000,-0.2181955724954605,0.0020172500517219305
2023-05-25 20:38:19.669000,-0.17460045218467712,0.003044449957087636
2023-05-25 20:39:19.703000,-0.1693796068429947,0.002338120713829994
2023-05-25 20:40:19.530000,-0.20336174964904785,0.0032123620621860027
2023-05-25 20:41:19.747000,-0.38147059082984924,0.004705553408712149
2023-05-25 20:42:19.680000,-0.3452906012535095,0.006109816487878561
2023-05-25 20:43:19.720000,-0.42446279525756836,0.006851245183497667
2023-05-25 20:44:19.698000,-0.29220062494277954,0.008269400335848331
2023-05-25 20:45:19.704000,-0.18129678070545197,0.009680068120360374
2023-05-25 20:46:19.748000,-0.1667158454656601,0.010741000063717365
2023-05-25 20:47:19.695000,-0.17746058106422424,0.011548633687198162
2023-05-25 20:48:19.679000,-0.3302592635154724,0.01159316673874855
2023-05-25 20:49:19.724000,-0.30633360147476196,0.011687216348946095
2023-05-25 20:50:19.777000,-0.3325132727622986,0.011718292720615864
2023-05-25 20:51:19.739000,-0.3651323914527893,0.011828533373773098
2023-05-25 20:52:19.617000,-0.23386991024017334,0.010878914967179298
2023-05-25 20:53:19.649000,-0.2298118621110916,0.00934824999421835
2023-05-25 20:54:19.754000,-0.18861868977546692,0.008307816460728645
2023-05-25 20:55:19.673000,-0.22807493805885315,0.008502133190631866
2023-05-25 20:56:19.672000,-0.3316330313682556,0.009509116411209106
2023-05-25 20:57:19.659000,-0.19090037047863007,0.005363866686820984
2023-05-25 20:58:19.735000,-0.17841003835201263,-0.00207818322815001
2023-05-25 20:59:19.690000,-0.1810951679944992,-0.002079916652292013
2023-05-25 21:00:19.699000,-0.21181821823120117,-0.0022038305178284645
2023-05-25 21:01:19.703000,-0.29523488879203796,-0.0019925085362046957
2023-05-25 21:02:19.763000,-0.29974785447120667,-0.00203045760281384
2023-05-25 21:03:19.702000,-0.3022817373275757,0.03577494993805885
2023-05-25 21:04:19.708000,-0.28675946593284607,0.01936338283121586
2023-05-25 21:06:19.661000,-0.19254572689533234,0.019148964434862137
2023-05-25 21:07:19.826000,-0.1898917555809021,0.018336864188313484
2023-05-25 21:08:19.780000,-0.18912534415721893,0.018172288313508034
2023-05-25 21:09:19.864000,-0.18246081471443176,0.019078068435192108
2023-05-25 21:10:19.703000,-0.23683026432991028,0.019107632339000702
2023-05-25 21:11:19.714000,-0.26460033655166626,0.018240032717585564
2023-05-25 21:12:19.775000,-0.27615195512771606,0.01733819954097271
2023-05-25 21:13:19.658000,-0.3194241523742676,0.017625033855438232
2023-05-25 21:14:19.775000,-0.23110468685626984,0.01889043301343918
2023-05-25 21:15:19.699000,-0.22874291241168976,0.0177563838660717
2023-05-25 21:16:19.661000,-0.22484026849269867,0.017933813855051994
2023-05-25 21:17:19.584000,-0.21998535096645355,0.018514150753617287
2023-05-25 21:18:19.636000,-0.22157533466815948,0.018627867102622986
2023-05-25 21:19:19.647000,-0.21455979347229004,0.018177149817347527
2023-05-25 21:20:19.460000,-0.2838629186153412,0.018642811104655266
2023-05-25 21:21:19.669000,-0.29359954595565796,0.02134711667895317
2023-05-25 21:22:19.746000,-0.2961006164550781,0.027880117297172546
2023-05-25 21:23:19.652000,-0.30842486023902893,0.0311085507273674
2023-05-25 21:24:19.645000,-0.2389877885580063,0.032158348709344864
2023-05-25 21:25:19.756000,-0.2310332953929901,0.03508627414703369
2023-05-25 21:26:19.668000,-0.22434194386005402,0.03995698317885399
2023-05-25 21:27:19.716000,-0.22977447509765625,0.04771376773715019
2023-05-25 21:28:19.692000,-0.23660244047641754,0.05549735203385353
2023-05-25 21:29:19.710000,-0.22007840871810913,0.056826118379831314
2023-05-25 21:30:19.654000,-0.27455443143844604,0.055806614458560944
2023-05-25 21:31:19.625000,-0.2540022134780884,0.05271346494555473
2023-05-25 21:32:19.636000,-0.23930884897708893,0.048305410891771317
2023-05-25 21:33:19.599000,-0.22327686846256256,0.04327434301376343
2023-05-25 21:34:19.688000,-0.16058038175106049,0.039645567536354065
2023-05-25 21:35:19.695000,-0.16027481853961945,0.03680196776986122
2023-05-25 21:36:19.636000,-0.15984384715557098,0.034571219235658646
2023-05-25 21:37:19.725000,-0.1640448272228241,0.03460603207349777
2023-05-25 21:38:19.739000,-0.17523415386676788,0.036547254770994186
2023-05-25 21:39:19.718000,-0.23641939461231232,0.03916608542203903
2023-05-25 21:40:19.645000,-0.24104394018650055,0.042135484516620636
2023-05-25 21:41:19.605000,-0.24838076531887054,0.045863743871450424
2023-05-25 21:42:19.714000,-0.21726566553115845,0.050652552396059036
2023-05-25 21:43:19.621000,-0.18945634365081787,0.05681996792554855
2023-05-25 21:44:19.651000,-0.17491357028484344,0.06262466311454773
2023-05-25 21:45:19.597000,-0.13255581259727478,0.0696604922413826
2023-05-25 21:46:19.615000,-0.11769558489322662,0.07317304611206055
2023-05-25 21:47:19.585000,-0.12481752038002014,0.07233264297246933
2023-05-25 21:48:19.937000,-0.17183546721935272,0.07182741910219193
2023-05-25 21:49:19.787000,-0.19034866988658905,0.07622507214546204
2023-05-25 21:50:19.702000,-0.19194148480892181,0.07872699946165085
2023-05-25 21:52:19.576000,-0.20070156455039978,0.14130111038684845
2023-05-25 21:53:19.646000,-0.234554260969162,0.23219627141952515
2023-05-25 21:54:19.719000,-0.24402783811092377,0.24766412377357483
2023-05-25 21:55:19.683000,-0.24395626783370972,0.2551814317703247
2023-05-25 21:56:19.619000,-0.2470802366733551,0.25610485672950745
2023-05-25 21:57:19.686000,-0.24630849063396454,0.24996720254421234
2023-05-25 21:58:19.588000,-0.3217102289199829,0.24109198153018951
2023-05-25 21:59:19.616000,-0.31028488278388977,0.23536311089992523
2023-05-25 22:00:19.475000,-0.3062681257724762,0.23380596935749054
2023-05-25 22:01:19.575000,-0.28792402148246765,0.23681019246578217
2023-05-25 22:02:19.609000,-0.238548144698143,0.2469036877155304
2023-05-25 22:03:19.654000,-0.24580217897891998,0.2635456323623657
2023-05-25 22:04:19.736000,-0.23280981183052063,0.28612378239631653
2023-05-25 22:05:19.683000,-0.22948619723320007,0.30603307485580444
2023-05-25 22:06:19.678000,-0.22769436240196228,0.32276538014411926
2023-05-25 22:07:19.678000,-0.26159265637397766,0.3318721652030945
2023-05-25 22:08:19.692000,-0.31233078241348267,0.33585265278816223
2023-05-25 22:09:19.686000,-0.30315473675727844,0.3280954957008362
2023-05-25 22:10:19.642000,-0.29943329095840454,0.3128087818622589
2023-05-25 22:11:19.593000,-0.23638610541820526,0.29376116394996643
2023-05-25 22:12:19.604000,-0.23248183727264404,0.2761662006378174
2023-05-25 22:13:19.609000,-0.22773361206054688,0.2785210609436035
2023-05-25 22:14:19.735000,-0.21325057744979858,0.30035117268562317
2023-05-25 22:15:19.596000,-0.2113131880760193,0.3126896619796753
2023-05-25 22:16:19.626000,-0.2522749602794647,0.3183597922325134
2023-05-25 22:17:19.577000,-0.2789562940597534,0.31856220960617065
2023-05-25 22:18:19.649000,-0.2880221903324127,0.3191676437854767
2023-05-25 22:19:20.115000,-0.27085548639297485,0.3236769139766693
2023-05-25 22:20:19.571000,-0.2105892151594162,0.334050714969635
2023-05-25 22:21:19.545000,-0.21340644359588623,0.3430379033088684
2023-05-25 22:22:19.587000,-0.19672439992427826,0.3533629775047302
2023-05-25 22:23:19.613000,-0.15975023806095123,0.3628886640071869
2023-05-25 22:24:19.723000,-0.15147005021572113,0.36907708644866943
2023-05-25 22:25:19.688000,-0.18830913305282593,0.37377968430519104
2023-05-25 22:26:19.569000,-0.22136928141117096,0.3742867410182953
2023-05-25 22:27:19.636000,-0.19208790361881256,0.37318670749664307
2023-05-25 22:28:19.549000,-0.1822206974029541,0.3743482530117035
2023-05-25 22:29:19.552000,-0.10638211667537689,0.36896032094955444
2023-05-25 22:30:19.657000,-0.10638578236103058,0.37168046832084656
2023-05-25 22:31:19.540000,-0.10628371685743332,0.37393543124198914
2023-05-25 22:32:19.589000,-0.10599356889724731,0.38927948474884033
2023-05-25 22:33:19.587000,-0.10665383189916611,0.39876919984817505
2023-05-25 22:34:20.059000,-0.16907334327697754,0.40363165736198425
2023-05-25 22:35:19.642000,-0.2246696501970291,0.5308665037155151
2023-05-25 22:36:19.529000,-0.22564342617988586,0.635899543762207
2023-05-25 22:37:19.639000,-0.22788122296333313,0.6744498610496521
2023-05-25 22:38:19.566000,-0.16334567964076996,0.6820867657661438
2023-05-25 22:39:19.694000,-0.15543484687805176,0.5591340065002441
2023-05-25 22:40:19.464000,-0.15651722252368927,0.4599018394947052
2023-05-25 22:41:19.553000,-0.16042789816856384,0.43462198972702026
2023-05-25 22:42:19.621000,-0.1599283665418625,0.43609482049942017
2023-05-25 22:43:19.645000,-0.21692818403244019,0.42048463225364685
2023-05-25 22:44:19.610000,-0.22604280710220337,0.4454147219657898
2023-05-25 22:45:19.603000,-0.22630910575389862,0.4069274663925171
2023-05-25 22:46:19.625000,-0.20677027106285095,0.4292120933532715
2023-05-25 22:47:19.555000,-0.1662503331899643,0.5343143939971924
2023-05-25 22:48:19.566000,-0.20255045592784882,0.5251878499984741
2023-05-25 22:49:19.588000,-0.19122065603733063,0.406010240316391
2023-05-25 22:50:19.899000,-0.20598556101322174,0.47432830929756165
2023-05-25 22:51:19.691000,-0.21155911684036255,0.4183809757232666
2023-05-25 22:52:19.596000,-0.2393655776977539,0.37186673283576965
2023-05-25 22:53:19.532000,-0.28623536229133606,0.3998059630393982
2023-05-25 22:54:19.568000,-0.2753993570804596,0.45063430070877075
2023-05-25 22:55:19.735000,-0.2731907069683075,0.4176877737045288
2023-05-25 22:56:19.564000,-0.2312087118625641,0.49697616696357727
2023-05-25 22:57:19.611000,-0.20339734852313995,0.6470597982406616
2023-05-25 22:58:19.563000,-0.21059879660606384,0.6026873588562012
2023-05-25 22:59:19.560000,-0.20607471466064453,0.5639035105705261
2023-05-25 23:00:19.909000,-0.2032928764820099,0.5260108709335327
2023-05-25 23:01:19.524000,-0.20895400643348694,0.6471433639526367
2023-05-25 23:02:19.582000,-0.28106868267059326,0.6266711354255676
2023-05-25 23:03:19.634000,-0.28248631954193115,0.5750636458396912
2023-05-25 23:04:19.624000,-0.27631327509880066,0.582733154296875
2023-05-25 23:05:19.624000,-0.24141763150691986,0.6077470779418945
2023-05-25 23:06:19.533000,-0.20679904520511627,0.5029970407485962
2023-05-25 23:07:19.537000,-0.20885500311851501,0.6076846122741699
2023-05-25 23:08:19.648000,-0.19966380298137665,0.5151841640472412
2023-05-25 23:09:19.797000,-0.1680235117673874,0.6192176938056946
2023-05-25 23:10:19.914000,-0.18561983108520508,0.5719708204269409
2023-05-25 23:11:19.516000,-0.23717060685157776,0.5395045280456543
2023-05-25 23:12:19.540000,-0.2379232943058014,0.764492928981781
2023-05-25 23:13:19.549000,-0.2392432987689972,0.8406417369842529
2023-05-25 23:14:19.527000,-0.1827171891927719,0.7780635356903076
2023-05-25 23:15:19.533000,-0.17981524765491486,0.8515353798866272
2023-05-25 23:16:19.642000,-0.21469944715499878,0.8533182740211487
2023-05-25 23:17:19.538000,-0.22031842172145844,0.922782301902771
2023-05-25 23:18:19.596000,-0.22649803757667542,0.9293486475944519
2023-05-25 23:19:20.037000,-0.23109027743339539,0.9056046605110168
2023-05-25 23:20:19.437000,-0.2816431522369385,0.9333875775337219
2023-05-25 23:21:19.877000,-0.24154943227767944,0.9590579271316528
2023-05-25 23:22:19.545000,-0.24332964420318604,0.915546715259552
2023-05-25 23:23:19.642000,-0.21733346581459045,0.8303332924842834
2023-05-25 23:24:19.573000,-0.17295661568641663,0.6791286468505859
2023-05-25 23:25:19.565000,-0.1714099794626236,0.6831067204475403
2023-05-25 23:26:19.635000,-0.17185309529304504,0.9727110266685486
2023-05-25 23:27:19.634000,-0.177058145403862,0.966857373714447
2023-05-25 23:28:19.887000,-0.17749546468257904,0.978379487991333
2023-05-25 23:29:19.580000,-0.2082688957452774,0.8520352840423584
2023-05-25 23:30:19.660000,-0.23380763828754425,0.6051536798477173
2023-05-25 23:31:19.574000,-0.2287939488887787,0.567467451095581
2023-05-25 23:32:20,-0.22663649916648865,0.5851333737373352
2023-05-25 23:33:19.627000,-0.16934385895729065,0.6353098154067993
2023-05-25 23:34:19.586000,-0.14979469776153564,0.6131707429885864
2023-05-25 23:35:19.601000,-0.1475064903497696,0.8344642519950867
2023-05-25 23:36:19.937000,-0.14664694666862488,0.7727571129798889
2023-05-25 23:37:19.622000,-0.14656318724155426,1.049561858177185
2023-05-25 23:38:19.614000,-0.15107518434524536,0.983308732509613
2023-05-25 23:39:19.569000,-0.21487711369991302,0.9972320199012756
2023-05-25 23:40:19.618000,-0.21524719893932343,1.103028416633606
2023-05-25 23:41:19.494000,-0.25048720836639404,1.1140367984771729
2023-05-25 23:42:19.538000,-0.2387022227048874,1.1242209672927856
2023-05-25 23:43:19.562000,-0.19570356607437134,1.1423187255859375
2023-05-25 23:44:19.538000,-0.21103405952453613,1.1320542097091675
2023-05-25 23:45:19.545000,-0.20870786905288696,0.8803088665008545
2023-05-25 23:46:19.958000,-0.21135908365249634,0.8476606607437134
2023-05-25 23:47:19.551000,-0.2183506190776825,1.1395013332366943
2023-05-25 23:48:19.567000,-0.2419869601726532,1.1388683319091797
2023-05-25 23:49:19.518000,-0.25687646865844727,1.1518346071243286
2023-05-25 23:50:19.603000,-0.2430679053068161,1.1562042236328125
2023-05-25 23:51:19.603000,-0.23764045536518097,1.1657726764678955
2023-05-25 23:52:19.611000,-0.19289173185825348,1.1750072240829468
2023-05-25 23:53:19.723000,-0.16543146967887878,1.1837507486343384
2023-05-25 23:54:19.478000,-0.15880613029003143,1.2039340734481812
2023-05-25 23:55:19.541000,-0.15839418768882751,1.2259790897369385
2023-05-25 23:56:19.514000,-0.15764619410037994,1.241662859916687
2023-05-25 23:57:19.572000,-0.1950085610151291,1.2206063270568848
2023-05-25 23:58:19.692000,-0.2754061222076416,0.9024596214294434
2023-05-25 23:59:19.529000,-0.2921323776245117,1.3435651063919067
2023-05-26 00:00:19.773000,-0.28472766280174255,1.3474490642547607
2023-05-26 00:01:19.515000,-0.27085644006729126,1.3734345436096191
2023-05-26 00:02:19.886000,-0.2201187163591385,1.3835923671722412
2023-05-26 00:03:19.617000,-0.2219642996788025,1.381470799446106
2023-05-26 00:04:20.012000,-0.2180226892232895,1.3979394435882568
2023-05-26 00:05:19.821000,-0.21350879967212677,1.4008275270462036
2023-05-26 00:06:19.481000,-0.21089564263820648,1.4084488153457642
2023-05-26 00:07:20.097000,-0.2670820355415344,1.399916410446167
2023-05-26 00:08:19.506000,-0.2876645624637604,1.3842943906784058
2023-05-26 00:09:19.940000,-0.27663904428482056,1.3876360654830933
2023-05-26 00:10:19.518000,-0.27588051557540894,1.4014039039611816
2023-05-26 00:11:19.532000,-0.20603899657726288,1.423029899597168
2023-05-26 00:12:20.039000,-0.20402657985687256,1.4360592365264893
2023-05-26 00:13:19.535000,-0.20065635442733765,1.454455852508545
2023-05-26 00:14:19.620000,-0.19829373061656952,1.4465525150299072
2023-05-26 00:15:19.741000,-0.19276759028434753,1.4946471452713013
2023-05-26 00:16:19.604000,-0.19438117742538452,1.504616141319275
2023-05-26 00:17:19.576000,-0.2502622902393341,1.5050468444824219
2023-05-26 00:18:19.604000,-0.23054139316082,1.5075982809066772
2023-05-26 00:19:19.976000,-0.21909290552139282,1.545779824256897
2023-05-26 00:20:19.756000,-0.20794859528541565,1.5866572856903076
2023-05-26 00:21:19.607000,-0.14801988005638123,1.623258113861084
2023-05-26 00:22:19.618000,-0.14824333786964417,1.6530779600143433
2023-05-26 00:23:19.840000,-0.15177637338638306,1.7380414009094238
2023-05-26 00:24:19.562000,-0.15229222178459167,1.4160405397415161
2023-05-26 00:25:19.594000,-0.14771036803722382,1.4298964738845825
2023-05-26 00:26:19.787000,-0.16472336649894714,1.7419747114181519
2023-05-26 00:27:20.007000,-0.22389733791351318,1.5043714046478271
2023-05-26 00:28:19.995000,-0.2258162647485733,1.2576133012771606
2023-05-26 00:29:19.829000,-0.22390958666801453,1.1608139276504517
2023-05-26 00:30:19.595000,-0.15891745686531067,1.1218980550765991
2023-05-26 00:31:19.486000,-0.10599128156900406,1.0892093181610107
2023-05-26 00:32:19.505000,-0.10497056692838669,1.1449273824691772
2023-05-26 00:33:19.469000,-0.1008383184671402,1.1864204406738281
2023-05-26 00:34:20.044000,-0.09905741363763809,1.1606040000915527
2023-05-26 00:35:19.485000,-0.11280345171689987,1.0988556146621704
2023-05-26 00:36:19.658000,-0.17029067873954773,1.0838819742202759
2023-05-26 00:37:19.520000,-0.1835700273513794,1.1364473104476929
2023-05-26 00:38:20.019000,-0.2597394287586212,0.959450900554657
2023-05-26 00:39:19.877000,-0.22954726219177246,1.1882376670837402
2023-05-26 00:40:19.398000,-0.22507688403129578,1.4682822227478027
2023-05-26 00:41:19.486000,-0.23685628175735474,1.4165769815444946
2023-05-26 00:42:19.592000,-0.23552535474300385,1.7864713668823242
2023-05-26 00:43:19.575000,-0.24032583832740784,1.5708467960357666
2023-05-26 00:44:19.496000,-0.2453947812318802,1.050426721572876
2023-05-26 00:45:19.862000,-0.30294156074523926,1.0675206184387207
2023-05-26 00:46:19.795000,-0.3124553859233856,1.4649522304534912
2023-05-26 00:47:19.978000,-0.31086409091949463,1.019537329673767
2023-05-26 00:48:19.961000,-0.28734463453292847,1.7944049835205078
2023-05-26 00:49:19.518000,-0.24740588665008545,1.4733744859695435
2023-05-26 00:50:19.541000,-0.23733481764793396,1.2238023281097412
2023-05-26 00:51:19.600000,-0.23968128859996796,1.074700117111206
2023-05-26 00:52:20.031000,-0.23467271029949188,1.024288296699524
2023-05-26 00:53:19.769000,-0.223568394780159,1.0292092561721802
2023-05-26 00:54:19.794000,-0.24354873597621918,1.0459448099136353
2023-05-26 00:55:19.765000,-0.2937072217464447,1.0318715572357178
2023-05-26 00:56:19.853000,-0.2874363958835602,1.01768159866333
2023-05-26 00:57:19.511000,-0.285271018743515,1.024781346321106
2023-05-26 00:58:19.985000,-0.23585762083530426,1.1664354801177979
2023-05-26 00:59:19.549000,-0.21531839668750763,1.389386773109436
2023-05-26 01:00:19.933000,-0.20511162281036377,1.2392361164093018
2023-05-26 01:01:19.495000,-0.20654885470867157,1.3352782726287842
2023-05-26 01:02:19.796000,-0.20521579682826996,1.294264554977417
2023-05-26 01:03:19.977000,-0.218490332365036,1.5439664125442505
2023-05-26 01:04:19.773000,-0.27822235226631165,1.4478061199188232
2023-05-26 01:05:19.913000,-0.2698461413383484,1.4975546598434448
2023-05-26 01:06:19.540000,-0.278191477060318,1.4202585220336914
2023-05-26 01:07:20.297000,-0.22743789851665497,1.2095555067062378
2023-05-26 01:08:19.513000,-0.20930245518684387,1.1784303188323975
2023-05-26 01:09:20.009000,-0.21006648242473602,1.0451325178146362
2023-05-26 01:10:19.984000,-0.20381632447242737,1.0205410718917847
2023-05-26 01:11:19.866000,-0.20360511541366577,1.0360242128372192
2023-05-26 01:12:19.494000,-0.2106168121099472,1.1106597185134888
2023-05-26 01:14:19.665000,-0.22207532823085785,1.0796464681625366
2023-05-26 01:16:20.105000,-0.11912311613559723,1.044264316558838
2023-05-26 01:17:19.590000,-0.09603088349103928,1.0942267179489136
2023-05-26 01:18:19.547000,-0.09637213498353958,1.0450260639190674
2023-05-26 01:19:19.524000,-0.10135360062122345,1.1150606870651245
2023-05-26 01:20:19.367000,-0.0965796485543251,1.0793883800506592
2023-05-26 01:21:19.481000,-0.09985651820898056,1.080411672592163
2023-05-26 01:22:20,-0.16768251359462738,1.065974235534668
2023-05-26 01:23:20.016000,-0.2260519117116928,1.0227984189987183
2023-05-26 01:24:19.943000,-0.23594287037849426,1.0071181058883667
2023-05-26 01:25:19.496000,-0.2269773930311203,1.0105230808258057
2023-05-26 01:26:19.799000,-0.15842613577842712,1.030006766319275
2023-05-26 01:27:19.905000,-0.16439983248710632,1.0496174097061157
2023-05-26 01:28:19.421000,-0.16625022888183594,1.0612519979476929
2023-05-26 01:29:19.499000,-0.16994132101535797,1.0604041814804077
2023-05-26 01:30:19.576000,-0.1625179946422577,1.043509602546692
2023-05-26 01:31:19.463000,-0.16239042580127716,1.0449267625808716
2023-05-26 01:32:19.637000,-0.24743138253688812,1.0921173095703125
2023-05-26 01:33:19.494000,-0.2581286132335663,1.2144508361816406
2023-05-26 01:34:19.767000,-0.27072304487228394,1.3497394323349
2023-05-26 01:35:19.547000,-0.27316728234291077,1.4356755018234253
2023-05-26 01:37:19.461000,-0.2054794281721115,1.7607066631317139
2023-05-26 01:38:19.970000,-0.2070215791463852,1.4438424110412598
2023-05-26 01:39:19.943000,-0.21000449359416962,1.3225517272949219
2023-05-26 01:40:19.555000,-0.20957237482070923,1.1099801063537598
2023-05-26 01:41:19.754000,-0.21422408521175385,0.9904677271842957
2023-05-26 01:42:19.531000,-0.24534562230110168,0.9159939885139465
2023-05-26 01:43:20.059000,-0.282013863325119,0.8775947690010071
2023-05-26 01:44:19.465000,-0.28587058186531067,0.8661486506462097
2023-05-26 01:45:19.461000,-0.27597886323928833,0.8712922930717468
2023-05-26 01:46:19.437000,-0.22989992797374725,0.8872342109680176
2023-05-26 01:47:19.815000,-0.21947750449180603,0.9059122800827026
2023-05-26 01:48:19.451000,-0.22781535983085632,0.928458571434021
2023-05-26 01:50:19.441000,-0.2391156107187271,0.939287006855011
2023-05-26 01:51:19.727000,-0.25467434525489807,0.9475130438804626
2023-05-26 01:52:19.413000,-0.3191773593425751,0.8330985307693481
2023-05-26 01:53:19.762000,-0.31552785634994507,0.7616751790046692
2023-05-26 01:54:19.914000,-0.3178395926952362,0.700473427772522
2023-05-26 01:56:19.495000,-0.22446051239967346,0.6280059218406677
2023-05-26 01:57:19.542000,-0.1968906670808792,0.6174882054328918
2023-05-26 01:58:19.717000,-0.17548802495002747,0.6225945949554443
2023-05-26 01:59:19.562000,-0.18690435588359833,0.6435366868972778
2023-05-26 02:00:19.594000,-0.19576212763786316,0.6830967664718628
2023-05-26 02:01:19.811000,-0.25870829820632935,0.7366740107536316
2023-05-26 02:03:19.963000,-0.2616419792175293,0.8676339983940125
2023-05-26 02:04:19.920000,-0.24756081402301788,0.919102132320404
2023-05-26 02:05:19.934000,-0.25065377354621887,0.9262294769287109
2023-05-26 02:07:19.705000,-0.25889140367507935,0.828167200088501
2023-05-26 02:08:19.486000,-0.24469071626663208,0.7992584109306335
2023-05-26 02:11:19.912000,-0.2738807201385498,0.8220171928405762
2023-05-26 02:12:19.498000,-0.2727782428264618,0.8510410785675049
2023-05-26 02:13:19.389000,-0.22637151181697845,0.8816295266151428
2023-05-26 02:14:19.694000,-0.19917729496955872,0.9084475040435791
2023-05-26 02:15:19.503000,-0.1926621049642563,0.9392338991165161
2023-05-26 02:16:19.967000,-0.18387503921985626,0.9741131067276001
2023-05-26 02:17:20.113000,-0.17957419157028198,1.0163888931274414
2023-05-26 02:18:19.551000,-0.1700989007949829,1.0602178573608398
2023-05-26 02:19:19.784000,-0.24216817319393158,1.184722661972046
2023-05-26 02:20:19.535000,-0.23855280876159668,1.2842047214508057
2023-05-26 02:23:19.745000,-0.17206496000289917,1.0326590538024902
2023-05-26 02:24:20.084000,-0.17699410021305084,1.0645424127578735
2023-05-26 02:25:19.522000,-0.17177261412143707,1.1665561199188232
2023-05-26 02:26:19.689000,-0.17115908861160278,1.2488069534301758
2023-05-26 02:27:19.833000,-0.2086304873228073,1.2791898250579834
2023-05-26 02:28:19.508000,-0.41824227571487427,1.3645353317260742
2023-05-26 02:29:19.705000,-0.5646466612815857,1.4238420724868774
2023-05-26 02:31:19.890000,-0.5855869054794312,2.2150638103485107
2023-05-26 02:32:19.810000,-0.5218076109886169,2.074368953704834
2023-05-26 02:33:19.507000,-0.5079963803291321,1.641842246055603
2023-05-26 02:34:19.882000,-0.5051698088645935,1.3721134662628174
2023-05-26 02:35:20.137000,-0.5011459589004517,1.2389556169509888
2023-05-26 02:36:19.875000,-0.5009177923202515,1.1718430519104004
2023-05-26 02:37:19.656000,-0.5064826607704163,1.1003265380859375
2023-05-26 02:38:19.940000,-0.5595322847366333,1.0675079822540283
2023-05-26 02:39:19.727000,-0.5758195519447327,1.041992425918579
2023-05-26 02:40:19.617000,-0.552714467048645,1.0222957134246826
2023-05-26 02:41:19.856000,-0.5272061824798584,0.9962813854217529
2023-05-26 02:42:19.984000,-0.4523869454860687,0.9687010645866394
2023-05-26 02:43:19.830000,-0.4490373432636261,0.9436084628105164
2023-05-26 02:44:19.679000,-0.4561960995197296,0.9085569977760315
2023-05-26 02:46:20.032000,-0.4487732946872711,0.8708564639091492
2023-05-26 02:47:19.791000,-0.41912326216697693,0.8698102831840515
2023-05-26 02:48:19.819000,-0.3625573217868805,0.8688381314277649
2023-05-26 02:49:19.893000,-0.2831026017665863,0.8572854399681091
2023-05-26 02:52:19.707000,-0.5036474466323853,0.7304028868675232
2023-05-26 02:53:20.051000,-0.5300208330154419,0.7017568349838257
2023-05-26 02:54:19.466000,-0.5162608027458191,0.7076303958892822
2023-05-26 02:55:19.703000,-0.48963651061058044,0.737532377243042
2023-05-26 02:56:19.699000,-0.5065299868583679,0.7785812020301819
2023-05-26 02:57:19.491000,-0.43449878692626953,0.8268654346466064
2023-05-26 02:58:19.466000,-0.5550581216812134,0.8685804009437561
2023-05-26 03:00:19.791000,-0.5255029797554016,0.910946786403656
2023-05-26 03:01:19.811000,-0.6513071060180664,0.924008309841156
2023-05-26 03:02:19.414000,-0.5602907538414001,0.9490382671356201
2023-05-26 03:03:19.815000,-0.5975998640060425,1.0107301473617554
2023-05-26 03:04:19.840000,-0.6089255809783936,1.0888268947601318
2023-05-26 03:05:19.502000,-0.5466738343238831,1.1860860586166382
2023-05-26 03:07:19.848000,-0.4721478521823883,1.2850569486618042
2023-05-26 03:09:19.433000,-0.35349154472351074,1.4324840307235718
2023-05-26 03:10:19.650000,-0.23488914966583252,1.4621261358261108
2023-05-26 03:11:19.850000,-0.23643262684345245,1.509613275527954
2023-05-26 03:12:19.855000,-0.2383798211812973,1.6809403896331787
2023-05-26 03:13:19.683000,-0.3911871016025543,1.7850600481033325
2023-05-26 03:14:19.642000,-0.3989028334617615,1.5560437440872192
2023-05-26 03:15:19.775000,-0.33335891366004944,1.7665058374404907
2023-05-26 03:16:19.906000,-0.46787697076797485,2.0624120235443115
2023-05-26 03:17:20.023000,-0.36798402667045593,2.384577989578247
2023-05-26 03:18:19.614000,-1.3395366668701172,2.64847993850708
2023-05-26 03:19:19.831000,-1.968454360961914,2.328012228012085
2023-05-26 03:20:19.525000,-2.449610471725464,1.9125052690505981
2023-05-26 03:21:20.011000,-2.298278570175171,1.7411129474639893
2023-05-26 03:22:19.833000,-2.2752621173858643,1.991318702697754
2023-05-26 03:23:19.476000,-2.413008213043213,1.95139479637146
2023-05-26 03:24:19.871000,-1.6009190082550049,1.739359736442566
2023-05-26 03:25:19.778000,-1.0572147369384766,1.6851649284362793
2023-05-26 03:26:19.668000,-0.2731289267539978,1.9681812524795532
2023-05-26 03:28:19.643000,-0.5395693778991699,1.773590326309204
2023-05-26 03:29:19.879000,-0.4868631958961487,1.4835219383239746
2023-05-26 03:30:19.922000,-0.4697936177253723,1.3424588441848755
2023-05-26 03:32:19.685000,-0.37647974491119385,1.3473328351974487
2023-05-26 03:34:19.790000,-0.34177446365356445,1.2912830114364624
2023-05-26 03:35:20.018000,-0.46599915623664856,1.278833270072937
2023-05-26 03:36:19.643000,-0.49311190843582153,1.21019446849823
2023-05-26 03:37:19.994000,-0.3488014340400696,1.1912808418273926
2023-05-26 03:38:20.225000,-0.5095099806785583,1.212181806564331
2023-05-26 03:39:19.634000,-0.41785725951194763,1.2029157876968384
2023-05-26 03:41:19.820000,-0.3004646599292755,0.9499377012252808
2023-05-26 03:42:19.655000,-0.3585088551044464,0.8569866418838501
2023-05-26 03:43:19.629000,-0.4910081624984741,0.7725676894187927
2023-05-26 03:44:19.817000,-0.3515115976333618,0.7595148682594299
2023-05-26 03:45:19.752000,-0.427074670791626,0.8006673455238342
2023-05-26 03:46:20.009000,-0.4519675374031067,0.7814925909042358
2023-05-26 03:47:19.746000,-0.30190786719322205,0.7320716381072998
2023-05-26 03:48:19.788000,-0.3030763864517212,0.7124978303909302
2023-05-26 03:49:19.780000,-0.3059234917163849,0.7052302360534668
2023-05-26 03:50:19.966000,-0.48005861043930054,0.750131368637085
2023-05-26 03:51:19.754000,-0.422209769487381,0.8648460507392883
2023-05-26 03:52:19.967000,-0.3560381829738617,0.9479416012763977
2023-05-26 03:54:19.900000,-0.3445698618888855,0.9480067491531372
2023-05-26 03:55:19.725000,-0.30156761407852173,0.9424835443496704
2023-05-26 03:56:19.877000,-0.2970214784145355,0.9299228191375732
2023-05-26 04:01:19.839000,-0.3587953746318817,0.7519479990005493
2023-05-26 04:04:19.904000,-0.27040940523147583,0.729439914226532
2023-05-26 04:05:19.893000,-0.4317735731601715,0.7377762794494629
2023-05-26 04:06:19.620000,-0.31277814507484436,0.7296985983848572
2023-05-26 04:07:19.775000,-0.33971694111824036,0.6936482191085815
2023-05-26 04:08:19.823000,-0.4279283881187439,0.6565719246864319
2023-05-26 04:09:19.641000,-0.2523602545261383,0.6369284391403198
2023-05-26 04:10:19.764000,-0.2524412274360657,0.6315070390701294
2023-05-26 04:11:19.907000,-0.25429031252861023,0.6331552267074585
2023-05-26 04:12:19.997000,-0.3965335786342621,0.6376326680183411
2023-05-26 04:13:19.814000,-0.3858306109905243,0.6330631375312805
2023-05-26 04:14:19.975000,-0.2654028832912445,0.6323577761650085
2023-05-26 04:15:19.847000,-0.43148672580718994,0.6376718878746033
2023-05-26 04:16:19.893000,-0.31291112303733826,0.6362212896347046
2023-05-26 04:18:19.884000,-0.255397766828537,0.6109262108802795
2023-05-26 04:19:19.849000,-0.32086580991744995,0.6082461476325989
2023-05-26 04:24:19.794000,-0.2563159167766571,0.5146439671516418
2023-05-26 04:25:19.801000,-0.21843038499355316,0.49284085631370544
2023-05-26 04:26:19.820000,-0.24558386206626892,0.47948604822158813
2023-05-26 04:27:19.898000,-0.42221304774284363,0.47921788692474365
2023-05-26 04:28:19.801000,-0.34485915303230286,0.4889485538005829
2023-05-26 04:29:19.722000,-0.3095052242279053,0.5011438131332397
2023-05-26 04:30:19.373000,-0.4261215627193451,0.5167570114135742
2023-05-26 04:31:19.331000,-0.28732770681381226,0.5387640595436096
2023-05-26 04:32:19.737000,-0.3115740418434143,0.5655690431594849
2023-05-26 04:33:19.816000,-0.3185228407382965,0.5868408679962158
2023-05-26 04:34:19.763000,-0.4352380633354187,0.5986147522926331
2023-05-26 04:36:19.451000,-0.3204178512096405,0.6156325340270996
2023-05-26 04:37:19.399000,-0.48159700632095337,0.6293476819992065
2023-05-26 04:38:19.794000,-0.4132058918476105,0.6402036547660828
2023-05-26 04:39:19.832000,-0.3126343786716461,0.6260030269622803
2023-05-26 04:40:19.735000,-0.3143593966960907,0.5726906061172485
2023-05-26 04:41:19.406000,-0.3534683883190155,0.509556770324707
2023-05-26 04:42:19.850000,-0.499461829662323,0.4650636315345764
2023-05-26 04:43:19.802000,-0.3608521521091461,0.4509398341178894
2023-05-26 04:45:19.834000,-0.45370030403137207,0.4608003795146942
2023-05-26 04:46:19.890000,-0.27346810698509216,0.46154746413230896
2023-05-26 04:48:19.698000,-0.2950328290462494,0.4440407156944275
2023-05-26 04:50:19.722000,-0.41940510272979736,0.3940965235233307
2023-05-26 04:53:19.787000,-0.373362272977829,0.397142618894577
2023-05-26 04:54:19.706000,-0.31567904353141785,0.39492660760879517
2023-05-26 04:56:19.878000,-0.27113255858421326,0.3642398416996002
2023-05-26 04:57:19.840000,-0.2616998255252838,0.3517031669616699
2023-05-26 04:58:19.552000,-0.2632635533809662,0.33939945697784424
2023-05-26 04:59:19.758000,-0.2603263854980469,0.32682985067367554
2023-05-26 05:00:19.717000,-0.258552223443985,0.3168906569480896
2023-05-26 05:01:19.791000,-0.2479788064956665,0.3078192472457886
2023-05-26 05:02:20.016000,-0.22767771780490875,0.30305084586143494
2023-05-26 05:04:19.839000,-0.22950787842273712,0.3200552761554718
2023-05-26 05:05:19.703000,-0.2356623262166977,0.33351337909698486
2023-05-26 05:07:19.533000,-0.2346591204404831,0.3404572606086731
2023-05-26 05:10:19.672000,-0.22978650033473969,0.35583165287971497
2023-05-26 05:11:19.891000,-0.183466836810112,0.3707874119281769
2023-05-26 05:12:19.795000,-0.17867445945739746,0.387848436832428
2023-05-26 05:13:19.746000,-0.1735515296459198,0.40302446484565735
2023-05-26 05:14:19.975000,-0.19969719648361206,0.4095017910003662
2023-05-26 05:16:19.346000,-0.20788535475730896,0.3928922712802887
2023-05-26 05:19:19.821000,-0.3376282751560211,0.36989825963974
2023-05-26 05:20:19.648000,-0.3534768521785736,0.36453956365585327
2023-05-26 05:21:19.342000,-0.33941006660461426,0.36448049545288086
2023-05-26 05:22:19.544000,-0.30628031492233276,0.3624488115310669
2023-05-26 05:23:19.802000,-0.2849445939064026,0.3551079034805298
2023-05-26 05:24:19.809000,-0.26820996403694153,0.34561386704444885
2023-05-26 05:25:19.485000,-0.2782634496688843,0.33906224370002747
2023-05-26 05:26:19.884000,-0.2702946960926056,0.3371948003768921
2023-05-26 05:27:19.700000,-0.2731245458126068,0.3362633287906647
2023-05-26 05:32:19.479000,-0.3457755446434021,0.3442908823490143
2023-05-26 05:34:19.804000,-0.2642662525177002,0.3711497187614441
2023-05-26 05:35:19.484000,-0.2729898691177368,0.39011523127555847
2023-05-26 05:37:19.831000,-0.2646631896495819,0.40312954783439636
2023-05-26 05:38:19.814000,-0.2582201063632965,0.39104965329170227
2023-05-26 05:39:19.404000,-0.2533165514469147,0.3750026822090149
2023-05-26 05:40:19.770000,-0.32730555534362793,0.36367130279541016
2023-05-26 05:42:19.997000,-0.3176589906215668,0.32903268933296204
2023-05-26 05:43:19.836000,-0.32120826840400696,0.29646044969558716
2023-05-26 05:44:19.381000,-0.25714507699012756,0.2604427933692932
2023-05-26 05:45:19.786000,-0.2570408880710602,0.23396499454975128
2023-05-26 05:46:19.823000,-0.2498137354850769,0.2192457616329193
2023-05-26 05:47:20.030000,-0.263533353805542,0.2142261266708374
2023-05-26 05:48:19.784000,-0.2700790762901306,0.21393343806266785
2023-05-26 05:49:19.956000,-0.2707211971282959,0.21487292647361755
2023-05-26 05:50:19.854000,-0.33320924639701843,0.2182588428258896
2023-05-26 05:51:19.912000,-0.3483283817768097,0.22162020206451416
2023-05-26 05:52:19.886000,-0.3305787146091461,0.22621122002601624
2023-05-26 05:53:19.814000,-0.29721856117248535,0.23454312980175018
2023-05-26 05:54:19.748000,-0.23845712840557098,0.2456091195344925
2023-05-26 05:55:19.848000,-0.22708366811275482,0.2602032721042633
2023-05-26 05:57:19.824000,-0.17450106143951416,0.30903807282447815
2023-05-26 05:58:19.933000,-0.17321106791496277,0.33965370059013367
2023-05-26 05:59:19.869000,-0.16171419620513916,0.3634207844734192
2023-05-26 06:00:19.714000,-0.21537739038467407,0.37072014808654785
2023-05-26 06:01:19.839000,-0.2282916009426117,0.3612421154975891
2023-05-26 06:02:19.435000,-0.22862553596496582,0.3435382843017578
2023-05-26 06:03:19.877000,-0.23855966329574585,0.32656633853912354
2023-05-26 06:04:19.786000,-0.2161664068698883,0.3117348551750183
2023-05-26 06:05:19.921000,-0.22969889640808105,0.305298388004303
2023-05-26 06:06:19.798000,-0.22161981463432312,0.30687081813812256
2023-05-26 06:07:19.743000,-0.22568419575691223,0.3084557354450226
2023-05-26 06:08:19.951000,-0.22956201434135437,0.3056146502494812
2023-05-26 06:09:19.315000,-0.2247018963098526,0.2989923655986786
2023-05-26 06:10:19.668000,-0.5708028078079224,0.2882218062877655
2023-05-26 06:11:19.339000,-0.6488385200500488,0.2747003138065338
2023-05-26 06:12:19.963000,-0.6470263004302979,0.261012464761734
2023-05-26 06:13:19.805000,-0.6223309636116028,0.2496531903743744
2023-05-26 06:14:20.059000,-0.5702489614486694,0.2438475638628006
2023-05-26 06:15:19.843000,-0.5745459198951721,0.24190989136695862
2023-05-26 06:16:19.264000,-0.5745563507080078,0.24174000322818756
2023-05-26 06:17:19.358000,-0.5742040872573853,0.24336573481559753
2023-05-26 06:18:19.821000,-0.573448657989502,0.2441488802433014
2023-05-26 06:19:19.884000,-0.6208574175834656,0.24047772586345673
2023-05-26 06:20:19.967000,-0.6401541233062744,0.23009392619132996
2023-05-26 06:21:19.839000,-0.6254168152809143,0.21402958035469055
2023-05-26 06:22:19.969000,-0.6254991292953491,0.19822801649570465
2023-05-26 06:23:20.038000,-0.5571439266204834,0.18406806886196136
2023-05-26 06:24:19.242000,-0.5580999851226807,0.17460384964942932
2023-05-26 06:25:19.673000,-0.5659976601600647,0.16828812658786774
2023-05-26 06:26:19.918000,-0.5599827170372009,0.15982113778591156
2023-05-26 06:27:19.379000,-0.56474369764328,0.14782407879829407
2023-05-26 06:29:19.916000,-0.6362589597702026,0.13899865746498108
2023-05-26 06:30:19.603000,-0.6160725951194763,0.1498161256313324
2023-05-26 06:31:19.504000,-0.5325806736946106,0.1689833700656891
2023-05-26 06:32:19.635000,-0.8771727085113525,0.19023682177066803
2023-05-26 06:33:19.475000,-0.705858588218689,0.20680123567581177
2023-05-26 06:34:19.703000,-0.5669341087341309,0.2165084183216095
2023-05-26 06:35:19.953000,-0.5680286288261414,0.22363516688346863
2023-05-26 06:36:19.727000,-0.5626289248466492,0.23123817145824432
2023-05-26 06:37:19.777000,-0.569754421710968,0.23804546892642975
2023-05-26 06:38:19.917000,-0.5641377568244934,0.24474485218524933
2023-05-26 06:39:19.871000,-0.5587730407714844,0.2500447630882263
2023-05-26 06:40:19.789000,-0.3066096305847168,0.25006526708602905
2023-05-26 06:42:20.226000,-0.32585781812667847,0.24940815567970276
2023-05-26 06:43:19.571000,-0.2616671919822693,0.25534260272979736
2023-05-26 06:44:19.863000,-0.2921444773674011,0.26479867100715637
2023-05-26 06:45:19.188000,-0.3485763967037201,0.27558672428131104
2023-05-26 06:46:19.699000,-0.6699426770210266,0.27691003680229187
2023-05-26 06:47:19.804000,-0.45138174295425415,0.2626661956310272
2023-05-26 06:48:19.418000,-0.27777963876724243,0.24527207016944885
2023-05-26 06:49:19.285000,-0.34270358085632324,0.23471540212631226
2023-05-26 06:50:19.999000,-0.3545072078704834,0.22801326215267181
2023-05-26 06:51:19.930000,-0.3557402789592743,0.2211686372756958
2023-05-26 06:52:19.335000,-0.3565368056297302,0.21601541340351105
2023-05-26 06:53:19.360000,-0.5443648099899292,0.2158605009317398
2023-05-26 06:54:19.952000,-0.6345386505126953,0.21949636936187744
2023-05-26 06:55:19.757000,-0.3431239128112793,0.22878943383693695
2023-05-26 06:56:19.853000,-0.33955925703048706,0.24202625453472137
2023-05-26 06:57:19.321000,-0.3343585729598999,0.2550605237483978
2023-05-26 06:58:19.426000,-0.3345794081687927,0.2639923095703125
2023-05-26 06:59:19.427000,-0.3832026720046997,0.26847633719444275
2023-05-26 07:00:19.327000,-0.5063426494598389,0.2690684199333191
2023-05-26 07:01:19.289000,-0.7569391131401062,0.27031296491622925
2023-05-26 07:03:19.345000,-0.32262763381004333,0.28883135318756104
2023-05-26 07:04:19.589000,-0.30571749806404114,0.31245872378349304
2023-05-26 07:05:19.316000,-0.31014031171798706,0.34559184312820435
2023-05-26 07:06:19.720000,-0.3025226891040802,0.37281808257102966
2023-05-26 07:07:19.852000,-0.311740517616272,0.38777971267700195
2023-05-26 07:09:19.850000,-0.5731058716773987,0.3617996275424957
2023-05-26 07:10:19.723000,-0.37462565302848816,0.33002781867980957
2023-05-26 07:11:19.773000,-0.37952643632888794,0.2963903546333313
2023-05-26 07:12:20.001000,-0.3700808882713318,0.2648257911205292
2023-05-26 07:13:19.355000,-0.3289909064769745,0.2406090945005417
2023-05-26 07:14:19.221000,-0.29949259757995605,0.22638341784477234
2023-05-26 07:15:19.797000,-0.4947502613067627,0.21990157663822174
2023-05-26 07:17:19.859000,-0.30377012491226196,0.21571382880210876
2023-05-26 07:18:19.683000,-0.2895052433013916,0.21693310141563416
2023-05-26 07:19:19.280000,-0.31488341093063354,0.21858935058116913
2023-05-26 07:20:19.782000,-0.3481728732585907,0.21910250186920166
2023-05-26 07:21:19.409000,-0.34241145849227905,0.2181323915719986
2023-05-26 07:22:19.202000,-0.38671621680259705,0.2172739952802658
2023-05-26 07:23:19.246000,-0.661109447479248,0.21710798144340515
2023-05-26 07:24:19.884000,-0.40946802496910095,0.21512210369110107
2023-05-26 07:25:19.637000,-0.27528056502342224,0.21016183495521545
2023-05-26 07:26:19.240000,-0.2728384733200073,0.20465822517871857
2023-05-26 07:27:19.915000,-0.27207112312316895,0.2014719843864441
2023-05-26 07:28:19.625000,-0.2866069972515106,0.20001693069934845
2023-05-26 07:29:19.678000,-0.3450540602207184,0.19616079330444336
2023-05-26 07:30:19.408000,-0.6328833699226379,0.18830178678035736
2023-05-26 07:31:19.561000,-0.6468305587768555,0.18110884726047516
2023-05-26 07:32:19.750000,-0.3372418284416199,0.17809098958969116
2023-05-26 07:33:19.253000,-0.30371102690696716,0.1793994903564453
2023-05-26 07:34:19.344000,-0.3001972734928131,0.18414713442325592
2023-05-26 07:35:19.395000,-0.29253441095352173,0.1925601065158844
2023-05-26 07:36:19.473000,-0.27294713258743286,0.20580051839351654
2023-05-26 07:37:19.759000,-0.3923419117927551,0.2232264131307602
2023-05-26 07:38:19.336000,-0.6568049192428589,0.23765312135219574
2023-05-26 07:39:19.893000,-0.3793872892856598,0.246259868144989
2023-05-26 07:40:19.705000,-0.31528541445732117,0.2501182556152344
2023-05-26 07:41:19.267000,-0.3095211386680603,0.25028130412101746
2023-05-26 07:42:19.239000,-0.24962876737117767,0.2465686798095703
2023-05-26 07:43:19.259000,-0.27003782987594604,0.24454200267791748
2023-05-26 07:44:19.813000,-0.308165580034256,0.24748536944389343
2023-05-26 07:45:19.825000,-0.6504402160644531,0.2534835934638977
2023-05-26 07:46:19.275000,-0.4925781786441803,0.25790196657180786
2023-05-26 07:47:19.504000,-0.29626065492630005,0.2537749707698822
2023-05-26 07:48:19.672000,-0.37015199661254883,0.241797536611557
2023-05-26 07:49:19.983000,-0.3737529218196869,0.22720301151275635
2023-05-26 07:50:19.803000,-0.38467350602149963,0.21772931516170502
2023-05-26 07:51:19.272000,-0.37956225872039795,0.2159709930419922
2023-05-26 07:52:19.224000,-0.5427407622337341,0.21899545192718506
2023-05-26 07:54:19.839000,-0.30362674593925476,0.21661438047885895
2023-05-26 07:55:19.609000,-0.2927554249763489,0.20806986093521118
2023-05-26 07:56:19.597000,-0.2878396213054657,0.1974131464958191
2023-05-26 07:57:19.823000,-0.323394775390625,0.1881936639547348
2023-05-26 07:58:19.379000,-0.34593886137008667,0.1831786185503006
2023-05-26 07:59:19.443000,-0.42083826661109924,0.18259373307228088
2023-05-26 08:00:19.910000,-0.7145177125930786,0.18326130509376526
2023-05-26 08:01:19.272000,-0.38700008392333984,0.18075495958328247
2023-05-26 08:02:19.243000,-0.2599897086620331,0.17450730502605438
2023-05-26 08:03:19.630000,-0.26028239727020264,0.16752663254737854
2023-05-26 08:04:19.661000,-0.2604566514492035,0.16315297782421112
2023-05-26 08:05:19.622000,-0.26242008805274963,0.16090844571590424
2023-05-26 08:06:19.206000,-0.2654905319213867,0.1591855138540268
2023-05-26 08:07:19.696000,-0.6247921586036682,0.15707296133041382
2023-05-26 08:08:19.266000,-0.592272162437439,0.15307874977588654
2023-05-26 08:09:19.300000,-0.28043031692504883,0.14727701246738434
2023-05-26 08:10:19.876000,-0.26975879073143005,0.13979335129261017
2023-05-26 08:11:19.604000,-0.227792888879776,0.13280026614665985
2023-05-26 08:12:19.282000,-0.20377126336097717,0.12649765610694885
2023-05-26 08:13:19.629000,-0.20332838594913483,0.11965930461883545
2023-05-26 08:14:19.270000,-0.3651956617832184,0.11172748357057571
2023-05-26 08:15:19.687000,-0.5573875308036804,0.10334674268960953
2023-05-26 08:16:19.657000,-0.23516960442066193,0.09674105048179626
2023-05-26 08:17:19.618000,-0.23812247812747955,0.09191588312387466
2023-05-26 08:19:19.173000,-0.2610955238342285,0.03582962229847908
2023-05-26 08:20:19.313000,-0.2884182035923004,0.03479168191552162
2023-05-26 08:21:19.456000,-0.25525176525115967,0.03539932519197464
2023-05-26 08:22:19.343000,-0.5999172925949097,0.03735005110502243
2023-05-26 08:23:19.225000,-0.4212706685066223,0.04032343253493309
2023-05-26 08:24:19.298000,-0.2531484365463257,0.044268615543842316
2023-05-26 08:25:19.693000,-0.25186899304389954,0.0486956350505352
2023-05-26 08:26:19.270000,-0.2999081313610077,0.05304396525025368
2023-05-26 08:27:19.609000,-0.2812289297580719,0.05626452714204788
2023-05-26 08:28:19.428000,-0.29109033942222595,0.05907163769006729
2023-05-26 08:29:19.705000,-0.5307638645172119,0.06124471500515938
2023-05-26 08:30:19.379000,-0.5269566178321838,0.06366275995969772
2023-05-26 08:31:19.729000,-0.23220282793045044,0.0665593147277832
2023-05-26 08:32:19.205000,-0.23157164454460144,0.06938917189836502
2023-05-26 08:33:19.206000,-0.24440161883831024,0.0718764066696167
2023-05-26 08:34:19.269000,-0.2857700288295746,0.07399508357048035
2023-05-26 08:35:19.615000,-0.30795353651046753,0.075838603079319
2023-05-26 08:36:19.581000,-0.46550971269607544,0.07694908231496811
2023-05-26 08:37:19.646000,-0.7297469973564148,0.07778128236532211
2023-05-26 08:38:19.203000,-0.4500535726547241,0.07858122140169144
2023-05-26 08:39:19.239000,-0.3161860406398773,0.07741980999708176
2023-05-26 08:40:19.645000,-0.28306108713150024,0.07602018862962723
2023-05-26 08:41:19.683000,-0.28825119137763977,0.07343985140323639
2023-05-26 08:42:19.567000,-0.2811773419380188,0.0717971995472908
2023-05-26 08:43:19.239000,-0.28203755617141724,0.06829819828271866
2023-05-26 08:44:19.767000,-0.6046850085258484,0.0647164061665535
2023-05-26 08:45:19.180000,-0.5303206443786621,0.06216380000114441
2023-05-26 08:46:19.519000,-0.349643349647522,0.06094062700867653
2023-05-26 08:47:19.251000,-0.3475778102874756,0.05984729900956154
2023-05-26 08:48:19.829000,-0.3433018624782562,0.05871040001511574
2023-05-26 08:49:19.758000,-0.3153839111328125,0.057720500975847244
2023-05-26 08:50:19.318000,-0.2673038840293884,0.056102946400642395
2023-05-26 08:51:19.723000,-0.4734114408493042,0.053392332047224045
2023-05-26 08:52:19.269000,-0.6270219087600708,0.05005592852830887
2023-05-26 08:53:19.817000,-0.2827659249305725,0.04605970159173012
2023-05-26 08:54:19.609000,-0.2657797634601593,0.04199296608567238
2023-05-26 08:55:19.673000,-0.2564127743244171,0.038232333958148956
2023-05-26 08:56:19.599000,-0.3347626030445099,0.03488398343324661
2023-05-26 08:57:19.211000,-0.32860642671585083,0.03205224871635437
2023-05-26 08:58:19.882000,-0.38044580817222595,0.030556850135326385
2023-05-26 08:59:19.812000,-0.7261220216751099,0.03145184367895126
2023-05-26 09:00:19.759000,-0.42761874198913574,0.034614745527505875
2023-05-26 09:01:19.337000,-0.28396713733673096,0.039315931499004364
2023-05-26 09:02:19.308000,-0.27292513847351074,0.04422389715909958
2023-05-26 09:03:19.627000,-0.27265286445617676,0.04937589913606644
2023-05-26 09:04:19.192000,-0.2716286778450012,0.05305466055870056
2023-05-26 09:05:19.161000,-0.27013954520225525,0.053638774901628494
2023-05-26 09:06:19.651000,-0.5860779285430908,0.05184158310294151
2023-05-26 09:07:19.240000,-0.6344321966171265,0.04876791313290596
2023-05-26 09:08:19.259000,-0.34899407625198364,0.045311834663152695
2023-05-26 09:09:19.253000,-0.34616199135780334,0.042395301163196564
2023-05-26 09:10:19.156000,-0.31039807200431824,0.03996250033378601
2023-05-26 09:11:19.191000,-0.2762565016746521,0.03698137775063515
2023-05-26 09:12:19.501000,-0.2466537356376648,0.03255164250731468
2023-05-26 09:13:19.858000,-0.36035946011543274,0.028002357110381126
2023-05-26 09:14:19.347000,-0.5887023210525513,0.02438616007566452
2023-05-26 09:15:19.527000,-0.2878337800502777,0.02186449244618416
2023-05-26 09:16:19.641000,-0.24707761406898499,0.020260633900761604
2023-05-26 09:17:19.592000,-0.2395826280117035,0.019485844299197197
2023-05-26 09:18:19.797000,-0.24806846678256989,0.02023022063076496
2023-05-26 09:19:19.610000,-0.3177667260169983,0.021646250039339066
2023-05-26 09:20:19.648000,-0.31815260648727417,0.023800000548362732
2023-05-26 09:21:19.776000,-0.622493326663971,0.026106219738721848
2023-05-26 09:22:19.168000,-0.47583961486816406,0.028102733194828033
2023-05-26 09:23:19.176000,-0.26671457290649414,0.029740283265709877
2023-05-26 09:24:19.726000,-0.25218814611434937,0.031087758019566536
2023-05-26 09:25:19.615000,-0.24820706248283386,0.03149674832820892
2023-05-26 09:26:19.594000,-0.23830832540988922,0.030209746211767197
2023-05-26 09:27:19.186000,-0.30608129501342773,0.02777651697397232
2023-05-26 09:28:19.599000,-0.52167809009552,0.02517618238925934
2023-05-26 09:29:19.564000,-0.6513403058052063,0.02326115220785141
2023-05-26 09:30:19.330000,-0.3079502284526825,0.02246233820915222
2023-05-26 09:31:19.219000,-0.24578137695789337,0.022586863487958908
2023-05-26 09:32:19.128000,-0.2054283171892166,0.0232490673661232
2023-05-26 09:33:19.247000,-0.14140698313713074,0.023499365895986557
2023-05-26 09:34:19.163000,-0.13650058209896088,0.022346163168549538
2023-05-26 09:35:19.202000,-0.20730243623256683,0.019482946023344994
2023-05-26 09:36:19.276000,-0.5260660648345947,0.01588672399520874
2023-05-26 09:37:19.182000,-0.3372427523136139,0.013087499886751175
2023-05-26 09:38:19.600000,-0.21820282936096191,0.012141413986682892
2023-05-26 09:39:19.619000,-0.22052739560604095,0.012496016919612885
2023-05-26 09:40:19.700000,-0.20592744648456573,0.012850100174546242
2023-05-26 09:41:19.802000,-0.15730653703212738,0.01234093215316534
2023-05-26 09:42:19.241000,-0.14793573319911957,0.011993932537734509
2023-05-26 09:43:19.175000,-0.4458799362182617,0.010353416204452515
2023-05-26 09:44:19.223000,-0.41183769702911377,0.00916141178458929
2023-05-26 09:45:19.208000,-0.14714479446411133,0.008058000355958939
2023-05-26 09:46:19.209000,-0.1761849969625473,0.006532186642289162
2023-05-26 09:47:19.279000,-0.271943062543869,0.0059843831695616245
2023-05-26 09:48:19.689000,-0.3146565854549408,0.005445203743875027
2023-05-26 09:49:19.161000,-0.34736019372940063,0.004566018935292959
2023-05-26 09:50:19.337000,-0.42582881450653076,0.003823139937594533
2023-05-26 09:51:19.517000,-0.5986119508743286,0.0031221637036651373
2023-05-26 09:52:19.217000,-0.28021055459976196,0.0029383727815002203
2023-05-26 09:53:19.668000,-0.23903857171535492,0.002817741362378001
2023-05-26 09:54:19.389000,-0.23157311975955963,0.002519928617402911
2023-05-26 09:55:19.463000,-0.22348454594612122,-0.00028055557049810886
2023-05-26 09:56:19.696000,-0.2808682918548584,-0.0019227758748456836
2023-05-26 09:57:19.682000,-0.3090057075023651,-0.0019188125152140856
2023-05-26 09:58:19.238000,-0.6382919549942017,-0.0019423846388235688
2023-05-26 09:59:19.579000,-0.46209484338760376,-0.002022462897002697
2023-05-26 10:00:19.671000,-0.1802072823047638,-0.0019720876589417458
2023-05-26 10:01:19.273000,-0.1862880140542984,-0.0020149056799709797
2023-05-26 10:02:19.145000,-0.17821542918682098,-0.0019085577223449945
2023-05-26 10:03:19.197000,-0.1769263595342636,-0.001960099907591939
2023-05-26 10:04:19.155000,-0.1769503355026245,-0.0019495768938213587
2023-05-26 10:05:19.477000,-0.4244205057621002,-0.0019216842483729124
2023-05-26 10:06:19.133000,-0.5971599221229553,-0.001987193012610078
2023-05-26 10:07:19.641000,-0.3308219611644745,-0.001964600058272481
2023-05-26 10:08:19.113000,-0.33367565274238586,-0.0020440861117094755
2023-05-26 10:09:19.632000,-0.302503764629364,-0.0019767347257584333
2023-05-26 10:10:19.125000,-0.25993502140045166,-0.0019540211651474237
2023-05-26 10:11:19.168000,-0.25484389066696167,-0.0019632691983133554
2023-05-26 10:12:19.578000,-0.299282968044281,-0.0019379649311304092
2023-05-26 10:13:19.139000,-0.5785431265830994,-0.0019179999362677336
2023-05-26 10:14:19.201000,-0.3039604425430298,-0.0019799473229795694
2023-05-26 10:15:19.176000,-0.2346557229757309,-0.0019972880836576223
2023-05-26 10:16:19.589000,-0.27655157446861267,-0.001989133423194289
2023-05-26 10:17:19.148000,-0.26830747723579407,-0.0019912999123334885
2023-05-26 10:18:19.233000,-0.2680557072162628,-0.001992406789213419
2023-05-26 10:19:19.134000,-0.22214637696743011,-0.002005241345614195
2023-05-26 10:20:19.629000,-0.5240824818611145,-0.002010333351790905
2023-05-26 10:21:19.214000,-0.4452301561832428,-0.001999389845877886
2023-05-26 10:22:19.557000,-0.19700200855731964,-0.002002813620492816
2023-05-26 10:23:19.154000,-0.19567862153053284,-0.0020524582359939814
2023-05-26 10:24:19.133000,-0.19665241241455078,-0.002018860075622797
2023-05-26 10:25:19.243000,-0.2633713185787201,-0.0020301453769207
2023-05-26 10:26:19.080000,-0.2883254885673523,-0.002003394765779376
2023-05-26 10:27:19.221000,-0.48599180579185486,-0.0019237999804317951
2023-05-26 10:28:19.269000,-0.6558186411857605,-0.0020328499376773834
2023-05-26 10:29:19.118000,-0.2767089903354645,-0.001962800044566393
2023-05-26 10:30:19.099000,-0.2594108581542969,-0.0019124444806948304
2023-05-26 10:31:19.188000,-0.26868972182273865,-0.00197049998678267
2023-05-26 10:32:19.207000,-0.26687487959861755,-0.002035446697846055
2023-05-26 10:33:19.154000,-0.2602868378162384,-0.0020896154455840588
2023-05-26 10:34:19.210000,-0.31344491243362427,-0.001837561372667551
2023-05-26 10:35:19.210000,-0.6942193508148193,-0.0020432104356586933
2023-05-26 10:36:19.168000,-0.5064185261726379,-0.002137518487870693
2023-05-26 10:37:19.227000,-0.35121244192123413,-0.002019557636231184
2023-05-26 10:38:19.103000,-0.3091460168361664,-0.00209144433028996
2023-05-26 10:39:19.122000,-0.2803550362586975,-0.0020292499102652073
2023-05-26 10:40:19.121000,-0.2847369611263275,-0.0020766863599419594
2023-05-26 10:41:19.173000,-0.29195356369018555,-0.0019970000721514225
2023-05-26 10:42:19.149000,-1.2744650840759277,-0.002045599976554513
2023-05-26 10:43:19.401000,-1.7995420694351196,-0.0018724643159657717
2023-05-26 10:44:19.137000,-1.5590325593948364,-0.0019643332343548536
2023-05-26 10:45:19.073000,-1.5876158475875854,-0.0019475178560242057
2023-05-26 10:46:19.134000,-1.579958200454712,-0.0019482034258544445
2023-05-26 10:48:19.170000,-1.5546108484268188,-0.0020118667744100094
2023-05-26 10:49:19.180000,-1.112316608428955,-0.002062350045889616
2023-05-26 10:50:19.161000,-0.7344925403594971,-0.001996866660192609
2023-05-26 10:51:19.574000,-0.38097065687179565,-0.001974033424630761
2023-05-26 10:52:19.153000,-0.3082939386367798,-0.0020446167327463627
2023-05-26 10:53:19.268000,-0.35431990027427673,-0.001989316660910845
2023-05-26 10:54:19.154000,-0.38357657194137573,-0.002056883415207267
2023-05-26 10:55:19.147000,-0.3512243628501892,-0.002026016591116786
2023-05-26 10:56:19.131000,-0.3774973750114441,-0.0020514000207185745
2023-05-26 10:57:19.266000,-0.7702330350875854,-0.002023305045440793
2023-05-26 10:58:19.170000,-0.6881111264228821,-0.0020836947951465845
2023-05-26 10:59:19.228000,-0.4768371880054474,-0.002071056514978409
2023-05-26 11:00:19.539000,-0.47847750782966614,-0.0020667333155870438
2023-05-26 11:01:19.493000,-1.4213734865188599,-0.0020019321236759424
2023-05-26 11:02:19.693000,-0.3779093623161316,-0.0020037000067532063
2023-05-26 11:03:19.149000,-0.3765771687030792,-0.0019872242119163275
2023-05-26 11:04:19.172000,-0.583680272102356,-0.0020086895674467087
2023-05-26 11:05:19.130000,-0.6964651942253113,-0.0020230833906680346
2023-05-26 11:06:19.171000,-0.3114748001098633,-0.0020292585249990225
2023-05-26 11:07:19.476000,-0.32323330640792847,-0.002108827466145158
2023-05-26 11:08:19.099000,-0.3748559355735779,-0.00202241656370461
2023-05-26 11:09:19.147000,-0.3722388744354248,-0.0020411694422364235
2023-05-26 11:10:19.136000,-0.37065911293029785,-0.0020119999535381794
2023-05-26 11:11:19.140000,-0.41534870862960815,-0.0019313509110361338
2023-05-26 11:12:19.168000,-0.680945098400116,-0.0020827457774430513
2023-05-26 11:13:19.163000,-0.4413282573223114,-0.002014338970184326
2023-05-26 11:14:19.157000,-0.2945208251476288,-0.0019485832890495658
2023-05-26 11:15:19.517000,-0.2921018600463867,-0.0020065593998879194
2023-05-26 11:16:19.500000,-0.2971218526363373,-0.0020344576332718134
2023-05-26 11:17:19.553000,-0.2981659770011902,-0.00195591663941741
2023-05-26 11:18:19.101000,-0.3541703522205353,-0.0020333221182227135
2023-05-26 11:19:19.487000,-0.6674706339836121,-0.0020376606844365597
2023-05-26 11:20:19.235000,-0.6346748471260071,-0.0020055833738297224
2023-05-26 11:21:19.088000,-0.3608555495738983,-0.001986050745472312
2023-05-26 11:22:19.173000,-0.31661227345466614,-0.002009033225476742
2023-05-26 11:23:19.075000,-0.3188374638557434,-0.0020919153466820717
2023-05-26 11:24:19.074000,-0.3175891041755676,-0.0020989999175071716
2023-05-26 11:25:18.918000,-0.3324368894100189,-0.0020470665767788887
2023-05-26 11:26:19.071000,-0.4830781817436218,-0.0020113899372518063
2023-05-26 11:27:19.111000,-0.7040091753005981,-0.002064881380647421
2023-05-26 11:28:19.178000,-0.42392244935035706,-0.002059950027614832
2023-05-26 11:29:19.093000,-0.40383556485176086,-0.0021050525829195976
2023-05-26 11:30:19.106000,-0.40303850173950195,-0.002043666783720255
2023-05-26 11:31:19.153000,-0.4100687503814697,-0.002014762721955776
2023-05-26 11:32:19.609000,-0.35676825046539307,-0.002084481529891491
2023-05-26 11:33:19.516000,-0.3506787419319153,-0.0021034630481153727
2023-05-26 11:34:19.487000,-0.6876567006111145,-0.0020136923994868994
2023-05-26 11:35:19.158000,-0.5235642790794373,-0.0020280200988054276
2023-05-26 11:36:19.141000,-0.336815744638443,-0.002034678589552641
2023-05-26 11:37:19.229000,-0.3328907787799835,-0.002038411796092987
2023-05-26 11:38:19.428000,-0.3809085190296173,-0.0020194181706756353
2023-05-26 11:39:19.083000,-0.39820724725723267,-0.0020492554176598787
2023-05-26 11:40:19.208000,-0.39797475934028625,-0.0019419444724917412
2023-05-26 11:41:19.055000,-0.5895406007766724,-0.002081538550555706
2023-05-26 11:42:19.099000,-0.6094119548797607,-0.002034659031778574
2023-05-26 11:43:19.226000,-0.2668311893939972,-0.0019240714609622955
2023-05-26 11:44:19.055000,-0.26532313227653503,-0.0020472200121730566
2023-05-26 11:45:19.470000,-0.2589094340801239,-0.00200439989566803
2023-05-26 11:46:19.117000,-0.2574431896209717,-0.001974469283595681
2023-05-26 11:47:19.772000,-0.3226206600666046,-0.0020830598659813404
2023-05-26 11:48:19.118000,-0.417228639125824,-0.002016461454331875
2023-05-26 11:49:19.079000,-0.7466476559638977,-0.0020649998914450407
2023-05-26 11:50:19.051000,-0.48233354091644287,-0.002051836345344782
2023-05-26 11:51:19.041000,-0.33408910036087036,-0.001969608711078763
2023-05-26 11:52:19.063000,-0.3358723521232605,-0.0020527082961052656
2023-05-26 11:53:19.127000,-0.3284110426902771,-0.001987977186217904
2023-05-26 11:54:19.143000,-0.32269784808158875,-0.002086092485114932
2023-05-26 11:55:19.189000,-0.3198469579219818,-0.0020981363486498594
2023-05-26 11:56:19.252000,-0.6853263974189758,-0.0020357659086585045
2023-05-26 11:57:19.126000,-0.6391046047210693,-0.0020732926204800606
2023-05-26 11:58:19.107000,-0.38625916838645935,-0.0020031488966196775
2023-05-26 11:59:19.175000,-0.37487727403640747,-0.0020402856171131134
2023-05-26 12:00:19.194000,-0.3194299042224884,-0.002097983146086335
2023-05-26 12:01:19.154000,-0.27727988362312317,-0.002046458423137665
2023-05-26 12:02:19.100000,-0.280099481344223,-0.0020119582768529654
2023-05-26 12:03:19.125000,-0.4476521611213684,-0.00201482349075377
2023-05-26 12:04:19.047000,-0.6364453434944153,-0.002088965615257621
2023-05-26 12:05:18.942000,-0.3513840436935425,-0.002103274455294013
2023-05-26 12:06:19.056000,-0.3445846736431122,-0.001960474532097578
2023-05-26 12:07:19.118000,-0.3461589515209198,-0.0020210666116327047
2023-05-26 12:08:19.075000,-0.32416993379592896,-0.002038905629888177
2023-05-26 12:09:19.500000,-0.27006736397743225,-0.002041543833911419
2023-05-26 12:10:19.076000,-0.2902432680130005,-0.0020351207349449396
2023-05-26 12:11:19.131000,-0.6268722414970398,-0.0019558724015951157
2023-05-26 12:12:19.083000,-0.3805805742740631,-0.00203399988822639
2023-05-26 12:13:19.577000,-0.2545493245124817,-0.0020824444945901632
2023-05-26 12:14:19.118000,-0.27296334505081177,-0.002034053672105074
2023-05-26 12:15:19.545000,-0.313313364982605,-0.001961612142622471
2023-05-26 12:16:19.150000,-0.3161446750164032,-0.002145981416106224
2023-05-26 12:17:19.263000,-0.3280002176761627,-0.0020554999355226755
2023-05-26 12:18:19.119000,-0.537171483039856,-0.0020936273504048586
2023-05-26 12:19:19.554000,-0.6137500405311584,-0.0021315370686352253
2023-05-26 12:20:19.123000,-0.347732812166214,-0.0020711636170744896
2023-05-26 12:21:19.065000,-0.35250598192214966,-0.0018642500508576632
2023-05-26 12:22:19.056000,-0.34225791692733765,-0.0020715924911201
2023-05-26 12:23:19.024000,-0.3344884514808655,-0.0020932452753186226
2023-05-26 12:24:19.062000,-0.38026031851768494,-0.0019828910008072853
2023-05-26 12:25:19.567000,-0.4736022353172302,-0.0020580000709742308
2023-05-26 12:26:19.190000,-0.7400770783424377,-0.002116899937391281
2023-05-26 12:27:19.480000,-0.39399346709251404,-0.0020029665902256966
2023-05-26 12:28:19.010000,-0.2806313633918762,-0.0020542501006275415
2023-05-26 12:29:19.123000,-0.28752338886260986,-0.0019926666282117367
2023-05-26 12:30:19.167000,-0.2797161936759949,-0.0020792889408767223
2023-05-26 12:31:19.123000,-0.2812504768371582,-0.0019532199949026108
2023-05-26 12:32:19.018000,-0.2922805845737457,-0.0022620169911533594
2023-05-26 12:33:19.168000,-0.6731728911399841,-0.002151291584596038
2023-05-26 12:34:19.031000,-0.5622390508651733,-0.0021823898423463106
2023-05-26 12:35:19.162000,-0.2980804741382599,-0.0020149138290435076
2023-05-26 12:36:19.080000,-0.27258625626564026,-0.0019970175344496965
2023-05-26 12:37:19.048000,-0.24329303205013275,-0.0020312999840825796
2023-05-26 12:38:19.138000,-0.24012604355812073,-0.002078999998047948
2023-05-26 12:39:19.071000,-0.23987704515457153,-0.0021269500721246004
2023-05-26 12:40:19.109000,-0.4245166778564453,-0.0020308643579483032
2023-05-26 12:41:18.999000,-0.6249145865440369,-0.0020296666771173477
2023-05-26 12:42:19.435000,-0.38483762741088867,-0.0021308166906237602
2023-05-26 12:43:19.106000,-0.36780649423599243,-0.0020691228564828634
2023-05-26 12:44:19.012000,-0.37118715047836304,-0.0021581428591161966
2023-05-26 12:45:18.882000,-0.3360549509525299,-0.002068849978968501
2023-05-26 12:46:19.078000,-0.2954249978065491,-0.0020995833911001682
2023-05-26 12:47:19.057000,-0.333987832069397,-0.00207676668651402
2023-05-26 12:48:19.012000,-0.6674671769142151,-0.0020076779183000326
2023-05-26 12:49:19.055000,-0.4565877914428711,-0.002018288243561983
2023-05-26 12:50:19.067000,-0.296796590089798,-0.0021450351923704147
2023-05-26 12:51:19.063000,-0.3341532349586487,-0.0017918000230565667
2023-05-26 12:52:19.089000,-0.37791112065315247,-0.00211666664108634
2023-05-26 12:53:19.082000,-0.36906567215919495,-0.0020236666314303875
2023-05-26 12:54:19.077000,-0.35995277762413025,-0.0020624236203730106
2023-05-26 12:55:19.010000,-0.5373086929321289,-0.002014883328229189
2023-05-26 12:56:18.997000,-0.5324749946594238,-0.00202991534024477
2023-05-26 12:57:19.098000,-0.23452827334403992,-0.0019596414640545845
2023-05-26 12:58:19.021000,-0.22573624551296234,-0.002069745445623994
2023-05-26 12:59:18.994000,-0.2224753350019455,-0.002003576373681426
2023-05-26 13:00:19.170000,-0.22132891416549683,-0.0020165713503956795
2023-05-26 13:01:19.046000,-0.2693125903606415,-0.0019705186132341623
2023-05-26 13:02:19.029000,-0.4063100814819336,-0.002108425833284855
2023-05-26 13:03:19.028000,-0.6499532461166382,-0.002035086276009679
2023-05-26 13:04:19.153000,-0.37162038683891296,-0.0020905861165374517
2023-05-26 13:05:19.104000,-0.2163528949022293,-0.0019259583204984665
2023-05-26 13:06:19.058000,-0.20092827081680298,-0.0021327114664018154
2023-05-26 13:07:19.037000,-0.20469121634960175,-0.0021536897402256727
2023-05-26 13:08:19.047000,-0.19969867169857025,-0.0022889107931405306
2023-05-26 13:09:19.065000,-0.20387816429138184,-0.0020571963395923376
2023-05-26 13:10:19.098000,-0.5350424647331238,-0.002126550069078803
2023-05-26 13:11:19.007000,-0.47948479652404785,-0.00210163788869977
2023-05-26 13:12:19.016000,-0.279550701379776,-0.002020733430981636
2023-05-26 13:13:19.003000,-0.299940824508667,-0.002160550095140934
2023-05-26 13:14:19.064000,-0.2915676236152649,-0.0019730611238628626
2023-05-26 13:15:19.077000,-0.22993791103363037,-0.0022007455118000507
2023-05-26 13:16:19.165000,-0.2487708479166031,-0.0020921016111969948
2023-05-26 13:17:19.082000,-0.4547407925128937,-0.0019469443941488862
2023-05-26 13:18:19.074000,-0.6125036478042603,-0.002096017124131322
2023-05-26 13:19:19.018000,-0.25864747166633606,-0.002073916606605053
2023-05-26 13:20:19.057000,-0.25038379430770874,-0.0020246333442628384
2023-05-26 13:21:19.049000,-0.31448274850845337,-0.002129440661519766
2023-05-26 13:22:18.995000,-0.2892032265663147,-0.002031783340498805
2023-05-26 13:23:19.082000,-0.2810346484184265,-0.002025000052526593
2023-05-26 13:24:19.143000,-0.31941667199134827,-0.0020562501158565283
2023-05-26 13:25:18.885000,-0.5871647596359253,-0.0019798644352704287
2023-05-26 13:26:18.962000,-0.3545469045639038,-0.002059200080111623
2023-05-26 13:27:18.999000,-0.23003438115119934,-0.0020508982706815004
2023-05-26 13:28:19.124000,-0.23053596913814545,-0.002017949242144823
2023-05-26 13:29:18.964000,-0.279140442609787,-0.002013749908655882
2023-05-26 13:30:19.007000,-0.29690495133399963,-0.0021367166191339493
2023-05-26 13:31:18.971000,-0.3620585501194,-0.002073933370411396
2023-05-26 13:32:18.985000,-0.659186065196991,-0.0020178332924842834
2023-05-26 13:33:18.995000,-0.6491620540618896,-0.0021395254880189896
2023-05-26 13:34:19.045000,-0.33077913522720337,-0.002008316572755575
2023-05-26 13:35:18.952000,-0.29698702692985535,-0.0021060332655906677
2023-05-26 13:36:19.075000,-0.3046720027923584,-0.0020192000083625317
2023-05-26 13:37:18.952000,-0.31047719717025757,-0.0020548333413898945
2023-05-26 13:38:19.131000,-0.29750338196754456,-0.0020490000024437904
2023-05-26 13:39:19.054000,-0.40914326906204224,-0.00205960008315742
2023-05-26 13:40:19.049000,-0.655788004398346,-0.002148203318938613
2023-05-26 13:41:19.086000,-0.4115702211856842,-0.0021763499826192856
2023-05-26 13:42:19.146000,-0.34984293580055237,-0.002001299988478422
2023-05-26 13:43:19.059000,-0.3451347351074219,-0.0020416101906448603
2023-05-26 13:44:19.097000,-0.28918540477752686,-0.0020551930647343397
2023-05-26 13:45:19.025000,-0.30016210675239563,-0.0019316610414534807
2023-05-26 13:46:18.949000,-0.27443891763687134,-0.0020017458591610193
2023-05-26 13:47:19.097000,-0.6201189160346985,-0.0019426499493420124
2023-05-26 13:48:19.045000,-0.47183266282081604,-0.0021618499886244535
2023-05-26 13:49:18.929000,-0.2709493935108185,-0.002163166645914316
2023-05-26 13:50:18.955000,-0.28093019127845764,-0.0020027998834848404
2023-05-26 13:51:19.088000,-0.27485373616218567,-0.002029449911788106
2023-05-26 13:52:18.992000,-0.2828264534473419,-0.0020526035223156214
2023-05-26 13:53:19.088000,-0.22325235605239868,-0.002039233222603798
2023-05-26 13:54:18.963000,-0.41216400265693665,-0.002034599892795086
2023-05-26 13:55:18.993000,-0.5367279648780823,-0.002086344873532653
2023-05-26 13:56:19.111000,-0.18969979882240295,-0.00207612500526011
2023-05-26 13:57:19.049000,-0.1959543377161026,-0.0020374166779220104
2023-05-26 13:58:19.027000,-0.1898842453956604,-0.0020824826788157225
2023-05-26 13:59:19.027000,-0.24915871024131775,-0.002084157895296812
2023-05-26 14:00:19.271000,-0.26717570424079895,-0.0020420169457793236
2023-05-26 14:01:18.966000,-0.32442232966423035,-0.0020458665676414967
2023-05-26 14:02:19.038000,-0.6195839047431946,-0.002035366604104638
2023-05-26 14:03:18.978000,-0.32496511936187744,-0.0021568136289715767
2023-05-26 14:04:19.053000,-0.19356036186218262,-0.002087299944832921
2023-05-26 14:05:18.838000,-0.19278986752033234,-0.0020764500368386507
2023-05-26 14:06:19.084000,-0.19302433729171753,-0.0020821206271648407
2023-05-26 14:07:19.039000,-0.20032255351543427,-0.0020833334419876337
2023-05-26 14:08:19.068000,-0.2719421982765198,-0.002115116687491536
2023-05-26 14:09:19.029000,-0.5851201415061951,-0.0020204137545078993
2023-05-26 14:10:19.036000,-0.5454192161560059,-0.002075199969112873
2023-05-26 14:11:19.047000,-0.2815494239330292,-0.001997266663238406
2023-05-26 14:12:19.039000,-0.2165631800889969,-0.0020832165610045195
2023-05-26 14:13:19.073000,-0.21507589519023895,-0.002001299988478422
2023-05-26 14:14:18.981000,-0.20609474182128906,-0.0019221999682486057
2023-05-26 14:15:19.060000,-0.2002480924129486,-0.002006449969485402
2023-05-26 14:16:18.932000,-0.35461851954460144,-0.0019098666962236166
2023-05-26 14:17:19.035000,-0.6364132165908813,-0.001998666673898697
2023-05-26 14:18:18.970000,-0.38277292251586914,-0.001989650074392557
2023-05-26 14:19:18.923000,-0.33966755867004395,-0.002010916592553258
2023-05-26 14:20:19.012000,-0.34605666995048523,-0.002126449951902032
2023-05-26 14:21:19.036000,-0.26939657330513,-0.002125999890267849
2023-05-26 14:22:18.936000,-0.274930477142334,-0.0018998166779056191
2023-05-26 14:23:19.029000,-0.2942373752593994,-0.001961316680535674
2023-05-26 14:24:18.903000,-0.6327558755874634,-0.0021137832663953304
2023-05-26 14:25:18.953000,-0.4725292921066284,-0.0020932999905198812
2023-05-26 14:26:19.024000,-0.28568509221076965,-0.0020355999004095793
2023-05-26 14:27:19.048000,-0.35676518082618713,-0.0020189827773720026
2023-05-26 14:28:19.021000,-0.3612803518772125,-0.0020308245439082384
2023-05-26 14:29:19.044000,-0.3587101101875305,-0.0021729832515120506
2023-05-26 14:30:19.120000,-0.32256460189819336,-0.0019920847844332457
2023-05-26 14:31:19.001000,-0.5031133890151978,-0.0019366666674613953
2023-05-26 14:32:18.995000,-0.6074154376983643,-0.002034466713666916
2023-05-26 14:33:18.968000,-0.27328094840049744,-0.0019399999873712659
2023-05-26 14:34:19.024000,-0.2672581970691681,-0.0020155173260718584
2023-05-26 14:35:19.032000,-0.2611587643623352,-0.0019158596405759454
2023-05-26 14:36:18.956000,-0.27538836002349854,-0.0020231667440384626
2023-05-26 14:37:18.940000,-0.33573561906814575,-0.0021217758767306805
2023-05-26 14:38:19.021000,-0.3745608627796173,-0.0020813499577343464
2023-05-26 14:39:18.917000,-0.7027417421340942,-0.0020779334008693695
2023-05-26 14:40:18.978000,-0.4294256567955017,-0.00215986673720181
2023-05-26 14:41:19.004000,-0.2627120912075043,-0.0019478333415463567
2023-05-26 14:42:18.919000,-0.25891318917274475,-0.0020571378991007805
2023-05-26 14:43:19.212000,-0.25518471002578735,-0.002093883231282234
2023-05-26 14:44:18.972000,-0.24689660966396332,-0.0020821334328502417
2023-05-26 14:45:18.793000,-0.22912338376045227,-0.002042103558778763
2023-05-26 14:46:18.914000,-0.539270281791687,-0.0020365833770483732
2023-05-26 14:47:18.912000,-0.5543980002403259,-0.002041650004684925
2023-05-26 14:48:18.913000,-0.27501335740089417,-0.002077300101518631
2023-05-26 14:49:18.954000,-0.2204153835773468,-0.002097235294058919
2023-05-26 14:50:18.913000,-0.19762828946113586,-0.00209179543890059
2023-05-26 14:51:19.013000,-0.19771896302700043,-0.002077866578474641
2023-05-26 14:52:19.020000,-0.19878464937210083,-0.002036100020632148
2023-05-26 14:53:18.912000,-0.31162095069885254,-0.002009500050917268
2023-05-26 14:54:19.004000,-0.5142493844032288,-0.0019482000498101115
2023-05-26 14:55:18.998000,-0.27503857016563416,-0.0019685833249241114
2023-05-26 14:56:19.052000,-0.21068175137043,-0.001978045329451561
2023-05-26 14:57:18.944000,-0.21488119661808014,-0.0020286410581320524
2023-05-26 14:58:18.910000,-0.17060452699661255,-0.0019017287995666265
2023-05-26 14:59:18.923000,-0.1418134868144989,-0.0020620892755687237
2023-05-26 15:00:18.943000,-0.17326673865318298,-0.00207812269218266
2023-05-26 15:01:19.007000,-0.5460593104362488,-0.002059000078588724
2023-05-26 15:02:19.011000,-0.4195743799209595,-0.002015607198700309
2023-05-26 15:03:19.043000,-0.2230503112077713,-0.002037631580606103
2023-05-26 15:04:19.056000,-0.2912518382072449,-0.002060932107269764
2023-05-26 15:05:19.031000,-0.30814623832702637,-0.0019826332572847605
2023-05-26 15:06:18.908000,-0.32761552929878235,-0.0020499166566878557
2023-05-26 15:07:18.916000,-0.33620625734329224,-0.002106562489643693
2023-05-26 15:08:19.047000,-0.48809322714805603,-0.0019610868766903877
2023-05-26 15:09:19.015000,-0.6213448643684387,-0.0020561034325510263
2023-05-26 15:10:19.036000,-0.27218887209892273,-0.002074666554108262
2023-05-26 15:11:19.006000,-0.2726915180683136,-0.0019706792663782835
2023-05-26 15:12:18.904000,-0.2770661413669586,-0.0019249999895691872
2023-05-26 15:13:18.992000,-0.2795690894126892,-0.001885796315036714
2023-05-26 15:14:18.927000,-0.33871743083000183,-0.0019674901850521564
2023-05-26 15:15:18.886000,-0.3974575698375702,-0.0020946296863257885
2023-05-26 15:16:18.899000,-0.7054198384284973,-0.0020376169122755527
2023-05-26 15:17:19.237000,-0.4561569392681122,-0.0020497082732617855
2023-05-26 15:18:18.907000,-0.2761456370353699,-0.0018879817798733711
2023-05-26 15:19:18.916000,-0.27044153213500977,-0.0019119090866297483
2023-05-26 15:20:18.897000,-0.27484357357025146,-0.0019650498870760202
2023-05-26 15:21:18.979000,-0.277682900428772,-0.0021494999527931213
2023-05-26 15:22:18.878000,-0.27616918087005615,-0.0020172069780528545
2023-05-26 15:23:18.970000,-0.5713828802108765,-0.0020008443389087915
2023-05-26 15:24:19.032000,-0.6173229217529297,-0.0019603953696787357
2023-05-26 15:25:18.839000,-0.3443155288696289,-0.0020241152960807085
2023-05-26 15:26:18.955000,-0.3383674621582031,-0.0019214259227737784
2023-05-26 15:27:18.931000,-0.3226233720779419,-0.001978354062885046
2023-05-26 15:28:18.973000,-0.2785748243331909,-0.001987041672691703
2023-05-26 15:29:18.886000,-0.270341694355011,-0.002005510265007615
2023-05-26 15:30:18.951000,-0.41738539934158325,-0.0020203571766614914
2023-05-26 15:31:19.095000,-0.6334851384162903,-0.002046490553766489
2023-05-26 15:32:18.956000,-0.31794339418411255,-0.0019988275598734617
2023-05-26 15:33:18.960000,-0.27595341205596924,-0.0021175555884838104
2023-05-26 15:34:18.957000,-0.317804753780365,-0.0019931637216359377
2023-05-26 15:35:18.960000,-0.312010258436203,-0.0020284107886254787
2023-05-26 15:36:18.956000,-0.31341707706451416,-0.0020293635316193104
2023-05-26 15:37:18.943000,-0.2948073148727417,-0.0020421999506652355
2023-05-26 15:38:18.934000,-0.6032651662826538,-0.0020538666285574436
2023-05-26 15:39:18.962000,-0.42285671830177307,-0.002062499988824129
2023-05-26 15:40:19.007000,-0.18685123324394226,-0.002012704499065876
2023-05-26 15:41:18.888000,-0.1468498706817627,-0.0020181864965707064
2023-05-26 15:42:19.025000,-0.14794769883155823,-0.002066361950710416
2023-05-26 15:43:19.007000,-0.17080920934677124,-0.001964960712939501
2023-05-26 15:44:19.237000,-0.21721093356609344,-0.0020981731358915567
2023-05-26 15:45:18.894000,-0.44042518734931946,-0.0020083023700863123
2023-05-26 15:46:18.981000,-0.5458483695983887,-0.0020259637385606766
2023-05-26 15:47:19.166000,-0.2215392142534256,-0.002045629546046257
2023-05-26 15:48:19.226000,-0.21885234117507935,-0.0021553332917392254
2023-05-26 15:49:19.048000,-0.2099142223596573,-0.0019637320656329393
2023-05-26 15:50:18.983000,-0.20767764747142792,-0.002100351732224226
2023-05-26 15:51:18.953000,-0.20653805136680603,-0.001961193047463894
2023-05-26 15:52:18.872000,-0.2809790372848511,-0.0020390350837260485
2023-05-26 15:53:18.852000,-0.6148451566696167,-0.0021150768734514713
2023-05-26 15:54:19.092000,-0.38891997933387756,-0.0019504339434206486
2023-05-26 15:55:18.903000,-0.2676275074481964,-0.0020161429420113564
2023-05-26 15:56:18.942000,-0.26342836022377014,-0.0020133834332227707
2023-05-26 15:57:19.031000,-0.22384591400623322,-0.002077327575534582
2023-05-26 15:58:18.917000,-0.20622462034225464,-0.0020326999947428703
2023-05-26 15:59:19.165000,-0.23320309817790985,-0.0019889811519533396
2023-05-26 16:00:18.943000,-0.5323538780212402,-0.001968915341421962
2023-05-26 16:01:18.945000,-0.5027356743812561,-0.0021044465247541666
2023-05-26 16:02:18.934000,-0.2559051215648651,-0.0020128246396780014
2023-05-26 16:03:19.206000,-0.3035103380680084,-0.001963310409337282
2023-05-26 16:04:18.911000,-0.33474409580230713,-0.0020370667334645987
2023-05-26 16:05:19.009000,-0.3373580276966095,-0.002013406716287136
2023-05-26 16:06:19.422000,-0.3373928666114807,-0.0021488373167812824
2023-05-26 16:07:18.956000,-0.45208826661109924,-0.001943773590028286
2023-05-26 16:08:18.923000,-0.6466119289398193,-0.0020496102515608072
2023-05-26 16:09:18.986000,-0.31238028407096863,-0.0019794211257249117
2023-05-26 16:10:19.096000,-0.27969062328338623,-0.0020229790825396776
2023-05-26 16:11:18.927000,-0.27779948711395264,-0.001959148095920682
2023-05-26 16:12:19.150000,-0.2780960202217102,-0.002088888781145215
2023-05-26 16:13:18.906000,-0.3364509046077728,-0.002060765866190195
2023-05-26 16:14:18.917000,-0.3638305366039276,-0.001908937469124794
2023-05-26 16:15:18.906000,-0.7009811401367188,-0.0019765892066061497
2023-05-26 16:16:18.951000,-0.519461452960968,-0.0019383860053494573
2023-05-26 16:17:18.996000,-0.2733186185359955,-0.0019902000203728676
2023-05-26 16:18:18.952000,-0.2786000370979309,-0.00207612756639719
2023-05-26 16:20:18.883000,-0.2744728624820709,-0.002020622603595257
2023-05-26 16:21:19.161000,-0.26048436760902405,-0.0020012182649224997
2023-05-26 16:22:18.897000,-0.4729524850845337,-0.0020414728205651045
2023-05-26 16:23:18.857000,-0.611125648021698,-0.002027796348556876
2023-05-26 16:24:18.915000,-0.27817076444625854,-0.0019958652555942535
2023-05-26 16:25:18.930000,-0.27229052782058716,-0.0020683957263827324
2023-05-26 16:26:19.223000,-0.22824223339557648,-0.002129859756678343
2023-05-26 16:27:18.905000,-0.20016981661319733,-0.002044596243649721
2023-05-26 16:28:19.142000,-0.21260426938533783,-0.0019463461358100176
2023-05-26 16:29:18.884000,-0.34022998809814453,-0.002036482095718384
2023-05-26 16:30:18.847000,-0.6334368586540222,-0.002100481418892741
2023-05-26 16:31:18.893000,-0.36128607392311096,-0.001984767382964492
2023-05-26 16:32:18.936000,-0.31089720129966736,-0.002036627382040024
2023-05-26 16:33:19.070000,-0.3387450575828552,-0.002094862749800086
2023-05-26 16:34:19.060000,-0.3234271705150604,-0.0020323817152529955
2023-05-26 16:35:18.926000,-0.3041382431983948,-0.0020394790917634964
2023-05-26 16:36:18.932000,-0.1985127329826355,-0.00202321563847363
2023-05-26 16:37:18.951000,-0.5168614387512207,-0.002029978670179844
2023-05-26 16:38:19.380000,-0.450459361076355,-0.00212714821100235
2023-05-26 16:39:18.888000,-0.20054854452610016,-0.0020243749022483826
2023-05-26 16:40:18.909000,-0.20103579759597778,-0.002054113196209073
2023-05-26 16:41:19.052000,-0.19361932575702667,-0.0020869215950369835
2023-05-26 16:42:18.902000,-0.25209763646125793,-0.0020306999795138836
2023-05-26 16:43:18.921000,-0.2723875343799591,-0.0020712728146463633
2023-05-26 16:44:18.909000,-0.44214949011802673,-0.002045241417363286
2023-05-26 16:45:19.114000,-0.5975821018218994,-0.002025933237746358
2023-05-26 16:46:18.896000,-0.21254144608974457,-0.002071460010483861
2023-05-26 16:47:18.817000,-0.19649285078048706,-0.002087327651679516
2023-05-26 16:48:18.855000,-0.20844337344169617,-0.002056740690022707
2023-05-26 16:49:18.907000,-0.19766530394554138,-0.001990450080484152
2023-05-26 16:50:18.887000,-0.19617119431495667,-0.0020774081349372864
2023-05-26 16:51:19.131000,-0.2859056890010834,-0.0020463571418076754
2023-05-26 16:52:18.897000,-0.6424164175987244,-0.0020328620448708534
2023-05-26 16:53:18.898000,-0.4402028024196625,-0.0020413219463080168
2023-05-26 16:54:18.919000,-0.27683040499687195,-0.0020225439220666885
2023-05-26 16:55:19.224000,-0.23972347378730774,-0.002027907408773899
2023-05-26 16:56:18.873000,-0.23964904248714447,-0.0020323400385677814
2023-05-26 16:57:19.652000,-0.2594332695007324,-0.0021088181529194117
2023-05-26 16:58:18.955000,-0.26952770352363586,-0.0020540535915642977
2023-05-26 16:59:19.634000,-0.5296083092689514,-0.00214972416870296
2023-05-26 17:00:19.322000,-0.6110125780105591,-0.002041267929598689
2023-05-26 17:01:19.067000,-0.3379916250705719,-0.002025434048846364
2023-05-26 17:02:18.922000,-0.33767169713974,-0.002081285696476698
2023-05-26 17:03:18.922000,-0.33373206853866577,-0.001995149999856949
2023-05-26 17:04:18.799000,-0.24430884420871735,-0.0020479767117649317
2023-05-26 17:05:18.904000,-0.22627942264080048,-0.002050666604191065
2023-05-26 17:06:19.322000,-0.33801397681236267,-0.0021366304717957973
2023-05-26 17:07:18.873000,-0.5902987718582153,-0.0021904390305280685
2023-05-26 17:08:19.096000,-0.3212296664714813,-0.0020678038708865643
2023-05-26 17:09:18.938000,-0.2336406260728836,-0.0019576852209866047
2023-05-26 17:10:18.877000,-0.2861623466014862,-0.0020953654311597347
2023-05-26 17:11:19.122000,-0.3603871762752533,-0.0020453166216611862
2023-05-26 17:12:18.963000,-0.3642575740814209,-0.0020285535138100386
2023-05-26 17:13:18.878000,-0.36010026931762695,-0.002055622171610594
2023-05-26 17:14:18.878000,-0.6258506774902344,-0.002051139948889613
2023-05-26 17:15:18.911000,-0.5013454556465149,-0.002061463426798582
2023-05-26 17:16:18.948000,-0.2605990469455719,-0.0021066400222480297
2023-05-26 17:17:19.212000,-0.25587019324302673,-0.002027227310463786
2023-05-26 17:18:18.851000,-0.26022520661354065,-0.0021159229800105095
2023-05-26 17:19:18.862000,-0.25705376267433167,-0.002027647104114294
2023-05-26 17:20:18.981000,-0.2904299199581146,-0.0019884894136339426
2023-05-26 17:21:18.892000,-0.5209441184997559,-0.002118288539350033
2023-05-26 17:22:18.874000,-0.6844858527183533,-0.0019745000172406435
2023-05-26 17:23:19.122000,-0.3348449170589447,-0.0019969444256275892
2023-05-26 17:24:18.781000,-0.28663870692253113,-0.0020289819221943617
2023-05-26 17:25:18.867000,-0.24373340606689453,-0.0020107172895222902
2023-05-26 17:26:18.822000,-0.39913198351860046,-0.002091722097247839
2023-05-26 17:27:18.902000,-0.4983333349227905,-0.002087750006467104
2023-05-26 17:28:18.906000,-0.5532135367393494,-0.0020475115161389112
2023-05-26 17:29:19.076000,-0.8771640062332153,-0.002065358916297555
2023-05-26 17:30:18.855000,-0.6496981382369995,-0.002022377448156476
2023-05-26 17:31:19.041000,-0.5282139778137207,-0.0020640166476368904
2023-05-26 17:32:18.851000,-0.5218726992607117,-0.002147400053218007
2023-05-26 17:33:18.844000,-0.5263036489486694,-0.002140061231330037
2023-05-26 17:34:18.886000,-0.5010889768600464,-0.00203399988822639
2023-05-26 17:35:18.864000,-0.4477842450141907,-0.002063673920929432
2023-05-26 17:36:18.783000,-0.7151368856430054,-0.0020387170370668173
2023-05-26 17:37:18.844000,-0.7286213636398315,-0.0019851229153573513
2023-05-26 17:38:18.830000,-0.4468771517276764,-0.001997490646317601
2023-05-26 17:39:18.792000,-0.44294965267181396,-0.002105527324602008
2023-05-26 17:40:18.840000,-0.4722557067871094,-0.0020931665785610676
2023-05-26 17:41:19.161000,-0.5071845054626465,-0.0019634186755865812
2023-05-26 17:42:18.823000,-0.5064132213592529,-0.0020348888356238604
2023-05-26 17:43:19.067000,-0.648270308971405,-0.001942849950864911
2023-05-26 17:44:19.072000,-0.8239193558692932,-0.002046799985691905
2023-05-26 17:45:19.100000,-0.46512001752853394,-0.0020750376861542463
2023-05-26 17:46:19.034000,-0.17411120235919952,-0.0020604166202247143
2023-05-26 17:47:18.892000,-0.05785441771149635,-0.0020266042556613684
2023-05-26 17:48:19.162000,-0.053341783583164215,-0.0020303414203226566
2023-05-26 17:49:18.811000,-0.06531671434640884,-0.0020350751001387835
2023-05-26 17:50:19.148000,-0.13011091947555542,-0.00215088645927608
2023-05-26 17:51:18.877000,-0.5037091374397278,-0.002062962157651782
2023-05-26 17:52:18.839000,-0.39779502153396606,-0.002124618971720338
2023-05-26 17:53:19.122000,-0.23530568182468414,-0.002068239962682128
2023-05-26 17:54:18.865000,-0.18497152626514435,-0.002093692310154438
2023-05-26 17:55:19.035000,-0.16815835237503052,-0.0021042104344815016
2023-05-26 17:56:18.830000,-0.1549108326435089,-0.0020719761960208416
2023-05-26 17:57:18.970000,-0.2657540738582611,-0.002122913021594286
2023-05-26 17:58:19.069000,-0.46885570883750916,-0.002174836816266179
2023-05-26 17:59:18.962000,-0.6025165915489197,-0.002217070199549198
2023-05-26 18:00:18.834000,-0.29988351464271545,-0.002211690880358219
2023-05-26 18:01:19.178000,-0.31326329708099365,-0.0021570338867604733
2023-05-26 18:02:19.032000,-0.31104138493537903,-0.002129084663465619
2023-05-26 18:03:18.865000,-0.32639771699905396,-0.0021046665497124195
2023-05-26 18:04:19.301000,-0.2541290521621704,-0.0020925472490489483
2023-05-26 18:05:18.683000,-0.29902955889701843,-0.0020955917425453663
2023-05-26 18:06:19.301000,-0.6152166724205017,-0.0022636207286268473
2023-05-26 18:07:19.225000,-0.3760090172290802,-0.0019126101396977901
2023-05-26 18:08:18.826000,-0.25225865840911865,-0.0020879285875707865
2023-05-26 18:09:19.047000,-0.2607682943344116,-0.0021452067885547876
2023-05-26 18:10:18.869000,-0.3166190981864929,-0.0020043461117893457
2023-05-26 18:11:19.006000,-0.32734617590904236,-0.0022251876071095467
2023-05-26 18:12:19.102000,-0.3228588104248047,-0.002150078536942601
2023-05-26 18:13:19.113000,-0.6087153553962708,-0.0021355957724153996
2023-05-26 18:14:19.061000,-0.5211667418479919,-0.002095000119879842
2023-05-26 18:15:19.043000,-0.24073638021945953,-0.002078672405332327
2023-05-26 18:16:18.820000,-0.23474624752998352,-0.0019741738215088844
2023-05-26 18:17:19.054000,-0.22724813222885132,-0.0021978833246976137
2023-05-26 18:18:19.048000,-0.232241690158844,-0.0021257800981402397
2023-05-26 18:19:18.917000,-0.23201237618923187,-0.002107382984831929
2023-05-26 18:20:18.883000,-0.4484909772872925,-0.002233305014669895
2023-05-26 18:21:18.872000,-0.657368540763855,-0.0021514727268368006
2023-05-26 18:22:18.964000,-0.3415181338787079,-0.002152298344299197
2023-05-26 18:23:19.461000,-0.2838793694972992,-0.0021083999890834093
2023-05-26 18:24:18.840000,-0.22934120893478394,-0.0020608147606253624
2023-05-26 18:25:19.178000,-0.22441808879375458,-0.00215786206535995
2023-05-26 18:26:18.815000,-0.18316201865673065,-0.002066440647467971
2023-05-26 18:27:18.834000,-0.16480962932109833,-0.0020798000041395426
2023-05-26 18:28:18.829000,-0.5000513195991516,-0.0020807499531656504
2023-05-26 18:29:19.050000,-0.3416392207145691,-0.0020628643687814474
2023-05-26 18:30:19.129000,-0.1987592726945877,-0.0021080500446259975
2023-05-26 18:31:18.862000,-0.2137690931558609,-0.002116137882694602
2023-05-26 18:32:19.049000,-0.21324791014194489,-0.0020707272924482822
2023-05-26 18:33:18.962000,-0.20531298220157623,-0.0020857544150203466
2023-05-26 18:34:18.944000,-0.16956914961338043,-0.002055043587461114
2023-05-26 18:35:18.819000,-0.42682626843452454,-0.002064754255115986
2023-05-26 18:36:18.819000,-0.5253298282623291,-0.00212753564119339
2023-05-26 18:37:18.776000,-0.1854846477508545,-0.0020557288080453873
2023-05-26 18:38:18.812000,-0.18539345264434814,-0.0021108000073581934
2023-05-26 18:39:19.030000,-0.18181738257408142,-0.0021152240224182606
2023-05-26 18:40:19.050000,-0.24520178139209747,-0.0020243090111762285
2023-05-26 18:41:19.038000,-0.2419612854719162,-0.002305814763531089
2023-05-26 18:42:18.857000,-0.31733769178390503,-0.0020118572283536196
2023-05-26 18:43:18.768000,-0.5994098782539368,-0.0021199260372668505
2023-05-26 18:44:19.012000,-0.28594663739204407,-0.0020335272420197725
2023-05-26 18:45:18.813000,-0.2035793513059616,-0.0021843332797288895
2023-05-26 18:46:18.842000,-0.19704338908195496,-0.002077034441754222
2023-05-26 18:47:18.771000,-0.20464502274990082,-0.0022426897194236517
2023-05-26 18:48:18.972000,-0.2332007735967636,-0.0022166429553180933
2023-05-26 18:49:19.039000,-0.2514045834541321,-0.002027271082624793
2023-05-26 18:50:18.773000,-0.6185964941978455,-0.0020026981364935637
2023-05-26 18:51:18.794000,-0.5624284148216248,-0.002102593192830682
2023-05-26 18:52:18.824000,-0.3071059584617615,-0.0020905437413603067
2023-05-26 18:53:18.818000,-0.2816966474056244,-0.0021299649961292744
2023-05-26 18:54:18.768000,-0.24415630102157593,-0.0022001832257956266
2023-05-26 18:55:19.009000,-0.23092715442180634,-0.0021742982789874077
2023-05-26 18:56:19.068000,-0.2260989546775818,-0.0021367755252867937
2023-05-26 18:57:18.763000,-0.3888796269893646,-0.002099442295730114
2023-05-26 18:58:18.805000,-0.5833208560943604,-0.002098966157063842
2023-05-26 18:59:19.085000,-0.2787286639213562,-0.002099365461617708
2023-05-26 19:00:19.010000,-0.292110413312912,-0.0021164347417652607
2023-05-26 19:01:18.811000,-0.2860230803489685,-0.002184181706979871
2023-05-26 19:02:18.911000,-0.2925843894481659,-0.002099220408126712
2023-05-26 19:03:19.033000,-0.25021305680274963,-0.0021548643708229065
2023-05-26 19:04:18.872000,-0.2619624137878418,-0.0020674667321145535
2023-05-26 19:05:18.942000,-0.5985856652259827,-0.0020871355663985014
2023-05-26 19:06:18.845000,-0.40727755427360535,-0.0021076910197734833
2023-05-26 19:07:18.756000,-0.22423318028450012,-0.0021552746184170246
2023-05-26 19:08:19.017000,-0.20029166340827942,-0.002093086251989007
2023-05-26 19:09:19.256000,-0.26220741868019104,-0.002067745663225651
2023-05-26 19:10:19.006000,-0.25850850343704224,-0.0020306166261434555
2023-05-26 19:11:19.017000,-0.26320672035217285,-0.0018483389867469668
2023-05-26 19:12:18.983000,-0.49578604102134705,-0.0021763667464256287
2023-05-26 19:13:18.775000,-0.5063950419425964,-0.00197568628937006
2023-05-26 19:14:19.083000,-0.1958959847688675,-0.002028200076892972
2023-05-26 19:15:18.881000,-0.20142368972301483,-0.002101684221997857
2023-05-26 19:16:18.934000,-0.233076810836792,-0.002101777819916606
2023-05-26 19:17:18.981000,-0.2333236038684845,-0.0021049317438155413
2023-05-26 19:18:19.181000,-0.23629379272460938,-0.0021290213335305452
2023-05-26 19:19:19,-0.4153405427932739,-0.0021128221414983273
2023-05-26 19:20:19.021000,-0.6724566221237183,-0.0021094735711812973
2023-05-26 19:21:18.926000,-0.37072914838790894,-0.0020650476217269897
2023-05-26 19:22:19.249000,-0.22505879402160645,-0.0021039999555796385
2023-05-26 19:23:18.945000,-0.17530570924282074,-0.002142166718840599
2023-05-26 19:24:18.870000,-0.1794927716255188,-0.002142420969903469
2023-05-26 19:25:18.773000,-0.16964511573314667,-0.0021033666562289
2023-05-26 19:26:18.827000,-0.1706559956073761,-0.0021927400957792997
2023-05-26 19:27:18.890000,-0.5002487897872925,-0.002144395839422941
2023-05-26 19:28:19.217000,-0.4226745665073395,-0.0021716791670769453
2023-05-26 19:29:18.854000,-0.2527480721473694,-0.002084847539663315
2023-05-26 19:30:18.928000,-0.24209804832935333,-0.0021231186110526323
2023-05-26 19:31:19.050000,-0.24822796881198883,-0.0021220333874225616
2023-05-26 19:32:18.979000,-0.1933249831199646,-0.0020773049909621477
2023-05-26 19:33:19.025000,-0.176280677318573,-0.0019838621374219656
2023-05-26 19:34:18.877000,-0.37114810943603516,-0.0022423728369176388
2023-05-26 19:35:18.900000,-0.5336812138557434,-0.002056701807305217
2023-05-26 19:36:18.934000,-0.1815348118543625,-0.0020141832064837217
2023-05-26 19:37:18.786000,-0.1669558882713318,-0.002127283252775669
2023-05-26 19:38:18.968000,-0.22687701880931854,-0.0020939833484590054
2023-05-26 19:39:18.829000,-0.23943406343460083,-0.0020109829492866993
2023-05-26 19:40:18.775000,-0.25735241174697876,-0.0021018499974161386
2023-05-26 19:41:18.938000,-0.24935661256313324,-0.002152410801500082
2023-05-26 19:42:19.273000,-0.5687353014945984,-0.002080818172544241
2023-05-26 19:43:18.753000,-0.37349075078964233,-0.0021088114008307457
2023-05-26 19:44:18.945000,-0.22548988461494446,-0.0020824833773076534
2023-05-26 19:45:18.831000,-0.22095832228660583,-0.0022639259696006775
2023-05-26 19:46:18.763000,-0.2272680103778839,-0.0020404737442731857
2023-05-26 19:47:18.758000,-0.2863694727420807,-0.002022890839725733
2023-05-26 19:48:18.987000,-0.3129461705684662,-0.0021804445423185825
2023-05-26 19:49:18.932000,-0.5555252432823181,-0.002180211478844285
2023-05-26 19:50:18.878000,-0.619759202003479,-0.002254660939797759
2023-05-26 19:51:18.960000,-0.1984870880842209,-0.002099866745993495
2023-05-26 19:52:18.918000,-0.19688081741333008,-0.002056461526080966
2023-05-26 19:53:19.209000,-0.19497978687286377,-0.0020790339913219213
2023-05-26 19:54:18.795000,-0.2068605124950409,-0.0021106034982949495
2023-05-26 19:55:18.923000,-0.19355127215385437,-0.0021528678480535746
2023-05-26 19:56:18.901000,-0.262254536151886,-0.002112872665748
2023-05-26 19:57:18.864000,-0.6426577568054199,-0.0020228333305567503
2023-05-26 19:58:18.975000,-0.4184112548828125,-0.002161300042644143
2023-05-26 19:59:18.942000,-0.3244544565677643,-0.0020523148123174906
2023-05-26 20:00:18.952000,-0.30051955580711365,-0.0021780000533908606
2023-05-26 20:01:19.027000,-0.2427627593278885,-0.0020719636231660843
2023-05-26 20:02:18.762000,-0.23695001006126404,-0.0021064034663140774
2023-05-26 20:03:18.902000,-0.2329433113336563,-0.0021810666657984257
2023-05-26 20:04:18.853000,-0.5518733263015747,-0.0021222413051873446
2023-05-26 20:05:18.648000,-0.4820776879787445,-0.0020977165549993515
2023-05-26 20:06:18.765000,-0.22568701207637787,-0.002121600089594722
2023-05-26 20:07:19.045000,-0.29843947291374207,-0.0021374826319515705
2023-05-26 20:08:18.768000,-0.3023017346858978,-0.0021195332519710064
2023-05-26 20:09:18.936000,-0.3151262104511261,-0.002140263095498085
2023-05-26 20:10:18.738000,-0.2807996869087219,-0.002157016657292843
2023-05-26 20:11:18.836000,-0.39353829622268677,-0.0021658134646713734
2023-05-26 20:12:18.843000,-0.587077260017395,-0.002102999947965145
2023-05-26 20:13:18.720000,-0.258510559797287,-0.002062249928712845
2023-05-26 20:14:18.896000,-0.23423373699188232,-0.002189807128161192
2023-05-26 20:15:18.951000,-0.22200897336006165,-0.0021398812532424927
2023-05-26 20:16:18.914000,-0.20363998413085938,-0.0021165087819099426
2023-05-26 20:17:19.006000,-0.22898830473423004,-0.002093283226713538
2023-05-26 20:18:19.116000,-0.24773213267326355,-0.00215614540502429
2023-05-26 20:19:18.760000,-0.6055983901023865,-0.0021234333980828524
2023-05-26 20:20:18.822000,-0.36945194005966187,-0.0021432542707771063
2023-05-26 20:21:19.104000,-0.15691795945167542,-0.0021506270859390497
2023-05-26 20:22:19.144000,-0.1567779779434204,-0.002067627152428031
2023-05-26 20:23:18.687000,-0.15646104514598846,-0.0021075999829918146
2023-05-26 20:24:18.924000,-0.16580596566200256,-0.0021351578179746866
2023-05-26 20:25:18.874000,-0.15690934658050537,-0.002056433353573084
2023-05-26 20:26:18.891000,-0.42693397402763367,-0.002137599978595972
2023-05-26 20:27:18.742000,-0.5454451441764832,-0.0020969333127141
2023-05-26 20:28:18.745000,-0.24272114038467407,-0.0021591694094240665
2023-05-26 20:29:18.922000,-0.26021337509155273,-0.002036218298599124
2023-05-26 20:30:18.967000,-0.2113129049539566,-0.002042166655883193
2023-05-26 20:31:18.932000,-0.18358449637889862,-0.002174980007112026
2023-05-26 20:32:18.949000,-0.1835232526063919,-0.002114148112013936
2023-05-26 20:33:18.921000,-0.27210482954978943,-0.0021334527991712093
2023-05-26 20:34:18.912000,-0.5306986570358276,-0.002129910746589303
2023-05-26 20:35:19.158000,-0.23842129111289978,-0.0021208447869867086
2023-05-26 20:36:18.803000,-0.1966441571712494,-0.0021163509227335453
2023-05-26 20:37:19.184000,-0.22527731955051422,-0.0021710507571697235
2023-05-26 20:38:18.747000,-0.2370757758617401,-0.0021160999312996864
2023-05-26 20:39:19.224000,-0.2576134204864502,-0.002143305027857423
2023-05-26 20:40:18.607000,-0.20073023438453674,-0.0020838500931859016
2023-05-26 20:41:18.779000,-0.545071005821228,-0.0020837499760091305
2023-05-26 20:42:18.917000,-0.47811752557754517,-0.002095666714012623
2023-05-26 20:43:18.863000,-0.241836279630661,-0.0021006378810852766
2023-05-26 20:44:18.864000,-0.25106683373451233,-0.002108583226799965
2023-05-26 20:45:18.913000,-0.2399582862854004,-0.002178716706112027
2023-05-26 20:46:19.154000,-0.2784315347671509,-0.0020471694879233837
2023-05-26 20:47:18.831000,-0.3110819160938263,-0.002139749936759472
2023-05-26 20:48:18.888000,-0.4955070912837982,-0.0021175965666770935
2023-05-26 20:49:18.915000,-0.6865536570549011,-0.002140879398211837
2023-05-26 20:50:18.958000,-0.27566391229629517,-0.0021197241730988026
2023-05-26 20:51:18.892000,-0.2615785598754883,-0.002042333362624049
2023-05-26 20:52:18.958000,-0.24283209443092346,-0.0020602333825081587
2023-05-26 20:53:18.888000,-0.24473309516906738,-0.0020664911717176437
2023-05-26 20:54:18.941000,-0.24972644448280334,0.005772084929049015
2023-05-26 20:55:18.993000,-0.23307713866233826,-0.0006647999980486929
2023-05-26 20:56:18.934000,-0.2767198085784912,-0.002097509102895856
2023-05-26 20:57:18.866000,-0.284970760345459,-0.0020805499516427517
2023-05-26 20:58:18.913000,-0.27853912115097046,-0.0020409829448908567
2023-05-26 20:59:18.975000,-0.2898643910884857,-0.001982051646336913
2023-05-26 21:00:18.746000,-0.21120360493659973,0.00179301667958498
2023-05-26 21:01:18.851000,-0.2082613855600357,0.0084918811917305
2023-05-26 21:02:19.241000,-0.2082679718732834,0.0038290678057819605
2023-05-26 21:03:18.659000,-0.2076970636844635,0.004237898159772158
2023-05-26 21:04:18.819000,-0.2147672474384308,0.005010508466511965
2023-05-26 21:05:18.857000,-0.20867104828357697,0.005851305089890957
2023-05-26 21:06:18.880000,-0.2631242275238037,0.006410728674381971
2023-05-26 21:07:18.857000,-0.28083595633506775,0.006709758657962084
2023-05-26 21:08:18.953000,-0.28625068068504333,0.006853183265775442
2023-05-26 21:09:18.833000,-0.28767526149749756,0.006574333179742098
2023-05-26 21:10:18.796000,-0.2246977537870407,0.006373661104589701
2023-05-26 21:11:18.790000,-0.22780027985572815,0.006190466694533825
2023-05-26 21:12:18.925000,-0.1864473521709442,0.005974847357720137
2023-05-26 21:13:18.751000,-0.1849413365125656,0.005647694692015648
2023-05-26 21:14:18.858000,-0.20337389409542084,0.0010647833114489913
2023-05-26 21:15:18.963000,-0.1962181031703949,-0.0018321666866540909
2023-05-26 21:16:19.241000,-0.25680673122406006,-0.002040383405983448
2023-05-26 21:17:18.684000,-0.2346629947423935,-0.0020955167710781097
2023-05-26 21:18:18.801000,-0.20658662915229797,-0.0020557192619889975
2023-05-26 21:19:18.892000,-0.19058366119861603,0.00018130504759028554
2023-05-26 21:20:18.625000,-0.1351764053106308,0.019752362743020058
2023-05-26 21:21:18.913000,-0.13045375049114227,0.008700423873960972
2023-05-26 21:22:18.892000,-0.12990956008434296,0.008732762187719345
2023-05-26 21:23:19.207000,-0.1247701495885849,0.009181133471429348
2023-05-26 21:24:18.846000,-0.13111922144889832,0.009216466918587685
2023-05-26 21:25:18.961000,-0.1908920854330063,0.009182266891002655
2023-05-26 21:26:18.873000,-0.25491198897361755,0.008919983170926571
2023-05-26 21:27:18.926000,-0.26183590292930603,0.008634491823613644
2023-05-26 21:28:18.876000,-0.2669141888618469,0.008101684041321278
2023-05-26 21:29:18.876000,-0.24567945301532745,0.008015500381588936
2023-05-26 21:30:18.752000,-0.19736173748970032,0.007718216627836227
2023-05-26 21:31:19.254000,-0.22627867758274078,0.007878233678638935
2023-05-26 21:32:18.947000,-0.23150941729545593,0.008216525427997112
2023-05-26 21:33:18.883000,-0.23700298368930817,0.008477933704853058
2023-05-26 21:34:18.809000,-0.2607351243495941,0.00900731049478054
2023-05-26 21:35:18.751000,-0.29190823435783386,-0.0016362881287932396
2023-05-26 21:36:18.790000,-0.3189842104911804,-0.0020316666923463345
2023-05-26 21:37:18.817000,-0.31086793541908264,-0.0021507965866476297
2023-05-26 21:38:18.803000,-0.29436907172203064,-0.0020117333624511957
2023-05-26 21:39:18.707000,-0.23536044359207153,-0.001994016580283642
2023-05-26 21:40:18.791000,-0.23276546597480774,0.009397758170962334
2023-05-26 21:41:19.177000,-0.22610045969486237,0.015545783564448357
2023-05-26 21:42:19.435000,-0.22772960364818573,0.009368155151605606
2023-05-26 21:43:19.587000,-0.2265295833349228,0.009571759030222893
2023-05-26 21:44:19.395000,-0.24423542618751526,0.01001779641956091
2023-05-26 21:45:19.168000,-0.2995041310787201,0.010052532888948917
2023-05-26 21:46:19.288000,-0.2922499179840088,0.010566051118075848
2023-05-26 21:47:19.435000,-0.2986440658569336,0.012652586214244366
2023-05-26 21:48:19.353000,-0.2729041278362274,0.014619830064475536
2023-05-26 21:49:18.834000,-0.24474850296974182,0.01651248335838318
2023-05-26 21:50:18.849000,-0.2414928376674652,0.01854735054075718
2023-05-26 21:51:18.829000,-0.2384144365787506,0.02042430266737938
2023-05-26 21:52:18.816000,-0.23850110173225403,0.020812086760997772
2023-05-26 21:53:18.761000,-0.23239195346832275,0.021973423659801483
2023-05-26 21:54:18.782000,-0.26029103994369507,0.024851152673363686
2023-05-26 21:55:18.956000,-0.31494757533073425,0.028206288814544678
2023-05-26 21:56:18.790000,-0.2997432053089142,0.032331474125385284
2023-05-26 21:57:18.749000,-0.2914150059223175,0.03687605261802673
2023-05-26 21:58:19.011000,-0.25329652428627014,0.041495803743600845
2023-05-26 21:59:18.844000,-0.22127839922904968,0.04506300017237663
2023-05-26 22:00:18.660000,-0.2051733434200287,0.04715314880013466
2023-05-26 22:01:18.762000,-0.17191369831562042,0.048266999423503876
2023-05-26 22:02:18.801000,-0.171080082654953,0.04850960895419121
2023-05-26 22:03:18.801000,-0.17016270756721497,0.04924028366804123
2023-05-26 22:04:18.789000,-0.20743100345134735,0.05160549283027649
2023-05-26 22:05:18.751000,-0.2429502010345459,0.054937269538640976
2023-05-26 22:06:18.765000,-0.23745857179164886,0.057708799839019775
2023-05-26 22:07:19.058000,-0.2387833446264267,0.057591650635004044
2023-05-26 22:08:19.270000,-0.20559431612491608,0.054431430995464325
2023-05-26 22:09:18.712000,-0.2016192376613617,0.05146666616201401
2023-05-26 22:10:18.779000,-0.2027161866426468,0.050565432757139206
2023-05-26 22:11:19.091000,-0.19491629302501678,0.0512215681374073
2023-05-26 22:12:18.699000,-0.19196364283561707,0.05218973383307457
2023-05-26 22:13:18.970000,-0.18811146914958954,0.05286185070872307
2023-05-26 22:14:18.861000,-0.22839994728565216,0.05333244800567627
2023-05-26 22:15:18.844000,-0.2628607749938965,0.05472548305988312
2023-05-26 22:16:18.808000,-0.24348269402980804,0.05758940055966377
2023-05-26 22:17:18.706000,-0.23617978394031525,0.06129903346300125
2023-05-26 22:18:19.024000,-0.17880383133888245,0.06523698568344116
2023-05-26 22:19:18.728000,-0.17132747173309326,0.06918546557426453
2023-05-26 22:20:18.771000,-0.1706930696964264,0.0726708471775055
2023-05-26 22:21:18.772000,-0.15739740431308746,0.07613688707351685
2023-05-26 22:22:18.861000,-0.15679264068603516,0.08085647970438004
2023-05-26 22:23:18.887000,-0.1576126366853714,0.16779178380966187
2023-05-26 22:24:18.775000,-0.21148601174354553,0.1982199102640152
2023-05-26 22:25:18.754000,-0.2332625687122345,0.19911602139472961
2023-05-26 22:26:19.001000,-0.2400938719511032,0.19618801772594452
2023-05-26 22:27:18.794000,-0.2706073224544525,0.19203445315361023
2023-05-26 22:28:18.706000,-0.20503899455070496,0.18593651056289673
2023-05-26 22:29:18.742000,-0.22881163656711578,0.1778559535741806
2023-05-26 22:30:18.817000,-0.23583710193634033,0.17130616307258606
2023-05-26 22:31:18.758000,-0.23243838548660278,0.17126552760601044
2023-05-26 22:32:18.709000,-0.2349570095539093,0.17902708053588867
2023-05-26 22:33:18.874000,-0.23842205107212067,0.18943911790847778
2023-05-26 22:34:19.154000,-0.30322200059890747,0.1980811506509781
2023-05-26 22:35:18.695000,-0.31282082200050354,0.2054387629032135
2023-05-26 22:36:19.152000,-0.28892436623573303,0.2158670276403427
2023-05-26 22:37:18.765000,-0.24583615362644196,0.2297312319278717
2023-05-26 22:38:18.893000,-0.22815415263175964,0.24439764022827148
2023-05-26 22:39:18.813000,-0.22821259498596191,0.25784945487976074
2023-05-26 22:40:18.554000,-0.23435385525226593,0.2678985893726349
2023-05-26 22:41:18.920000,-0.22896166145801544,0.2734678089618683
2023-05-26 22:42:18.883000,-0.2209566831588745,0.2757558226585388
2023-05-26 22:43:18.710000,-0.2816592752933502,0.27786874771118164
2023-05-26 22:44:18.796000,-0.257463276386261,0.2787410616874695
2023-05-26 22:45:19.044000,-0.2546926736831665,0.2785210609436035
2023-05-26 22:46:18.822000,-0.211003378033638,0.2804097533226013
2023-05-26 22:47:18.788000,-0.1855352818965912,0.28271108865737915
2023-05-26 22:48:18.789000,-0.1877879649400711,0.2889650762081146
2023-05-26 22:49:18.752000,-0.19513815641403198,0.29898858070373535
2023-05-26 22:50:19.124000,-0.21503858268260956,0.3073047995567322
2023-05-26 22:51:18.786000,-0.24338972568511963,0.3112415373325348
2023-05-26 22:52:18.852000,-0.31569284200668335,0.3101435601711273
2023-05-26 22:53:18.968000,-0.31342723965644836,0.3058216869831085
2023-05-26 22:54:18.728000,-0.3160829544067383,0.30012208223342896
2023-05-26 22:55:19.120000,-0.28443387150764465,0.2966615557670593
2023-05-26 22:56:18.819000,-0.22809664905071259,0.30235251784324646
2023-05-26 22:57:18.746000,-0.22222058475017548,0.31619301438331604
2023-05-26 22:58:18.674000,-0.21860046684741974,0.33417800068855286
2023-05-26 22:59:18.820000,-0.21842913329601288,0.3577786684036255
2023-05-26 23:00:18.649000,-0.22401446104049683,0.3854452073574066
2023-05-26 23:01:18.885000,-0.2789834141731262,0.4159306585788727
2023-05-26 23:02:18.735000,-0.2846582531929016,0.44617825746536255
2023-05-26 23:03:18.770000,-0.24488197267055511,0.4792400896549225
2023-05-26 23:04:18.757000,-0.1946103721857071,0.5140048861503601
2023-05-26 23:05:18.702000,-0.16333483159542084,0.5531829595565796
2023-05-26 23:06:18.755000,-0.1567995250225067,0.5872427821159363
2023-05-26 23:07:18.678000,-0.1598389595746994,0.6079815030097961
2023-05-26 23:08:18.705000,-0.16657260060310364,0.6246574521064758
2023-05-26 23:09:18.724000,-0.17391465604305267,0.6300246715545654
2023-05-26 23:10:18.800000,-0.23817963898181915,0.630799412727356
2023-05-26 23:11:18.686000,-0.2461574226617813,0.6333636045455933
2023-05-26 23:12:18.710000,-0.2434212565422058,0.6418413519859314
2023-05-26 23:13:18.750000,-0.23138511180877686,0.6401932835578918
2023-05-26 23:14:19.002000,-0.1726403534412384,0.6495091915130615
2023-05-26 23:15:18.801000,-0.17837736010551453,0.6466699242591858
2023-05-26 23:16:18.740000,-0.1600789874792099,0.6372480988502502
2023-05-26 23:17:18.903000,-0.1541491448879242,0.6375340819358826
2023-05-26 23:18:18.804000,-0.1540437638759613,0.6297342777252197
2023-05-26 23:19:18.703000,-0.155265212059021,0.6300201416015625
2023-05-26 23:20:18.691000,-0.23226340115070343,0.6324664354324341
2023-05-26 23:21:18.779000,-0.2328946590423584,0.6342734694480896
2023-05-26 23:22:18.974000,-0.2716711461544037,0.634617805480957
2023-05-26 23:23:18.751000,-0.2762530744075775,0.6316120028495789
2023-05-26 23:24:18.716000,-0.21130801737308502,0.6229332089424133
2023-05-26 23:25:18.599000,-0.23694589734077454,0.6153570413589478
2023-05-26 23:26:18.820000,-0.21898286044597626,0.6138018369674683
2023-05-26 23:27:18.731000,-0.20432040095329285,0.6100501418113708
2023-05-26 23:28:18.857000,-0.19080673158168793,0.6000180244445801
2023-05-26 23:29:18.757000,-0.19602523744106293,0.5918379426002502
2023-05-26 23:30:18.842000,-0.24404320120811462,0.5881977081298828
2023-05-26 23:31:18.751000,-0.26571711897850037,0.5978448390960693
2023-05-26 23:32:18.825000,-0.26068639755249023,0.6207971572875977
2023-05-26 23:33:18.686000,-0.26202237606048584,0.623913049697876
2023-05-26 23:34:18.729000,-0.2535400092601776,0.607074499130249
2023-05-26 23:35:18.678000,-0.2586439847946167,0.5860063433647156
2023-05-26 23:36:18.661000,-0.24732838571071625,0.6180177927017212
2023-05-26 23:37:18.821000,-0.24013757705688477,0.6713737845420837
2023-05-26 23:38:18.744000,-0.23689529299736023,0.6910686492919922
2023-05-26 23:39:18.764000,-0.23347073793411255,0.6724559664726257
2023-05-26 23:40:18.634000,-0.25434601306915283,0.6376312971115112
2023-05-26 23:41:18.650000,-0.2960995137691498,0.62169349193573
2023-05-26 23:42:18.780000,-0.29983264207839966,0.6007709503173828
2023-05-26 23:43:18.726000,-0.3024243414402008,0.5515229105949402
2023-05-26 23:44:18.696000,-0.27910488843917847,0.49859118461608887
2023-05-26 23:45:18.673000,-0.22929398715496063,0.4956309199333191
2023-05-26 23:46:18.901000,-0.21727211773395538,0.5095123648643494
2023-05-26 23:47:18.663000,-0.21278038620948792,0.553517758846283
2023-05-26 23:48:18.669000,-0.2178523987531662,0.5993476510047913
2023-05-26 23:49:18.755000,-0.2258819043636322,0.6278629302978516
2023-05-26 23:50:18.747000,-0.23282845318317413,0.6543524861335754
2023-05-26 23:51:18.717000,-0.28104716539382935,0.684243381023407
2023-05-26 23:52:18.641000,-0.2918546199798584,0.7112187743186951
2023-05-26 23:53:18.798000,-0.2883687913417816,0.7174564599990845
2023-05-26 23:54:18.734000,-0.28644895553588867,0.706137478351593
2023-05-26 23:55:18.680000,-0.22657158970832825,0.6750295162200928
2023-05-26 23:56:19.107000,-0.20977051556110382,0.6429935693740845
2023-05-26 23:57:18.725000,-0.2033928632736206,0.5953881144523621
2023-05-26 23:58:18.784000,-0.19416262209415436,0.5755388736724854
2023-05-26 23:59:18.688000,-0.1536700427532196,0.5193970203399658
2023-05-27 00:00:18.733000,-0.17597858607769012,0.4837479591369629
2023-05-27 00:01:18.683000,-0.22055618464946747,0.5038686394691467
2023-05-27 00:02:18.733000,-0.21925315260887146,0.5202226638793945
2023-05-27 00:03:18.732000,-0.22572574019432068,0.47299233078956604
2023-05-27 00:04:18.613000,-0.1947883665561676,0.4025081396102905
2023-05-27 00:05:18.526000,-0.17074622213840485,0.3979787230491638
2023-05-27 00:06:18.605000,-0.1647999882698059,0.4093872606754303
2023-05-27 00:07:18.673000,-0.1665700227022171,0.36703985929489136
2023-05-27 00:08:18.749000,-0.1745496690273285,0.332594096660614
2023-05-27 00:09:18.807000,-0.16958162188529968,0.3343704640865326
2023-05-27 00:10:18.873000,-0.16815918684005737,0.359884649515152
2023-05-27 00:11:18.649000,-0.20621030032634735,0.36274290084838867
2023-05-27 00:12:18.772000,-0.2020070105791092,0.3785955607891083
2023-05-27 00:13:18.713000,-0.19847922027111053,0.4308938682079315
2023-05-27 00:14:18.724000,-0.1788966804742813,0.5431904196739197
2023-05-27 00:15:18.720000,-0.13709057867527008,0.6752684712409973
2023-05-27 00:16:18.888000,-0.12291219830513,0.7702726721763611
2023-05-27 00:17:18.627000,-0.16536429524421692,0.8156555891036987
2023-05-27 00:18:18.649000,-0.294295996427536,0.8798657655715942
2023-05-27 00:19:18.566000,-0.31703460216522217,0.997992217540741
2023-05-27 00:20:18.780000,-0.3234724998474121,1.0356149673461914
2023-05-27 00:21:18.812000,-0.38020455837249756,1.077285647392273
2023-05-27 00:22:19.017000,-0.3765622675418854,1.125359296798706
2023-05-27 00:23:18.840000,-0.3798415958881378,1.150170087814331
2023-05-27 00:24:18.640000,-0.3630373179912567,1.0906919240951538
2023-05-27 00:25:19.053000,-0.3124185800552368,1.0077426433563232
2023-05-27 00:26:18.720000,-0.30565300583839417,0.9831699132919312
2023-05-27 00:27:18.682000,-0.3065882623195648,1.0322444438934326
2023-05-27 00:28:18.743000,-0.31375229358673096,0.9910663962364197
2023-05-27 00:29:18.725000,-0.31945911049842834,0.9300957918167114
2023-05-27 00:30:18.643000,-0.34117159247398376,0.9546065330505371
2023-05-27 00:31:18.632000,-0.3820032775402069,1.0173423290252686
2023-05-27 00:32:18.704000,-0.37990254163742065,1.0948231220245361
2023-05-27 00:33:18.661000,-0.3790386915206909,1.1089905500411987
2023-05-27 00:34:18.714000,-0.3189157545566559,1.13706636428833
2023-05-27 00:35:18.708000,-0.3145656883716583,1.0502290725708008
2023-05-27 00:36:18.640000,-0.3013870418071747,0.9991737604141235
2023-05-27 00:37:18.682000,-0.2929990291595459,0.9113327264785767
2023-05-27 00:38:18.770000,-0.27237749099731445,0.8198099136352539
2023-05-27 00:39:18.678000,-0.17153504490852356,0.7339345216751099
2023-05-27 00:40:18.557000,-0.23137328028678894,0.6513752341270447
2023-05-27 00:41:18.710000,-0.22435572743415833,0.5881673693656921
2023-05-27 00:42:18.689000,-0.2191232442855835,0.5653338432312012
2023-05-27 00:43:18.745000,-0.18694628775119781,0.5887986421585083
2023-05-27 00:44:18.801000,-0.15119756758213043,0.6418278813362122
2023-05-27 00:45:18.654000,-0.1586526483297348,0.734460175037384
2023-05-27 00:46:18.820000,-0.16474604606628418,0.7872686386108398
2023-05-27 00:47:18.689000,-0.19690600037574768,0.7790367603302002
2023-05-27 00:48:18.673000,-0.2066163718700409,0.7681908011436462
2023-05-27 00:49:18.729000,-0.7195146679878235,0.8140336275100708
2023-05-27 00:50:18.571000,-1.523701548576355,0.8823901414871216
2023-05-27 00:51:18.894000,-1.5342261791229248,0.9843324422836304
2023-05-27 00:52:18.769000,-1.531290054321289,1.0312341451644897
2023-05-27 00:53:18.696000,-1.4636329412460327,1.0956774950027466
2023-05-27 00:54:18.746000,-1.465160608291626,1.1805557012557983
2023-05-27 00:55:18.993000,-0.8443609476089478,1.2875115871429443
2023-05-27 00:56:18.708000,-0.27088963985443115,1.585734248161316
2023-05-27 00:57:18.676000,-0.28168168663978577,1.692191243171692
2023-05-27 00:58:18.775000,-0.26928332448005676,1.5715320110321045
2023-05-27 00:59:18.726000,-0.3320939838886261,1.617967963218689
2023-05-27 01:00:18.708000,-0.3958194851875305,1.2379240989685059
2023-05-27 01:01:18.599000,-0.4179125726222992,1.1152490377426147
2023-05-27 01:02:18.728000,-0.36442312598228455,1.3897340297698975
2023-05-27 01:03:18.623000,-0.3385342061519623,1.4181334972381592
2023-05-27 01:04:18.649000,-0.34140685200691223,1.7241300344467163
2023-05-27 01:05:18.648000,-0.340702623128891,1.9546968936920166
2023-05-27 01:06:18.680000,-0.3426419496536255,2.0968565940856934
2023-05-27 01:07:18.711000,-0.3411023020744324,2.2260797023773193
2023-05-27 01:08:18.634000,-0.3969932496547699,2.5541629791259766
2023-05-27 01:09:18.688000,-0.421161949634552,2.7670793533325195
2023-05-27 01:10:18.591000,-0.4262029826641083,2.645683526992798
2023-05-27 01:11:18.621000,-0.42373722791671753,2.3463964462280273
2023-05-27 01:12:18.723000,-0.3440464735031128,1.6519311666488647
2023-05-27 01:13:18.925000,-0.3462235927581787,1.3939968347549438
2023-05-27 01:14:18.674000,-0.36918213963508606,1.1933284997940063
2023-05-27 01:15:18.736000,-0.3799653947353363,1.1620091199874878
2023-05-27 01:16:18.620000,-0.3462464213371277,1.1398556232452393
2023-05-27 01:17:18.665000,-0.31867027282714844,1.0774394273757935
2023-05-27 01:18:18.664000,-0.3626025319099426,1.0415778160095215
2023-05-27 01:19:18.715000,-0.2801532745361328,1.0342854261398315
2023-05-27 01:20:18.653000,-0.2589836120605469,0.973023533821106
2023-05-27 01:21:18.653000,-0.26300764083862305,1.1234564781188965
2023-05-27 01:22:18.697000,-0.21435993909835815,1.166121244430542
2023-05-27 01:23:18.808000,-0.18328937888145447,1.0052987337112427
2023-05-27 01:24:18.639000,-0.18389712274074554,0.8637641072273254
2023-05-27 01:25:18.417000,-0.19109389185905457,0.7963314056396484
2023-05-27 01:26:18.666000,-0.18693608045578003,0.724740743637085
2023-05-27 01:27:18.602000,-0.17640669643878937,0.6553533673286438
2023-05-27 01:28:18.990000,-0.19430871307849884,0.6081667542457581
2023-05-27 01:29:18.705000,-0.24730291962623596,0.594396710395813
2023-05-27 01:30:18.643000,-0.25054872035980225,0.6044495105743408
2023-05-27 01:31:18.602000,-0.25372597575187683,0.5995017290115356
2023-05-27 01:32:18.654000,-0.22952410578727722,0.5673018097877502
2023-05-27 01:33:18.660000,-0.17561805248260498,0.5084870457649231
2023-05-27 01:34:18.727000,-0.21746912598609924,0.4399701654911041
2023-05-27 01:35:18.744000,-0.16067971289157867,0.41851893067359924
2023-05-27 01:36:18.637000,-0.11768089979887009,0.4117017388343811
2023-05-27 01:37:18.643000,-0.16006875038146973,0.38556578755378723
2023-05-27 01:38:18.637000,-0.24520406126976013,0.3610575795173645
2023-05-27 01:39:19.112000,-0.308674693107605,0.3390013873577118
2023-05-27 01:40:18.598000,-0.3264541029930115,0.3220084011554718
2023-05-27 01:41:18.518000,-0.3279581069946289,0.31591665744781494
2023-05-27 01:42:18.684000,-0.31832876801490784,0.3210766911506653
2023-05-27 01:43:18.604000,-0.23625335097312927,0.3266959488391876
2023-05-27 01:44:18.791000,-0.1749969869852066,0.3235345184803009
2023-05-27 01:45:18.719000,-0.22407907247543335,0.3235430419445038
2023-05-27 01:46:18.514000,-0.5829662084579468,0.3279755413532257
2023-05-27 01:47:18.546000,-0.5962687730789185,0.3147747814655304
2023-05-27 01:48:18.573000,-0.2988324463367462,0.2882377803325653
2023-05-27 01:49:18.785000,-0.30369725823402405,0.25843140482902527
2023-05-27 01:50:18.574000,-0.3223437964916229,0.23922836780548096
2023-05-27 01:51:18.620000,-0.33032169938087463,0.23431111872196198
2023-05-27 01:52:18.700000,-0.2561769485473633,0.23354370892047882
2023-05-27 01:53:18.758000,-0.2583024501800537,0.23467883467674255
2023-05-27 01:54:19.050000,-0.24804864823818207,0.23533469438552856
2023-05-27 01:55:18.530000,-0.25232890248298645,0.23494765162467957
2023-05-27 01:56:18.737000,-0.24882248044013977,0.23386265337467194
2023-05-27 01:57:18.648000,-0.266968309879303,0.24114850163459778
2023-05-27 01:58:18.920000,-0.30915167927742004,0.2672039866447449
2023-05-27 01:59:18.737000,-0.3114696443080902,0.3087790608406067
2023-05-27 02:00:18.723000,-0.31680914759635925,0.348291277885437
2023-05-27 02:01:18.533000,-0.24108931422233582,0.36970365047454834
2023-05-27 02:02:18.582000,-0.23547090590000153,0.37263351678848267
2023-05-27 02:03:18.498000,-0.23087796568870544,0.3556813597679138
2023-05-27 02:04:18.604000,-0.23274929821491241,0.32118669152259827
2023-05-27 02:05:18.372000,-0.23918043076992035,0.2909071743488312
2023-05-27 02:06:18.684000,-0.24718761444091797,0.28312504291534424
2023-05-27 02:07:18.567000,-0.31044021248817444,0.30726873874664307
2023-05-27 02:08:18.627000,-0.32247060537338257,0.36401283740997314
2023-05-27 02:09:18.608000,-0.3160867691040039,0.4300997257232666
2023-05-27 02:10:18.623000,-0.29460543394088745,0.46491312980651855
2023-05-27 02:11:18.629000,-0.25677746534347534,0.46847277879714966
2023-05-27 02:12:18.581000,-0.24541403353214264,0.4603371024131775
2023-05-27 02:13:18.493000,-0.24634896218776703,0.45348894596099854
2023-05-27 02:14:18.736000,-0.23758073151111603,0.4486832618713379
2023-05-27 02:15:18.635000,-0.23000048100948334,0.44222503900527954
2023-05-27 02:16:18.524000,-0.23655135929584503,0.4373630881309509
2023-05-27 02:17:18.556000,-0.28238868713378906,0.43480926752090454
2023-05-27 02:18:18.716000,-0.2791251540184021,0.4289391040802002
2023-05-27 02:19:18.618000,-0.27819007635116577,0.42121419310569763
2023-05-27 02:20:18.511000,-0.24883535504341125,0.40998375415802
2023-05-27 02:21:18.617000,-0.21473191678524017,0.40300416946411133
2023-05-27 02:22:18.565000,-0.206485778093338,0.4065568447113037
2023-05-27 02:23:18.700000,-0.19296278059482574,0.41271865367889404
2023-05-27 02:24:18.720000,-0.16529561579227448,0.4159889221191406
2023-05-27 02:25:19.026000,-0.16135305166244507,0.42495203018188477
2023-05-27 02:26:19.077000,-0.19359628856182098,0.444301575422287
2023-05-27 02:27:18.475000,-0.2348148375749588,0.46317893266677856
2023-05-27 02:28:18.596000,-0.24305541813373566,0.48396632075309753
2023-05-27 02:29:18.615000,-0.23938149213790894,0.5024738311767578
2023-05-27 02:30:18.466000,-0.1998569816350937,0.5295721292495728
2023-05-27 02:31:18.653000,-0.22654902935028076,0.5661638975143433
2023-05-27 02:32:18.619000,-0.22333048284053802,0.591793417930603
2023-05-27 02:33:18.766000,-0.1827710121870041,0.6124183535575867
2023-05-27 02:34:18.631000,-0.17458447813987732,0.6333541870117188
2023-05-27 02:35:18.634000,-0.17354421317577362,0.655632734298706
2023-05-27 02:36:18.714000,-0.2264508157968521,0.6676150560379028
2023-05-27 02:37:18.708000,-0.23227638006210327,0.6913918256759644
2023-05-27 02:38:18.549000,-0.23315119743347168,0.7659895420074463
2023-05-27 02:39:18.634000,-0.224010169506073,0.8206957578659058
2023-05-27 02:40:18.487000,-0.17520062625408173,0.844786524772644
2023-05-27 02:41:18.484000,-0.18304011225700378,0.8657535910606384
2023-05-27 02:42:18.604000,-0.17492829263210297,0.8864269852638245
2023-05-27 02:43:18.600000,-0.17413227260112762,0.8794698119163513
2023-05-27 02:44:18.509000,-0.16607418656349182,0.8662862777709961
2023-05-27 02:45:18.307000,-0.21618987619876862,0.891573429107666
2023-05-27 02:46:18.503000,-0.2693701386451721,0.9487000107765198
2023-05-27 02:47:18.504000,-0.2767150104045868,1.0181444883346558
2023-05-27 02:48:18.636000,-0.2779008150100708,1.0586419105529785
2023-05-27 02:49:18.546000,-0.23886118829250336,1.0193829536437988
2023-05-27 02:50:18.621000,-0.24303007125854492,0.9827160239219666
2023-05-27 02:51:18.971000,-0.2547750771045685,1.0210816860198975
2023-05-27 02:52:18.549000,-0.24807874858379364,0.9814455509185791
2023-05-27 02:53:18.438000,-0.24343985319137573,1.0060341358184814
2023-05-27 02:54:18.594000,-0.26552847027778625,1.0653115510940552
2023-05-27 02:55:18.640000,-0.3119998276233673,1.1920911073684692
2023-05-27 02:56:18.873000,-0.30961886048316956,1.1692636013031006
2023-05-27 02:57:18.584000,-0.30169418454170227,1.1657159328460693
2023-05-27 02:58:18.579000,-0.23421147465705872,0.9751039147377014
2023-05-27 02:59:18.837000,-0.220614954829216,0.9121999740600586
2023-05-27 03:00:18.535000,-0.22219376266002655,1.032923936843872
2023-05-27 03:01:18.545000,-0.2314901500940323,1.1539816856384277
2023-05-27 03:02:18.558000,-0.2174171656370163,1.0256561040878296
2023-05-27 03:03:18.477000,-0.21947714686393738,0.8385267853736877
2023-05-27 03:04:18.564000,-0.2773053050041199,0.7662558555603027
2023-05-27 03:05:18.772000,-0.28652891516685486,0.881427526473999
2023-05-27 03:06:18.501000,-0.29224124550819397,1.3837738037109375
2023-05-27 03:07:18.604000,-0.2521691918373108,1.7042592763900757
2023-05-27 03:08:18.503000,-0.18430931866168976,2.264690399169922
2023-05-27 03:09:18.550000,-0.1858377605676651,1.8950594663619995
2023-05-27 03:10:18.568000,-0.1875176727771759,1.2758179903030396
2023-05-27 03:11:18.433000,-0.19091957807540894,1.0299723148345947
2023-05-27 03:12:18.511000,-0.17766986787319183,0.9934293627738953
2023-05-27 03:13:18.547000,-0.1807135045528412,1.7314190864562988
2023-05-27 03:14:18.626000,-0.286253958940506,1.7288671731948853
2023-05-27 03:15:18.574000,-0.2973734736442566,1.5560857057571411
2023-05-27 03:16:18.549000,-0.3053191900253296,1.2968668937683105
2023-05-27 03:17:18.450000,-0.27619653940200806,1.2335890531539917
2023-05-27 03:18:18.512000,-0.21636471152305603,1.280678629875183
2023-05-27 03:19:18.573000,-0.21471048891544342,1.2693431377410889
2023-05-27 03:20:18.569000,-0.21340185403823853,2.4467270374298096
2023-05-27 03:21:18.543000,-0.2256336510181427,2.9939286708831787
2023-05-27 03:22:18.553000,-0.21900959312915802,2.8785576820373535
2023-05-27 03:23:18.551000,-0.22473856806755066,2.3241219520568848
2023-05-27 03:24:18.579000,-0.2990818917751312,2.6588518619537354
2023-05-27 03:25:18.468000,-0.2979990839958191,2.1192591190338135
2023-05-27 03:26:18.748000,-0.2581775188446045,1.8053452968597412
2023-05-27 03:27:18.523000,-0.2207707315683365,1.6659191846847534
2023-05-27 03:28:18.537000,-0.17941328883171082,1.6816531419754028
2023-05-27 03:29:18.477000,-0.1805274784564972,1.0305790901184082
2023-05-27 03:30:18.547000,-0.18074479699134827,0.9381934404373169
2023-05-27 03:31:18.602000,-0.1908169984817505,1.3592486381530762
2023-05-27 03:32:18.538000,-0.1814776211977005,1.114241361618042
2023-05-27 03:33:18.548000,-0.18087740242481232,1.153186559677124
2023-05-27 03:34:18.506000,-0.24169981479644775,2.0370774269104004
2023-05-27 03:35:18.457000,-0.2422960102558136,1.4191838502883911
2023-05-27 03:36:18.517000,-0.2470618635416031,1.3621188402175903
2023-05-27 03:37:18.603000,-0.22304482758045197,2.1555845737457275
2023-05-27 03:38:18.618000,-0.16598857939243317,1.5782603025436401
2023-05-27 03:39:18.438000,-0.16679570078849792,2.3306517601013184
2023-05-27 03:40:18.488000,-0.16437792778015137,1.7500998973846436
2023-05-27 03:41:18.527000,-0.16867448389530182,1.2875487804412842
2023-05-27 03:42:18.516000,-0.1894538551568985,1.189312219619751
2023-05-27 03:43:18.692000,-0.19359666109085083,1.5565648078918457
2023-05-27 03:44:18.545000,-0.2686937749385834,1.9095019102096558
2023-05-27 03:45:18.528000,-0.28283384442329407,1.6210778951644897
2023-05-27 03:46:18.524000,-0.2975449562072754,1.201974868774414
2023-05-27 03:47:18.499000,-0.2737918496131897,1.3823230266571045
2023-05-27 03:48:18.395000,-0.22018790245056152,1.2918843030929565
2023-05-27 03:49:18.529000,-0.18405555188655853,1.315187931060791
2023-05-27 03:50:18.618000,-0.1865524798631668,1.5150773525238037
2023-05-27 03:51:18.511000,-0.19584572315216064,2.0418660640716553
2023-05-27 03:52:18.457000,-0.18484552204608917,2.148960590362549
2023-05-27 03:53:18.547000,-0.19801804423332214,1.6474584341049194
2023-05-27 03:54:18.500000,-0.24768540263175964,1.6152315139770508
2023-05-27 03:55:18.579000,-0.2490120232105255,1.567326307296753
2023-05-27 03:56:18.682000,-0.3180924952030182,1.4809068441390991
2023-05-27 03:57:18.600000,-0.27120038866996765,1.378785252571106
2023-05-27 03:58:18.432000,-0.2298951894044876,1.5050946474075317
2023-05-27 03:59:18.516000,-0.22899723052978516,1.4890849590301514
2023-05-27 04:00:18.567000,-0.22923122346401215,1.7754589319229126
2023-05-27 04:01:18.601000,-0.23494833707809448,3.1370294094085693
2023-05-27 04:02:18.410000,-0.2296488881111145,3.101081609725952
2023-05-27 04:03:18.546000,-0.2465723305940628,2.1826038360595703
2023-05-27 04:04:18.449000,-0.29913297295570374,2.1382405757904053
2023-05-27 04:05:18.287000,-0.3033493459224701,1.6412336826324463
2023-05-27 04:06:18.445000,-0.3181459605693817,1.4220703840255737
2023-05-27 04:07:18.499000,-0.27316734194755554,2.0755252838134766
2023-05-27 04:08:18.489000,-0.24808809161186218,1.5875879526138306
2023-05-27 04:09:18.496000,-0.2460326850414276,1.089681625366211
2023-05-27 04:10:18.624000,-0.24353834986686707,1.0457931756973267
2023-05-27 04:11:18.524000,-0.2416837364435196,1.0192819833755493
2023-05-27 04:12:18.425000,-0.2362808883190155,1.016154170036316
2023-05-27 04:13:18.403000,-0.2783343195915222,1.0038517713546753
2023-05-27 04:14:18.536000,-0.299182265996933,1.0110101699829102
2023-05-27 04:15:18.507000,-0.2938064932823181,0.9986562728881836
2023-05-27 04:16:18.583000,-0.29849210381507874,0.9529452323913574
2023-05-27 04:17:18.733000,-0.23803339898586273,0.9654595255851746
2023-05-27 04:18:18.532000,-0.21810729801654816,0.949772834777832
2023-05-27 04:19:18.429000,-0.21820072829723358,0.9026676416397095
2023-05-27 04:20:18.518000,-0.24082328379154205,0.8960307836532593
2023-05-27 04:21:18.567000,-0.24260514974594116,0.8454251289367676
2023-05-27 04:22:18.688000,-0.19412662088871002,0.830676257610321
2023-05-27 04:23:18.523000,-0.23962652683258057,0.8886071443557739
2023-05-27 04:24:18.587000,-0.2860721945762634,1.0607988834381104
2023-05-27 04:25:18.424000,-0.2849505841732025,1.3173798322677612
2023-05-27 04:26:18.500000,-0.26424095034599304,1.8346654176712036
2023-05-27 04:27:18.666000,-0.22271770238876343,2.853527545928955
2023-05-27 04:28:18.421000,-0.22712936997413635,3.193546772003174
2023-05-27 04:29:18.395000,-0.20678891241550446,3.048572301864624
2023-05-27 04:30:18.369000,-0.20390696823596954,2.9863500595092773
2023-05-27 04:31:18.464000,-0.19682998955249786,2.8862340450286865
2023-05-27 04:32:18.576000,-0.22779612243175507,1.0992714166641235
2023-05-27 04:33:18.502000,-0.2427588701248169,2.777743101119995
2023-05-27 04:34:18.533000,-0.2200845330953598,2.7218077182769775
2023-05-27 04:35:18.496000,-0.16933399438858032,2.279442310333252
2023-05-27 04:36:18.429000,-0.11339010298252106,2.593083620071411
2023-05-27 04:37:18.375000,-0.13748086988925934,2.790069818496704
2023-05-27 04:38:18.453000,-0.14208316802978516,2.7831788063049316
2023-05-27 04:39:18.421000,-0.15420687198638916,2.3392412662506104
2023-05-27 04:40:18.307000,-0.2125413864850998,2.772805690765381
2023-05-27 04:41:18.412000,-0.24624593555927277,2.6193487644195557
2023-05-27 04:42:18.367000,-0.32245609164237976,2.1656360626220703
2023-05-27 04:43:18.530000,-0.3366086781024933,2.0898919105529785
2023-05-27 04:44:18.457000,-0.33715716004371643,2.778247594833374
2023-05-27 04:45:18.486000,-0.2644469738006592,2.840040445327759
2023-05-27 04:46:18.435000,-0.27947163581848145,2.8151254653930664
2023-05-27 04:47:18.381000,-0.2824384570121765,2.1208627223968506
2023-05-27 04:48:18.677000,-0.2934946119785309,2.53351092338562
2023-05-27 04:49:18.492000,-0.29513031244277954,0.8348186016082764
2023-05-27 04:50:18.593000,-0.3011280298233032,0.8005334138870239
2023-05-27 04:51:18.438000,-0.3680891692638397,0.7942883372306824
2023-05-27 04:52:18.503000,-0.36846810579299927,1.2047759294509888
2023-05-27 04:53:18.669000,-0.36214762926101685,1.7958388328552246
2023-05-27 04:54:18.472000,-0.3312316834926605,0.9864203929901123
2023-05-27 04:55:18.362000,-0.286357045173645,1.3910902738571167
2023-05-27 04:56:18.553000,-0.27467793226242065,0.9812210202217102
2023-05-27 04:57:18.477000,-0.2732183337211609,1.1754271984100342
2023-05-27 04:58:18.416000,-0.2727850377559662,2.7519350051879883
2023-05-27 04:59:18.459000,-0.26970869302749634,2.856036901473999
2023-05-27 05:00:18.444000,-0.29307112097740173,2.7148525714874268
2023-05-27 05:01:18.394000,-0.3526792526245117,2.834913492202759
2023-05-27 05:02:18.368000,-0.340485543012619,1.1559773683547974
2023-05-27 05:03:18.416000,-0.33913177251815796,1.4510071277618408
2023-05-27 05:04:18.449000,-0.29849570989608765,2.8834524154663086
2023-05-27 05:05:18.459000,-0.263977974653244,2.377729654312134
2023-05-27 05:06:18.457000,-0.268908828496933,1.8760228157043457
2023-05-27 05:07:18.451000,-0.2602260410785675,1.3538883924484253
2023-05-27 05:08:18.415000,-0.2617877125740051,0.9748667478561401
2023-05-27 05:09:18.460000,-0.2594224810600281,1.391908884048462
2023-05-27 05:10:18.528000,-0.26794421672821045,1.4431806802749634
2023-05-27 05:11:18.409000,-0.3285146951675415,0.9921359419822693
2023-05-27 05:12:18.420000,-0.3292951285839081,1.1191970109939575
2023-05-27 05:13:18.464000,-0.3256600499153137,1.7680788040161133
2023-05-27 05:14:18.516000,-0.3081739544868469,2.921259880065918
2023-05-27 05:15:18.457000,-0.24693965911865234,1.960470199584961
2023-05-27 05:16:18.423000,-0.24273836612701416,1.6406513452529907
2023-05-27 05:17:18.445000,-0.24026216566562653,1.1721482276916504
2023-05-27 05:18:18.354000,-0.20530222356319427,0.8186888694763184
2023-05-27 05:19:18.387000,-0.17429497838020325,0.7078734636306763
2023-05-27 05:20:18.257000,-0.13956290483474731,0.7408899068832397
2023-05-27 05:21:18.392000,-0.17779111862182617,0.8087649941444397
2023-05-27 05:22:18.869000,-0.2090214043855667,0.8314548134803772
2023-05-27 05:23:18.399000,-0.20320504903793335,0.8287189602851868
2023-05-27 05:24:18.541000,-0.2075028270483017,0.828399121761322
2023-05-27 05:25:18.403000,-0.17258284986019135,0.8065896034240723
2023-05-27 05:26:18.410000,-0.1545695662498474,0.8161197900772095
2023-05-27 05:27:18.580000,-0.20065884292125702,0.9360337853431702
2023-05-27 05:28:18.510000,-0.21501725912094116,1.3463988304138184
2023-05-27 05:29:18.363000,-0.21398118138313293,1.463095784187317
2023-05-27 05:30:18.559000,-0.2120647430419922,1.0920451879501343
2023-05-27 05:31:18.351000,-0.2185410112142563,0.9531092643737793
2023-05-27 05:32:18.354000,-0.2858300507068634,0.979801595211029
2023-05-27 05:33:18.632000,-0.3182039260864258,1.011487364768982
2023-05-27 05:34:18.438000,-0.308797150850296,1.0897634029388428
2023-05-27 05:35:18.614000,-0.29176411032676697,0.8922026753425598
2023-05-27 05:36:18.447000,-0.25807735323905945,0.8279333114624023
2023-05-27 05:37:18.338000,-0.25826296210289,0.8938323855400085
2023-05-27 05:38:18.501000,-0.2591218650341034,1.627415418624878
2023-05-27 05:39:18.519000,-0.2572515606880188,0.9184787273406982
2023-05-27 05:40:18.435000,-0.2543449401855469,0.9463902115821838
2023-05-27 05:41:18.401000,-0.2695508897304535,1.0355783700942993
2023-05-27 05:42:18.420000,-0.3210548758506775,1.1845632791519165
2023-05-27 05:43:18.498000,-0.31582361459732056,1.434908151626587
2023-05-27 05:44:18.574000,-0.3215813934803009,1.1300560235977173
2023-05-27 05:45:18.404000,-0.2883063852787018,0.9380653500556946
2023-05-27 05:46:18.422000,-0.2566588521003723,0.9795461893081665
2023-05-27 05:47:18.361000,-0.26181134581565857,0.9968768954277039
2023-05-27 05:48:18.384000,-0.26464909315109253,2.303368330001831
2023-05-27 05:49:18.458000,-0.2640400528907776,2.6551365852355957
2023-05-27 05:50:18.443000,-0.26517951488494873,0.9233877658843994
2023-05-27 05:51:18.356000,-0.29133111238479614,0.7677436470985413
2023-05-27 05:52:18.392000,-0.33538609743118286,1.0382270812988281
2023-05-27 05:53:18.530000,-0.3371890187263489,0.8673311471939087
2023-05-27 05:54:18.315000,-0.32955843210220337,0.9569421410560608
2023-05-27 05:55:18.390000,-0.2803639769554138,0.9507158994674683
2023-05-27 05:56:18.493000,-0.25138846039772034,0.9239585995674133
2023-05-27 05:57:18.426000,-0.25302445888519287,0.9695227146148682
2023-05-27 05:58:18.366000,-0.24639372527599335,1.0671716928482056
2023-05-27 05:59:18.359000,-0.24659878015518188,1.2732778787612915
2023-05-27 06:00:18.393000,-0.24720194935798645,1.1706554889678955
2023-05-27 06:01:18.568000,-0.2691537141799927,0.8389383554458618
2023-05-27 06:02:18.386000,-0.32348906993865967,0.822635293006897
2023-05-27 06:03:18.475000,-0.31246083974838257,0.7862503528594971
2023-05-27 06:04:18.380000,-0.3013113737106323,0.7797334790229797
2023-05-27 06:05:18.307000,-0.27240219712257385,0.7194420695304871
2023-05-27 06:06:18.330000,-0.20364579558372498,0.733751654624939
2023-05-27 06:07:18.455000,-0.208377867937088,0.7328040599822998
2023-05-27 06:08:18.339000,-0.21898579597473145,0.6726986765861511
2023-05-27 06:09:18.338000,-0.21882708370685577,0.6471948623657227
2023-05-27 06:10:18.366000,-0.220066100358963,0.7367003560066223
2023-05-27 06:11:18.421000,-0.22437548637390137,1.4941396713256836
2023-05-27 06:12:18.443000,-0.30286598205566406,2.3793137073516846
2023-05-27 06:13:18.362000,-0.35327810049057007,0.9696441888809204
2023-05-27 06:14:18.339000,-0.3411671221256256,1.1810981035232544
2023-05-27 06:15:18.360000,-0.2974604368209839,2.715965986251831
2023-05-27 06:16:18.331000,-0.23202498257160187,2.5809929370880127
2023-05-27 06:17:18.476000,-0.22059054672718048,0.933047354221344
2023-05-27 06:18:18.392000,-0.21515080332756042,0.6961254477500916
2023-05-27 06:19:18.455000,-0.21491487324237823,0.7905181050300598
2023-05-27 06:20:18.378000,-0.21469999849796295,0.894777238368988
2023-05-27 06:21:18.365000,-0.21652089059352875,0.8308162689208984
2023-05-27 06:22:18.377000,-0.2695631980895996,2.224823474884033
2023-05-27 06:23:18.362000,-0.2843215763568878,2.3536477088928223
2023-05-27 06:24:18.381000,-0.28601542115211487,1.7090157270431519
2023-05-27 06:25:18.298000,-0.2708757519721985,2.1905713081359863
2023-05-27 06:26:18.299000,-0.21217232942581177,2.3012397289276123
2023-05-27 06:27:18.393000,-0.2058357298374176,1.6446772813796997
2023-05-27 06:28:18.406000,-0.20584948360919952,1.8957432508468628
2023-05-27 06:29:18.399000,-0.20459194481372833,0.7565823197364807
2023-05-27 06:30:18.361000,-0.2239769846200943,0.7014387845993042
2023-05-27 06:31:19.030000,-0.24599523842334747,0.6918073892593384
2023-05-27 06:32:18.345000,-0.31660497188568115,0.7291358113288879
2023-05-27 06:33:18.346000,-0.3310527205467224,0.8185819387435913
2023-05-27 06:34:18.426000,-0.3251233696937561,1.3107072114944458
2023-05-27 06:35:18.486000,-0.30380579829216003,2.361550807952881
2023-05-27 06:36:18.419000,-0.2523541748523712,2.222031593322754
2023-05-27 06:37:18.362000,-0.25228264927864075,1.5284271240234375
2023-05-27 06:38:18.302000,-0.24901916086673737,1.5352413654327393
2023-05-27 06:39:18.543000,-0.2509497404098511,0.9271498322486877
2023-05-27 06:40:18.244000,-0.24685736000537872,1.791379690170288
2023-05-27 06:41:18.462000,-0.2670179009437561,1.4482682943344116
2023-05-27 06:42:18.382000,-0.3275112807750702,2.0574469566345215
2023-05-27 06:43:18.368000,-0.31394389271736145,0.8647643327713013
2023-05-27 06:44:18.278000,-0.31952303647994995,0.868986964225769
2023-05-27 06:45:18.363000,-0.26699215173721313,0.876533031463623
2023-05-27 06:46:18.295000,-0.2511957883834839,1.4283950328826904
2023-05-27 06:47:18.403000,-0.26215746998786926,1.829872965812683
2023-05-27 06:48:18.354000,-0.2657606303691864,1.870800495147705
2023-05-27 06:49:18.344000,-0.26149997115135193,2.2188282012939453
2023-05-27 06:50:18.367000,-0.25501179695129395,1.3498529195785522
2023-05-27 06:51:18.532000,-0.30446335673332214,0.95472252368927
2023-05-27 06:52:18.357000,-0.2898300290107727,0.7550875544548035
2023-05-27 06:53:18.295000,-0.28759995102882385,1.2145392894744873
2023-05-27 06:54:18.432000,-0.24754604697227478,1.5727498531341553
2023-05-27 06:55:18.510000,-0.20270241796970367,0.5256757140159607
2023-05-27 06:56:18.360000,-0.19812613725662231,0.4475287199020386
2023-05-27 06:57:18.473000,-0.19914157688617706,0.4928854703903198
2023-05-27 06:58:18.344000,-0.21164800226688385,0.49537497758865356
2023-05-27 06:59:18.363000,-0.24628141522407532,0.47183096408843994
2023-05-27 07:00:18.441000,-0.2856663465499878,0.4071360230445862
2023-05-27 07:01:18.319000,-0.32208824157714844,0.37605300545692444
2023-05-27 07:02:18.302000,-0.3227388262748718,0.41605687141418457
2023-05-27 07:03:18.302000,-0.30640271306037903,0.538264274597168
2023-05-27 07:04:18.388000,-0.24535033106803894,0.6103647351264954
2023-05-27 07:05:18.453000,-0.24472598731517792,0.6341498494148254
2023-05-27 07:06:18.284000,-0.24961410462856293,0.7202860713005066
2023-05-27 07:07:18.370000,-0.2589034140110016,0.6211786866188049
2023-05-27 07:08:18.317000,-0.2590239942073822,0.6024795770645142
2023-05-27 07:09:18.386000,-0.2754356563091278,0.605686366558075
2023-05-27 07:10:18.276000,-0.3278268575668335,0.5925981402397156
2023-05-27 07:11:18.298000,-0.32745322585105896,0.5404025912284851
2023-05-27 07:12:18.330000,-0.2820901870727539,0.48763763904571533
2023-05-27 07:13:18.882000,-0.23527374863624573,0.47277727723121643
2023-05-27 07:14:18.294000,-0.19763319194316864,0.4572891294956207
2023-05-27 07:15:18.340000,-0.19250869750976562,0.4310126304626465
2023-05-27 07:16:18.389000,-0.19051165878772736,0.3992888629436493
2023-05-27 07:17:18.296000,-0.1941777765750885,0.37728023529052734
2023-05-27 07:18:18.464000,-0.19455187022686005,0.3574160039424896
2023-05-27 07:19:18.306000,-0.2156313806772232,0.35035020112991333
2023-05-27 07:20:18.243000,-0.25607237219810486,0.3530628979206085
2023-05-27 07:21:18.298000,-0.2684881091117859,0.3624183237552643
2023-05-27 07:22:18.355000,-0.2785727381706238,0.3803912103176117
2023-05-27 07:23:18.385000,-0.20792990922927856,0.400000661611557
2023-05-27 07:24:18.383000,-0.20300644636154175,0.4242751896381378
2023-05-27 07:25:18.303000,-0.2036343514919281,0.46120136976242065
2023-05-27 07:26:18.282000,-0.20978671312332153,0.5062326788902283
2023-05-27 07:27:18.349000,-0.24640260636806488,0.5643865466117859
2023-05-27 07:28:18.323000,-0.2755928635597229,0.6430983543395996
2023-05-27 07:29:18.272000,-0.3331051170825958,0.7644680142402649
2023-05-27 07:30:18.300000,-0.34956875443458557,0.9006716012954712
2023-05-27 07:31:18.304000,-0.34913870692253113,0.8898960947990417
2023-05-27 07:32:18.469000,-0.3035752475261688,1.4047859907150269
2023-05-27 07:33:18.266000,-0.2844682037830353,1.4234898090362549
2023-05-27 07:34:18.323000,-0.2736433446407318,1.343248724937439
2023-05-27 07:35:18.242000,-0.2651224732398987,1.2942458391189575
2023-05-27 07:36:18.294000,-0.24734605848789215,1.2358330488204956
2023-05-27 07:37:18.279000,-0.22188298404216766,1.187288522720337
2023-05-27 07:38:18.274000,-0.25403767824172974,1.079322099685669
2023-05-27 07:39:18.313000,-0.2735394537448883,1.0020785331726074
2023-05-27 07:40:18.258000,-0.26716113090515137,0.9150612354278564
2023-05-27 07:41:18.297000,-0.27299660444259644,0.7932717800140381
2023-05-27 07:42:18.279000,-0.2097143977880478,0.7617961168289185
2023-05-27 07:43:18.259000,-0.19742044806480408,0.7075365781784058
2023-05-27 07:44:18.317000,-0.2429458200931549,0.6535282731056213
2023-05-27 07:45:18.274000,-0.26177990436553955,0.6074351072311401
2023-05-27 07:46:18.265000,-0.26484256982803345,0.5757761597633362
2023-05-27 07:47:18.289000,-0.2743440568447113,0.5557407140731812
2023-05-27 07:48:18.274000,-0.3142690360546112,0.5409838557243347
2023-05-27 07:49:18.284000,-0.3444325923919678,0.5306224226951599
2023-05-27 07:50:18.245000,-0.3423173427581787,0.5252342224121094
2023-05-27 07:51:18.236000,-0.3424484133720398,0.5227639079093933
2023-05-27 07:52:18.258000,-0.2897704541683197,0.5208566188812256
2023-05-27 07:53:18.430000,-0.26897698640823364,0.5163045525550842
2023-05-27 07:54:18.319000,-0.25786614418029785,0.5072963237762451
2023-05-27 07:55:18.315000,-0.24741528928279877,0.49811792373657227
2023-05-27 07:56:18.275000,-0.24668054282665253,0.49048009514808655
2023-05-27 07:57:18.346000,-0.25399842858314514,0.4927087724208832
2023-05-27 07:58:18.250000,-0.2877502739429474,0.5128122568130493
2023-05-27 07:59:18.279000,-0.30510687828063965,0.5110434889793396
2023-05-27 08:00:18.162000,-0.3051086664199829,0.4884018898010254
2023-05-27 08:01:18.258000,-0.29008805751800537,0.45446476340293884
2023-05-27 08:02:18.269000,-0.24258409440517426,0.4149649143218994
2023-05-27 08:03:18.267000,-0.23589961230754852,0.39381566643714905
2023-05-27 08:04:18.338000,-0.23508337140083313,0.40008023381233215
2023-05-27 08:05:18.244000,-0.23535971343517303,0.4051441550254822
2023-05-27 08:06:18.254000,-0.24021892249584198,0.4114153981208801
2023-05-27 08:07:18.278000,-0.2691970765590668,0.41861122846603394
2023-05-27 08:08:18.280000,-0.26850396394729614,0.41928669810295105
2023-05-27 08:09:18.236000,-0.27165862917900085,0.39955011010169983
2023-05-27 08:10:18.256000,-0.2671256363391876,0.3733646869659424
2023-05-27 08:11:18.308000,-0.22104667127132416,0.36321553587913513
2023-05-27 08:12:18.267000,-0.203464075922966,0.36256876587867737
2023-05-27 08:13:18.246000,-0.19738639891147614,0.3539296090602875
2023-05-27 08:14:18.333000,-0.19005738198757172,0.34701818227767944
2023-05-27 08:15:18.258000,-0.18122167885303497,0.3547554314136505
2023-05-27 08:16:18.280000,-0.18039952218532562,0.3672114312648773
2023-05-27 08:17:18.222000,-0.20502492785453796,0.3820439577102661
2023-05-27 08:18:18.400000,-0.2506396770477295,0.4135039448738098
2023-05-27 08:19:18.276000,-0.2477516531944275,0.44413483142852783
2023-05-27 08:20:18.233000,-0.2474048137664795,0.45320266485214233
2023-05-27 08:21:18.320000,-0.2323017567396164,0.447077214717865
2023-05-27 08:22:18.262000,-0.17218126356601715,0.4341181814670563
2023-05-27 08:23:18.257000,-0.1647765338420868,0.41956615447998047
2023-05-27 08:24:18.313000,-0.1683855503797531,0.40954068303108215
2023-05-27 08:25:18.226000,-0.17320486903190613,0.40367045998573303
2023-05-27 08:26:18.272000,-0.19652149081230164,0.4040740132331848
2023-05-27 08:27:18.452000,-0.20373985171318054,0.41131219267845154
2023-05-27 08:28:18.295000,-0.24876338243484497,0.4239899814128876
2023-05-27 08:29:18.226000,-0.2949286699295044,0.43216457962989807
2023-05-27 08:30:18.369000,-0.3312717378139496,0.44256895780563354
2023-05-27 08:31:18.394000,-0.34060707688331604,0.4579501450061798
2023-05-27 08:32:18.352000,-0.3077322840690613,0.46372801065444946
2023-05-27 08:33:18.249000,-0.2669636011123657,0.4694422781467438
2023-05-27 08:34:18.554000,-0.26806676387786865,0.46998730301856995
2023-05-27 08:35:18.280000,-0.2638183832168579,0.46567273139953613
2023-05-27 08:36:18.336000,-0.2597225308418274,0.4549406170845032
2023-05-27 08:37:18.359000,-0.26346859335899353,0.44888266921043396
2023-05-27 08:38:18.239000,-0.277830570936203,0.43039485812187195
2023-05-27 08:39:18.238000,-0.3285830616950989,0.4080337882041931
2023-05-27 08:40:18.140000,-0.33066925406455994,0.37990546226501465
2023-05-27 08:41:18.237000,-0.33680108189582825,0.3501671254634857
2023-05-27 08:42:18.295000,-0.31118735671043396,0.3389991819858551
2023-05-27 08:43:18.217000,-0.2702935039997101,0.32767587900161743
2023-05-27 08:44:18.236000,-0.2663951814174652,0.3112468123435974
2023-05-27 08:45:18.242000,-0.2643977999687195,0.29094651341438293
2023-05-27 08:46:18.298000,-0.27468761801719666,0.2685135006904602
2023-05-27 08:47:18.320000,-0.2815326750278473,0.254102498292923
2023-05-27 08:48:18.244000,-0.3025546073913574,0.2417110651731491
2023-05-27 08:49:18.401000,-0.3524198532104492,0.22569648921489716
2023-05-27 08:50:18.316000,-0.3452719748020172,0.20645809173583984
2023-05-27 08:51:18.260000,-0.3413473069667816,0.18796467781066895
2023-05-27 08:52:18.295000,-0.310235857963562,0.17345461249351501
2023-05-27 08:53:18.237000,-0.27585330605506897,0.16565380990505219
2023-05-27 08:54:18.221000,-0.26628196239471436,0.15765182673931122
2023-05-27 08:55:18.234000,-0.2565620541572571,0.14491067826747894
2023-05-27 08:56:18.213000,-0.2560710906982422,0.1281134933233261
2023-05-27 08:57:18.214000,-0.25797033309936523,0.11484447866678238
2023-05-27 08:58:18.226000,-0.27791696786880493,0.1044994667172432
2023-05-27 08:59:18.351000,-0.3072003722190857,0.09583008289337158
2023-05-27 09:00:18.357000,-0.3056698143482208,0.08795023709535599
2023-05-27 09:01:18.424000,-0.3095416724681854,0.07765722274780273
2023-05-27 09:02:18.265000,-0.25837862491607666,0.03905230015516281
2023-05-27 09:03:18.355000,-0.22144359350204468,0.02913033403456211
2023-05-27 09:04:18.243000,-0.18440119922161102,0.027321619912981987
2023-05-27 09:05:18.637000,-0.183293879032135,0.025463450700044632
2023-05-27 09:06:18.280000,-0.17923620343208313,0.02386428788304329
2023-05-27 09:07:18.437000,-0.16207779943943024,0.022486910223960876
2023-05-27 09:08:18.375000,-0.190998375415802,0.021135250106453896
2023-05-27 09:09:18.316000,-0.22326481342315674,0.01970360428094864
2023-05-27 09:10:18.288000,-0.21712958812713623,0.018734199926257133
2023-05-27 09:11:18.209000,-0.20939190685749054,0.01872931607067585
2023-05-27 09:12:18.338000,-0.1518257111310959,0.01965794898569584
2023-05-27 09:13:18.343000,-0.31239867210388184,0.020753640681505203
2023-05-27 09:14:18.207000,-0.4328663945198059,0.021095341071486473
2023-05-27 09:15:18.365000,-0.446937620639801,0.020678749307990074
2023-05-27 09:16:18.221000,-0.44813069701194763,0.02046346291899681
2023-05-27 09:17:18.205000,-0.4677807688713074,0.02119380049407482
2023-05-27 09:18:18.269000,-0.5170984864234924,0.022973451763391495
2023-05-27 09:19:18.225000,-0.5407465100288391,0.02521648071706295
2023-05-27 09:20:18.216000,-0.5452916026115417,0.02720831148326397
2023-05-27 09:21:18.339000,-0.5189517736434937,0.0287820715457201
2023-05-27 09:22:18.238000,-0.504605770111084,0.028813892975449562
2023-05-27 09:23:18.271000,-0.5055588483810425,0.03029884770512581
2023-05-27 09:24:18.229000,-0.5047580599784851,0.03217313438653946
2023-05-27 09:25:18.158000,-0.5048827528953552,0.034030187875032425
2023-05-27 09:26:18.243000,-0.5012427568435669,0.03537699952721596
2023-05-27 09:27:18.231000,-0.5465455055236816,0.03562268242239952
2023-05-27 09:28:18.236000,-0.5767178535461426,0.03585023432970047
2023-05-27 09:29:18.221000,-0.5737031102180481,0.03515654802322388
2023-05-27 09:30:18.337000,-0.573082685470581,0.03395422175526619
2023-05-27 09:31:18.174000,-0.5115726590156555,0.033126432448625565
2023-05-27 09:32:18.201000,-0.30304816365242004,0.032591089606285095
2023-05-27 09:33:18.183000,-0.26757556200027466,0.03179004043340683
2023-05-27 09:34:18.313000,-0.15787824988365173,0.03038243018090725
2023-05-27 09:35:18.221000,-0.14547045528888702,0.028320133686065674
2023-05-27 09:36:18.309000,-0.14794114232063293,0.02523776702582836
2023-05-27 09:37:18.176000,-0.2067306786775589,0.021937834098935127
2023-05-27 09:38:18.198000,-0.2191847711801529,0.019468525424599648
2023-05-27 09:39:18.253000,-0.2154361605644226,0.017249638214707375
2023-05-27 09:40:18.225000,-0.21745243668556213,0.01570034958422184
2023-05-27 09:41:18.210000,-0.16387854516506195,0.014562933705747128
2023-05-27 09:42:18.309000,-0.15087291598320007,0.013335932977497578
2023-05-27 09:43:18.192000,-0.17961633205413818,0.012374482117593288
2023-05-27 09:44:18.200000,-0.24346910417079926,0.011077666655182838
2023-05-27 09:45:18.188000,-0.2273472100496292,0.009816859848797321
2023-05-27 09:46:18.259000,-0.22838141024112701,0.008722236379981041
2023-05-27 09:47:18.258000,-0.2511962950229645,0.007531892973929644
2023-05-27 09:48:18.316000,-0.301228404045105,0.006741850171238184
2023-05-27 09:49:18.248000,-0.3084444999694824,0.005337316542863846
2023-05-27 09:50:18.303000,-0.3004206717014313,0.003763883374631405
2023-05-27 09:51:18.197000,-0.23231643438339233,0.003299199976027012
2023-05-27 09:52:18.236000,-0.1875225454568863,-0.0011287833331152797
2023-05-27 09:53:18.238000,-0.19080261886119843,-0.001932166633196175
2023-05-27 09:54:18.295000,-0.1834719330072403,-0.0018805332947522402
2023-05-27 09:55:18.247000,-0.17485322058200836,-0.0018974499544128776
2023-05-27 09:56:18.266000,-0.1784500926733017,-0.001911916653625667
2023-05-27 09:57:18.205000,-0.23685035109519958,-0.0019065593369305134
2023-05-27 09:58:18.215000,-0.25698310136795044,-0.0019065862288698554
2023-05-27 09:59:18.260000,-0.2537784278392792,-0.001963155111297965
2023-05-27 10:00:18.202000,-0.2388906478881836,-0.0019682033453136683
2023-05-27 10:01:18.298000,-0.18872247636318207,-0.002006199909374118
2023-05-27 10:02:18.174000,-0.18872739374637604,-0.0019900999031960964
2023-05-27 10:03:18.164000,-0.19089774787425995,-0.001981642795726657
2023-05-27 10:04:18.179000,-0.18027463555335999,-0.0019463965436443686
2023-05-27 10:05:18.279000,-0.1798846423625946,-0.0019490167032927275
2023-05-27 10:06:18.346000,-0.23109909892082214,-0.0019287333125248551
2023-05-27 10:07:18.208000,-0.2488119900226593,-0.001931500039063394
2023-05-27 10:08:18.195000,-0.2611248195171356,-0.0020243749022483826
2023-05-27 10:09:18.203000,-0.2449696809053421,-0.001945067779161036
2023-05-27 10:10:18.202000,-0.1883128136396408,-0.0019612242467701435
2023-05-27 10:11:18.222000,-0.18809008598327637,-0.0020282166078686714
2023-05-27 10:12:18.212000,-0.18161526322364807,-0.0019759165588766336
2023-05-27 10:13:18.187000,-0.1843816041946411,-0.0019863832276314497
2023-05-27 10:14:18.197000,-0.17746491730213165,-0.001980900065973401
2023-05-27 10:15:18.102000,-0.21381449699401855,-0.001998750027269125
2023-05-27 10:16:18.390000,-0.277536541223526,-0.001911383355036378
2023-05-27 10:17:18.183000,-0.285321444272995,-0.0019956440664827824
2023-05-27 10:18:18.173000,-0.3057393431663513,-0.002003271132707596
2023-05-27 10:19:18.295000,-0.25571441650390625,-0.002006599912419915
2023-05-27 10:20:18.172000,-0.23607975244522095,-0.0020036182831972837
2023-05-27 10:21:18.168000,-0.2388460487127304,-0.001997767947614193
2023-05-27 10:22:18.164000,-0.23420101404190063,-0.0019414137350395322
2023-05-27 10:23:18.216000,-0.2412671595811844,-0.001983101712539792
2023-05-27 10:24:18.233000,-0.23278935253620148,-0.0019890847615897655
2023-05-27 10:25:18.158000,-0.26370948553085327,-0.001920350012369454
2023-05-27 10:26:18.173000,-0.294150173664093,-0.0019940000493079424
2023-05-27 10:27:18.322000,-0.2916087508201599,-0.002040103543549776
2023-05-27 10:28:18.151000,-0.30171048641204834,-0.0019517457112669945
2023-05-27 10:29:18.252000,-0.2475779503583908,-0.002014864468947053
2023-05-27 10:30:18.172000,-0.2311202585697174,-0.00208768411539495
2023-05-27 10:31:18.149000,-0.22610501945018768,-0.0020418332424014807
2023-05-27 10:32:18.205000,-0.22791814804077148,-0.001986145507544279
2023-05-27 10:33:18.222000,-0.23629096150398254,-0.0020790891721844673
2023-05-27 10:34:18.153000,-0.2247873991727829,-0.002019896637648344
2023-05-27 10:35:18.308000,-0.25976935029029846,-0.001966367242857814
2023-05-27 10:36:18.168000,-0.24516575038433075,-0.002137638395652175
2023-05-27 10:37:18.162000,-0.24614380300045013,-0.0020025623962283134
2023-05-27 10:38:18.263000,-0.2517409026622772,-0.0021178077440708876
2023-05-27 10:39:18.281000,-0.17988470196723938,-0.002120346063748002
2023-05-27 10:40:18.253000,-0.17140497267246246,-0.002039543818682432
2023-05-27 10:41:18.319000,-0.16740304231643677,-0.0021324229892343283
2023-05-27 10:42:18.164000,-0.169099360704422,-0.0019128627609461546
2023-05-27 10:43:18.158000,-0.22359752655029297,-0.001893241424113512
2023-05-27 10:44:18.275000,-0.22128552198410034,-0.0021559791639447212
2023-05-27 10:45:18.159000,-0.29268109798431396,-0.0021766808349639177
2023-05-27 10:46:18.150000,-0.2868941128253937,-0.0021266895346343517
2023-05-27 10:47:18.138000,-0.28417184948921204,-0.002022756729274988
2023-05-27 10:48:18.157000,-0.2642260789871216,-0.0019581508822739124
2023-05-27 10:49:18.142000,-0.22470174729824066,-0.0020851667504757643
2023-05-27 10:50:18.271000,-0.2238946557044983,-0.0019482857314869761
2023-05-27 10:51:18.158000,-0.22372692823410034,-0.0019826828502118587
2023-05-27 10:52:18.147000,-0.22326959669589996,-0.0019945509266108274
2023-05-27 10:53:18.137000,-0.23048807680606842,-0.0020724902860820293
2023-05-27 10:54:18.177000,-0.29077550768852234,-0.001977488398551941
2023-05-27 10:55:18.304000,-0.2547745406627655,-0.0020470700692385435
2023-05-27 10:56:18.146000,-0.2253871113061905,-0.001956821419298649
2023-05-27 10:57:18.249000,-0.2149931937456131,-0.0019294893136247993
2023-05-27 10:58:18.207000,-0.16656368970870972,-0.0019620833918452263
2023-05-27 10:59:18.181000,-0.1594557762145996,-0.0019385813502594829
2023-05-27 11:00:18.078000,-0.15915820002555847,-0.001982883783057332
2023-05-27 11:01:18.182000,-0.15933707356452942,-0.0019954375457018614
2023-05-27 11:02:18.201000,-0.15908244252204895,-0.001970000099390745
2023-05-27 11:03:18.175000,-0.17417261004447937,-0.0020030816085636616
2023-05-27 11:04:18.198000,-0.22047579288482666,-0.002037347760051489
2023-05-27 11:05:18.203000,-0.2260292023420334,-0.0020066779106855392
2023-05-27 11:06:18.157000,-0.22248618304729462,-0.0019754560198634863
2023-05-27 11:07:18.202000,-0.1932932287454605,-0.0019875294528901577
2023-05-27 11:08:18.207000,-0.17026850581169128,-0.0020154167432338
2023-05-27 11:09:18.232000,-0.1624586284160614,-0.001959061250090599
2023-05-27 11:10:18.134000,-0.16056856513023376,-0.0020091081969439983
2023-05-27 11:11:18.177000,-0.1604418307542801,-0.0019998366478830576
2023-05-27 11:12:18.201000,-0.1723286211490631,-0.001956190448254347
2023-05-27 11:13:18.276000,-0.24189451336860657,-0.0020111333578824997
2023-05-27 11:14:18.198000,-0.2686852514743805,-0.0019873667042702436
2023-05-27 11:15:18.174000,-0.2805175185203552,-0.002062766579911113
2023-05-27 11:16:18.147000,-0.28019750118255615,-0.001998233376070857
2023-05-27 11:17:18.126000,-0.21392910182476044,-0.0019869643729180098
2023-05-27 11:18:18.111000,-0.20657405257225037,-0.002023466629907489
2023-05-27 11:19:18.188000,-0.17359963059425354,-0.002005999907851219
2023-05-27 11:20:18.174000,-0.17944307625293732,-0.002020482672378421
2023-05-27 11:21:18.315000,-0.18489383161067963,-0.001979620661586523
2023-05-27 11:22:18.186000,-0.21374163031578064,-0.0019978771451860666
2023-05-27 11:23:18.308000,-0.25678831338882446,-0.0019574500620365143
2023-05-27 11:24:18.289000,-0.24919407069683075,-0.0020349298138171434
2023-05-27 11:25:18.163000,-0.273727685213089,-0.002079037018120289
2023-05-27 11:26:18.374000,-0.2536303699016571,-0.0020114630460739136
2023-05-27 11:27:18.128000,-0.24291884899139404,-0.001988894771784544
2023-05-27 11:28:18.274000,-0.2549434006214142,-0.0019488077377900481
2023-05-27 11:29:18.283000,-0.24945026636123657,-0.0021842941641807556
2023-05-27 11:30:18.194000,-0.24920153617858887,-0.0019309091148898005
2023-05-27 11:31:18.310000,-0.2453395128250122,-0.001983687514439225
2023-05-27 11:32:18.099000,-0.28405559062957764,-0.0019576000049710274
2023-05-27 11:33:18.163000,-0.3288923501968384,-0.001988382311537862
2023-05-27 11:34:18.298000,-0.31954148411750793,-0.0019898919854313135
2023-05-27 11:35:18.103000,-0.3165302276611328,-0.0020248647779226303
2023-05-27 11:36:18.116000,-0.25596505403518677,-0.0020406427793204784
2023-05-27 11:37:18.207000,-0.24145522713661194,-0.002013135701417923
2023-05-27 11:38:18.172000,-0.23793363571166992,-0.002010862110182643
2023-05-27 11:39:18.140000,-0.2285778969526291,-0.0019741165451705456
2023-05-27 11:40:18.041000,-0.22569462656974792,-0.0020108644384890795
2023-05-27 11:41:18.152000,-0.22252362966537476,-0.001985155278816819
2023-05-27 11:42:18.159000,-0.2711556851863861,-0.0020039654336869717
2023-05-27 11:43:18.182000,-0.2884020507335663,-0.0019887627568095922
2023-05-27 11:44:18.330000,-0.2792961597442627,-0.00209521665237844
2023-05-27 11:45:18.195000,-0.2802790701389313,-0.0020479820668697357
2023-05-27 11:46:18.214000,-0.2070237547159195,-0.002016016747802496
2023-05-27 11:47:18.174000,-0.20601467788219452,-0.001961877103894949
2023-05-27 11:48:18.111000,-0.22277593612670898,-0.002011700067669153
2023-05-27 11:49:18.248000,-0.21728673577308655,-0.00201198342256248
2023-05-27 11:50:18.148000,-0.21454890072345734,-0.002006758702918887
2023-05-27 11:51:18.121000,-0.2136860489845276,-0.0020029654260724783
2023-05-27 11:52:18.193000,-0.24349363148212433,-0.0019946207758039236
2023-05-27 11:53:18.151000,-0.24109138548374176,-0.001975833438336849
2023-05-27 11:54:18.093000,-0.23646041750907898,-0.0020152833312749863
2023-05-27 11:55:18.226000,-0.2239736020565033,-0.002052637981250882
2023-05-27 11:56:18.155000,-0.15777021646499634,-0.0019996834453195333
2023-05-27 11:57:18.308000,-0.1575412005186081,-0.001980421133339405
2023-05-27 11:58:18.108000,-0.1636306494474411,-0.001959929708391428
2023-05-27 11:59:18.174000,-0.1610722839832306,-0.0020097498781979084
2023-05-27 12:00:18.131000,-0.15388180315494537,-0.001996423816308379
2023-05-27 12:01:18.146000,-0.1365494281053543,-0.0020252203103154898
2023-05-27 12:02:18.267000,-0.17938101291656494,-0.0019951695576310158
2023-05-27 12:03:18.144000,-0.18405091762542725,-0.0020422167144715786
2023-05-27 12:04:18.157000,-0.17546184360980988,-0.002029216615483165
2023-05-27 12:05:18.126000,-0.17395666241645813,-0.0020073147024959326
2023-05-27 12:06:18.142000,-0.10294303297996521,-0.0020161964930593967
2023-05-27 12:07:18.120000,-0.10305854678153992,-0.0019919322803616524
2023-05-27 12:08:18.143000,-0.1356774866580963,-0.0019563166424632072
2023-05-27 12:09:18.230000,-0.17240117490291595,-0.0020067833829671144
2023-05-27 12:10:18.136000,-0.20992061495780945,-0.0020356611348688602
2023-05-27 12:11:18.168000,-0.20903447270393372,-0.0020886333659291267
2023-05-27 12:12:18.251000,-0.23552529513835907,-0.00202584988437593
2023-05-27 12:13:18.278000,-0.3084297478199005,-0.0021933559328317642
2023-05-27 12:14:18.225000,-0.30444276332855225,-0.001970333280041814
2023-05-27 12:15:18.175000,-0.3034706711769104,-0.002178400056436658
2023-05-27 12:16:18.137000,-0.2752912938594818,-0.002113916678354144
2023-05-27 12:17:18.321000,-0.2264464795589447,-0.002163694938644767
2023-05-27 12:18:18.185000,-0.2353445291519165,-0.00214858609251678
2023-05-27 12:19:18.083000,-0.23202116787433624,-0.0021491500083357096
2023-05-27 12:20:18.201000,-0.22734902799129486,-0.00199581659398973
2023-05-27 12:21:18.095000,-0.22356471419334412,-0.0021408135071396828
2023-05-27 12:22:18.166000,-0.21817272901535034,-0.0020525422878563404
2023-05-27 12:23:18.175000,-0.28467467427253723,-0.0020118982065469027
2023-05-27 12:24:18.121000,-0.28867772221565247,-0.002034166594967246
2023-05-27 12:25:18,-0.28611114621162415,-0.0020437834318727255
2023-05-27 12:26:18.153000,-0.2678290605545044,-0.0020470167510211468
2023-05-27 12:27:18.154000,-0.21529652178287506,-0.002018933417275548
2023-05-27 12:28:18.336000,-0.22906412184238434,-0.0020135166123509407
2023-05-27 12:29:18.197000,-0.22727736830711365,-0.002068599918857217
2023-05-27 12:30:18.209000,-0.22436457872390747,-0.0020656499546021223
2023-05-27 12:31:18.140000,-0.22327400743961334,-0.0019408965017646551
2023-05-27 12:32:18.219000,-0.24168090522289276,-0.00196161400526762
2023-05-27 12:33:18.059000,-0.2995452582836151,-0.00192910002078861
2023-05-27 12:34:18.083000,-0.30151987075805664,-0.0019559829961508512
2023-05-27 12:35:18.147000,-0.29567769169807434,-0.0019225833239033818
2023-05-27 12:36:18.118000,-0.23251251876354218,-0.0020314999856054783
2023-05-27 12:37:18.059000,-0.22093038260936737,-0.0019410166423767805
2023-05-27 12:38:18.176000,-0.2266930788755417,-0.0018552499823272228
2023-05-27 12:39:18.211000,-0.22926239669322968,-0.0019242712296545506
2023-05-27 12:40:18.158000,-0.2233487218618393,-0.0018767166184261441
2023-05-27 12:41:18.217000,-0.24284395575523376,-0.002039166633039713
2023-05-27 12:42:18.073000,-0.2918199896812439,-0.002004583366215229
2023-05-27 12:43:18.079000,-0.2895834743976593,-0.0019982666708528996
2023-05-27 12:44:18.082000,-0.26296284794807434,-0.0019466833909973502
2023-05-27 12:45:18.201000,-0.20130351185798645,-0.001991050085052848
2023-05-27 12:46:18.108000,-0.1676613986492157,-0.0019621034152805805
2023-05-27 12:47:18.128000,-0.16736552119255066,-0.001995299942791462
2023-05-27 12:48:18.084000,-0.18094800412654877,-0.0020098667591810226
2023-05-27 12:49:18.108000,-0.18151281774044037,-0.0019187894649803638
2023-05-27 12:50:18.227000,-0.12728279829025269,-0.0020144665613770485
2023-05-27 12:51:18.067000,-0.16096451878547668,-0.001961333444342017
2023-05-27 12:52:18.089000,-0.25351211428642273,-0.0020260666497051716
2023-05-27 12:53:18.282000,-0.2658635079860687,-0.002017499879002571
2023-05-27 12:54:18.197000,-0.26282799243927,-0.002085800049826503
2023-05-27 12:55:18.173000,-0.22926825284957886,-0.002103949896991253
2023-05-27 12:56:18.039000,-0.1765659749507904,-0.00205925852060318
2023-05-27 12:57:18.274000,-0.17247948050498962,-0.0020034334156662226
2023-05-27 12:58:18.181000,-0.17408207058906555,-0.002098525408655405
2023-05-27 12:59:18.043000,-0.17627783119678497,-0.002063237363472581
2023-05-27 13:00:18.171000,-0.16915275156497955,-0.0020378667395561934
2023-05-27 13:01:18.232000,-0.20610062777996063,-0.002093600109219551
2023-05-27 13:02:18.112000,-0.23887117207050323,-0.0019926491659134626
2023-05-27 13:03:18.296000,-0.23881466686725616,-0.0021002981811761856
2023-05-27 13:04:18.075000,-0.22861070930957794,-0.002029033377766609
2023-05-27 13:05:18.184000,-0.15251466631889343,-0.0019803165923804045
2023-05-27 13:06:18.212000,-0.1527594029903412,-0.0020852333400398493
2023-05-27 13:07:18.060000,-0.1620229184627533,-0.0020178621634840965
2023-05-27 13:08:18.191000,-0.2038402259349823,-0.0020106667652726173
2023-05-27 13:09:18.101000,-0.2056678980588913,-0.002004283247515559
2023-05-27 13:10:17.963000,-0.22751900553703308,-0.0020057500805705786
2023-05-27 13:11:18.134000,-0.28925320506095886,-0.002038750099018216
2023-05-27 13:12:18.211000,-0.29263830184936523,-0.002001499990001321
2023-05-27 13:13:18.165000,-0.30091026425361633,-0.0020817832555621862
2023-05-27 13:14:18.131000,-0.266240656375885,-0.0020872983150184155
2023-05-27 13:15:18.109000,-0.22455759346485138,-0.002070849994197488
2023-05-27 13:16:18.061000,-0.22123777866363525,-0.002062135608866811
2023-05-27 13:17:18.162000,-0.21670256555080414,-0.002023866632953286
2023-05-27 13:18:18.151000,-0.22092171013355255,-0.0020306033547967672
2023-05-27 13:19:18.139000,-0.22779756784439087,-0.002028800081461668
2023-05-27 13:20:18.068000,-0.23865866661071777,-0.0020302666816860437
2023-05-27 13:21:18.052000,-0.28831973671913147,-0.002007500035688281
2023-05-27 13:22:18.069000,-0.29232797026634216,-0.0020572710782289505
2023-05-27 13:23:18.272000,-0.2867715060710907,-0.0020188665948808193
2023-05-27 13:24:18.068000,-0.2468404322862625,-0.0020306380465626717
2023-05-27 13:25:18.117000,-0.21422597765922546,-0.002110483357682824
2023-05-27 13:26:18.307000,-0.2054835855960846,-0.002123983344063163
2023-05-27 13:27:18.115000,-0.1860802322626114,-0.0019951332360506058
2023-05-27 13:28:18.167000,-0.178928405046463,-0.0018063050229102373
2023-05-27 13:29:18.141000,-0.18140564858913422,-0.0020619321148842573
2023-05-27 13:30:18.102000,-0.20600426197052002,-0.002019762760028243
2023-05-27 13:31:18.140000,-0.24535098671913147,-0.002112699905410409
2023-05-27 13:32:18.061000,-0.23740726709365845,-0.001996000064536929
2023-05-27 13:33:18.169000,-0.23877254128456116,-0.0019898645114153624
2023-05-27 13:34:18.085000,-0.2000155746936798,-0.0020057118963450193
2023-05-27 13:35:18.174000,-0.22420354187488556,-0.002169603481888771
2023-05-27 13:36:18.041000,-0.2214706838130951,-0.0019992373418062925
2023-05-27 13:37:18.062000,-0.22036923468112946,-0.0021359482780098915
2023-05-27 13:38:18.111000,-0.22045111656188965,-0.001948706922121346
2023-05-27 13:39:18.115000,-0.25543370842933655,-0.0019551333971321583
2023-05-27 13:40:18.073000,-0.2863548994064331,-0.002012396464124322
2023-05-27 13:41:18.082000,-0.28761154413223267,-0.00198410009033978
2023-05-27 13:42:18.159000,-0.28629153966903687,-0.002104999963194132
2023-05-27 13:43:18.200000,-0.23895719647407532,-0.002054699929431081
2023-05-27 13:44:18.041000,-0.21933846175670624,-0.00203113560564816
2023-05-27 13:45:18.192000,-0.2097899168729782,-0.002015982987359166
2023-05-27 13:46:18.099000,-0.20556491613388062,-0.0020177457481622696
2023-05-27 13:47:18.209000,-0.15418632328510284,-0.002035383367910981
2023-05-27 13:48:18.163000,-0.16057643294334412,-0.002045100089162588
2023-05-27 13:49:18.151000,-0.17000526189804077,-0.0020522931590676308
2023-05-27 13:50:17.953000,-0.23924963176250458,-0.002064949134364724
2023-05-27 13:51:18.129000,-0.24130667746067047,-0.0020519166719168425
2023-05-27 13:52:18.146000,-0.24270138144493103,-0.0020350338891148567
2023-05-27 13:53:18.033000,-0.24823838472366333,-0.0020726167131215334
2023-05-27 13:54:18.153000,-0.2019939422607422,-0.002071100054308772
2023-05-27 13:55:18.237000,-0.17810863256454468,-0.0020566501189023256
2023-05-27 13:56:18.372000,-0.1717461794614792,-0.0020566314924508333
2023-05-27 13:57:18.045000,-0.17046789824962616,-0.002068233210593462
2023-05-27 13:58:18.068000,-0.17112284898757935,-0.002082433318719268
2023-05-27 13:59:18.148000,-0.17969998717308044,-0.0019846500363200903
2023-05-27 14:00:18.066000,-0.17334385216236115,-0.002025033812969923
2023-05-27 14:01:18.055000,-0.24213996529579163,-0.002062898362055421
2023-05-27 14:02:18.097000,-0.24159614741802216,-0.002061916748061776
2023-05-27 14:03:18.032000,-0.23702603578567505,-0.0020693899132311344
2023-05-27 14:04:18.029000,-0.21965737640857697,-0.002068847417831421
2023-05-27 14:05:18.105000,-0.2031603455543518,-0.0020553104113787413
2023-05-27 14:06:18.112000,-0.1998213529586792,-0.0019719309639185667
2023-05-27 14:07:18.019000,-0.20928959548473358,-0.0020748500246554613
2023-05-27 14:08:18.014000,-0.23047928512096405,-0.0021074137184768915
2023-05-27 14:09:18.025000,-0.2295789271593094,-0.002037466736510396
2023-05-27 14:10:18.046000,-0.2251421958208084,-0.002067118650302291
2023-05-27 14:11:17.989000,-0.25301066040992737,-0.001995525322854519
2023-05-27 14:12:18.159000,-0.24663680791854858,-0.0020014166366308928
2023-05-27 14:13:18.128000,-0.24736422300338745,-0.00203742366284132
2023-05-27 14:14:18.151000,-0.20562024414539337,-0.0020667759235948324
2023-05-27 14:15:18.146000,-0.1762775033712387,-0.0020455862395465374
2023-05-27 14:16:18.120000,-0.1831284761428833,-0.0020711016841232777
2023-05-27 14:17:18.022000,-0.22486239671707153,-0.0020553667563945055
2023-05-27 14:18:18.021000,-0.2321520447731018,-0.002082254271954298
2023-05-27 14:19:18.034000,-0.24279385805130005,-0.00199538329616189
2023-05-27 14:20:18.207000,-0.3127022087574005,-0.002141466597095132
2023-05-27 14:21:18.027000,-0.35553357005119324,-0.0020141499117016792
2023-05-27 14:22:18.022000,-0.3481799066066742,-0.0020108134485781193
2023-05-27 14:23:18.053000,-0.33949610590934753,-0.002051783259958029
2023-05-27 14:24:18.085000,-0.2805023193359375,-0.0019994385074824095
2023-05-27 14:25:18.176000,-0.26592811942100525,-0.002054349984973669
2023-05-27 14:26:18.136000,-0.2642157971858978,-0.0019904333166778088
2023-05-27 14:27:18.033000,-0.26253819465637207,-0.0020020832307636738
2023-05-27 14:28:18.009000,-0.2756243944168091,-0.0020273621194064617
2023-05-27 14:29:18.151000,-0.27345752716064453,-0.0020762882195413113
2023-05-27 14:30:17.876000,-0.3103468716144562,-0.001942220376804471
2023-05-27 14:31:18.177000,-0.32629430294036865,-0.0021050332579761744
2023-05-27 14:32:18.116000,-0.3246054947376251,-0.0021302332170307636
2023-05-27 14:33:18.078000,-0.3474094271659851,-0.002034155186265707
2023-05-27 14:34:18.217000,-0.30315738916397095,-0.002078866586089134
2023-05-27 14:35:18.048000,-0.25926101207733154,-0.0020316666923463345
2023-05-27 14:36:18.114000,-0.28117531538009644,-0.0020641665905714035
2023-05-27 14:37:18.006000,-0.29659414291381836,-0.002002315828576684
2023-05-27 14:38:18.061000,-0.2873852550983429,-0.002008100040256977
2023-05-27 14:39:18.075000,-0.5973001718521118,-0.0020724914502352476
2023-05-27 14:40:18.099000,-0.7371127605438232,-0.0021119138691574335
2023-05-27 14:41:18.129000,-0.7218880653381348,-0.002007964998483658
2023-05-27 14:42:18.152000,-0.7232494950294495,-0.001983633264899254
2023-05-27 14:43:18.002000,-0.7048643231391907,-0.001985254231840372
2023-05-27 14:44:18.038000,-0.5876321196556091,-0.002110237255692482
2023-05-27 14:45:18.022000,-0.6129207611083984,-0.002044672379270196
2023-05-27 14:46:18.104000,-0.5522788763046265,-0.0020560333505272865
2023-05-27 14:47:18.081000,-0.5408979654312134,-0.0020927332807332277
2023-05-27 14:48:17.998000,-0.6178309321403503,-0.0019567832350730896
2023-05-27 14:49:18.109000,-0.5302502512931824,-0.0020528666209429502
2023-05-27 14:50:18.062000,-0.6062803864479065,-0.0020419666543602943
2023-05-27 14:51:17.993000,-0.621980607509613,-0.0021249500568956137
2023-05-27 14:52:17.998000,-0.4791586101055145,-0.002050850074738264
2023-05-27 14:53:18.081000,-0.5884368419647217,-0.002072627190500498
2023-05-27 14:54:18.029000,-0.4623571038246155,-0.0019414561102166772
2023-05-27 14:55:18.049000,-0.4133191406726837,-0.002097849966958165
2023-05-27 14:56:18.042000,-0.2454361617565155,-0.001945491530932486
2023-05-27 14:57:18.107000,-0.18102015554904938,-0.0021105422638356686
2023-05-27 14:58:18.002000,-0.20741131901741028,-0.002105406718328595
2023-05-27 14:59:18.099000,-0.2808847427368164,-0.0020547667518258095
2023-05-27 15:00:18.076000,-0.3190992772579193,-0.0020141834393143654
2023-05-27 15:01:18.092000,-0.479665607213974,-0.0020350334234535694
2023-05-27 15:02:18.038000,-0.5894685983657837,-0.002032600110396743
2023-05-27 15:03:18.060000,-0.41109877824783325,-0.002047100104391575
2023-05-27 15:04:18.001000,-0.28477808833122253,-0.0021458666305989027
2023-05-27 15:05:18.061000,-0.2968164384365082,-0.0019899492617696524
2023-05-27 15:06:17.990000,-0.2954588234424591,-0.002137525472790003
2023-05-27 15:07:18.088000,-0.30992960929870605,-0.00237639294937253
2023-05-27 15:08:18.105000,-0.4661966562271118,-0.0018385000294074416
2023-05-27 15:09:18.069000,-0.6324560642242432,-0.0020559332333505154
2023-05-27 15:10:17.869000,-0.5744122266769409,-0.00203386670909822
2023-05-27 15:11:18.077000,-0.3919453024864197,-0.002124216640368104
2023-05-27 15:12:18.082000,-0.34253889322280884,-0.002097083255648613
2023-05-27 15:13:18.074000,-0.33253395557403564,-0.001977966632694006
2023-05-27 15:14:18.096000,-0.30013740062713623,-0.0021390998736023903
2023-05-27 15:15:18.010000,-0.3050134778022766,-0.0019465000368654728
2023-05-27 15:16:18.076000,-0.48532432317733765,-0.0019352500094100833
2023-05-27 15:17:18.038000,-0.5980911254882812,-0.0019395332783460617
2023-05-27 15:18:18.116000,-0.4592440724372864,-0.0018229152774438262
2023-05-27 15:19:18.016000,-0.368097186088562,-0.001859533367678523
2023-05-27 15:20:18.092000,-0.36288827657699585,-0.001943149953149259
2023-05-27 15:21:18.036000,-0.3002009391784668,-0.00203510164283216
2023-05-27 15:22:18.149000,-0.28750091791152954,-0.00206016656011343
2023-05-27 15:23:18.101000,-0.41919293999671936,-0.001974616665393114
2023-05-27 15:24:18.105000,-0.551210343837738,-0.002142250072211027
2023-05-27 15:25:18.029000,-0.447995662689209,-0.002000067848712206
2023-05-27 15:26:18.053000,-0.27281397581100464,-0.0020646441262215376
2023-05-27 15:27:18.141000,-0.31603315472602844,-0.0020513220224529505
2023-05-27 15:28:18.019000,-0.3449467122554779,-0.0021699999924749136
2023-05-27 15:29:17.960000,-0.350808709859848,-0.0020643859170377254
2023-05-27 15:30:17.966000,-0.40509968996047974,-0.0020053728949278593
2023-05-27 15:31:18.044000,-0.49485477805137634,-0.002059516729786992
2023-05-27 15:32:18.009000,-0.5011122226715088,-0.00206518336199224
2023-05-27 15:33:17.961000,-0.32764044404029846,-0.0021214333828538656
2023-05-27 15:34:18.082000,-0.27638882398605347,-0.001993433339521289
2023-05-27 15:35:18.008000,-0.2729998230934143,-0.0019823499023914337
2023-05-27 15:36:18.068000,-0.26372966170310974,-0.0019163666293025017
2023-05-27 15:37:18.081000,-0.32209721207618713,-0.002109116641804576
2023-05-27 15:38:18.122000,-0.49245715141296387,-0.0020389999262988567
2023-05-27 15:39:18.075000,-0.5755314230918884,-0.0021546611096709967
2023-05-27 15:40:18.092000,-0.41368603706359863,-0.0019650000613182783
2023-05-27 15:41:18.016000,-0.1798931062221527,-0.002067999914288521
2023-05-27 15:42:18.026000,-0.16257832944393158,-0.001995932310819626
2023-05-27 15:43:18.080000,-0.1596643030643463,-0.0019244500435888767
2023-05-27 15:44:18.115000,-0.16179528832435608,-0.0017703166231513023
2023-05-27 15:45:18.005000,-0.25859010219573975,-0.0021978167351335287
2023-05-27 15:46:18.080000,-0.45332852005958557,-0.0021467332262545824
2023-05-27 15:47:18.015000,-0.4532339870929718,-0.00203484995290637
2023-05-27 15:48:17.963000,-0.292076051235199,-0.0020127068273723125
2023-05-27 15:49:18.062000,-0.2774205505847931,-0.0019389332737773657
2023-05-27 15:50:17.829000,-0.2609511911869049,-0.0020332373678684235
2023-05-27 15:51:18.092000,-0.19930584728717804,-0.0021633498836308718
2023-05-27 15:52:18.056000,-0.22064247727394104,-0.0020733559504151344
2023-05-27 15:53:18.032000,-0.39991137385368347,-0.002138101728633046
2023-05-27 15:54:18.086000,-0.4609627425670624,-0.002023810287937522
2023-05-27 15:55:18.017000,-0.2957350015640259,-0.001973571488633752
2023-05-27 15:56:18.020000,-0.20118404924869537,-0.001997102051973343
2023-05-27 15:57:18.033000,-0.25630447268486023,-0.0021230001002550125
2023-05-27 15:58:17.979000,-0.23812806606292725,-0.0021461481228470802
2023-05-27 15:59:18.008000,-0.2682076096534729,-0.002087666653096676
2023-05-27 16:00:17.956000,-0.3710528016090393,-0.002064900007098913
2023-05-27 16:01:18.018000,-0.4718939960002899,-0.002076357137411833
2023-05-27 16:02:17.998000,-0.37392476201057434,-0.0019944210071116686
2023-05-27 16:03:18.036000,-0.21449825167655945,-0.0020263076294213533
2023-05-27 16:04:18.080000,-0.21879221498966217,-0.0020274892449378967
2023-05-27 16:05:17.987000,-0.22067397832870483,-0.0020834815222769976
2023-05-27 16:06:17.959000,-0.26662126183509827,-0.0022041499614715576
2023-05-27 16:07:17.955000,-0.3518078029155731,-0.0021082882303744555
2023-05-27 16:08:18.018000,-0.5235708355903625,-0.0021203034557402134
2023-05-27 16:09:17.963000,-0.5238195061683655,-0.001863964949734509
2023-05-27 16:10:18.020000,-0.28338441252708435,-0.002089389832690358
2023-05-27 16:11:18.030000,-0.23512345552444458,-0.0020607193000614643
2023-05-27 16:12:17.943000,-0.2589974105358124,-0.001855566632002592
2023-05-27 16:13:18.055000,-0.2650340795516968,-0.0020880363881587982
2023-05-27 16:14:18.076000,-0.2723452150821686,-0.002118421019986272
2023-05-27 16:15:18,-0.43060025572776794,-0.002109810244292021
2023-05-27 16:16:18.010000,-0.5995685458183289,-0.0021143166813999414
2023-05-27 16:17:17.956000,-0.4764903783798218,-0.0022034666035324335
2023-05-27 16:18:18.052000,-0.33593037724494934,-0.0020185334142297506
2023-05-27 16:19:18.105000,-0.3002055287361145,-0.0022223833948373795
2023-05-27 16:20:17.998000,-0.24037231504917145,-0.0020143273286521435
2023-05-27 16:21:18.014000,-0.23027317225933075,-0.0021652167197316885
2023-05-27 16:22:18.072000,-0.3075987994670868,-0.0018090000376105309
2023-05-27 16:23:17.935000,-0.47878092527389526,-0.0020736102014780045
2023-05-27 16:24:17.990000,-0.43444326519966125,-0.0020712667610496283
2023-05-27 16:25:17.974000,-0.2910749018192291,-0.002133549889549613
2023-05-27 16:26:18.012000,-0.27557697892189026,-0.0019320169230923057
2023-05-27 16:27:17.970000,-0.25658443570137024,-0.002192169427871704
2023-05-27 16:28:17.970000,-0.24910995364189148,-0.0022200169041752815
2023-05-27 16:29:18.024000,-0.2015896886587143,-0.0020293500274419785
2023-05-27 16:30:17.794000,-0.3705313205718994,-0.0020711380057036877
2023-05-27 16:31:18.061000,-0.45159441232681274,-0.0020318832248449326
2023-05-27 16:32:18.039000,-0.2746906578540802,-0.0021599000319838524
2023-05-27 16:33:18.041000,-0.1758583039045334,-0.002117796568199992
2023-05-27 16:34:18.020000,-0.21286311745643616,-0.0020803166553378105
2023-05-27 16:35:18.162000,-0.2659244239330292,-0.0018350172322243452
2023-05-27 16:36:17.944000,-0.2936836779117584,-0.002114931121468544
2023-05-27 16:37:17.970000,-0.38259780406951904,-0.002128766616806388
2023-05-27 16:38:18.051000,-0.5365831851959229,-0.002207766752690077
2023-05-27 16:39:18.024000,-0.3791506588459015,-0.0020949500612914562
2023-05-27 16:40:18.006000,-0.1735592782497406,-0.0019221833208575845
2023-05-27 16:41:17.933000,-0.1670372039079666,-0.0020423103123903275
2023-05-27 16:42:17.996000,-0.16679050028324127,-0.0019690345507115126
2023-05-27 16:43:18.100000,-0.20069074630737305,-0.00202581356279552
2023-05-27 16:44:18.060000,-0.24121102690696716,-0.0021072833333164454
2023-05-27 16:45:18.009000,-0.4894852638244629,-0.002158189658075571
2023-05-27 16:46:18.053000,-0.5958777070045471,-0.002092166570946574
2023-05-27 16:47:17.970000,-0.36644673347473145,-0.002075266558676958
2023-05-27 16:48:18.055000,-0.31245899200439453,-0.002195310313254595
2023-05-27 16:49:17.935000,-0.25276997685432434,-0.002062950050458312
2023-05-27 16:50:18.059000,-0.24016918241977692,-0.002130483277142048
2023-05-27 16:51:18.029000,-0.23314699530601501,-0.002137894742190838
2023-05-27 16:52:17.982000,-0.3402785360813141,-0.002246766583994031
2023-05-27 16:53:17.982000,-0.5651867389678955,-0.002079624915495515
2023-05-27 16:54:18.017000,-0.3704085946083069,-0.0021881379652768373
2023-05-27 16:55:18.044000,-0.2929462790489197,-0.0021477288100868464
2023-05-27 16:56:17.962000,-0.3161601126194,-0.0020965998992323875
2023-05-27 16:57:17.984000,-0.3324824273586273,-0.0021552806720137596
2023-05-27 16:58:17.966000,-0.3372611701488495,-0.0021611356642097235
2023-05-27 16:59:17.903000,-0.2915905714035034,-0.0020998644176870584
2023-05-27 17:00:18.024000,-0.5466268658638,-0.0022077499888837337
2023-05-27 17:01:18.014000,-0.5711127519607544,-0.002101199934259057
2023-05-27 17:02:17.902000,-0.30981722474098206,-0.002146849874407053
2023-05-27 17:03:17.916000,-0.2811964750289917,-0.002017450053244829
2023-05-27 17:04:18.004000,-0.28640007972717285,-0.0021638667676597834
2023-05-27 17:05:17.918000,-0.35017096996307373,-0.002087932312861085
2023-05-27 17:06:17.949000,-0.3530871272087097,-0.0020109498873353004
2023-05-27 17:07:18.017000,-0.4571852684020996,-0.0019652373157441616
2023-05-27 17:08:17.965000,-0.7132362723350525,-0.0021113897673785686
2023-05-27 17:09:17.962000,-0.28389066457748413,-0.0019824577029794455
2023-05-27 17:10:17.776000,-0.1664212942123413,-0.0020600678399205208
2023-05-27 17:11:17.914000,-0.15986716747283936,-0.002146883402019739
2023-05-27 17:12:17.953000,-0.15383082628250122,-0.0021441930439323187
2023-05-27 17:13:18.008000,-0.1451321840286255,-0.0024696842301636934
2023-05-27 17:14:18.053000,-0.14083781838417053,-0.0021157856099307537
2023-05-27 17:15:18.007000,-0.4819958209991455,-0.0020684166811406612
2023-05-27 17:16:17.940000,-0.4193648099899292,-0.002116684103384614
2023-05-27 17:17:17.921000,-0.17217588424682617,-0.002097849966958165
2023-05-27 17:18:17.906000,-0.16957661509513855,-0.0020982499700039625
2023-05-27 17:19:18.080000,-0.10370591282844543,-0.0022990847937762737
2023-05-27 17:20:18.009000,-0.1031813994050026,-0.0018026332836598158
2023-05-27 17:21:17.965000,-0.13060212135314941,-0.0019658999517560005
2023-05-27 17:22:17.918000,-0.2864612340927124,-0.0020874501205980778
2023-05-27 17:23:17.907000,-0.5180839896202087,-0.0021422833669930696
2023-05-27 17:24:17.996000,-0.273385226726532,-0.002076250035315752
2023-05-27 17:25:17.926000,-0.2753421664237976,-0.0023162541911005974
2023-05-27 17:26:17.993000,-0.29183095693588257,-0.002176666632294655
2023-05-27 17:27:17.866000,-0.28602078557014465,-0.0021978833246976137
2023-05-27 17:28:18.090000,-0.29323315620422363,-0.001916700042784214
2023-05-27 17:29:18.010000,-0.27620065212249756,-0.0018399333348497748
2023-05-27 17:30:17.919000,-0.5786243081092834,-0.0021680358331650496
2023-05-27 17:31:17.948000,-0.44449612498283386,-0.0020767832174897194
2023-05-27 17:32:17.980000,-0.2346719354391098,-0.002137283328920603
2023-05-27 17:33:18.020000,-0.23449040949344635,-0.0020241865422576666
2023-05-27 17:34:18.032000,-0.2357570230960846,-0.0019606666173785925
2023-05-27 17:35:17.971000,-0.20678919553756714,-0.002065155189484358
2023-05-27 17:36:17.976000,-0.23902453482151031,-0.00203691516071558
2023-05-27 17:37:17.971000,-0.42478621006011963,-0.0021512166131287813
2023-05-27 17:38:17.925000,-0.6060020327568054,-0.002215616637840867
2023-05-27 17:39:18.036000,-0.22577406466007233,-0.00215430511161685
2023-05-27 17:40:17.982000,-0.18064700067043304,-0.0020059491507709026
2023-05-27 17:41:18.017000,-0.1717681735754013,-0.002083016559481621
2023-05-27 17:42:17.986000,-0.17250704765319824,-0.0020615083631128073
2023-05-27 17:43:18.024000,-0.1718275099992752,-0.0021314332261681557
2023-05-27 17:44:17.940000,-0.1843923032283783,-0.00211696675978601
2023-05-27 17:45:18.004000,-0.5526478290557861,-0.0021395254880189896
2023-05-27 17:46:17.951000,-0.4296139180660248,-0.0021976609714329243
2023-05-27 17:47:17.991000,-0.23609645664691925,-0.0020277833100408316
2023-05-27 17:48:17.887000,-0.241220161318779,-0.0018749333685263991
2023-05-27 17:49:17.949000,-0.2068897783756256,-0.0021570357494056225
2023-05-27 17:50:17.768000,-0.1851961761713028,-0.00200146553106606
2023-05-27 17:51:18.027000,-0.17478697001934052,-0.0020485499408096075
2023-05-27 17:52:17.914000,-0.388798326253891,-0.002150366548448801
2023-05-27 17:53:17.968000,-0.5150666832923889,-0.002117135562002659
2023-05-27 17:54:17.959000,-0.5533512830734253,-0.0021086332853883505
2023-05-27 17:55:17.933000,-0.6010802388191223,-0.002138883341103792
2023-05-27 17:56:17.900000,-0.6029976606369019,-0.0021787332370877266
2023-05-27 17:57:17.977000,-0.6052589416503906,-0.002157896524295211
2023-05-27 17:58:17.964000,-0.592555582523346,-0.002305366564542055
2023-05-27 17:59:17.913000,-0.5779649019241333,-0.002105250023305416
2023-05-27 18:00:17.979000,-0.8771853446960449,-0.0020831930451095104
2023-05-27 18:01:17.946000,-0.6426314115524292,-0.001983448164537549
2023-05-27 18:02:18.008000,-0.48931407928466797,-0.0021323999390006065
2023-05-27 18:03:17.854000,-0.48816388845443726,-0.0020945356227457523
2023-05-27 18:04:17.870000,-0.5259442925453186,-0.0020706793293356895
2023-05-27 18:05:17.925000,-0.5577905774116516,-0.0020535762887448072
2023-05-27 18:06:17.902000,-0.5554723143577576,-0.0020541667472571135
2023-05-27 18:07:17.927000,-0.8142878413200378,-0.0021213050931692123
2023-05-27 18:08:17.916000,-0.8504104018211365,-0.0020039998926222324
2023-05-27 18:09:17.908000,-0.5690053701400757,-0.0021232711151242256
2023-05-27 18:10:17.970000,-0.5623855590820312,-0.001985016744583845
2023-05-27 18:11:17.869000,-0.5541346669197083,-0.0021440908312797546
2023-05-27 18:12:17.837000,-0.5447536110877991,-0.0020358667243272066
2023-05-27 18:13:17.959000,-0.5781283974647522,-0.0021175167057663202
2023-05-27 18:14:17.992000,-0.6298357844352722,-0.0021034167148172855
2023-05-27 18:15:17.900000,-0.8390154838562012,-0.0021279999054968357
2023-05-27 18:16:17.885000,-0.5806828141212463,-0.002101763617247343
2023-05-27 18:17:17.848000,-0.18254856765270233,-0.002075525466352701
2023-05-27 18:18:17.856000,-0.16973400115966797,-0.002061299979686737
2023-05-27 18:19:17.927000,-0.1694754809141159,-0.0021140999160706997
2023-05-27 18:20:17.909000,-0.17845435440540314,-0.0020677000284194946
2023-05-27 18:21:18.025000,-0.18197651207447052,-0.0020924238488078117
2023-05-27 18:22:17.892000,-0.4458407759666443,-0.002058683428913355
2023-05-27 18:23:17.910000,-0.4703429043292999,-0.0020386609248816967
2023-05-27 18:24:17.901000,-0.23251023888587952,-0.001999800093472004
2023-05-27 18:25:17.889000,-0.27894189953804016,-0.0020677242428064346
2023-05-27 18:26:17.840000,-0.2783825397491455,-0.001996142789721489
2023-05-27 18:27:17.943000,-0.21847480535507202,-0.002089208224788308
2023-05-27 18:28:17.960000,-0.2584991753101349,-0.0021285207476466894
2023-05-27 18:29:18.003000,-0.41789624094963074,-0.002016404177993536
2023-05-27 18:30:17.723000,-0.6075436472892761,-0.0020292894914746284
2023-05-27 18:31:17.950000,-0.33508914709091187,-0.0021298069041222334
2023-05-27 18:32:17.838000,-0.2668250501155853,-0.002079702215269208
2023-05-27 18:33:17.869000,-0.3192088305950165,-0.0020973635837435722
2023-05-27 18:34:17.934000,-0.3329567313194275,-0.0022581354714930058
2023-05-27 18:35:17.955000,-0.3430677354335785,-0.0019724073354154825
2023-05-27 18:36:17.951000,-0.3796093463897705,-0.0020664469338953495
2023-05-27 18:37:17.933000,-0.5512552261352539,-0.002133660251274705
2023-05-27 18:38:17.861000,-0.47380077838897705,-0.0021464808378368616
2023-05-27 18:39:18.004000,-0.26076579093933105,-0.0019176738569512963
2023-05-27 18:40:18.112000,-0.2639789879322052,-0.0021723334211856127
2023-05-27 18:41:18.198000,-0.2623956799507141,-0.0021666530519723892
2023-05-27 18:42:18.291000,-0.27341774106025696,-0.0019957118202000856
2023-05-27 18:43:18.177000,-0.3242872655391693,-0.0018824499566107988
2023-05-27 18:44:18.239000,-0.4831836521625519,-0.002118400065228343
2023-05-27 18:45:18.106000,-0.603922426700592,-0.0023021053057163954
2023-05-27 18:46:17.920000,-0.32888734340667725,-0.002227389719337225
2023-05-27 18:47:17.868000,-0.19735628366470337,-0.0021946500055491924
2023-05-27 18:48:17.846000,-0.20815172791481018,-0.0020830666180700064
2023-05-27 18:49:17.875000,-0.2052120566368103,-0.002324542496353388
2023-05-27 18:50:17.908000,-0.21353968977928162,-0.0020325167570263147
2023-05-27 18:51:17.920000,-0.3073286712169647,-0.0023127165623009205
2023-05-27 18:52:17.900000,-0.5233164429664612,-0.0020791187416762114
2023-05-27 18:53:17.988000,-0.5227278470993042,-0.0020187499467283487
2023-05-27 18:54:17.899000,-0.3581908345222473,-0.0021943834144622087
2023-05-27 18:55:17.897000,-0.3545117974281311,-0.0020519832614809275
2023-05-27 18:56:17.826000,-0.29898372292518616,-0.002030660631135106
2023-05-27 18:57:17.950000,-0.2718718945980072,-0.001945379306562245
2023-05-27 18:58:17.936000,-0.2865060567855835,-0.00215861015021801
2023-05-27 18:59:17.935000,-0.45713621377944946,-0.002190066734328866
2023-05-27 19:00:17.947000,-0.5345503687858582,-0.0020065000280737877
2023-05-27 19:01:17.889000,-0.38293442130088806,-0.0021242399234324694
2023-05-27 19:02:17.849000,-0.32681524753570557,-0.002042862819507718
2023-05-27 19:03:17.951000,-0.34083205461502075,-0.001984945498406887
2023-05-27 19:04:17.915000,-0.33260518312454224,-0.002167727332562208
2023-05-27 19:05:17.896000,-0.33700355887413025,-0.0021085001062601805
2023-05-27 19:06:17.884000,-0.40133410692214966,-0.002010590862482786
2023-05-27 19:07:17.902000,-0.5027568340301514,-0.0021695918403565884
2023-05-27 19:08:17.880000,-0.4524473547935486,-0.0021390910260379314
2023-05-27 19:09:17.918000,-0.2753036618232727,-0.002058365847915411
2023-05-27 19:10:17.714000,-0.2760184109210968,-0.00211917026899755
2023-05-27 19:11:17.873000,-0.26716113090515137,-0.0020446910057216883
2023-05-27 19:12:17.886000,-0.3189937472343445,-0.0020815429743379354
2023-05-27 19:13:17.913000,-0.38447853922843933,-0.0020771739073097706
2023-05-27 19:14:17.875000,-0.5189767479896545,-0.002172196051105857
2023-05-27 19:15:17.856000,-0.5413823127746582,-0.002125632716342807
2023-05-27 19:16:17.890000,-0.36945345997810364,-0.0021497018169611692
2023-05-27 19:17:17.915000,-0.26979637145996094,-0.0019282272551208735
2023-05-27 19:18:17.927000,-0.26445451378822327,-0.001924807671457529
2023-05-27 19:19:17.934000,-0.2688831686973572,-0.0019687546882778406
2023-05-27 19:20:17.839000,-0.28138628602027893,-0.0021259565837681293
2023-05-27 19:21:17.809000,-0.4426894187927246,-0.0018579629249870777
2023-05-27 19:22:17.948000,-0.5352599620819092,-0.0020803846418857574
2023-05-27 19:23:17.841000,-0.5232905745506287,-0.0018095814157277346
2023-05-27 19:24:17.872000,-0.3376029431819916,-0.0021003540605306625
2023-05-27 19:25:17.843000,-0.29627934098243713,-0.0023142106365412474
2023-05-27 19:26:17.855000,-0.24599875509738922,-0.0020233793184161186
2023-05-27 19:27:17.858000,-0.23836787045001984,-0.0019124499522149563
2023-05-27 19:28:17.865000,-0.3469897508621216,-0.0020439322106540203
2023-05-27 19:29:17.938000,-0.4204888641834259,-0.0022275263909250498
2023-05-27 19:30:17.893000,-0.4209303557872772,-0.0022304821759462357
2023-05-27 19:31:17.966000,-0.3770494759082794,-0.001976021332666278
2023-05-27 19:32:17.908000,-0.31122705340385437,-0.0022104200907051563
2023-05-27 19:33:17.848000,-0.30772873759269714,-0.0020014916080981493
2023-05-27 19:34:17.898000,-0.31197211146354675,-0.0020636897534132004
2023-05-27 19:35:17.925000,-0.326844722032547,-0.0020801499485969543
2023-05-27 19:36:17.853000,-0.4281606078147888,-0.0022886379156261683
2023-05-27 19:37:17.872000,-0.37436696887016296,-0.0023489834275096655
2023-05-27 19:38:17.820000,-0.41844332218170166,-0.0023097998928278685
2023-05-27 19:39:17.920000,-0.2642827033996582,-0.0021399655379354954
2023-05-27 19:40:17.895000,-0.23787210881710052,-0.0021836101077497005
2023-05-27 19:41:17.872000,-0.24073807895183563,-0.0022085614036768675
2023-05-27 19:42:17.936000,-0.28788137435913086,-0.002304550027474761
2023-05-27 19:43:17.894000,-0.4411163628101349,-0.0022342142183333635
2023-05-27 19:44:17.867000,-0.4328679144382477,-0.002319733379408717
2023-05-27 19:45:17.790000,-0.45419713854789734,-0.002178220311179757
2023-05-27 19:46:17.921000,-0.3688458204269409,-0.0018876723479479551
2023-05-27 19:47:17.906000,-0.15739360451698303,-0.0020739000756293535
2023-05-27 19:48:17.861000,-0.16531875729560852,-0.002075716620311141
2023-05-27 19:49:17.849000,-0.16642284393310547,-0.0020316101144999266
2023-05-27 19:50:17.681000,-0.23814024031162262,-0.0020893272012472153
2023-05-27 19:51:17.851000,-0.35305261611938477,-0.002168442355468869
2023-05-27 19:52:17.972000,-0.2771172523498535,-0.0020705554634332657
2023-05-27 19:53:17.980000,-0.41893601417541504,-0.0021157143637537956
2023-05-27 19:54:17.907000,-0.2822234034538269,-0.0020684832707047462
2023-05-27 19:55:17.932000,-0.2417355477809906,-0.002057183301076293
2023-05-27 19:56:17.824000,-0.21311180293560028,-0.00209135003387928
2023-05-27 19:57:17.927000,-0.20276513695716858,-0.0020272834226489067
2023-05-27 19:58:18.015000,-0.37060415744781494,-0.002092593116685748
2023-05-27 19:59:17.968000,-0.3069693446159363,-0.0021122880280017853
2023-05-27 20:00:17.853000,-0.36797595024108887,-0.0021731166634708643
2023-05-27 20:01:17.878000,-0.3799104690551758,-0.002160454634577036
2023-05-27 20:02:17.781000,-0.22767546772956848,-0.0022125535178929567
2023-05-27 20:03:17.890000,-0.2973601520061493,-0.0022682833950966597
2023-05-27 20:04:17.784000,-0.28891125321388245,-0.002124150050804019
2023-05-27 20:05:17.821000,-0.4020915627479553,-0.0022853685077279806
2023-05-27 20:06:17.845000,-0.4535970091819763,-0.0019234666833654046
2023-05-27 20:07:17.944000,-0.2509796917438507,-0.0018674499588087201
2023-05-27 20:08:17.878000,-0.42044129967689514,-0.0021165763027966022
2023-05-27 20:09:17.860000,-0.29945024847984314,-0.001958749955520034
2023-05-27 20:10:17.885000,-0.23094746470451355,-0.0020645763725042343
2023-05-27 20:11:17.844000,-0.23834887146949768,-0.002108420943841338
2023-05-27 20:12:17.935000,-0.28515559434890747,-0.0022018966265022755
2023-05-27 20:13:17.867000,-0.4824388027191162,-0.002080565318465233
2023-05-27 20:14:17.901000,-0.37050703167915344,-0.0021657608449459076
2023-05-27 20:15:17.792000,-0.4491369426250458,-0.0022507179528474808
2023-05-27 20:16:17.785000,-0.4217987358570099,-0.0021918124984949827
2023-05-27 20:17:17.932000,-0.23913033306598663,-0.0020699654705822468
2023-05-27 20:18:17.842000,-0.23755872249603271,-0.002322538523003459
2023-05-27 20:19:17.875000,-0.24000033736228943,-0.0022688936442136765
2023-05-27 20:20:17.842000,-0.3911145031452179,-0.0019826225470751524
2023-05-27 20:21:17.848000,-0.37244004011154175,-0.0020015952177345753
2023-05-27 20:22:17.878000,-0.3096941411495209,-0.0021465192548930645
2023-05-27 20:23:17.760000,-0.48878082633018494,-0.0019245208241045475
2023-05-27 20:24:17.909000,-0.36376914381980896,-0.002097341464832425
2023-05-27 20:25:17.773000,-0.273957222700119,-0.002111025620251894
2023-05-27 20:26:17.904000,-0.2309381514787674,-0.0019359069410711527
2023-05-27 20:27:17.781000,-0.3040969967842102,-0.002182292751967907
2023-05-27 20:28:17.810000,-0.4187094271183014,-0.0018945882329717278
2023-05-27 20:29:17.767000,-0.263200044631958,-0.0019832353573292494
2023-05-27 20:30:17.625000,-0.35753458738327026,-0.002163187600672245
2023-05-27 20:31:17.804000,-0.4687687158584595,-0.002035833429545164
2023-05-27 20:32:17.858000,-0.3080693781375885,-0.0021849230397492647
2023-05-27 20:33:17.846000,-0.3077723979949951,-0.0021613750141113997
2023-05-27 20:34:17.883000,-0.30189287662506104,-0.0022583077661693096
2023-05-27 20:35:17.918000,-0.41927197575569153,-0.002235440071672201
2023-05-27 20:36:17.871000,-0.33253973722457886,-0.0021869249176234007
2023-05-27 20:37:17.765000,-0.23968708515167236,-0.002030289499089122
2023-05-27 20:38:17.764000,-0.4109784960746765,-0.0020580883137881756
2023-05-27 20:39:17.803000,-0.3115060031414032,-0.0021335945930331945
2023-05-27 20:40:17.898000,-0.2717024087905884,-0.0020925248973071575
2023-05-27 20:41:17.815000,-0.3026590347290039,-0.0020593684166669846
2023-05-27 20:42:17.757000,-0.41180726885795593,-0.001838000025600195
2023-05-27 20:43:17.815000,-0.45212095975875854,-0.002245773561298847
2023-05-27 20:44:17.900000,-0.22454285621643066,-0.0022298824042081833
2023-05-27 20:45:17.899000,-0.31947216391563416,-0.0024828400928527117
2023-05-27 20:46:17.800000,-0.3854673206806183,-0.0022715870290994644
2023-05-27 20:47:17.908000,-0.16950051486492157,-0.002204215619713068
2023-05-27 20:48:17.978000,-0.17301779985427856,-0.0020853583700954914
2023-05-27 20:49:17.871000,-0.21469369530677795,-0.0020658269058912992
2023-05-27 20:50:17.940000,-0.4328867495059967,-0.0020325530786067247
2023-05-27 20:51:17.876000,-0.30858784914016724,-0.002063239924609661
2023-05-27 20:52:17.823000,-0.2507055103778839,-0.0020876326598227024
2023-05-27 20:53:17.852000,-0.38636812567710876,-0.0020433191675692797
2023-05-27 20:54:17.724000,-0.3149801194667816,-0.0021128999069333076
2023-05-27 20:55:17.842000,-0.21447297930717468,-0.002077254233881831
2023-05-27 20:56:17.804000,-0.22287681698799133,-0.0020215592812746763
2023-05-27 20:57:17.797000,-0.3741855025291443,-0.002001516753807664
2023-05-27 20:58:17.867000,-0.3448058068752289,-0.0019872630946338177
2023-05-27 20:59:17.776000,-0.29689162969589233,-0.0021402202546596527
2023-05-27 21:00:17.784000,-0.38422128558158875,-0.0021257856860756874
2023-05-27 21:01:17.870000,-0.4830859303474426,-0.002131933346390724
2023-05-27 21:02:17.872000,-0.2951108515262604,-0.0019538814667612314
2023-05-27 21:03:17.804000,-0.2242622673511505,-0.0020572999492287636
2023-05-27 21:04:17.738000,-0.3021484911441803,-0.002255300059914589
2023-05-27 21:05:17.628000,-0.4011823236942291,-0.0021212499123066664
2023-05-27 21:06:17.812000,-0.24156804382801056,-0.002029508352279663
2023-05-27 21:07:17.797000,-0.22314861416816711,-0.002055779565125704
2023-05-27 21:08:17.871000,-0.4083043038845062,-0.0023575713858008385
2023-05-27 21:09:17.839000,-0.4068305194377899,-0.002186620607972145
2023-05-27 21:10:17.811000,-0.3014727830886841,-0.001902649994008243
2023-05-27 21:11:17.803000,-0.32415157556533813,-0.0019612000323832035
2023-05-27 21:12:17.809000,-0.4522523880004883,-0.002097842050716281
2023-05-27 21:13:17.784000,-0.3121683597564697,-0.001976672327145934
2023-05-27 21:14:17.757000,-0.230150043964386,-0.002208881312981248
2023-05-27 21:15:17.904000,-0.30030402541160583,-0.002318138023838401
2023-05-27 21:16:17.728000,-0.3862236440181732,-0.0023437333293259144
2023-05-27 21:17:17.851000,-0.20411232113838196,-0.0020956166554242373
2023-05-27 21:18:17.756000,-0.2040991336107254,-0.001914824591949582
2023-05-27 21:19:17.859000,-0.3370167315006256,-0.0021543388720601797
2023-05-27 21:20:17.726000,-0.38458192348480225,-0.002292216755449772
2023-05-27 21:21:17.756000,-0.2391582876443863,-0.002138566691428423
2023-05-27 21:22:17.714000,-0.21661528944969177,0.002619016682729125
2023-05-27 21:23:17.835000,-0.31852659583091736,-0.0006995762814767659
2023-05-27 21:24:17.808000,-0.28230687975883484,-0.0020732665434479713
2023-05-27 21:25:17.883000,-0.1851123720407486,-0.002015050034970045
2023-05-27 21:26:17.826000,-0.45181700587272644,-0.002182118594646454
2023-05-27 21:27:17.737000,-0.577253520488739,-0.00202884990721941
2023-05-27 21:28:17.823000,-0.44743862748146057,0.0004996270872652531
2023-05-27 21:29:17.776000,-0.4667954742908478,0.011148746125400066
2023-05-27 21:30:17.768000,-0.5488171577453613,0.0070260497741401196
2023-05-27 21:31:17.824000,-0.6782473921775818,0.009685133583843708
2023-05-27 21:32:17.730000,-0.5244426131248474,0.012056349776685238
2023-05-27 21:33:17.843000,-0.3930542469024658,0.015826236456632614
2023-05-27 21:34:17.847000,-0.5277513265609741,0.022970017045736313
2023-05-27 21:35:17.772000,-0.48270487785339355,0.026838432997465134
2023-05-27 21:36:17.769000,-0.37269845604896545,0.025043362751603127
2023-05-27 21:37:17.781000,-0.366315633058548,0.022013233974575996
2023-05-27 21:38:17.831000,-0.5289613604545593,0.01959221623837948
2023-05-27 21:39:17.725000,-0.5122024416923523,0.022122932597994804
2023-05-27 21:40:17.805000,-0.4305587112903595,0.026852361857891083
2023-05-27 21:41:17.808000,-0.5296767354011536,0.03039233386516571
2023-05-27 21:42:17.841000,-0.615464985370636,0.0356619656085968
2023-05-27 21:43:17.820000,-0.40843528509140015,0.039873577654361725
2023-05-27 21:44:17.764000,-0.35676121711730957,0.043291132897138596
2023-05-27 21:45:17.584000,-0.43020012974739075,0.038011349737644196
2023-05-27 21:46:17.832000,-0.5482275485992432,0.02988448180258274
2023-05-27 21:47:17.767000,-0.3862689733505249,0.024432087317109108
2023-05-27 21:48:17.790000,-0.38202306628227234,0.02221020683646202
2023-05-27 21:49:17.812000,-0.465474933385849,0.017945796251296997
2023-05-27 21:50:18.039000,-0.3952014446258545,0.016313200816512108
2023-05-27 21:51:18.091000,-0.33713650703430176,0.018153132870793343
2023-05-27 21:52:17.830000,-0.34907424449920654,0.020412186160683632
2023-05-27 21:53:17.753000,-0.5144960880279541,0.02161029912531376
2023-05-27 21:54:17.773000,-0.40113285183906555,0.02347932755947113
2023-05-27 21:55:17.811000,-0.20734359323978424,0.026797249913215637
2023-05-27 21:56:17.764000,-0.3644462525844574,0.02878575026988983
2023-05-27 21:57:17.875000,-0.3881362974643707,0.024085406213998795
2023-05-27 21:58:17.779000,-0.22909358143806458,0.016203051432967186
2023-05-27 21:59:17.838000,-0.22932426631450653,0.015472900122404099
2023-05-27 22:00:17.835000,-0.3475996255874634,0.01544319000095129
2023-05-27 22:01:17.804000,-0.488964319229126,0.018963245674967766
2023-05-27 22:02:17.744000,-0.34395578503608704,0.02882375940680504
2023-05-27 22:03:17.861000,-0.34845829010009766,0.0397365428507328
2023-05-27 22:04:17.872000,-0.42460379004478455,0.049282051622867584
2023-05-27 22:05:17.837000,-0.262507826089859,0.04433976486325264
2023-05-27 22:06:17.743000,-0.23468747735023499,0.03709470108151436
2023-05-27 22:07:17.795000,-0.2252354472875595,0.03834141418337822
2023-05-27 22:08:17.827000,-0.3933473229408264,0.038141194730997086
2023-05-27 22:09:17.736000,-0.37719735503196716,0.03450604900717735
2023-05-27 22:10:17.776000,-0.30557143688201904,0.03889615088701248
2023-05-27 22:11:17.725000,-0.47338905930519104,0.0397476889193058
2023-05-27 22:12:17.714000,-0.4112357497215271,0.038450632244348526
2023-05-27 22:13:17.752000,-0.260530561208725,0.036708101630210876
2023-05-27 22:14:17.787000,-0.22812549769878387,0.03959938511252403
2023-05-27 22:15:17.800000,-0.28490880131721497,0.04497775062918663
2023-05-27 22:16:17.803000,-0.40937209129333496,0.0426739826798439
2023-05-27 22:17:17.836000,-0.25964292883872986,0.043074384331703186
2023-05-27 22:18:17.721000,-0.31272047758102417,0.04879598319530487
2023-05-27 22:19:17.678000,-0.4226555824279785,0.05430144816637039
2023-05-27 22:20:17.585000,-0.28096428513526917,0.05215877667069435
2023-05-27 22:21:17.748000,-0.290075421333313,0.04249488189816475
2023-05-27 22:22:17.831000,-0.288038969039917,0.03454126790165901
2023-05-27 22:23:17.732000,-0.38156411051750183,0.027032779529690742
2023-05-27 22:24:17.765000,-0.34059903025627136,0.03169398382306099
2023-05-27 22:25:17.807000,-0.2266400009393692,0.0363091342151165
2023-05-27 22:26:17.734000,-0.39410537481307983,0.03593685105443001
2023-05-27 22:27:17.728000,-0.27618908882141113,0.033859916031360626
2023-05-27 22:28:17.784000,-0.21203389763832092,0.03284761682152748
2023-05-27 22:29:17.831000,-0.2699882686138153,0.03677456080913544
2023-05-27 22:30:17.776000,-0.3254837691783905,0.04367401823401451
2023-05-27 22:31:17.759000,-0.42810288071632385,0.03942595049738884
2023-05-27 22:32:17.803000,-0.2848069965839386,0.030265117064118385
2023-05-27 22:33:17.765000,-0.29756325483322144,0.03017514944076538
2023-05-27 22:34:17.670000,-0.30106598138809204,0.037867221981287
2023-05-27 22:35:17.757000,-0.1616358757019043,0.038319215178489685
2023-05-27 22:36:17.738000,-0.17317622900009155,0.03347008302807808
2023-05-27 22:37:17.829000,-0.16831780970096588,0.0328468456864357
2023-05-27 22:38:17.798000,-0.3148764669895172,0.03185431659221649
2023-05-27 22:39:17.742000,-0.3720473647117615,0.026493100449442863
2023-05-27 22:40:17.782000,-0.28871849179267883,0.022686349228024483
2023-05-27 22:41:17.660000,-0.4126807451248169,0.020381344482302666
2023-05-27 22:42:17.760000,-0.23366376757621765,0.02324308454990387
2023-05-27 22:43:17.749000,-0.15913055837154388,0.02647835575044155
2023-05-27 22:44:17.769000,-0.15021343529224396,0.029549099504947662
2023-05-27 22:45:17.907000,-0.18187573552131653,0.02864028327167034
2023-05-27 22:46:17.725000,-0.35188910365104675,0.0261436328291893
2023-05-27 22:47:17.820000,-0.2727717459201813,0.02457493171095848
2023-05-27 22:48:17.720000,-0.4018271565437317,0.022270072251558304
2023-05-27 22:49:17.833000,-0.3850197196006775,0.019741199910640717
2023-05-27 22:50:17.677000,-0.30378371477127075,0.01635238341987133
2023-05-27 22:51:17.645000,-0.3082016110420227,0.01247226633131504
2023-05-27 22:52:17.773000,-0.27641570568084717,0.012675999663770199
2023-05-27 22:53:17.808000,-0.3649996221065521,0.013604339212179184
2023-05-27 22:54:17.645000,-0.3976566791534424,0.0177972000092268
2023-05-27 22:55:17.709000,-0.3422371745109558,0.026210345327854156
2023-05-27 22:56:17.812000,-0.41846713423728943,0.03303311765193939
2023-05-27 22:57:17.669000,-0.2431410402059555,0.03944990038871765
2023-05-27 22:58:17.794000,-0.30919522047042847,0.05086126551032066
2023-05-27 22:59:17.757000,-0.3013080358505249,0.06331326812505722
2023-05-27 23:00:17.554000,-0.3189420998096466,0.06907620280981064
2023-05-27 23:01:17.795000,-0.4595451354980469,0.08468516916036606
2023-05-27 23:02:17.678000,-0.3485817015171051,0.18708014488220215
2023-05-27 23:03:17.764000,-0.41962578892707825,0.2127162218093872
2023-05-27 23:04:17.715000,-0.28946107625961304,0.23185895383358002
2023-05-27 23:05:17.821000,-0.2259504199028015,0.2202828973531723
2023-05-27 23:06:17.743000,-0.23087123036384583,0.21017956733703613
2023-05-27 23:07:17.642000,-0.302175909280777,0.2161165177822113
2023-05-27 23:08:17.767000,-0.4393470287322998,0.2349860817193985
2023-05-27 23:09:17.711000,-0.44224581122398376,0.22573713958263397
2023-05-27 23:10:17.661000,-0.4056161940097809,0.2083674520254135
2023-05-27 23:11:17.783000,-0.35662996768951416,0.20100164413452148
2023-05-27 23:12:17.742000,-0.22704383730888367,0.18840306997299194
2023-05-27 23:13:17.757000,-0.22002579271793365,0.1682228446006775
2023-05-27 23:14:17.669000,-0.21380668878555298,0.20518139004707336
2023-05-27 23:15:17.730000,-0.24951422214508057,0.23715166747570038
2023-05-27 23:16:17.738000,-0.4738979637622833,0.24197174608707428
2023-05-27 23:17:17.674000,-0.4236450791358948,0.25371313095092773
2023-05-27 23:18:17.689000,-0.46143051981925964,0.32789772748947144
2023-05-27 23:19:17.652000,-0.2796936631202698,0.38005611300468445
2023-05-27 23:20:17.727000,-0.16653972864151,0.3616946339607239
2023-05-27 23:21:17.718000,-0.16347649693489075,0.33248984813690186
2023-05-27 23:22:17.707000,-0.16739735007286072,0.3291437029838562
2023-05-27 23:23:17.740000,-0.2990841865539551,0.2668975293636322
2023-05-27 23:24:17.679000,-0.30505114793777466,0.2360668182373047
2023-05-27 23:25:17.740000,-0.32282981276512146,0.22846589982509613
2023-05-27 23:26:17.800000,-0.2717360556125641,0.22154946625232697
2023-05-27 23:27:17.702000,-0.22750499844551086,0.214543417096138
2023-05-27 23:28:17.695000,-0.2426704615354538,0.23445460200309753
2023-05-27 23:29:17.706000,-0.2397281527519226,0.24351820349693298
2023-05-27 23:30:17.657000,-0.20147117972373962,0.2077753096818924
2023-05-27 23:31:17.784000,-0.36027151346206665,0.17627865076065063
2023-05-27 23:32:17.743000,-0.3511935770511627,0.17854203283786774
2023-05-27 23:33:17.689000,-0.3335667848587036,0.1775846928358078
2023-05-27 23:34:17.712000,-0.16618426144123077,0.17762377858161926
2023-05-27 23:35:17.680000,-0.16571713984012604,0.18932627141475677
2023-05-27 23:36:17.784000,-0.21757544577121735,0.20643620193004608
2023-05-27 23:37:17.741000,-0.2421252578496933,0.2566976547241211
2023-05-27 23:38:17.676000,-0.3879638910293579,0.2679970860481262
2023-05-27 23:39:17.615000,-0.39931803941726685,0.23958607017993927
2023-05-27 23:40:17.497000,-0.3706214725971222,0.22487714886665344
2023-05-27 23:41:17.694000,-0.22088654339313507,0.20487210154533386
2023-05-27 23:42:17.777000,-0.17140011489391327,0.19115424156188965
2023-05-27 23:43:17.744000,-0.1846131831407547,0.1566493958234787
2023-05-27 23:44:17.679000,-0.19228672981262207,0.15264420211315155
2023-05-27 23:45:17.645000,-0.2534996569156647,0.19131503999233246
2023-05-27 23:46:17.768000,-0.43171581625938416,0.19803136587142944
2023-05-27 23:47:17.790000,-0.48174068331718445,0.17113074660301208
2023-05-27 23:48:17.772000,-0.41966238617897034,0.174363911151886
2023-05-27 23:49:17.705000,-0.29542702436447144,0.15062300860881805
2023-05-27 23:50:17.666000,-0.24242208898067474,0.16850373148918152
2023-05-27 23:51:17.769000,-0.22986717522144318,0.20487838983535767
2023-05-27 23:52:17.691000,-0.23981507122516632,0.1784875988960266
2023-05-27 23:53:17.696000,-0.38013172149658203,0.14381463825702667
2023-05-27 23:54:17.699000,-0.44488731026649475,0.13125737011432648
2023-05-27 23:55:17.633000,-0.40952587127685547,0.14563441276550293
2023-05-27 23:56:17.763000,-0.3102985620498657,0.1547689586877823
2023-05-27 23:57:17.758000,-0.3038282096385956,0.1357557475566864
2023-05-27 23:58:17.678000,-0.2988204061985016,0.1231173723936081
2023-05-27 23:59:17.708000,-0.28330960869789124,0.11465355008840561
2023-05-28 00:00:17.626000,-0.281708687543869,0.12220491468906403
2023-05-28 00:01:17.848000,-0.41836363077163696,0.13970956206321716
2023-05-28 00:02:17.735000,-0.44891294836997986,0.1796942949295044
2023-05-28 00:03:17.749000,-0.31808149814605713,0.2586510181427002
2023-05-28 00:04:17.689000,-0.22717630863189697,0.3403073847293854
2023-05-28 00:05:17.680000,-0.22198717296123505,0.34596091508865356
2023-05-28 00:06:17.652000,-0.26346567273139954,0.2857178747653961
2023-05-28 00:07:17.602000,-0.304431676864624,0.21780067682266235
2023-05-28 00:08:17.623000,-0.4305534362792969,0.22719381749629974
2023-05-28 00:09:17.728000,-0.5587802529335022,0.26547256112098694
2023-05-28 00:10:17.669000,-0.4145749509334564,0.23990413546562195
2023-05-28 00:11:17.690000,-0.22827540338039398,0.2164095938205719
2023-05-28 00:12:17.725000,-0.2359495609998703,0.23129290342330933
2023-05-28 00:13:17.704000,-0.2327047437429428,0.22925424575805664
2023-05-28 00:14:17.761000,-0.22584101557731628,0.20822949707508087
2023-05-28 00:15:17.682000,-0.2811708152294159,0.2362091839313507
2023-05-28 00:16:17.751000,-0.5084547996520996,0.24583038687705994
2023-05-28 00:17:17.661000,-0.5355066657066345,0.24044214189052582
2023-05-28 00:18:17.860000,-0.3623657524585724,0.26863470673561096
2023-05-28 00:19:17.735000,-0.23947171866893768,0.28229445219039917
2023-05-28 00:20:17.472000,-0.21766404807567596,0.3188367187976837
2023-05-28 00:21:17.600000,-0.22055171430110931,0.3263006806373596
2023-05-28 00:22:17.673000,-0.21114039421081543,0.33865222334861755
2023-05-28 00:23:17.758000,-0.3374571204185486,0.30451062321662903
2023-05-28 00:24:17.626000,-0.4930110573768616,0.27600938081741333
2023-05-28 00:25:17.710000,-0.381990522146225,0.2598257064819336
2023-05-28 00:26:17.728000,-0.25029659271240234,0.26442664861679077
2023-05-28 00:27:17.693000,-0.24779309332370758,0.28835153579711914
2023-05-28 00:28:17.634000,-0.19813689589500427,0.2753053903579712
2023-05-28 00:29:17.813000,-0.1916106939315796,0.24778024852275848
2023-05-28 00:30:17.859000,-0.24334155023097992,0.2085805982351303
2023-05-28 00:31:17.712000,-0.44610342383384705,0.19172303378582
2023-05-28 00:32:17.724000,-0.42740076780319214,0.1977662295103073
2023-05-28 00:33:17.735000,-0.2931372821331024,0.2167215794324875
2023-05-28 00:34:17.595000,-0.25847452878952026,0.23490533232688904
2023-05-28 00:35:17.747000,-0.25574469566345215,0.25165218114852905
2023-05-28 00:36:17.708000,-0.22197842597961426,0.27558234333992004
2023-05-28 00:37:17.723000,-0.19611740112304688,0.2737019956111908
2023-05-28 00:38:17.706000,-0.19403596222400665,0.2519913613796234
2023-05-28 00:39:17.626000,-0.1834513396024704,0.22574889659881592
2023-05-28 00:40:17.731000,-0.2042558640241623,0.19314634799957275
2023-05-28 00:41:17.711000,-0.22048334777355194,0.16721545159816742
2023-05-28 00:42:17.602000,-0.3015235364437103,0.155209481716156
2023-05-28 00:43:17.590000,-0.3166927099227905,0.18549798429012299
2023-05-28 00:44:17.737000,-0.30337396264076233,0.23603826761245728
2023-05-28 00:45:17.702000,-0.27445095777511597,0.2900603711605072
2023-05-28 00:46:17.763000,-0.24359729886054993,0.33008015155792236
2023-05-28 00:47:17.720000,-0.24691151082515717,0.3402611315250397
2023-05-28 00:48:17.585000,-0.260477751493454,0.377126008272171
2023-05-28 00:49:17.732000,-0.26856181025505066,0.38997557759284973
2023-05-28 00:50:17.706000,-0.24357709288597107,0.4009644389152527
2023-05-28 00:51:17.654000,-0.31043997406959534,0.38158783316612244
2023-05-28 00:52:17.666000,-0.32018887996673584,0.3904634118080139
2023-05-28 00:53:17.711000,-0.31819868087768555,0.38520801067352295
2023-05-28 00:54:17.712000,-0.3021043539047241,0.3142123818397522
2023-05-28 00:55:17.656000,-0.24549312889575958,0.2697441577911377
2023-05-28 00:56:17.728000,-0.24674424529075623,0.3051193654537201
2023-05-28 00:57:17.595000,-0.2503662407398224,0.3668820261955261
2023-05-28 00:58:17.667000,-0.25000131130218506,0.4130312502384186
2023-05-28 00:59:17.685000,-0.23628118634223938,0.4398749768733978
2023-05-28 01:00:17.480000,-0.24397900700569153,0.4162365794181824
2023-05-28 01:01:17.680000,-0.3083023130893707,0.38927870988845825
2023-05-28 01:02:17.676000,-0.3198275566101074,0.37142813205718994
2023-05-28 01:03:17.724000,-0.48499640822410583,0.3334750235080719
2023-05-28 01:04:17.643000,-0.5408883094787598,0.30677127838134766
2023-05-28 01:05:17.620000,-0.49117186665534973,0.3217020630836487
2023-05-28 01:06:17.646000,-0.4896851181983948,0.37587830424308777
2023-05-28 01:07:17.564000,-0.4970700442790985,0.43987709283828735
2023-05-28 01:08:17.648000,-0.5044581890106201,0.45709434151649475
2023-05-28 01:09:17.664000,-0.4949274957180023,0.4572049081325531
2023-05-28 01:10:17.576000,-0.5296859741210938,0.44463834166526794
2023-05-28 01:11:17.646000,-0.5622482895851135,0.48702362179756165
2023-05-28 01:12:17.629000,-0.5696942210197449,0.6079379320144653
2023-05-28 01:13:17.683000,-0.5726948380470276,0.5978277921676636
2023-05-28 01:14:17.639000,-0.5290899872779846,0.5199538469314575
2023-05-28 01:15:17.603000,-0.4917444884777069,0.47592100501060486
2023-05-28 01:16:17.686000,-0.4910068213939667,0.4769994914531708
2023-05-28 01:17:17.676000,-0.4927022457122803,0.4988399147987366
2023-05-28 01:18:17.565000,-0.4799640476703644,0.47328415513038635
2023-05-28 01:19:17.706000,-0.4649057984352112,0.44415122270584106
2023-05-28 01:20:17.604000,-0.41047438979148865,0.4804477095603943
2023-05-28 01:21:17.620000,-0.4514293074607849,0.5393639802932739
2023-05-28 01:22:17.636000,-0.42131495475769043,0.5427514314651489
2023-05-28 01:23:17.594000,-0.24414072930812836,0.5210129022598267
2023-05-28 01:24:17.617000,-0.07888185232877731,0.5329134464263916
2023-05-28 01:25:17.780000,-0.03553900122642517,0.5638041496276855
2023-05-28 01:26:17.629000,-0.035636864602565765,0.5456169843673706
2023-05-28 01:27:17.696000,-0.09810538589954376,0.4919818639755249
2023-05-28 01:28:17.617000,-0.11524778604507446,0.4653772711753845
2023-05-28 01:29:17.682000,-0.10760123282670975,0.45212727785110474
2023-05-28 01:30:17.604000,-0.17672953009605408,0.44512778520584106
2023-05-28 01:31:17.711000,-0.1716766059398651,0.44718194007873535
2023-05-28 01:32:17.655000,-0.18046289682388306,0.4639645516872406
2023-05-28 01:33:17.640000,-0.16552719473838806,0.47453078627586365
2023-05-28 01:34:17.581000,-0.20660555362701416,0.44310858845710754
2023-05-28 01:35:17.692000,-0.18791712820529938,0.3902602195739746
2023-05-28 01:36:17.697000,-0.1894088089466095,0.4250120222568512
2023-05-28 01:37:17.667000,-0.19772981107234955,0.5232194066047668
2023-05-28 01:38:17.631000,-0.2190670371055603,0.595890998840332
2023-05-28 01:39:17.643000,-0.24525848031044006,0.6093794107437134
2023-05-28 01:40:17.424000,-0.297137975692749,0.5229693651199341
2023-05-28 01:41:17.620000,-0.3035508096218109,0.4856135845184326
2023-05-28 01:42:17.658000,-0.3194330632686615,0.45651865005493164
2023-05-28 01:43:17.662000,-0.27254095673561096,0.42296260595321655
2023-05-28 01:44:17.694000,-0.23861975967884064,0.4287205934524536
2023-05-28 01:45:17.684000,-0.24046854674816132,0.4698953330516815
2023-05-28 01:46:17.614000,-0.24777847528457642,0.5331258177757263
2023-05-28 01:47:17.659000,-0.24635165929794312,0.47292765974998474
2023-05-28 01:48:17.678000,-0.2576127052307129,0.4261469542980194
2023-05-28 01:49:17.740000,-0.3099838197231293,0.4676852226257324
2023-05-28 01:50:17.565000,-0.3153897225856781,0.5327752828598022
2023-05-28 01:51:17.615000,-0.3134464919567108,0.5872830152511597
2023-05-28 01:52:17.690000,-0.3175424337387085,0.5648565292358398
2023-05-28 01:53:17.618000,-0.2532970607280731,0.5302740931510925
2023-05-28 01:54:17.604000,-0.24169497191905975,0.5194671750068665
2023-05-28 01:55:17.651000,-0.24175506830215454,0.5111743211746216
2023-05-28 01:56:17.666000,-0.2379571497440338,0.5369088649749756
2023-05-28 01:57:17.644000,-0.23926272988319397,0.536260187625885
2023-05-28 01:58:17.756000,-0.24135760962963104,0.5656654834747314
2023-05-28 01:59:17.640000,-0.2973822057247162,0.6840077638626099
2023-05-28 02:00:17.553000,-0.29680073261260986,0.7438969016075134
2023-05-28 02:01:17.586000,-0.29946208000183105,0.7686131000518799
2023-05-28 02:02:17.585000,-0.30374109745025635,0.802467405796051
2023-05-28 02:03:17.533000,-0.2342188060283661,0.7585565447807312
2023-05-28 02:04:17.640000,-0.2220519781112671,0.7050827145576477
2023-05-28 02:05:17.674000,-0.21925249695777893,0.7496091723442078
2023-05-28 02:06:17.652000,-0.2244705706834793,0.8007720112800598
2023-05-28 02:07:17.674000,-0.23124149441719055,0.7819050550460815
2023-05-28 02:08:17.684000,-0.2413758635520935,0.7880697250366211
2023-05-28 02:09:17.677000,-0.2759295403957367,0.7806243300437927
2023-05-28 02:10:17.605000,-0.3130584955215454,0.8280327916145325
2023-05-28 02:11:17.652000,-1.2312031984329224,0.8935865759849548
2023-05-28 02:12:17.649000,-0.3583751320838928,0.8776294589042664
2023-05-28 02:13:17.558000,-0.31784436106681824,0.9190571904182434
2023-05-28 02:14:17.564000,-0.27622103691101074,0.9541939496994019
2023-05-28 02:15:17.639000,-0.27407076954841614,0.9302791953086853
2023-05-28 02:16:17.624000,-0.28080999851226807,0.914935827255249
2023-05-28 02:17:17.672000,-0.2549258768558502,0.8665895462036133
2023-05-28 02:18:17.552000,-0.23085817694664001,0.9170761108398438
2023-05-28 02:19:17.635000,-0.23135414719581604,0.9260182976722717
2023-05-28 02:20:17.401000,-0.2595694363117218,0.8559551239013672
2023-05-28 02:21:17.656000,-0.22734959423542023,0.7556366920471191
2023-05-28 02:22:17.601000,-0.2351943999528885,0.7302080392837524
2023-05-28 02:23:17.546000,-0.18841326236724854,0.7505099177360535
2023-05-28 02:24:17.578000,-0.15872548520565033,0.8032574653625488
2023-05-28 02:25:17.578000,-0.15574465692043304,0.8278045654296875
2023-05-28 02:26:17.675000,-0.16081613302230835,0.7954964637756348
2023-05-28 02:27:17.538000,-0.17456264793872833,0.8716340661048889
2023-05-28 02:28:17.636000,-0.22300441563129425,1.1296440362930298
2023-05-28 02:29:17.578000,-0.28060635924339294,1.3220829963684082
2023-05-28 02:30:17.585000,-0.3062571585178375,1.2793089151382446
2023-05-28 02:31:17.680000,-0.3242369592189789,1.5991291999816895
2023-05-28 02:32:17.624000,-1.2592475414276123,1.7454924583435059
2023-05-28 02:33:17.631000,-0.23648163676261902,1.8263365030288696
2023-05-28 02:34:17.580000,-0.22139805555343628,1.3672282695770264
2023-05-28 02:35:17.644000,-0.25003981590270996,1.4248683452606201
2023-05-28 02:36:17.510000,-0.24811872839927673,1.4498518705368042
2023-05-28 02:37:17.524000,-0.25187161564826965,1.7688077688217163
2023-05-28 02:38:17.636000,-0.32858747243881226,1.46224844455719
2023-05-28 02:39:17.530000,-0.3356573283672333,2.1700186729431152
2023-05-28 02:40:17.592000,-0.331011563539505,1.3790154457092285
2023-05-28 02:41:17.546000,-0.31368210911750793,1.0942859649658203
2023-05-28 02:42:17.647000,-0.2666266858577728,0.9180108308792114
2023-05-28 02:43:17.575000,-0.27283143997192383,0.8333603739738464
2023-05-28 02:44:17.502000,-0.2660823166370392,0.7626581788063049
2023-05-28 02:45:17.711000,-0.26092728972435,0.7429704070091248
2023-05-28 02:46:17.645000,-0.29037556052207947,0.7674133777618408
2023-05-28 02:47:17.519000,-0.3260694444179535,0.7736802697181702
2023-05-28 02:48:17.547000,-0.3642726242542267,0.786928653717041
2023-05-28 02:49:17.604000,-0.3632078468799591,0.8039515018463135
2023-05-28 02:50:17.733000,-0.36129507422447205,0.8258271813392639
2023-05-28 02:51:17.602000,-0.3066423833370209,0.8636226654052734
2023-05-28 02:52:17.569000,-0.29435035586357117,0.9108770489692688
2023-05-28 02:53:17.705000,-2.4455301761627197,0.9418970346450806
2023-05-28 02:54:17.643000,-3.42799973487854,1.0125385522842407
2023-05-28 02:55:17.537000,-3.511221170425415,1.101922631263733
2023-05-28 02:56:17.599000,-3.544736862182617,1.2221099138259888
2023-05-28 02:57:17.600000,-3.5785067081451416,1.296315312385559
2023-05-28 02:58:17.608000,-3.559835910797119,1.329111933708191
2023-05-28 02:59:17.620000,-1.6518092155456543,1.3030738830566406
2023-05-28 03:00:17.404000,-0.7831438779830933,1.374980092048645
2023-05-28 03:01:17.584000,-0.4565763771533966,1.3009932041168213
2023-05-28 03:02:17.542000,-0.4282574951648712,1.2097004652023315
2023-05-28 03:03:17.528000,-0.4259358048439026,1.3898229598999023
2023-05-28 03:04:17.572000,-0.3591320216655731,1.4175925254821777
2023-05-28 03:05:17.530000,-0.3537481725215912,1.6594420671463013
2023-05-28 03:06:17.573000,-0.6430050730705261,1.6681249141693115
2023-05-28 03:07:17.705000,-0.891032338142395,1.3874675035476685
2023-05-28 03:08:17.576000,-0.3916173279285431,1.376865267753601
2023-05-28 03:09:17.588000,-0.34535861015319824,1.3275249004364014
2023-05-28 03:10:17.617000,-0.33634305000305176,1.2623153924942017
2023-05-28 03:11:17.609000,-0.3808043301105499,1.234835147857666
2023-05-28 03:12:17.637000,-0.4265134334564209,1.1983668804168701
2023-05-28 03:13:17.736000,-0.43877825140953064,1.2553720474243164
2023-05-28 03:14:17.585000,-0.42106249928474426,1.3595519065856934
2023-05-28 03:15:17.680000,-0.40705347061157227,1.480973482131958
2023-05-28 03:16:17.530000,-0.4532189965248108,1.3886539936065674
2023-05-28 03:17:17.653000,-0.4203762710094452,1.33455228805542
2023-05-28 03:18:17.665000,-0.4409978687763214,1.2738138437271118
2023-05-28 03:19:17.580000,-0.4038238227367401,1.2376102209091187
2023-05-28 03:20:17.616000,-0.39500999450683594,1.2224560976028442
2023-05-28 03:21:17.516000,-0.3928913474082947,1.33327317237854
2023-05-28 03:22:17.557000,-0.34325090050697327,1.792657732963562
2023-05-28 03:23:17.565000,-0.3340199887752533,1.3576217889785767
2023-05-28 03:24:17.557000,-0.32972031831741333,1.1953188180923462
2023-05-28 03:25:17.534000,-0.33327004313468933,1.2158247232437134
2023-05-28 03:26:17.681000,-0.37092509865760803,1.3546115159988403
2023-05-28 03:27:17.600000,-0.36315882205963135,1.491456389427185
2023-05-28 03:28:17.562000,-0.37901875376701355,1.9278595447540283
2023-05-28 03:29:17.608000,-0.4366408884525299,1.5147061347961426
2023-05-28 03:30:17.496000,-0.4402582049369812,1.6207760572433472
2023-05-28 03:31:17.571000,-0.4423447251319885,1.476270318031311
2023-05-28 03:32:17.637000,-0.38986214995384216,1.4597240686416626
2023-05-28 03:33:17.633000,-0.3031686842441559,1.609613060951233
2023-05-28 03:34:17.518000,-0.29524970054626465,1.8958086967468262
2023-05-28 03:35:17.537000,-0.30360716581344604,2.0280508995056152
2023-05-28 03:36:17.697000,-0.30277585983276367,2.2579641342163086
2023-05-28 03:37:17.629000,-0.30289262533187866,2.431927442550659
2023-05-28 03:38:17.471000,-0.3054354786872864,1.775188684463501
2023-05-28 03:39:17.571000,-0.3872610330581665,1.661075234413147
2023-05-28 03:40:17.362000,-0.5507002472877502,1.7003083229064941
2023-05-28 03:41:17.620000,-0.5415244102478027,1.2715256214141846
2023-05-28 03:42:17.578000,-0.5415877103805542,1.065677523612976
2023-05-28 03:43:17.552000,-0.4815148115158081,0.9568014740943909
2023-05-28 03:44:17.489000,-0.47629818320274353,0.9803555011749268
2023-05-28 03:45:17.582000,-0.4591628611087799,1.018953561782837
2023-05-28 03:46:17.653000,-0.46431195735931396,1.051345705986023
2023-05-28 03:47:17.493000,-1.213646411895752,1.0925556421279907
2023-05-28 03:48:17.531000,-0.4798877537250519,1.1545956134796143
2023-05-28 03:49:17.599000,-0.5320152044296265,1.243571162223816
2023-05-28 03:50:17.598000,-0.37373265624046326,0.801604151725769
2023-05-28 03:51:17.563000,-0.3696453869342804,0.5658968687057495
2023-05-28 03:52:17.488000,-0.3511510193347931,0.6285778284072876
2023-05-28 03:53:17.509000,-0.2963128685951233,0.7340292930603027
2023-05-28 03:54:17.644000,-0.28379133343696594,0.7191226482391357
2023-05-28 03:55:17.568000,-0.27798569202423096,0.5992623567581177
2023-05-28 03:56:17.580000,-0.2753790020942688,0.47466641664505005
2023-05-28 03:57:17.545000,-0.2631637454032898,0.4139164090156555
2023-05-28 03:58:17.559000,-0.2653975784778595,0.43166694045066833
2023-05-28 03:59:17.614000,-0.3338454067707062,0.45990487933158875
2023-05-28 04:00:17.547000,-0.3217599391937256,0.5223588347434998
2023-05-28 04:01:17.562000,-0.31816351413726807,0.5900150537490845
2023-05-28 04:02:17.521000,-0.3060862720012665,0.6882195472717285
2023-05-28 04:03:17.474000,-0.26192009449005127,0.7643920183181763
2023-05-28 04:04:17.497000,-0.25953173637390137,0.923430323600769
2023-05-28 04:05:17.461000,-0.25057151913642883,1.1660223007202148
2023-05-28 04:06:17.466000,-0.2552061080932617,1.0011321306228638
2023-05-28 04:07:17.521000,-0.2569788992404938,0.6994344592094421
2023-05-28 04:08:17.513000,-0.2834163010120392,0.5749603509902954
2023-05-28 04:09:17.662000,-0.3397679924964905,0.5252866744995117
2023-05-28 04:10:17.505000,-0.3305386006832123,0.4676562249660492
2023-05-28 04:11:17.571000,-0.33385130763053894,0.4477187395095825
2023-05-28 04:12:17.552000,-0.2528125047683716,0.4176727533340454
2023-05-28 04:13:17.765000,-0.2166212648153305,0.4211294651031494
2023-05-28 04:14:17.577000,-0.2020271122455597,0.5104398727416992
2023-05-28 04:15:17.543000,-0.1612127423286438,0.6337554454803467
2023-05-28 04:16:17.466000,-0.15875527262687683,0.6493101716041565
2023-05-28 04:17:17.509000,-0.1525031477212906,0.6330640912055969
2023-05-28 04:18:17.588000,-0.19267983734607697,0.6366344690322876
2023-05-28 04:19:17.559000,-0.22809676826000214,0.6921604871749878
2023-05-28 04:20:17.329000,-0.21623903512954712,0.6968715786933899
2023-05-28 04:21:17.458000,-0.2115783393383026,0.7005324363708496
2023-05-28 04:22:17.678000,-0.20214736461639404,0.6447414755821228
2023-05-28 04:23:17.633000,-0.2200213372707367,0.5484389066696167
2023-05-28 04:24:17.548000,-0.21866559982299805,0.5815527439117432
2023-05-28 04:25:17.540000,-0.20710739493370056,0.6109238862991333
2023-05-28 04:26:17.482000,-0.21280284225940704,0.672710120677948
2023-05-28 04:27:17.510000,-0.2459816187620163,0.6925970911979675
2023-05-28 04:28:17.549000,-0.3355896472930908,0.6866132020950317
2023-05-28 04:29:17.503000,-0.3334611654281616,0.7050600647926331
2023-05-28 04:30:17.582000,-0.3426935374736786,0.6049634218215942
2023-05-28 04:31:17.629000,-0.3173537850379944,0.4861927330493927
2023-05-28 04:32:17.494000,-0.2846973240375519,0.5219911932945251
2023-05-28 04:33:17.573000,-0.2975236773490906,0.7439470291137695
2023-05-28 04:34:17.517000,-0.28764066100120544,1.0231528282165527
2023-05-28 04:35:17.474000,-0.28009548783302307,1.1333143711090088
2023-05-28 04:36:17.439000,-0.27618324756622314,1.0742107629776
2023-05-28 04:37:17.490000,-0.3076231777667999,1.000321388244629
2023-05-28 04:38:17.580000,-0.34703198075294495,0.8861127495765686
2023-05-28 04:39:17.605000,-0.3515315651893616,0.894520103931427
2023-05-28 04:40:17.549000,-0.32347795367240906,0.9808769822120667
2023-05-28 04:41:17.478000,-0.2663981318473816,1.863746166229248
2023-05-28 04:42:17.534000,-0.26213499903678894,2.6985459327697754
2023-05-28 04:43:17.575000,-0.2633688747882843,1.4105268716812134
2023-05-28 04:44:17.646000,-0.276449054479599,1.2331433296203613
2023-05-28 04:45:17.449000,-0.2826475203037262,1.027793049812317
2023-05-28 04:46:17.485000,-0.30220526456832886,1.046294927597046
2023-05-28 04:47:17.565000,-0.361086368560791,1.0489788055419922
2023-05-28 04:48:17.614000,-0.37989291548728943,1.633856177330017
2023-05-28 04:49:17.544000,-1.3777475357055664,1.2979792356491089
2023-05-28 04:50:17.504000,-0.3125269114971161,1.2802835702896118
2023-05-28 04:51:17.554000,-0.302476704120636,1.3201675415039062
2023-05-28 04:52:17.476000,-0.29830700159072876,1.485582709312439
2023-05-28 04:53:17.572000,-0.2909727096557617,0.7919933795928955
2023-05-28 04:54:17.540000,-0.27655497193336487,0.8797776699066162
2023-05-28 04:55:17.496000,-0.26622891426086426,1.0372194051742554
2023-05-28 04:56:17.476000,-0.3317733407020569,0.973237931728363
2023-05-28 04:57:17.543000,-0.3255385160446167,1.064186692237854
2023-05-28 04:58:17.576000,-0.3496693968772888,1.7688159942626953
2023-05-28 04:59:17.486000,-0.3158273994922638,1.638136863708496
2023-05-28 05:00:17.311000,-0.25308477878570557,0.9956300258636475
2023-05-28 05:01:17.465000,-0.2512994706630707,0.8793879747390747
2023-05-28 05:02:17.597000,-0.2521297335624695,1.1402937173843384
2023-05-28 05:03:17.529000,-0.2595481276512146,1.65290105342865
2023-05-28 05:04:17.498000,-0.24919308722019196,2.034393072128296
2023-05-28 05:05:17.516000,-0.26182523369789124,2.3630189895629883
2023-05-28 05:06:17.430000,-0.31056955456733704,2.3087148666381836
2023-05-28 05:07:17.433000,-0.2797473669052124,2.2923777103424072
2023-05-28 05:08:17.539000,-0.27560311555862427,2.4916656017303467
2023-05-28 05:09:17.510000,-0.20033949613571167,1.6927517652511597
2023-05-28 05:10:17.483000,-0.17584620416164398,1.2914966344833374
2023-05-28 05:11:17.520000,-0.14651601016521454,1.1239413022994995
2023-05-28 05:12:17.480000,-0.14640991389751434,1.0534647703170776
2023-05-28 05:13:17.498000,-0.15505991876125336,1.4856998920440674
2023-05-28 05:14:17.441000,-0.15061713755130768,2.054550886154175
2023-05-28 05:15:17.545000,-0.1985754668712616,3.115661859512329
2023-05-28 05:16:17.550000,-0.21153540909290314,2.9720771312713623
2023-05-28 05:17:17.573000,-0.21940448880195618,2.553462505340576
2023-05-28 05:18:17.514000,-0.2487308382987976,2.3801143169403076
2023-05-28 05:19:17.468000,-0.20135658979415894,2.4581568241119385
2023-05-28 05:20:17.540000,-0.19225740432739258,2.1280853748321533
2023-05-28 05:21:17.623000,-0.18748055398464203,2.041548490524292
2023-05-28 05:22:17.509000,-0.18730199337005615,1.427520751953125
2023-05-28 05:23:17.538000,-0.2073546200990677,1.589900016784668
2023-05-28 05:24:17.479000,-0.23476365208625793,1.3010047674179077
2023-05-28 05:25:17.536000,-0.2877790033817291,1.1769447326660156
2023-05-28 05:26:17.766000,-0.31824684143066406,1.2638969421386719
2023-05-28 05:27:17.515000,-0.3266974687576294,1.200341820716858
2023-05-28 05:28:17.471000,-0.32819655537605286,0.9871608018875122
2023-05-28 05:29:17.507000,-0.27811887860298157,0.9113257527351379
2023-05-28 05:30:17.595000,-0.26542532444000244,0.9037385582923889
2023-05-28 05:31:17.478000,-0.23315834999084473,0.7343565821647644
2023-05-28 05:32:17.741000,-0.17674419283866882,0.5754354000091553
2023-05-28 05:33:17.477000,-0.17953795194625854,0.5723804235458374
2023-05-28 05:34:17.427000,-0.17831061780452728,0.7596589922904968
2023-05-28 05:35:17.434000,-0.2275894731283188,0.9231535792350769
2023-05-28 05:36:17.514000,-0.2281113713979721,0.8234187364578247
2023-05-28 05:37:17.475000,-0.21961061656475067,0.8725509643554688
2023-05-28 05:38:17.450000,-0.22979183495044708,0.9388266801834106
2023-05-28 05:39:17.516000,-0.15876725316047668,1.0502185821533203
2023-05-28 05:40:17.312000,-0.1526079773902893,1.1779563426971436
2023-05-28 05:41:17.513000,-0.15281011164188385,1.0172464847564697
2023-05-28 05:42:17.510000,-0.14874118566513062,0.8928912281990051
2023-05-28 05:43:17.400000,-0.15757931768894196,1.1934393644332886
2023-05-28 05:44:17.514000,-0.16323259472846985,1.9316554069519043
2023-05-28 05:45:17.533000,-0.1953975111246109,2.2908380031585693
2023-05-28 05:46:17.548000,-0.2558309733867645,2.103610038757324
2023-05-28 05:47:17.402000,-0.309238076210022,1.9464470148086548
2023-05-28 05:48:17.548000,-0.325988233089447,1.8046643733978271
2023-05-28 05:49:17.478000,-0.29955509305000305,1.670980453491211
2023-05-28 05:50:17.467000,-0.28777748346328735,1.657400369644165
2023-05-28 05:51:17.436000,-0.28142717480659485,1.6748833656311035
2023-05-28 05:52:17.463000,-0.27532216906547546,1.9975775480270386
2023-05-28 05:53:17.503000,-0.28242063522338867,1.6990214586257935
2023-05-28 05:54:17.454000,-0.29669803380966187,1.4283416271209717
2023-05-28 05:55:17.451000,-0.34335434436798096,1.4767343997955322
2023-05-28 05:56:17.529000,-0.3355519473552704,1.1308174133300781
2023-05-28 05:57:17.465000,-0.31967291235923767,1.1308226585388184
2023-05-28 05:58:17.646000,-0.25976669788360596,0.8059097528457642
2023-05-28 05:59:17.482000,-0.26250267028808594,0.7195708751678467
2023-05-28 06:00:17.490000,-0.2547861933708191,0.7353923916816711
2023-05-28 06:01:17.465000,-0.2512395977973938,0.8132905960083008
2023-05-28 06:02:17.446000,-0.2512911260128021,0.8299964070320129
2023-05-28 06:03:17.420000,-0.28899866342544556,0.8449035286903381
2023-05-28 06:04:17.406000,-0.3186788260936737,0.9300753474235535
2023-05-28 06:05:17.551000,-0.2809491753578186,1.1251055002212524
2023-05-28 06:06:17.490000,-0.2102290689945221,0.8998773694038391
2023-05-28 06:07:17.383000,-0.1578242927789688,0.7441460490226746
2023-05-28 06:08:17.407000,-0.16996623575687408,0.6836797595024109
2023-05-28 06:09:17.432000,-0.1712016761302948,0.7909053564071655
2023-05-28 06:10:17.455000,-0.15715554356575012,0.9777830839157104
2023-05-28 06:11:17.482000,-0.15028510987758636,0.9410126805305481
2023-05-28 06:12:17.573000,-0.2504204213619232,0.7411121726036072
2023-05-28 06:13:17.429000,-0.28397369384765625,0.5520125031471252
2023-05-28 06:14:17.489000,-0.28136101365089417,0.3942483365535736
2023-05-28 06:15:17.403000,-0.2430303394794464,0.28422144055366516
2023-05-28 06:16:17.367000,-0.1998291313648224,0.27540042996406555
2023-05-28 06:17:17.391000,-0.19172309339046478,0.3650711476802826
2023-05-28 06:18:17.597000,-0.19491049647331238,0.43263158202171326
2023-05-28 06:19:17.481000,-0.19855692982673645,0.4349844753742218
2023-05-28 06:20:17.266000,-0.19193647801876068,0.5340726375579834
2023-05-28 06:21:17.497000,-0.2915465533733368,0.6648165583610535
2023-05-28 06:22:17.499000,-0.2926085889339447,0.7225555181503296
2023-05-28 06:23:17.382000,-0.3149723708629608,0.708820104598999
2023-05-28 06:24:17.385000,-0.29655924439430237,0.717898428440094
2023-05-28 06:25:17.419000,-0.2538200318813324,0.8374863266944885
2023-05-28 06:26:17.489000,-0.2578156292438507,0.8367173671722412
2023-05-28 06:27:17.577000,-0.25582894682884216,0.8298063278198242
2023-05-28 06:28:17.568000,-0.26850593090057373,0.8218491673469543
2023-05-28 06:29:17.410000,-0.27890545129776,0.7888236045837402
2023-05-28 06:30:17.509000,-0.2832731604576111,0.7617402672767639
2023-05-28 06:31:17.456000,-0.3303529918193817,0.7946941256523132
2023-05-28 06:32:17.496000,-0.3309021294116974,0.8806027173995972
2023-05-28 06:33:17.426000,-0.33139920234680176,0.9770264625549316
2023-05-28 06:34:17.371000,-0.27508482336997986,1.1250232458114624
2023-05-28 06:35:17.398000,-0.25970372557640076,1.2186261415481567
2023-05-28 06:36:17.489000,-0.25232693552970886,1.2696824073791504
2023-05-28 06:37:17.498000,-0.24465222656726837,1.2215523719787598
2023-05-28 06:38:17.458000,-0.24881312251091003,1.0033257007598877
2023-05-28 06:39:17.364000,-0.25184258818626404,0.8235846161842346
2023-05-28 06:40:17.470000,-0.3166963458061218,0.7552851438522339
2023-05-28 06:41:17.558000,-0.31191378831863403,0.7831509113311768
2023-05-28 06:42:17.492000,-0.31056925654411316,0.8549011945724487
2023-05-28 06:43:17.473000,-0.2808050811290741,0.9060600399971008
2023-05-28 06:44:17.517000,-0.25278598070144653,0.9433600902557373
2023-05-28 06:45:17.448000,-0.24601057171821594,0.967795193195343
2023-05-28 06:46:17.498000,-0.24437811970710754,0.9484995603561401
2023-05-28 06:47:17.493000,-0.24702851474285126,0.9300151467323303
2023-05-28 06:48:17.382000,-0.2570877969264984,0.9064401388168335
2023-05-28 06:49:17.509000,-0.30544906854629517,0.9072822332382202
2023-05-28 06:50:17.400000,-0.32292014360427856,0.9900020956993103
2023-05-28 06:51:17.375000,-0.3192473351955414,1.0466082096099854
2023-05-28 06:52:17.427000,-0.30217576026916504,1.0533721446990967
2023-05-28 06:53:17.355000,-0.24877424538135529,0.9927981495857239
2023-05-28 06:54:17.435000,-0.24960194528102875,0.9553385376930237
2023-05-28 06:55:17.385000,-0.24463456869125366,0.9201889038085938
2023-05-28 06:56:17.504000,-0.23816730082035065,0.8946537375450134
2023-05-28 06:57:17.430000,-0.2294253706932068,0.8715055584907532
2023-05-28 06:58:17.516000,-0.24400751292705536,0.8523664474487305
2023-05-28 06:59:17.500000,-0.2961289882659912,0.836942732334137
2023-05-28 07:00:17.221000,-0.25407713651657104,0.8114195466041565
2023-05-28 07:01:17.436000,-0.21564535796642303,0.7950535416603088
2023-05-28 07:02:17.483000,-0.09826023131608963,0.7824086546897888
2023-05-28 07:03:17.377000,-0.06817950308322906,0.7710822224617004
2023-05-28 07:04:17.433000,-0.0448455847799778,0.7771241068840027
2023-05-28 07:05:17.480000,-0.03531603142619133,0.7919240593910217
2023-05-28 07:06:17.442000,-0.04757101833820343,0.8091054558753967
2023-05-28 07:07:17.408000,-0.09518148005008698,0.8214585781097412
2023-05-28 07:08:17.355000,-0.1849520057439804,0.8207482695579529
2023-05-28 07:09:17.394000,-0.19137561321258545,0.8136183619499207
2023-05-28 07:10:17.407000,-0.1799710988998413,0.8080783486366272
2023-05-28 07:11:17.418000,-0.1280224621295929,0.8002152442932129
2023-05-28 07:12:17.545000,-0.1104084700345993,0.8052157759666443
2023-05-28 07:13:17.496000,-0.1129755973815918,0.7960959672927856
2023-05-28 07:14:17.430000,-0.13961109519004822,0.7450346946716309
2023-05-28 07:15:17.456000,-0.16278214752674103,0.7192283272743225
2023-05-28 07:16:17.399000,-0.2100795954465866,0.7318790555000305
2023-05-28 07:17:17.429000,-0.3134843409061432,0.7413461804389954
2023-05-28 07:18:17.468000,-0.36349034309387207,0.7602348923683167
2023-05-28 07:19:17.468000,-0.34754884243011475,0.8058727979660034
2023-05-28 07:20:17.390000,-0.28293323516845703,0.8968745470046997
2023-05-28 07:21:17.452000,-0.2741619050502777,0.8995438814163208
2023-05-28 07:22:17.369000,-0.290579229593277,0.8659896850585938
2023-05-28 07:23:17.491000,-0.30714255571365356,0.843218982219696
2023-05-28 07:24:17.387000,-0.30336207151412964,0.8132991790771484
2023-05-28 07:25:17.335000,-0.31888067722320557,0.7753352522850037
2023-05-28 07:26:17.409000,-0.3631560206413269,0.7026799321174622
2023-05-28 07:27:17.444000,-0.36586394906044006,0.7958707213401794
2023-05-28 07:28:17.404000,-0.37533897161483765,0.7584494948387146
2023-05-28 07:29:17.378000,-0.3180220425128937,0.5604020357131958
2023-05-28 07:30:17.450000,-0.3071919083595276,0.4574855864048004
2023-05-28 07:31:17.327000,-0.3061399757862091,0.4563322961330414
2023-05-28 07:32:17.443000,-0.3045894503593445,0.7442640662193298
2023-05-28 07:33:17.347000,-0.3085722327232361,0.7562048435211182
2023-05-28 07:34:17.398000,-0.3301924765110016,0.7476254105567932
2023-05-28 07:35:17.401000,-0.3728317618370056,0.741600513458252
2023-05-28 07:36:17.372000,-0.3710285425186157,0.4799210727214813
2023-05-28 07:37:17.706000,-0.34473490715026855,0.44138726592063904
2023-05-28 07:38:17.464000,-0.2800370156764984,0.46363505721092224
2023-05-28 07:39:17.403000,-0.2926003932952881,0.494316041469574
2023-05-28 07:40:17.201000,-0.283419668674469,0.4870832860469818
2023-05-28 07:41:17.477000,-0.2806507349014282,0.5056254267692566
2023-05-28 07:42:17.381000,-0.2834438979625702,0.5905671715736389
2023-05-28 07:43:17.405000,-0.3216247856616974,0.6214718222618103
2023-05-28 07:44:17.419000,-0.35482776165008545,0.5902761816978455
2023-05-28 07:45:17.406000,-0.337294340133667,0.5213286876678467
2023-05-28 07:46:17.442000,-0.3121448755264282,0.48233261704444885
2023-05-28 07:47:17.448000,-0.25921866297721863,0.5159317255020142
2023-05-28 07:48:17.390000,-0.2666145861148834,0.5508081316947937
2023-05-28 07:49:17.375000,-0.2760838568210602,0.5736470818519592
2023-05-28 07:50:17.454000,-0.26698002219200134,0.5595844388008118
2023-05-28 07:51:17.413000,-0.2639251947402954,0.5994865298271179
2023-05-28 07:52:17.389000,-0.33514535427093506,0.7249387502670288
2023-05-28 07:53:17.382000,-0.3335285484790802,0.7123265266418457
2023-05-28 07:54:17.463000,-0.3331216871738434,0.7162022590637207
2023-05-28 07:55:17.423000,-0.2732745110988617,0.6452314853668213
2023-05-28 07:56:17.375000,-0.25387823581695557,0.7571209669113159
2023-05-28 07:57:17.433000,-0.24672356247901917,0.7187151312828064
2023-05-28 07:58:17.327000,-0.24435794353485107,0.6022008061408997
2023-05-28 07:59:17.461000,-0.25305142998695374,0.591435432434082
2023-05-28 08:00:17.325000,-0.2371128499507904,0.5906336307525635
2023-05-28 08:01:17.461000,-0.2616831362247467,0.5218958258628845
2023-05-28 08:02:17.399000,-0.2603703439235687,0.4939347505569458
2023-05-28 08:03:17.466000,-0.26205676794052124,0.4966609477996826
2023-05-28 08:04:17.461000,-0.20485495030879974,0.5006811022758484
2023-05-28 08:05:17.347000,-0.20194904506206512,0.49383750557899475
2023-05-28 08:06:17.342000,-0.20672988891601562,0.42015692591667175
2023-05-28 08:07:17.418000,-0.20660683512687683,0.36491936445236206
2023-05-28 08:08:17.343000,-0.21294273436069489,0.3623448312282562
2023-05-28 08:09:17.374000,-0.2516743242740631,0.39961937069892883
2023-05-28 08:10:17.412000,-0.2846589982509613,0.4450264275074005
2023-05-28 08:11:17.433000,-0.28629520535469055,0.5031391978263855
2023-05-28 08:12:17.362000,-0.2828296720981598,0.47693297266960144
2023-05-28 08:13:17.427000,-0.2167431265115738,0.4012291133403778
2023-05-28 08:14:17.493000,-0.21762222051620483,0.367139607667923
2023-05-28 08:15:17.312000,-0.22285722196102142,0.34798234701156616
2023-05-28 08:16:17.352000,-0.2462182492017746,0.33366453647613525
2023-05-28 08:17:17.484000,-0.23956575989723206,0.31954193115234375
2023-05-28 08:18:17.346000,-0.25501489639282227,0.3159925639629364
2023-05-28 08:19:17.291000,-0.3404374420642853,0.3265380561351776
2023-05-28 08:20:17.220000,-0.33491039276123047,0.3372921943664551
2023-05-28 08:21:17.457000,-0.331756591796875,0.33827802538871765
2023-05-28 08:22:17.358000,-0.2887933552265167,0.33764326572418213
2023-05-28 08:23:17.299000,-0.263342946767807,0.33481934666633606
2023-05-28 08:24:17.304000,-0.27538374066352844,0.31968432664871216
2023-05-28 08:25:17.434000,-0.2636409401893616,0.30668967962265015
2023-05-28 08:26:17.334000,-0.26734659075737,0.3135049045085907
2023-05-28 08:27:17.428000,-0.2715098559856415,0.3290524184703827
2023-05-28 08:28:17.373000,-0.30522099137306213,0.33392810821533203
2023-05-28 08:29:17.330000,-0.35838812589645386,0.30305081605911255
2023-05-28 08:30:17.338000,-0.3526172935962677,0.28369244933128357
2023-05-28 08:31:17.438000,-0.2675416171550751,0.27344271540641785
2023-05-28 08:32:17.347000,-0.22429980337619781,0.26742178201675415
2023-05-28 08:33:17.354000,-0.26006942987442017,0.2697294056415558
2023-05-28 08:34:17.341000,-0.3230902850627899,0.27601826190948486
2023-05-28 08:35:17.298000,-0.30988162755966187,0.28442004323005676
2023-05-28 08:36:17.339000,-0.3088316023349762,0.30146363377571106
2023-05-28 08:37:17.373000,-0.2993335425853729,0.3007725775241852
2023-05-28 08:38:17.413000,-0.3009631931781769,0.29156073927879333
2023-05-28 08:39:17.338000,-0.38233280181884766,0.27499160170555115
2023-05-28 08:40:17.394000,-0.37034907937049866,0.26687657833099365
2023-05-28 08:41:17.298000,-0.36751589179039,0.2724176347255707
2023-05-28 08:42:17.306000,-0.34823736548423767,0.2760815918445587
2023-05-28 08:43:17.318000,-0.2946630120277405,0.2694045305252075
2023-05-28 08:44:17.299000,-0.3007734715938568,0.2590573728084564
2023-05-28 08:45:17.333000,-0.29361554980278015,0.24562251567840576
2023-05-28 08:46:17.377000,-0.28836384415626526,0.22788721323013306
2023-05-28 08:47:17.385000,-0.2872776389122009,0.2116430550813675
2023-05-28 08:48:17.434000,-0.30959421396255493,0.20287275314331055
2023-05-28 08:49:17.322000,-0.3725682199001312,0.20512743294239044
2023-05-28 08:50:17.161000,-0.366911381483078,0.19247984886169434
2023-05-28 08:51:17.409000,-0.3671800196170807,0.17100147902965546
2023-05-28 08:52:17.267000,-0.3301476240158081,0.15204395353794098
2023-05-28 08:53:17.290000,-0.2943134903907776,0.13249465823173523
2023-05-28 08:54:17.279000,-0.30246710777282715,0.11654163151979446
2023-05-28 08:55:17.347000,-0.29778969287872314,0.10487882792949677
2023-05-28 08:56:17.359000,-0.1967521756887436,0.09830284118652344
2023-05-28 08:57:17.386000,-0.15172970294952393,0.09517029672861099
2023-05-28 08:58:17.364000,-0.12147906422615051,0.09068498015403748
2023-05-28 08:59:17.385000,-0.17880168557167053,0.08538564294576645
2023-05-28 09:00:17.373000,-0.17492109537124634,0.08345106989145279
2023-05-28 09:01:17.429000,-0.17496027052402496,0.08510516583919525
2023-05-28 09:02:17.358000,-0.11808913201093674,0.08826576918363571
2023-05-28 09:03:17.428000,-0.10910463333129883,0.08688238263130188
2023-05-28 09:04:17.285000,-0.11760172992944717,0.08064524829387665
2023-05-28 09:05:17.362000,-0.11811338365077972,0.049446191638708115
2023-05-28 09:06:17.396000,-0.1237606480717659,0.02694006823003292
2023-05-28 09:07:17.388000,-0.12864303588867188,0.02581055834889412
2023-05-28 09:08:17.356000,-0.20834089815616608,0.021647661924362183
2023-05-28 09:09:17.415000,-0.21739879250526428,0.01651596464216709
2023-05-28 09:10:17.365000,-0.21763895452022552,0.01267080008983612
2023-05-28 09:11:17.305000,-0.2516877353191376,0.011491983197629452
2023-05-28 09:12:17.404000,-0.21568340063095093,0.010026450268924236
2023-05-28 09:13:17.268000,-0.2271532565355301,0.008080700412392616
2023-05-28 09:14:17.454000,-0.2551361918449402,0.009067637845873833
2023-05-28 09:15:17.389000,-0.2561785876750946,0.012475400231778622
2023-05-28 09:16:17.411000,-0.2681143581867218,0.013783766888082027
2023-05-28 09:17:17.281000,-0.28120341897010803,0.009829864837229252
2023-05-28 09:18:17.364000,-0.3377054035663605,0.0026808136608451605
2023-05-28 09:19:17.354000,-0.35266217589378357,-0.0012336551444604993
2023-05-28 09:20:17.382000,-0.3504628539085388,-0.0019877117592841387
2023-05-28 09:21:17.304000,-0.30252915620803833,-0.0019283000146970153
2023-05-28 09:22:17.334000,-0.2623704671859741,-0.0019517833134159446
2023-05-28 09:23:17.302000,-0.2647087574005127,-0.0019948165863752365
2023-05-28 09:24:17.405000,-0.2758178412914276,0.00917945709079504
2023-05-28 09:25:17.285000,-0.28225263953208923,0.029024533927440643
2023-05-28 09:26:17.321000,-0.27080419659614563,0.010720999911427498
2023-05-28 09:27:17.341000,-0.2875480353832245,0.012446118518710136
2023-05-28 09:28:17.258000,-0.3498397767543793,0.02005813643336296
2023-05-28 09:29:17.361000,-0.3517027795314789,0.018790267407894135
2023-05-28 09:30:17.153000,-0.3541659712791443,0.012328983284533024
2023-05-28 09:31:17.368000,-0.29398760199546814,0.00665676686912775
2023-05-28 09:32:17.346000,-0.2701714038848877,0.005336199887096882
2023-05-28 09:33:17.404000,-0.27134260535240173,0.007751049939543009
2023-05-28 09:34:17.368000,-0.27981865406036377,0.008628474548459053
2023-05-28 09:35:17.355000,-0.27922338247299194,0.0057667833752930164
2023-05-28 09:36:17.367000,-0.27358049154281616,0.0026015592738986015
2023-05-28 09:37:17.370000,-0.33066219091415405,0.0033361525274813175
2023-05-28 09:38:17.328000,-0.3260383605957031,0.00830458290874958
2023-05-28 09:39:17.357000,-0.34940534830093384,0.0088426498696208
2023-05-28 09:40:17.312000,-0.32620757818222046,0.008581383153796196
2023-05-28 09:41:17.404000,-0.27845561504364014,0.005335450172424316
2023-05-28 09:42:17.388000,-0.2710292935371399,0.002567149931564927
2023-05-28 09:43:17.271000,-0.2721075117588043,0.003261683275923133
2023-05-28 09:44:17.336000,-0.2767813801765442,0.007675322238355875
2023-05-28 09:45:17.244000,-0.27993232011795044,0.009231310337781906
2023-05-28 09:46:17.310000,-0.3290262222290039,0.004601616878062487
2023-05-28 09:47:17.356000,-0.337666779756546,-9.620689525036141e-05
2023-05-28 09:48:17.340000,-0.34417057037353516,-0.002009037649258971
2023-05-28 09:49:17.399000,-0.32077452540397644,-0.0019450666150078177
2023-05-28 09:50:17.266000,-0.28654712438583374,-0.0019354833057150245
2023-05-28 09:51:17.360000,-0.27664947509765625,-0.0019339333521202207
2023-05-28 09:52:17.309000,-0.27232229709625244,-0.0019997665658593178
2023-05-28 09:53:17.243000,-0.2721709609031677,0.007963841781020164
2023-05-28 09:54:17.313000,-0.2776888906955719,0.0019228928722441196
2023-05-28 09:55:17.339000,-0.3381129205226898,0.004015749786049128
2023-05-28 09:56:17.277000,-0.302899569272995,0.0044309827499091625
2023-05-28 09:57:17.340000,-0.28290432691574097,0.0031869832891970873
2023-05-28 09:58:17.302000,-0.23847666382789612,0.0027598983142524958
2023-05-28 09:59:17.336000,-0.22426193952560425,0.0038852167781442404
2023-05-28 10:00:17.351000,-0.23084339499473572,0.005650700069963932
2023-05-28 10:01:17.365000,-0.22389329969882965,0.00664496561512351
2023-05-28 10:02:17.393000,-0.21287985146045685,0.004713830538094044
2023-05-28 10:03:17.269000,-0.23059958219528198,0.0033809500746428967
2023-05-28 10:04:17.306000,-0.28775814175605774,0.0028939666226506233
2023-05-28 10:05:17.320000,-0.28668874502182007,0.0020477627404034138
2023-05-28 10:06:17.280000,-0.28055092692375183,0.0021979333832859993
2023-05-28 10:07:17.297000,-0.2233145833015442,0.003977716900408268
2023-05-28 10:08:17.312000,-0.2151673138141632,0.006071533542126417
2023-05-28 10:09:17.237000,-0.21588091552257538,0.005847233347594738
2023-05-28 10:10:17.113000,-0.2136102318763733,0.0038483389653265476
2023-05-28 10:11:17.245000,-0.2040930688381195,0.0028323999140411615
2023-05-28 10:12:17.355000,-0.23943670094013214,0.0022611001040786505
2023-05-28 10:13:17.328000,-0.299198716878891,0.0023539999965578318
2023-05-28 10:14:17.371000,-0.31771090626716614,0.0022920998744666576
2023-05-28 10:15:17.254000,-0.33973515033721924,0.002212099963799119
2023-05-28 10:16:17.255000,-0.29926571249961853,0.0018654499435797334
2023-05-28 10:17:17.379000,-0.25452589988708496,0.0017406500410288572
2023-05-28 10:18:17.320000,-0.24871256947517395,-0.0003273666661698371
2023-05-28 10:19:17.317000,-0.25296369194984436,-0.0020302499178797007
2023-05-28 10:20:17.257000,-0.26000118255615234,-0.001955650048330426
2023-05-28 10:21:17.339000,-0.2526851296424866,-0.0019506949465721846
2023-05-28 10:22:17.349000,-0.3056912422180176,-0.0019843389745801687
2023-05-28 10:23:17.573000,-0.3245954215526581,-0.0019230172038078308
2023-05-28 10:24:17.335000,-0.3239339292049408,-0.0019874167628586292
2023-05-28 10:25:17.294000,-0.30226248502731323,-0.0020295833237469196
2023-05-28 10:26:17.452000,-0.2592374384403229,-0.001981850014999509
2023-05-28 10:27:17.352000,-0.22505520284175873,-0.0020107501186430454
2023-05-28 10:28:17.379000,-0.1734323501586914,-0.002015915233641863
2023-05-28 10:29:17.355000,-0.18302497267723083,-0.002110137837007642
2023-05-28 10:30:17.335000,-0.18717864155769348,-0.0019771833904087543
2023-05-28 10:31:17.217000,-0.23232772946357727,-0.001960983034223318
2023-05-28 10:32:17.281000,-0.2410309612751007,-0.001965603558346629
2023-05-28 10:33:17.313000,-0.2376178354024887,-0.0020077500957995653
2023-05-28 10:34:17.230000,-0.22864891588687897,-0.002100100042298436
2023-05-28 10:35:17.351000,-0.239690363407135,-0.001985366689041257
2023-05-28 10:36:17.303000,-0.25876712799072266,-0.0019333832897245884
2023-05-28 10:37:17.268000,-0.24498946964740753,-0.0020286778453737497
2023-05-28 10:38:17.277000,-0.24065111577510834,-0.0020612203516066074
2023-05-28 10:39:17.268000,-0.23854418098926544,-0.0019823999609798193
2023-05-28 10:40:17.281000,-0.28367775678634644,-0.001989237265661359
2023-05-28 10:41:17.283000,-0.30862632393836975,-0.001945745781995356
2023-05-28 10:42:17.292000,-0.2966941297054291,-0.001982316607609391
2023-05-28 10:43:17.314000,-0.3039279282093048,-0.0020199166610836983
2023-05-28 10:44:17.304000,-0.2360205203294754,-0.00198251660913229
2023-05-28 10:45:17.296000,-0.2433638870716095,-0.0020275500137358904
2023-05-28 10:46:17.279000,-0.2385699599981308,-0.001995083410292864
2023-05-28 10:47:17.241000,-0.23077256977558136,-0.002045233268290758
2023-05-28 10:48:17.366000,-0.23620539903640747,-0.0019853832200169563
2023-05-28 10:49:17.321000,-0.28536751866340637,-0.00193425000179559
2023-05-28 10:50:17.119000,-0.31786179542541504,-0.0020152833312749863
2023-05-28 10:51:17.335000,-0.3221118152141571,-0.002052633324638009
2023-05-28 10:52:17.213000,-0.3085532784461975,-0.001988881267607212
2023-05-28 10:53:17.256000,-0.22190481424331665,-0.0020592373330146074
2023-05-28 10:54:17.348000,-0.18832476437091827,-0.001987749943509698
2023-05-28 10:55:17.260000,-0.18630267679691315,-0.0020191832445561886
2023-05-28 10:56:17.360000,-0.18603184819221497,-0.0020414236932992935
2023-05-28 10:57:17.436000,-0.17403775453567505,-0.0020204000174999237
2023-05-28 10:58:17.291000,-0.19243790209293365,-0.0020923332776874304
2023-05-28 10:59:17.217000,-0.24446703493595123,-0.0019622165709733963
2023-05-28 11:00:17.319000,-0.2510663568973541,-0.0019342758459970355
2023-05-28 11:01:17.191000,-0.24755200743675232,-0.0019898666068911552
2023-05-28 11:02:17.249000,-0.17982834577560425,-0.0019530500285327435
2023-05-28 11:03:17.213000,-0.17621617019176483,-0.0020363666117191315
2023-05-28 11:04:17.205000,-0.18136659264564514,-0.0020008832216262817
2023-05-28 11:05:17.216000,-0.18538284301757812,-0.0020318792667239904
2023-05-28 11:06:17.252000,-0.1834583878517151,-0.0020301579497754574
2023-05-28 11:07:17.411000,-0.17870831489562988,-0.0019235932268202305
2023-05-28 11:08:17.220000,-0.25735366344451904,-0.001966706942766905
2023-05-28 11:09:17.288000,-0.2742018401622772,-0.001991733442991972
2023-05-28 11:10:17.292000,-0.30961257219314575,-0.001914706896059215
2023-05-28 11:11:17.342000,-0.28740358352661133,-0.0019150666194036603
2023-05-28 11:12:17.193000,-0.23917101323604584,-0.0019949832931160927
2023-05-28 11:13:17.312000,-0.24475818872451782,-0.001930900034494698
2023-05-28 11:14:17.232000,-0.24982301890850067,-0.0020722667686641216
2023-05-28 11:15:17.268000,-0.2610492408275604,-0.0019282166613265872
2023-05-28 11:16:17.293000,-0.2549312114715576,-0.0019754034001380205
2023-05-28 11:17:17.327000,-0.269792377948761,-0.0018715166952461004
2023-05-28 11:18:17.285000,-0.3079710900783539,-0.00218188320286572
2023-05-28 11:19:17.186000,-0.30775752663612366,-0.001965699950233102
2023-05-28 11:20:17.454000,-0.3185247778892517,-0.0019551333971321583
2023-05-28 11:21:17.311000,-0.25461286306381226,-0.002206457545980811
2023-05-28 11:22:17.303000,-0.23680081963539124,-0.0019504500087350607
2023-05-28 11:23:17.330000,-0.2439958155155182,-0.0020630499348044395
2023-05-28 11:24:17.223000,-0.24859489500522614,-0.0019979500211775303
2023-05-28 11:25:17.314000,-0.2522558271884918,-0.0019084166269749403
2023-05-28 11:26:17.270000,-0.2750823199748993,-0.0018894999520853162
2023-05-28 11:27:17.301000,-0.31618478894233704,-0.0020830000285059214
2023-05-28 11:28:17.312000,-0.3099713921546936,-0.002021333435550332
2023-05-28 11:29:17.275000,-0.3155141770839691,-0.002087101573124528
2023-05-28 11:30:17.155000,-0.26584598422050476,-0.002032383345067501
2023-05-28 11:31:17.286000,-0.24462933838367462,-0.00199603452347219
2023-05-28 11:32:17.283000,-0.20295953750610352,-0.0020075333304703236
2023-05-28 11:33:17.293000,-0.17603468894958496,-0.002031483221799135
2023-05-28 11:34:17.242000,-0.17324188351631165,-0.0020252165850251913
2023-05-28 11:35:17.271000,-0.18275967240333557,-0.0019834067206829786
2023-05-28 11:36:17.200000,-0.2468079924583435,-0.0020522000268101692
2023-05-28 11:37:17.306000,-0.22516722977161407,-0.0020044667180627584
2023-05-28 11:38:17.218000,-0.2205696851015091,-0.0020129827316850424
2023-05-28 11:39:17.227000,-0.20224325358867645,-0.0019294499652460217
2023-05-28 11:40:17.172000,-0.2529078722000122,-0.0019472666317597032
2023-05-28 11:41:17.320000,-0.26872947812080383,-0.002006599912419915
2023-05-28 11:42:17.241000,-0.26270508766174316,-0.0019566949922591448
2023-05-28 11:43:17.302000,-0.27440953254699707,-0.0020878135692328215
2023-05-28 11:44:17.273000,-0.27739039063453674,-0.0019846896175295115
2023-05-28 11:45:17.306000,-0.3465079069137573,-0.002117716707289219
2023-05-28 11:46:17.299000,-0.34724217653274536,-0.0021084665786474943
2023-05-28 11:47:17.268000,-0.3414035737514496,-0.00206488324329257
2023-05-28 11:48:17.258000,-0.3115832209587097,-0.0020077000372111797
2023-05-28 11:49:17.394000,-0.2793615758419037,-0.001973100006580353
2023-05-28 11:50:17.260000,-0.28908148407936096,-0.0020230337977409363
2023-05-28 11:51:17.212000,-0.2347639501094818,-0.00202669994905591
2023-05-28 11:52:17.257000,-0.22242794930934906,-0.0019752667285501957
2023-05-28 11:53:17.166000,-0.2226138859987259,-0.0019760499708354473
2023-05-28 11:54:17.246000,-0.2805726230144501,-0.0019776332192122936
2023-05-28 11:55:17.322000,-0.30472853779792786,-0.0020076166838407516
2023-05-28 11:56:17.160000,-0.31164470314979553,-0.001983101712539792
2023-05-28 11:57:17.282000,-0.2959938943386078,-0.001964473631232977
2023-05-28 11:58:17.322000,-0.2316076159477234,-0.001977283274754882
2023-05-28 11:59:17.153000,-0.25755006074905396,-0.001971033401787281
2023-05-28 12:00:17.225000,-0.2602829933166504,-0.001972516765818
2023-05-28 12:01:17.199000,-0.26443567872047424,-0.0019938000477850437
2023-05-28 12:02:17.228000,-0.28859928250312805,-0.0019770690705627203
2023-05-28 12:03:17.332000,-0.7154442667961121,-0.001974966609850526
2023-05-28 12:04:17.161000,-0.7329677939414978,-0.002016616752371192
2023-05-28 12:05:17.251000,-0.734291672706604,-0.001988349948078394
2023-05-28 12:06:17.312000,-0.7240570783615112,-0.0019755333196371794
2023-05-28 12:07:17.185000,-0.6528759002685547,-0.001998879248276353
2023-05-28 12:08:17.182000,-0.7329868674278259,-0.0019870332907885313
2023-05-28 12:09:17.165000,-0.7649065256118774,-0.001965603558346629
2023-05-28 12:10:17.130000,-0.7212538719177246,-0.001936266664415598
2023-05-28 12:11:17.294000,-0.6472591757774353,-0.001933949999511242
2023-05-28 12:12:17.145000,-0.7918939590454102,-0.0018887832993641496
2023-05-28 12:13:17.264000,-0.7091468572616577,-0.002014349913224578
2023-05-28 12:14:17.261000,-0.8503023386001587,-0.002012050012126565
2023-05-28 12:15:17.296000,-0.772489607334137,-0.001939783338457346
2023-05-28 12:16:17.243000,-0.7292769551277161,-0.0019761896692216396
2023-05-28 12:17:17.193000,-0.7071268558502197,-0.0019856500439345837
2023-05-28 12:18:17.245000,-0.5226092338562012,-0.00199924991466105
2023-05-28 12:19:17.267000,-0.5821322202682495,-0.0020256610587239265
2023-05-28 12:20:17.289000,-0.44509607553482056,-0.0020156665705144405
2023-05-28 12:21:17.224000,-0.4437258243560791,-0.0019956035539507866
2023-05-28 12:22:17.339000,-0.46833354234695435,-0.0020408332347869873
2023-05-28 12:23:17.239000,-0.5148388147354126,-0.001996516715735197
2023-05-28 12:24:17.240000,-0.6612440347671509,-0.0019953518640249968
2023-05-28 12:25:17.191000,-0.47177398204803467,-0.0020462500397115946
2023-05-28 12:26:17.254000,-0.5742161870002747,-0.0019619546364992857
2023-05-28 12:27:17.218000,-0.5208801627159119,-0.0020800000056624413
2023-05-28 12:28:17.257000,-0.4165303111076355,-0.002007370349019766
2023-05-28 12:29:17.279000,-0.3189428746700287,-0.002013211604207754
2023-05-28 12:30:17.181000,-0.31442949175834656,-0.0020614999812096357
2023-05-28 12:31:17.245000,-0.5195261836051941,-0.0020218410063534975
2023-05-28 12:32:17.231000,-0.48764729499816895,-0.0018807454034686089
2023-05-28 12:33:17.235000,-0.4435141086578369,-0.0020755177829414606
2023-05-28 12:34:17.193000,-0.46600186824798584,-0.001975403865799308
2023-05-28 12:35:17.299000,-0.2976546585559845,-0.0020817776676267385
2023-05-28 12:36:17.407000,-0.28721266984939575,-0.0021231111604720354
2023-05-28 12:37:17.138000,-0.3031923174858093,-0.002112245187163353
2023-05-28 12:38:17.222000,-0.3919145166873932,-0.002010724041610956
2023-05-28 12:39:17.227000,-0.49748703837394714,-0.0019071964779868722
2023-05-28 12:40:17.295000,-0.4635178744792938,-0.002141103381291032
2023-05-28 12:41:17.197000,-0.6199288964271545,-0.0017943832790479064
2023-05-28 12:42:17.247000,-0.5091397762298584,-0.0021163332276046276
2023-05-28 12:43:17.160000,-0.4240131080150604,-0.002110490808263421
2023-05-28 12:44:17.153000,-0.36812740564346313,-0.0020639272406697273
2023-05-28 12:45:17.246000,-0.39518553018569946,-0.0018779615638777614
2023-05-28 12:46:17.312000,-0.5652927160263062,-0.002017696388065815
2023-05-28 12:47:17.234000,-0.4587291181087494,-0.0020626948680728674
2023-05-28 12:48:17.228000,-0.5062461495399475,-0.0020221637096256018
2023-05-28 12:49:17.284000,-0.5296409726142883,-0.0019804490730166435
2023-05-28 12:50:17.074000,-0.43985915184020996,-0.0021961701568216085
2023-05-28 12:51:17.137000,-0.4420962929725647,-0.0021187320817261934
2023-05-28 12:52:17.222000,-0.4361732602119446,-0.001956066582351923
2023-05-28 12:53:17.141000,-0.5292708873748779,-0.002070183400064707
2023-05-28 12:54:17.126000,-0.5483102798461914,-0.002037550089880824
2023-05-28 12:55:17.150000,-0.48244982957839966,-0.002064379397779703
2023-05-28 12:56:17.224000,-0.5918847918510437,-0.002006152644753456
2023-05-28 12:57:17.138000,-0.3857419788837433,-0.0019930677954107523
2023-05-28 12:58:17.205000,-0.3442108929157257,-0.002177827525883913
2023-05-28 12:59:17.311000,-0.3755902945995331,-0.0020816607866436243
2023-05-28 13:00:17.207000,-0.4679855704307556,-0.002115354174748063
2023-05-28 13:01:17.229000,-0.6181678771972656,-0.0021039582788944244
2023-05-28 13:02:17.141000,-0.5030321478843689,-0.002020818181335926
2023-05-28 13:03:17.368000,-0.8873689770698547,-0.0017961874837055802
2023-05-28 13:04:17.288000,-0.4268049895763397,-0.0020218666177242994
2023-05-28 13:05:17.257000,-0.32560837268829346,-0.0019339167047291994
2023-05-28 13:06:17.125000,-0.32822760939598083,-0.001982583198696375
2023-05-28 13:07:17.143000,-0.31749746203422546,-0.0020695000421255827
2023-05-28 13:08:17.137000,-0.5034176707267761,-0.002067857189103961
2023-05-28 13:09:17.263000,-0.5076261162757874,-0.0019463635981082916
2023-05-28 13:10:17.223000,-0.488391250371933,-0.001953423721715808
2023-05-28 13:11:17.178000,-0.5572450757026672,-0.002028118586167693
2023-05-28 13:12:17.244000,-0.3117200434207916,-0.0019278667168691754
2023-05-28 13:13:17.235000,-0.30946776270866394,-0.0020867667626589537
2023-05-28 13:14:17.184000,-0.303842693567276,-0.0021478570997714996
2023-05-28 13:15:17.199000,-0.40616700053215027,-0.002037083264440298
2023-05-28 13:16:17.255000,-0.5083445906639099,-0.0019748304039239883
2023-05-28 13:17:17.228000,-0.3720952570438385,-0.00206831656396389
2023-05-28 13:18:17.110000,-0.549288809299469,-0.002072383416816592
2023-05-28 13:19:17.119000,-0.43251436948776245,-0.00215725414454937
2023-05-28 13:20:17.234000,-0.3718113303184509,-0.0019059492042288184
2023-05-28 13:21:17.288000,-0.309126079082489,-0.0019783000461757183
2023-05-28 13:22:17.292000,-0.31424662470817566,-0.002024017507210374
2023-05-28 13:23:17.188000,-0.4838015139102936,-0.0021948134526610374
2023-05-28 13:24:17.300000,-0.3835064768791199,-0.002012349897995591
2023-05-28 13:25:17.185000,-0.4044972360134125,-0.002081116661429405
2023-05-28 13:26:17.208000,-0.4055003523826599,-0.0020608166232705116
2023-05-28 13:27:17.182000,-0.316813588142395,-0.002028333256021142
2023-05-28 13:28:17.162000,-0.29455792903900146,-0.0020314333960413933
2023-05-28 13:29:17.190000,-0.29138702154159546,-0.0019947458058595657
2023-05-28 13:30:17.182000,-0.36267390847206116,-0.002098694909363985
2023-05-28 13:31:17.194000,-0.38689228892326355,-0.002012633252888918
2023-05-28 13:32:17.291000,-0.30843019485473633,-0.0020051165483891964
2023-05-28 13:33:17.145000,-0.4213826358318329,-0.0020744067151099443
2023-05-28 13:34:17.220000,-0.23602013289928436,-0.002034083241596818
2023-05-28 13:35:17.015000,-0.212513729929924,-0.0019783051684498787
2023-05-28 13:36:17.243000,-0.2871350944042206,-0.001989483367651701
2023-05-28 13:37:17.173000,-0.3256857693195343,-0.0020013332832604647
2023-05-28 13:38:17.166000,-0.4505603015422821,-0.0020326166413724422
2023-05-28 13:39:17.154000,-0.25521120429039,-0.001990216551348567
2023-05-28 13:40:17.241000,-0.2858615219593048,-0.0019835499115288258
2023-05-28 13:41:17.165000,-0.3356160521507263,-0.0020658832509070635
2023-05-28 13:42:17.119000,-0.24326913058757782,-0.0020665666088461876
2023-05-28 13:43:17.142000,-0.24716845154762268,-0.0020347966346889734
2023-05-28 13:44:17.220000,-0.24737131595611572,-0.002008423674851656
2023-05-28 13:45:17.192000,-0.45989471673965454,-0.001919383299537003
2023-05-28 13:46:17.188000,-0.4609300494194031,-0.002037833444774151
2023-05-28 13:47:17.238000,-0.40543681383132935,-0.002031166572123766
2023-05-28 13:48:17.188000,-0.4602152407169342,-0.002029678551480174
2023-05-28 13:49:17.147000,-0.2622024416923523,-0.0020034832414239645
2023-05-28 13:50:17.184000,-0.2589692771434784,-0.0020781001076102257
2023-05-28 13:51:17.186000,-0.25449687242507935,-0.0020643833559006453
2023-05-28 13:52:17.106000,-0.3254939317703247,-0.0020139659754931927
2023-05-28 13:53:17.140000,-0.43230584263801575,-0.0020129152107983828
2023-05-28 13:54:17.241000,-0.33089679479599,-0.0021595931611955166
2023-05-28 13:55:17.187000,-0.500982403755188,-0.0019564745016396046
2023-05-28 13:56:17.133000,-0.41265130043029785,-0.0021760861855000257
2023-05-28 13:57:17.172000,-0.31239181756973267,-0.0019626666326075792
2023-05-28 13:58:17.198000,-0.2427365481853485,-0.0021737832576036453
2023-05-28 13:59:17.178000,-0.2442663460969925,-0.0019103667000308633
2023-05-28 14:00:17.240000,-0.41889119148254395,-0.0020066832657903433
2023-05-28 14:01:17.114000,-0.3464027941226959,-0.001973672304302454
2023-05-28 14:02:17.154000,-0.3650036156177521,-0.002063593128696084
2023-05-28 14:03:17.141000,-0.38478532433509827,-0.002025650115683675
2023-05-28 14:04:17.199000,-0.2889223098754883,-0.001981916604563594
2023-05-28 14:05:17.145000,-0.31679484248161316,-0.001962866634130478
2023-05-28 14:06:17.191000,-0.31738704442977905,-0.0020560170523822308
2023-05-28 14:07:17.232000,-0.41887366771698,-0.001989175332710147
2023-05-28 14:08:17.154000,-0.4120737314224243,-0.0020426439587026834
2023-05-28 14:09:17.206000,-0.29147782921791077,-0.0019502241630107164
2023-05-28 14:10:17.211000,-0.42684245109558105,-0.002117033349350095
2023-05-28 14:11:17.231000,-0.28761106729507446,-0.001941199996508658
2023-05-28 14:12:17.201000,-0.23012861609458923,-0.002011599950492382
2023-05-28 14:13:17.208000,-0.23568212985992432,-0.0020405591931194067
2023-05-28 14:14:17.215000,-0.32396507263183594,-0.0019841354805976152
2023-05-28 14:15:16.972000,-0.48497557640075684,-0.001975603401660919
2023-05-28 14:16:17.151000,-0.3734070360660553,-0.001852800021879375
2023-05-28 14:17:17.171000,-0.4042220115661621,-0.001966932089999318
2023-05-28 14:18:17.143000,-0.3259590268135071,-0.0020820333156734705
2023-05-28 14:19:17.077000,-0.19823844730854034,-0.0020393000449985266
2023-05-28 14:20:17.140000,-0.1668960303068161,-0.001929483376443386
2023-05-28 14:21:17.134000,-0.17276814579963684,-0.0020251695532351732
2023-05-28 14:22:17.148000,-0.32648536562919617,-0.0019580500666052103
2023-05-28 14:23:17.180000,-0.37230581045150757,-0.001960466615855694
2023-05-28 14:24:17.112000,-0.333767831325531,-0.0020627500489354134
2023-05-28 14:25:17.153000,-0.41865071654319763,-0.0019067999674007297
2023-05-28 14:26:17.089000,-0.2076813280582428,-0.0019735165406018496
2023-05-28 14:27:17.152000,-0.17477332055568695,-0.0020157499238848686
2023-05-28 14:28:17.208000,-0.17367838323116302,-0.0019595518242567778
2023-05-28 14:29:17.137000,-0.2560398578643799,-0.00203013326972723
2023-05-28 14:30:17.077000,-0.3643571734428406,-0.0018732500029727817
2023-05-28 14:31:17.148000,-0.22448691725730896,-0.0021804068237543106
2023-05-28 14:32:17.143000,-0.41596031188964844,-0.0019985614344477654
2023-05-28 14:33:17.186000,-0.34517860412597656,-0.001843237318098545
2023-05-28 14:34:17.214000,-0.27130165696144104,-0.0021794333588331938
2023-05-28 14:35:17.192000,-0.26315993070602417,-0.0019257966196164489
2023-05-28 14:36:17.180000,-0.2519245445728302,-0.0018676724284887314
2023-05-28 14:37:17.093000,-0.42239782214164734,-0.002019433304667473
2023-05-28 14:38:17.199000,-0.25148382782936096,-0.0020604999735951424
2023-05-28 14:39:17.164000,-0.23409101366996765,-0.00202227127738297
2023-05-28 14:40:17.132000,-0.20008321106433868,-0.0021804501302540302
2023-05-28 14:41:17.152000,-0.2360679656267166,-0.001962933223694563
2023-05-28 14:42:17.117000,-0.2533315420150757,-0.002049466595053673
2023-05-28 14:43:17.160000,-0.2458038032054901,-0.001993440557271242
2023-05-28 14:44:17.141000,-0.23578716814517975,-0.001999183325096965
2023-05-28 14:45:17.158000,-0.18223142623901367,-0.001959933200851083
2023-05-28 14:46:17.109000,-0.1865321695804596,-0.002003816654905677
2023-05-28 14:47:17.051000,-0.20678623020648956,-0.0019965763203799725
2023-05-28 14:48:17.057000,-0.2433805763721466,-0.0020373333245515823
2023-05-28 14:49:17.146000,-0.2509244382381439,-0.0018949824152514338
2023-05-28 14:50:17.070000,-0.2977087199687958,-0.00190606783144176
2023-05-28 14:51:17.120000,-0.3254530429840088,-0.002114800037816167
2023-05-28 14:52:17.179000,-0.32320404052734375,-0.0020235832780599594
2023-05-28 14:53:17.160000,-0.28095993399620056,-0.0020102167036384344
2023-05-28 14:54:17.162000,-0.24387657642364502,-0.002064879285171628
2023-05-28 14:55:16.952000,-0.2416536509990692,-0.002063316758722067
2023-05-28 14:56:17.196000,-0.2532379627227783,-0.0019927832763642073
2023-05-28 14:57:17.144000,-0.24608378112316132,-0.0019194666529074311
2023-05-28 14:58:17.184000,-0.23686091601848602,-0.0020162833388894796
2023-05-28 14:59:17.127000,-0.2946884036064148,-0.0020477832295000553
2023-05-28 15:00:17.134000,-0.30192261934280396,-0.001993827521800995
2023-05-28 15:01:17.114000,-0.2985444962978363,-0.0020218833815306425
2023-05-28 15:02:17.152000,-0.22924169898033142,-0.0020261863246560097
2023-05-28 15:03:17.114000,-0.21739599108695984,-0.002020101761445403
2023-05-28 15:04:17.132000,-0.21760708093643188,-0.0020101999398320913
2023-05-28 15:05:17.092000,-0.2190231829881668,-0.0020434034522622824
2023-05-28 15:06:17.039000,-0.22688762843608856,-0.001974599901586771
2023-05-28 15:07:17.079000,-0.26141464710235596,-0.0018686666153371334
2023-05-28 15:08:17.121000,-0.2892918586730957,-0.002084233332425356
2023-05-28 15:09:17.222000,-0.2910616099834442,-0.0018982499605044723
2023-05-28 15:10:17.107000,-0.2644616365432739,-0.002053216565400362
2023-05-28 15:11:17.182000,-0.22713497281074524,-0.001975666731595993
2023-05-28 15:12:17.132000,-0.22555801272392273,-0.002075118711218238
2023-05-28 15:13:17.221000,-0.21628046035766602,-0.001903249998576939
2023-05-28 15:14:17.162000,-0.21585632860660553,-0.002037616679444909
2023-05-28 15:15:17.055000,-0.21733693778514862,-0.0020572165958583355
2023-05-28 15:16:17.141000,-0.24952422082424164,-0.002249383367598057
2023-05-28 15:17:17.079000,-0.23113775253295898,-0.0019893667194992304
2023-05-28 15:18:17.231000,-0.2149309515953064,-0.00197221664711833
2023-05-28 15:19:17.199000,-0.16003097593784332,-0.0019332203082740307
2023-05-28 15:20:17.112000,-0.1487787514925003,-0.001931796665303409
2023-05-28 15:21:17.088000,-0.15842513740062714,-0.002083640079945326
2023-05-28 15:22:17.105000,-0.157782182097435,-0.002094116760417819
2023-05-28 15:23:17.075000,-0.15278655290603638,-0.0020358473993837833
2023-05-28 15:24:17.056000,-0.19078350067138672,-0.002013616729527712
2023-05-28 15:25:17.117000,-0.22443778812885284,-0.002017283346503973
2023-05-28 15:26:17.141000,-0.23179897665977478,-0.002063406864181161
2023-05-28 15:27:17.165000,-0.21312843263149261,-0.002142051700502634
2023-05-28 15:28:17.173000,-0.15849442780017853,-0.0020804693922400475
2023-05-28 15:29:17.157000,-0.16253596544265747,-0.0020217059645801783
2023-05-28 15:30:17.173000,-0.16273139417171478,-0.00208633323200047
2023-05-28 15:31:17.056000,-0.1679718792438507,-0.0020351428538560867
2023-05-28 15:32:17.093000,-0.20108069479465485,-0.0019346378976479173
2023-05-28 15:33:17.104000,-0.24496594071388245,-0.002028298331424594
2023-05-28 15:34:17.062000,-0.2681241035461426,-0.0020614999812096357
2023-05-28 15:35:17.138000,-0.2834646701812744,-0.0020078846719115973
2023-05-28 15:36:17.148000,-0.2821788489818573,-0.0022239999379962683
2023-05-28 15:37:17.160000,-0.22327764332294464,-0.0019606181886047125
2023-05-28 15:38:17.062000,-0.20814521610736847,-0.0020575933158397675
2023-05-28 15:39:17.153000,-0.20641519129276276,-0.002088448265567422
2023-05-28 15:40:16.965000,-0.20870748162269592,-0.0022086165845394135
2023-05-28 15:41:17.126000,-0.217627614736557,-0.0021367999725043774
2023-05-28 15:42:17.206000,-0.2438308149576187,-0.002057183301076293
2023-05-28 15:43:17.090000,-0.2820119261741638,-0.0020282166078686714
2023-05-28 15:44:17.066000,-0.28808164596557617,-0.0018515499541535974
2023-05-28 15:45:17.089000,-0.2824925184249878,-0.001989933429285884
2023-05-28 15:46:17.093000,-0.22877995669841766,-0.0020102832932025194
2023-05-28 15:47:17.166000,-0.22393366694450378,-0.0021413166541606188
2023-05-28 15:48:17.040000,-0.217627614736557,-0.0019817333668470383
2023-05-28 15:49:17.140000,-0.2241915613412857,-0.0018907118355855346
2023-05-28 15:50:17.186000,-0.22246019542217255,-0.002119711833074689
2023-05-28 15:51:17.150000,-0.23285917937755585,-0.0018993961857631803
2023-05-28 15:52:17.064000,-0.27364033460617065,-0.0021066609770059586
2023-05-28 15:53:17.142000,-0.24319183826446533,-0.0020965333096683025
2023-05-28 15:54:17.043000,-0.23763106763362885,-0.0020822666119784117
2023-05-28 15:55:17.159000,-0.17970044910907745,-0.0019245455041527748
2023-05-28 15:56:17.048000,-0.1773754358291626,-0.001921050832606852
2023-05-28 15:57:17.117000,-0.1712784469127655,-0.001991854514926672
2023-05-28 15:58:17.046000,-0.16737127304077148,-0.0018946609925478697
2023-05-28 15:59:17.130000,-0.19479458034038544,-0.0018699824577197433
2023-05-28 16:00:17.317000,-0.22351422905921936,-0.00199750903993845
2023-05-28 16:01:17.167000,-0.3062478303909302,-0.002056886674836278
2023-05-28 16:02:17.080000,-0.3062840402126312,-0.002045017434284091
2023-05-28 16:03:17.144000,-0.3003375232219696,-0.0021744694095104933
2023-05-28 16:04:17.095000,-0.2692872881889343,-0.002081865444779396
2023-05-28 16:05:17.006000,-0.22962109744548798,-0.0019910961855202913
2023-05-28 16:06:17.087000,-0.23684288561344147,-0.002138052601367235
2023-05-28 16:07:17.140000,-0.2380685806274414,-0.0019658070523291826
2023-05-28 16:08:17.079000,-0.234294593334198,-0.0020155555102974176
2023-05-28 16:09:17.201000,-0.23652002215385437,-0.002211960731074214
2023-05-28 16:10:17.048000,-0.3009684085845947,-0.001972145400941372
2023-05-28 16:11:17.064000,-0.33819642663002014,-0.0020425000693649054
2023-05-28 16:12:17.007000,-0.3433976173400879,-0.002112803515046835
2023-05-28 16:13:17.151000,-0.3208065927028656,-0.0021140999160706997
2023-05-28 16:14:17.007000,-0.23055553436279297,-0.0021060833241790533
2023-05-28 16:15:17.132000,-0.21036337316036224,-0.002067596185952425
2023-05-28 16:16:17.446000,-0.21802541613578796,-0.0020936415530741215
2023-05-28 16:17:17.316000,-0.21402175724506378,-0.0020233928225934505
2023-05-28 16:18:17.525000,-0.20162230730056763,-0.0020292263943701982
2023-05-28 16:19:17.591000,-0.23443080484867096,-0.00201038783416152
2023-05-28 16:20:16.914000,-0.2575417459011078,-0.002006687456741929
2023-05-28 16:21:17.113000,-0.26144352555274963,-0.0020729999523609877
2023-05-28 16:22:17.039000,-0.23245815932750702,-0.002006981521844864
2023-05-28 16:23:17.047000,-0.18705378472805023,-0.0020735086873173714
2023-05-28 16:24:17.093000,-0.18503917753696442,-0.002066102111712098
2023-05-28 16:25:17.018000,-0.18473142385482788,-0.0020803208462893963
2023-05-28 16:26:16.998000,-0.1929311454296112,-0.0022092745639383793
2023-05-28 16:27:17.132000,-0.19624722003936768,-0.002007611095905304
2023-05-28 16:28:17.352000,-0.26744112372398376,-0.002082730643451214
2023-05-28 16:29:17.167000,-0.2668839693069458,-0.002146089216694236
2023-05-28 16:30:17.097000,-0.28632545471191406,-0.0019271702039986849
2023-05-28 16:31:17.048000,-0.23603732883930206,-0.0019976207986474037
2023-05-28 16:32:17.003000,-0.2306462973356247,-0.0020140931010246277
2023-05-28 16:33:17.182000,-0.2428845763206482,-0.002062442246824503
2023-05-28 16:34:17.162000,-0.24004237353801727,-0.0019717069808393717
2023-05-28 16:35:17.051000,-0.24318735301494598,-0.0020871961023658514
2023-05-28 16:36:17.061000,-0.2683931887149811,-0.0019942244980484247
2023-05-28 16:37:17.051000,-0.3171997368335724,-0.00203120824880898
2023-05-28 16:38:17.034000,-0.30497512221336365,-0.002096923068165779
2023-05-28 16:39:17.106000,-0.3003612458705902,-0.0020424348767846823
2023-05-28 16:40:17.070000,-0.24830493330955505,-0.002043471671640873
2023-05-28 16:41:17.050000,-0.23971205949783325,-0.0020499564707279205
2023-05-28 16:42:17.078000,-0.24369443953037262,-0.0021395853254944086
2023-05-28 16:43:17.051000,-0.23737815022468567,-0.0020736530423164368
2023-05-28 16:44:17.113000,-0.2380552887916565,-0.00212086527608335
2023-05-28 16:45:17.150000,-0.23792144656181335,-0.0020558261312544346
2023-05-28 16:46:17.014000,-0.2879601716995239,-0.0020310182590037584
2023-05-28 16:47:17.023000,-0.3158048391342163,-0.0020979999098926783
2023-05-28 16:48:16.976000,-0.3214529752731323,-0.0021128393709659576
2023-05-28 16:49:17.092000,-0.31656551361083984,-0.002051244955509901
2023-05-28 16:50:17.095000,-0.4232116639614105,-0.002144224476069212
2023-05-28 16:51:16.976000,-0.5274110436439514,-0.0020045179408043623
2023-05-28 16:52:17.209000,-0.526597261428833,-0.0020878964569419622
2023-05-28 16:53:17.075000,-0.5221818089485168,-0.0020042499527335167
2023-05-28 16:54:17.006000,-0.5186337232589722,-0.002082000020891428
2023-05-28 16:55:17.104000,-0.5169545412063599,-0.0020272498950362206
2023-05-28 16:56:17.079000,-0.5893478393554688,-0.0020637959241867065
2023-05-28 16:57:16.999000,-0.5827835202217102,-0.0021270369179546833
2023-05-28 16:58:17.016000,-0.5712394714355469,-0.002076840028166771
2023-05-28 16:59:17.057000,-0.528489887714386,-0.0020405184477567673
2023-05-28 17:00:16.874000,-0.5041449069976807,-0.001959830289706588
2023-05-28 17:01:17.015000,-0.511809229850769,-0.001955384621396661
2023-05-28 17:02:17.060000,-0.5162851810455322,-0.002109039109200239
2023-05-28 17:03:17.066000,-0.5078803896903992,-0.002137719886377454
2023-05-28 17:04:17.093000,-0.503214955329895,-0.0021141930483281612
2023-05-28 17:05:17.064000,-0.5526883602142334,-0.002160385949537158
2023-05-28 17:06:17.037000,-0.5788791179656982,-0.0020149999763816595
2023-05-28 17:07:17.028000,-0.5821614861488342,-0.0020778868347406387
2023-05-28 17:08:17.015000,-0.567773699760437,-0.0020780174527317286
2023-05-28 17:09:17.108000,-0.4285891056060791,-0.0023802544455975294
2023-05-28 17:10:17.083000,-0.1391853541135788,-0.002093711867928505
2023-05-28 17:11:16.979000,-0.11140374839305878,-0.0020278182346373796
2023-05-28 17:12:17.082000,-0.11562751978635788,-0.0020434600301086903
2023-05-28 17:13:17.089000,-0.10999901592731476,-0.002033085096627474
2023-05-28 17:14:17.039000,-0.1505589336156845,-0.002010272815823555
2023-05-28 17:15:17.108000,-0.1755368709564209,-0.002068568952381611
2023-05-28 17:16:16.984000,-0.18544495105743408,-0.0021000176202505827
2023-05-28 17:17:17.054000,-0.1482861489057541,-0.0020422199741005898
2023-05-28 17:18:17.022000,-0.10049454867839813,-0.0020399230998009443
2023-05-28 17:19:17.030000,-0.0947394147515297,-0.002002207562327385
2023-05-28 17:20:17.028000,-0.19645966589450836,-0.002073470503091812
2023-05-28 17:21:16.972000,-0.18604427576065063,-0.002127921674400568
2023-05-28 17:22:17.037000,-0.1916075199842453,-0.002181833377107978
2023-05-28 17:23:17.084000,-0.24239423871040344,-0.002001756802201271
2023-05-28 17:24:16.993000,-0.24863635003566742,-0.002040900057181716
2023-05-28 17:25:16.953000,-0.2484140247106552,-0.0020974483340978622
2023-05-28 17:26:17.064000,-0.2548641860485077,-0.0020819474011659622
2023-05-28 17:27:17.080000,-0.21730934083461761,-0.002269857097417116
2023-05-28 17:28:17.010000,-0.21956947445869446,-0.0018424999434500933
2023-05-28 17:29:17.090000,-0.23787784576416016,-0.002231692196801305
2023-05-28 17:30:17.088000,-0.23881983757019043,-0.0019267272436991334
2023-05-28 17:31:16.997000,-0.2467344105243683,-0.0021748149301856756
2023-05-28 17:32:16.986000,-0.29560387134552,-0.0020537872333079576
2023-05-28 17:33:17.048000,-0.3203054368495941,-0.002010159892961383
2023-05-28 17:34:17.092000,-0.31727883219718933,-0.0022006924264132977
2023-05-28 17:35:16.825000,-0.3150477707386017,-0.002122734673321247
2023-05-28 17:36:17.025000,-0.24714478850364685,-0.0018410535994917154
2023-05-28 17:37:16.982000,-0.25118109583854675,-0.0019184082048013806
2023-05-28 17:38:17.037000,-0.24235951900482178,-0.002230758545920253
2023-05-28 17:39:17.010000,-0.23313570022583008,-0.00198938325047493
2023-05-28 17:40:17.015000,-0.229608416557312,-0.0019727665930986404
2023-05-28 17:41:17.024000,-0.24914014339447021,-0.0021375000942498446
2023-05-28 17:42:17.013000,-0.3077349364757538,-0.002062923042103648
2023-05-28 17:43:17.053000,-0.3047392964363098,-0.0023771876003593206
2023-05-28 17:44:16.978000,-0.3043544590473175,-0.0021909074857831
2023-05-28 17:45:17.062000,-0.2463282346725464,-0.0022155370097607374
2023-05-28 17:46:17.078000,-0.23259848356246948,-0.0020933570340275764
2023-05-28 17:47:17.060000,-0.24056152999401093,-0.0020130877383053303
2023-05-28 17:48:16.984000,-0.23712649941444397,-0.0020250356756150723
2023-05-28 17:49:17.001000,-0.23849503695964813,-0.0021124500781297684
2023-05-28 17:50:17.032000,-0.2389857918024063,-0.002038199920207262
2023-05-28 17:51:16.991000,-0.2984662652015686,-0.0021696609910577536
2023-05-28 17:52:17.041000,-0.3215203881263733,-0.0020855667535215616
2023-05-28 17:53:17.039000,-0.31220340728759766,-0.0021326832938939333
2023-05-28 17:54:16.986000,-0.27645349502563477,-0.0021209297701716423
2023-05-28 17:55:17.010000,-0.23302575945854187,-0.0020921833347529173
2023-05-28 17:56:17.008000,-0.2361973226070404,-0.002113383263349533
2023-05-28 17:57:17.037000,-0.23756450414657593,-0.002093172399327159
2023-05-28 17:58:16.922000,-0.2286578118801117,-0.002130583394318819
2023-05-28 17:59:17.083000,-0.2362782061100006,-0.002117186551913619
2023-05-28 18:00:17.105000,-0.2898232340812683,-0.00214369990862906
2023-05-28 18:01:17.076000,-0.31398269534111023,-0.0021518473513424397
2023-05-28 18:02:16.965000,-0.25577735900878906,-0.0020997333340346813
2023-05-28 18:03:16.985000,-0.24226443469524384,-0.0020168626215308905
2023-05-28 18:04:17.080000,-0.1627618968486786,-0.002064351923763752
2023-05-28 18:05:16.937000,-0.15756888687610626,-0.002204422140493989
2023-05-28 18:06:17.020000,-0.10980258136987686,-0.0020946040749549866
2023-05-28 18:07:17.013000,-0.11470320075750351,-0.0020501427352428436
2023-05-28 18:08:17.055000,-0.11708299815654755,-0.0020815369207412004
2023-05-28 18:09:17.001000,-0.1686207503080368,-0.0020641200244426727
2023-05-28 18:10:17.024000,-0.24611413478851318,-0.0021470000501722097
2023-05-28 18:11:16.953000,-0.25026020407676697,-0.0021005624439567327
2023-05-28 18:12:16.956000,-0.2668786942958832,-0.00214188895188272
2023-05-28 18:13:16.946000,-0.205450639128685,-0.0020755177829414606
2023-05-28 18:14:16.929000,-0.1780867874622345,-0.0021202757488936186
2023-05-28 18:15:16.823000,-0.17766183614730835,-0.0020681091118603945
2023-05-28 18:16:17.004000,-0.17955774068832397,-0.0020888750441372395
2023-05-28 18:17:17.104000,-0.1818496435880661,-0.0022779374849051237
2023-05-28 18:18:17.136000,-0.17432337999343872,-0.002230204176157713
2023-05-28 18:19:17.048000,-0.20379450917243958,-0.0023048182483762503
2023-05-28 18:20:17.021000,-0.23518872261047363,-0.002131377812474966
2023-05-28 18:21:17.004000,-0.23354309797286987,-0.002166583202779293
2023-05-28 18:22:17.029000,-0.250377357006073,-0.00212906114757061
2023-05-28 18:23:16.985000,-0.21497811377048492,-0.002124042483046651
2023-05-28 18:24:16.967000,-0.19682073593139648,-0.0019660203251987696
2023-05-28 18:25:16.981000,-0.2128143459558487,-0.0020711577963083982
2023-05-28 18:26:16.955000,-0.2203827202320099,-0.002079666592180729
2023-05-28 18:27:16.964000,-0.23148231208324432,-0.002197735942900181
2023-05-28 18:28:16.922000,-0.2387930452823639,-0.0020024904515594244
2023-05-28 18:29:16.949000,-0.28119760751724243,-0.002119980752468109
2023-05-28 18:30:17.014000,-0.2958695590496063,-0.0022384405601769686
2023-05-28 18:31:16.964000,-0.3012446463108063,-0.002154566580429673
2023-05-28 18:32:16.926000,-0.2980966866016388,-0.0021208750549703836
2023-05-28 18:33:16.905000,-0.24366359412670135,-0.002125983126461506
2023-05-28 18:34:16.957000,-0.2372795194387436,-0.0020642930176109076
2023-05-28 18:35:17.144000,-0.23299160599708557,-0.002069684211164713
2023-05-28 18:36:17.074000,-0.23706641793251038,-0.0021012499928474426
2023-05-28 18:37:16.977000,-0.24274656176567078,-0.002061189617961645
2023-05-28 18:38:16.974000,-0.2634468972682953,-0.002059333259239793
2023-05-28 18:39:16.902000,-0.2887026071548462,-0.0020059000235050917
2023-05-28 18:40:16.913000,-0.28694072365760803,-0.0020530526526272297
2023-05-28 18:41:17.014000,-0.2839881181716919,-0.0021111832465976477
2023-05-28 18:42:17.027000,-0.22481068968772888,-0.0020286610815674067
2023-05-28 18:43:17.024000,-0.2235034555196762,-0.002086448250338435
2023-05-28 18:44:17.043000,-0.2101556807756424,-0.0020965998992323875
2023-05-28 18:45:16.964000,-0.2106618881225586,-0.002108423737809062
2023-05-28 18:46:17.008000,-0.2138645350933075,-0.0020077931694686413
2023-05-28 18:47:17.063000,-0.22249768674373627,-0.002143499907106161
2023-05-28 18:48:16.960000,-0.2914334535598755,-0.0020931167528033257
2023-05-28 18:49:17.044000,-0.2840323746204376,-0.0021124333143234253
2023-05-28 18:50:16.968000,-0.2804868519306183,-0.002009583404287696
2023-05-28 18:51:16.981000,-0.2396172285079956,-0.0020626832265406847
2023-05-28 18:52:17.025000,-0.23324242234230042,-0.0020440665539354086
2023-05-28 18:53:16.926000,-0.2362988293170929,-0.002062049927189946
2023-05-28 18:54:17.048000,-0.22914491593837738,-0.002153233392164111
2023-05-28 18:55:16.828000,-0.22917412221431732,-0.0020785166416317225
2023-05-28 18:56:16.994000,-0.22875761985778809,-0.0019748667255043983
2023-05-28 18:57:16.909000,-0.3062123954296112,-0.0020551206544041634
2023-05-28 18:58:16.921000,-0.3007829189300537,-0.002096950076520443
2023-05-28 18:59:16.967000,-0.28600698709487915,-0.0020948166493326426
2023-05-28 19:00:16.962000,-0.24794618785381317,-0.002022883389145136
2023-05-28 19:01:16.889000,-0.2125943899154663,-0.0020213667303323746
2023-05-28 19:02:16.968000,-0.20909923315048218,-0.002041576197370887
2023-05-28 19:03:16.986000,-0.17356754839420319,-0.002051017479971051
2023-05-28 19:04:17.003000,-0.1623195856809616,-0.002021083375439048
2023-05-28 19:05:17.030000,-0.16219928860664368,-0.002102549886330962
2023-05-28 19:06:16.891000,-0.22845493257045746,-0.0020629321224987507
2023-05-28 19:07:16.976000,-0.24081513285636902,-0.0020495166536420584
2023-05-28 19:08:16.985000,-0.2491747885942459,-0.0020336271263659
2023-05-28 19:09:16.964000,-0.21002018451690674,-0.002098355907946825
2023-05-28 19:10:17.037000,-0.1716931015253067,-0.0020419321954250336
2023-05-28 19:11:16.995000,-0.17211060225963593,-0.0021078665740787983
2023-05-28 19:12:16.889000,-0.18773458898067474,-0.00202227127738297
2023-05-28 19:13:16.945000,-0.1878301203250885,-0.0020387000404298306
2023-05-28 19:14:17.023000,-0.17631857097148895,-0.0021172279957681894
2023-05-28 19:15:16.994000,-0.22032751142978668,-0.002050000010058284
2023-05-28 19:16:17.041000,-0.21378998458385468,-0.0020783396903425455
2023-05-28 19:17:16.967000,-0.19411467015743256,-0.0020271320827305317
2023-05-28 19:18:17.010000,-0.14243917167186737,-0.0020004340913146734
2023-05-28 19:19:16.990000,-0.14566397666931152,-0.0020842000376433134
2023-05-28 19:20:16.982000,-0.13761089742183685,-0.0021389806643128395
2023-05-28 19:21:16.994000,-0.1451522260904312,-0.0020964338909834623
2023-05-28 19:22:16.868000,-0.17037683725357056,-0.002070344751700759
2023-05-28 19:23:16.952000,-0.2402394711971283,-0.0019413571571931243
2023-05-28 19:24:16.869000,-0.29569554328918457,-0.0020535599905997515
2023-05-28 19:25:16.912000,-0.2943565845489502,-0.001959696412086487
2023-05-28 19:26:16.983000,-0.26482558250427246,-0.002078650053590536
2023-05-28 19:27:16.930000,-0.2328835278749466,-0.0020523928105831146
2023-05-28 19:28:17.023000,-0.2365199327468872,-0.0020663519389927387
2023-05-28 19:29:17.021000,-0.23028744757175446,-0.0021265714894980192
2023-05-28 19:30:16.888000,-0.23164816200733185,-0.002035274403169751
2023-05-28 19:31:16.925000,-0.23230978846549988,-0.0021862632129341364
2023-05-28 19:32:16.959000,-0.31433889269828796,-0.0021089245565235615
2023-05-28 19:33:16.960000,-0.31688350439071655,-0.002134916605427861
2023-05-28 19:34:16.892000,-0.30485332012176514,-0.002110769273713231
2023-05-28 19:35:16.770000,-0.24231883883476257,-0.0020660399459302425
2023-05-28 19:36:16.862000,-0.2359093725681305,-0.0019664999563246965
2023-05-28 19:37:16.888000,-0.23866021633148193,-0.0022753921803086996
2023-05-28 19:38:16.889000,-0.2333325445652008,-0.0021950926166027784
2023-05-28 19:39:16.977000,-0.22721797227859497,-0.002102229278534651
2023-05-28 19:40:16.949000,-0.27291518449783325,-0.002134673995897174
2023-05-28 19:41:16.901000,-0.2887982726097107,-0.002172185108065605
2023-05-28 19:42:16.901000,-0.2983010411262512,-0.002117306226864457
2023-05-28 19:43:16.886000,-0.25509849190711975,-0.0020303844939917326
2023-05-28 19:44:16.901000,-0.2115710824728012,-0.0021056225523352623
2023-05-28 19:45:17.032000,-0.20923756062984467,-0.0021270376164466143
2023-05-28 19:46:16.927000,-0.20805615186691284,-0.0019597734790295362
2023-05-28 19:47:16.949000,-0.21595999598503113,-0.002127781743183732
2023-05-28 19:48:16.896000,-0.25820502638816833,-0.002010416705161333
2023-05-28 19:49:16.963000,-0.29047098755836487,-0.001996836392208934
2023-05-28 19:50:17.042000,-0.2868388593196869,-0.0020504374988377094
2023-05-28 19:51:16.911000,-0.2622337341308594,-0.0020172917284071445
2023-05-28 19:52:17.010000,-0.22375579178333282,-0.0021351163741201162
2023-05-28 19:53:17.035000,-0.2234695553779602,-0.00195895554497838
2023-05-28 19:54:16.961000,-0.21571314334869385,-0.002091862726956606
2023-05-28 19:55:16.994000,-0.2131916731595993,-0.002063714200630784
2023-05-28 19:56:16.881000,-0.21392709016799927,-0.002088081557303667
2023-05-28 19:57:16.986000,-0.28672146797180176,-0.0021283214446157217
2023-05-28 19:58:16.999000,-0.272774338722229,-0.002087428467348218
2023-05-28 19:59:16.832000,-0.2244286835193634,-0.002101892838254571
2023-05-28 20:00:16.973000,-0.16280028223991394,-0.002079320838674903
2023-05-28 20:01:16.974000,-0.1478465050458908,-0.0020647894125431776
2023-05-28 20:02:16.978000,-0.15626204013824463,-0.0020630499348044395
2023-05-28 20:03:16.937000,-0.15675963461399078,-0.0020179827697575092
2023-05-28 20:04:16.905000,-0.14946940541267395,-0.002068526344373822
2023-05-28 20:05:16.876000,-0.19676342606544495,-0.0020818666089326143
2023-05-28 20:06:16.884000,-0.21671433746814728,-0.0020114106591790915
2023-05-28 20:07:16.861000,-0.2213948518037796,-0.0021636923775076866
2023-05-28 20:08:16.885000,-0.19728215038776398,-0.002048240741714835
2023-05-28 20:09:16.883000,-0.17264209687709808,-0.0020799830090254545
2023-05-28 20:10:16.754000,-0.16773441433906555,-0.002071339637041092
2023-05-28 20:11:16.852000,-0.16935384273529053,-0.002099517732858658
2023-05-28 20:12:16.837000,-0.18364045023918152,-0.002245457610115409
2023-05-28 20:13:16.931000,-0.2014588713645935,-0.002001499990001321
2023-05-28 20:14:16.979000,-0.25518471002578735,-0.002056203316897154
2023-05-28 20:15:16.905000,-0.25862908363342285,-0.00214313343167305
2023-05-28 20:16:16.983000,-0.3087214231491089,-0.001942549948580563
2023-05-28 20:17:16.891000,-0.27143752574920654,-0.0021616793237626553
2023-05-28 20:18:16.927000,-0.25939443707466125,-0.002054928569123149
2023-05-28 20:19:16.927000,-0.25706422328948975,-0.0021062856540083885
2023-05-28 20:20:16.895000,-0.252480685710907,-0.001998216612264514
2023-05-28 20:21:16.931000,-1.3693369626998901,-0.0021014746744185686
2023-05-28 20:22:16.976000,-1.4446135759353638,-0.002074533374980092
2023-05-28 20:23:16.844000,-1.505141258239746,-0.0018848166801035404
2023-05-28 20:24:16.901000,-0.9780493378639221,-0.002361186547204852
2023-05-28 20:25:16.969000,-0.3301801085472107,-0.00204050843603909
2023-05-28 20:26:16.925000,-0.26855018734931946,-0.0024222834035754204
2023-05-28 20:27:16.835000,-0.25003260374069214,-0.0021458833944052458
2023-05-28 20:28:16.893000,-0.24702556431293488,-0.002066233428195119
2023-05-28 20:29:16.920000,-0.23985810577869415,-0.0020304745994508266
2023-05-28 20:30:16.962000,-0.22023606300354004,-0.0019376270938664675
2023-05-28 20:31:16.931000,-0.251742422580719,-0.0021122032776474953
2023-05-28 20:32:16.907000,-0.3177189528942108,-0.0020966948941349983
2023-05-28 20:33:16.877000,-0.31798332929611206,-0.0018384166760370135
2023-05-28 20:34:16.894000,-0.30287477374076843,-0.002156733302399516
2023-05-28 20:35:16.906000,-0.2498566210269928,-0.001943517243489623
2023-05-28 20:36:16.964000,-0.2655016779899597,-0.002004830399528146
2023-05-28 20:37:16.821000,-0.26722025871276855,-0.0021076551638543606
2023-05-28 20:38:17.038000,-0.2656966745853424,-0.001970689743757248
2023-05-28 20:39:16.899000,-0.2648777961730957,-0.0020245832856744528
2023-05-28 20:40:16.915000,-0.3023544251918793,-0.0020545166917145252
2023-05-28 20:41:16.903000,-0.3154902458190918,-0.0021323219407349825
2023-05-28 20:42:16.898000,-0.3149125576019287,-0.002097700024023652
2023-05-28 20:43:16.863000,-0.29597729444503784,-0.001995449885725975
2023-05-28 20:44:16.860000,-0.24717314541339874,-0.002134783426299691
2023-05-28 20:45:16.917000,-0.23626413941383362,-0.0021838643588125706
2023-05-28 20:46:16.870000,-0.23569579422473907,-0.002158568939194083
2023-05-28 20:47:16.890000,-0.24140127003192902,-0.0020745000801980495
2023-05-28 20:48:16.951000,-0.25051096081733704,-0.002060596365481615
2023-05-28 20:49:16.852000,-0.30586308240890503,-0.0022408165968954563
2023-05-28 20:50:16.732000,-0.31102755665779114,-0.002050322014838457
2023-05-28 20:51:16.927000,-0.31142285466194153,-0.0020944385323673487
2023-05-28 20:52:16.843000,-0.3069360554218292,-0.002002559369429946
2023-05-28 20:53:16.965000,-0.25955018401145935,-0.002068389905616641
2023-05-28 20:54:16.925000,-0.25864821672439575,-0.002133500063791871
2023-05-28 20:55:16.861000,-0.2492329478263855,-0.002067733323201537
2023-05-28 20:56:16.935000,-0.24159958958625793,-0.0021228983532637358
2023-05-28 20:57:16.987000,-0.20395775139331818,-0.0020610999781638384
2023-05-28 20:58:16.894000,-0.24180719256401062,-0.002124982653185725
2023-05-28 20:59:16.929000,-0.2630811035633087,-0.0021080332808196545
2023-05-28 21:00:16.912000,-0.2520926296710968,-0.0021414137445390224
2023-05-28 21:01:16.889000,-0.23533952236175537,-0.0020553332287818193
2023-05-28 21:02:16.804000,-0.18717917799949646,-0.0021060332655906677
2023-05-28 21:03:16.966000,-0.1926235407590866,-0.0020391165744513273
2023-05-28 21:04:16.874000,-0.19281303882598877,-0.002039233222603798
2023-05-28 21:05:17.239000,-0.18502177298069,-0.0021713832393288612
2023-05-28 21:06:17.364000,-0.17713581025600433,-0.002099403413012624
2023-05-28 21:07:16.906000,-0.23783445358276367,-0.002056254306808114
2023-05-28 21:08:16.859000,-0.26074424386024475,-0.0020610508508980274
2023-05-28 21:09:16.974000,-0.266360878944397,-0.002060333266854286
2023-05-28 21:10:16.851000,-0.20760734379291534,-0.0020182712469249964
2023-05-28 21:11:16.816000,-0.18619486689567566,-0.0020404066890478134
2023-05-28 21:12:16.795000,-0.21514135599136353,-0.002063633408397436
2023-05-28 21:13:16.918000,-0.23581461608409882,-0.002017035149037838
2023-05-28 21:14:16.808000,-0.23982971906661987,-0.0021387585438787937
2023-05-28 21:15:16.929000,-0.2691025733947754,-0.002194350818172097
2023-05-28 21:16:16.850000,-0.3213960528373718,-0.0021468165796250105
2023-05-28 21:17:16.917000,-0.3237977623939514,-0.0020795424934476614
2023-05-28 21:18:16.898000,-0.3249760866165161,-0.002106881234794855
2023-05-28 21:19:16.828000,-0.2614147961139679,-0.0020592333748936653
2023-05-28 21:20:16.809000,-0.24100364744663239,-0.0021888334304094315
2023-05-28 21:21:16.813000,-0.24005012214183807,-0.0021282166708260775
2023-05-28 21:22:16.901000,-0.23981685936450958,-0.002049303613603115
2023-05-28 21:23:16.975000,-0.26845279335975647,-0.002190645784139633
2023-05-28 21:24:16.926000,-0.2795027196407318,-0.0022455635480582714
2023-05-28 21:25:16.804000,-0.31959742307662964,-0.0020627500489354134
2023-05-28 21:26:16.879000,-0.3208906650543213,-0.002045153873041272
2023-05-28 21:27:16.827000,-0.32689616084098816,-0.0020400681532919407
2023-05-28 21:28:16.812000,-0.2893911600112915,-0.0020866799168288708
2023-05-28 21:29:16.951000,-0.28162768483161926,-0.002030259231105447
2023-05-28 21:30:16.689000,-0.2652324438095093,-0.0019879622850567102
2023-05-28 21:31:17.079000,-0.2658925950527191,-0.001957888947799802
2023-05-28 21:32:16.791000,-0.27743905782699585,-0.002167157828807831
2023-05-28 21:33:16.913000,-0.31112703680992126,-0.0020456481724977493
2023-05-28 21:34:16.776000,-0.3405841290950775,-0.002081869635730982
2023-05-28 21:35:16.918000,-0.33550846576690674,-0.0021523060277104378
2023-05-28 21:36:16.888000,-0.33791032433509827,-0.001985294045880437
2023-05-28 21:37:16.867000,-0.26183342933654785,-0.00206121988594532
2023-05-28 21:38:16.873000,-0.2661171555519104,-0.002007053466513753
2023-05-28 21:39:16.836000,-0.26405489444732666,-0.0020317500457167625
2023-05-28 21:40:16.804000,-0.24566256999969482,-0.0020172586664557457
2023-05-28 21:41:16.893000,-0.24156728386878967,-0.0020722856279462576
2023-05-28 21:42:16.855000,-0.2396540343761444,-0.0020842363592237234
2023-05-28 21:43:16.935000,-0.3042680025100708,-0.002068527275696397
2023-05-28 21:44:16.893000,-0.28849783539772034,-0.002036777790635824
2023-05-28 21:45:16.917000,-0.2634722888469696,-0.001961152534931898
2023-05-28 21:46:16.848000,-0.23124665021896362,-0.001957888947799802
2023-05-28 21:47:16.855000,-0.18711069226264954,-0.001995483413338661
2023-05-28 21:48:16.805000,-0.19533485174179077,-0.0020625172182917595
2023-05-28 21:49:16.903000,-0.1988254338502884,-0.0020309665706008673
2023-05-28 21:50:16.828000,-0.18998286128044128,-0.002026509027928114
2023-05-28 21:51:16.834000,-0.22197014093399048,-0.0020708793308585882
2023-05-28 21:52:16.808000,-0.2917066812515259,-0.002121035708114505
2023-05-28 21:53:16.915000,-0.33160364627838135,-0.00213683326728642
2023-05-28 21:54:16.902000,-0.3129429221153259,-0.0021501833107322454
2023-05-28 21:55:16.862000,-0.2689032554626465,-0.002021508989855647
2023-05-28 21:56:16.804000,-0.21291318535804749,-0.0020429654978215694
2023-05-28 21:57:16.841000,-0.20965689420700073,-0.0018336923094466329
2023-05-28 21:58:16.855000,-0.2032606601715088,-0.002032641554251313
2023-05-28 21:59:16.765000,-0.20811986923217773,-0.002052105264738202
2023-05-28 22:00:16.756000,-0.1840449869632721,-0.0018932500388473272
2023-05-28 22:01:16.838000,-0.18119016289710999,-0.0018738750368356705
2023-05-28 22:02:16.867000,-0.18306809663772583,-0.003678299952298403
2023-05-28 22:03:16.873000,-0.19118162989616394,0.0025253749918192625
2023-05-28 22:04:16.819000,-0.1908661276102066,-0.0021508666686713696
2023-05-28 22:05:16.665000,-0.1842455118894577,-0.0020125675946474075
2023-05-28 22:06:16.868000,-0.18170978128910065,-0.0021510624792426825
2023-05-28 22:07:16.864000,-0.18331128358840942,-0.0021561800967901945
2023-05-28 22:08:16.886000,-0.19548004865646362,-0.00204598275013268
2023-05-28 22:09:16.931000,-0.20065085589885712,-0.0019888475071638823
2023-05-28 22:10:16.841000,-0.1991949826478958,-0.0019245172152295709
2023-05-28 22:11:16.860000,-0.22794309258460999,-0.002254561288282275
2023-05-28 22:12:16.784000,-0.22840487957000732,-0.0020213103853166103
2023-05-28 22:13:17.122000,-0.2523229122161865,-0.001777472672984004
2023-05-28 22:14:16.951000,-0.27786874771118164,-0.0017042807303369045
2023-05-28 22:15:16.752000,-0.26151925325393677,-0.0020619642455130816
2023-05-28 22:16:16.961000,-0.26174092292785645,-0.002281516557559371
2023-05-28 22:17:16.897000,-0.25569161772727966,-0.002034758683294058
2023-05-28 22:18:16.771000,-0.2596075236797333,-0.002071383409202099
2023-05-28 22:19:16.768000,-0.2644013464450836,-0.002071357099339366
2023-05-28 22:20:16.930000,-0.24503661692142487,0.002580449916422367
2023-05-28 22:21:16.882000,-0.2375156730413437,0.004863533191382885
2023-05-28 22:22:16.773000,-0.24267995357513428,-0.0018982241163030267
2023-05-28 22:23:16.830000,-0.2490667849779129,-0.001751847448758781
2023-05-28 22:24:16.767000,-0.2501204013824463,-0.0020435000769793987
2023-05-28 22:25:16.894000,-0.24726571142673492,-0.0019494210137054324
2023-05-28 22:26:16.821000,-0.2399122565984726,-0.0021386852022260427
2023-05-28 22:27:16.759000,-0.23743019998073578,0.035321395844221115
2023-05-28 22:28:16.834000,-0.2535560131072998,0.015500706620514393
2023-05-28 22:29:16.808000,-0.2556122839450836,0.014243921265006065
2023-05-28 22:30:16.807000,-0.25040581822395325,0.013859563507139683
2023-05-28 22:31:16.863000,-0.2488124519586563,0.013726417906582355
2023-05-28 22:32:16.811000,-0.25185489654541016,0.013085905462503433
2023-05-28 22:33:16.895000,-0.26160576939582825,-0.0007493061129935086
2023-05-28 22:34:16.781000,-0.2642996609210968,-0.002072565956041217
2023-05-28 22:35:16.776000,-0.25596141815185547,-0.0021138619631528854
2023-05-28 22:36:16.765000,-0.2508898079395294,-0.0021257931366562843
2023-05-28 22:37:16.765000,-0.24896475672721863,-0.002056440571323037
2023-05-28 22:38:16.861000,-0.24805070459842682,0.0134354829788208
2023-05-28 22:39:16.799000,-0.2443675994873047,0.026295576244592667
2023-05-28 22:40:16.796000,-0.23057636618614197,0.024553779512643814
2023-05-28 22:41:16.869000,-0.22458241879940033,0.03559941425919533
2023-05-28 22:42:16.854000,-0.22412443161010742,0.039635609835386276
2023-05-28 22:43:16.834000,-0.23440781235694885,0.03543718904256821
2023-05-28 22:44:16.827000,-0.23835879564285278,0.026475287973880768
2023-05-28 22:45:16.629000,-0.23764480650424957,0.021929508075118065
2023-05-28 22:46:16.830000,-0.23453553020954132,0.015841349959373474
2023-05-28 22:47:16.776000,-0.23555897176265717,0.013363166712224483
2023-05-28 22:48:16.777000,-0.2508141100406647,0.01285527553409338
2023-05-28 22:49:16.862000,-0.25735580921173096,0.012805355712771416
2023-05-28 22:50:16.761000,-0.2552221715450287,0.010876066982746124
2023-05-28 22:51:16.847000,-0.2486918568611145,0.011100172065198421
2023-05-28 22:52:16.811000,-0.2521202266216278,0.01123901642858982
2023-05-28 22:53:16.879000,-0.2451416701078415,0.011252465657889843
2023-05-28 22:54:16.812000,-0.21217140555381775,0.01246563345193863
2023-05-28 22:55:16.787000,-0.20179666578769684,0.015263084322214127
2023-05-28 22:56:16.823000,-0.18771964311599731,0.015468792989850044
2023-05-28 22:57:16.854000,-0.17029869556427002,0.014519283547997475
2023-05-28 22:58:16.733000,-0.15285861492156982,0.013617660850286484
2023-05-28 22:59:16.764000,-0.1529606133699417,0.012944189831614494
2023-05-28 23:00:16.814000,-0.14233015477657318,0.01918404921889305
2023-05-28 23:01:16.859000,-0.1359284222126007,0.0282492246478796
2023-05-28 23:02:16.724000,-0.13602961599826813,0.03991711884737015
2023-05-28 23:03:16.811000,-0.14531999826431274,0.04045652598142624
2023-05-28 23:04:16.850000,-0.17506583034992218,0.03714846447110176
2023-05-28 23:05:16.855000,-0.22372125089168549,0.030640795826911926
2023-05-28 23:06:16.779000,-0.33109867572784424,0.025357473641633987
2023-05-28 23:07:16.715000,-0.2507304549217224,0.021116133779287338
2023-05-28 23:08:16.854000,-0.2585446238517761,0.016305847093462944
2023-05-28 23:09:16.725000,-0.2566259205341339,0.014320465736091137
2023-05-28 23:10:16.871000,-0.27283775806427,0.01784493215382099
2023-05-28 23:11:16.822000,-0.28565260767936707,0.018407119438052177
2023-05-28 23:12:16.741000,-0.29281121492385864,0.018217474222183228
2023-05-28 23:13:16.746000,-0.32093381881713867,0.018107915297150612
2023-05-28 23:14:16.811000,-0.3443160653114319,0.019543766975402832
2023-05-28 23:15:16.734000,-0.34302449226379395,0.02216588333249092
2023-05-28 23:16:16.712000,-1.1371994018554688,0.03042718395590782
2023-05-28 23:17:16.756000,-2.8549692630767822,0.02866022102534771
2023-05-28 23:18:16.913000,-2.6905956268310547,0.022277982905507088
2023-05-28 23:19:16.733000,-2.580453395843506,0.019250066950917244
2023-05-28 23:20:16.784000,-2.583150863647461,0.01940791681408882
2023-05-28 23:21:16.804000,-2.59952449798584,0.0243360698223114
2023-05-28 23:22:16.830000,-2.598587989807129,0.033977724611759186
2023-05-28 23:23:16.798000,-2.585742235183716,0.03526325896382332
2023-05-28 23:24:16.756000,-1.6817772388458252,0.03648896515369415
2023-05-28 23:25:16.607000,-0.559170663356781,0.03818933293223381
2023-05-28 23:26:16.702000,-0.5093558430671692,0.03685891628265381
2023-05-28 23:27:16.780000,-0.4901544749736786,0.03292969986796379
2023-05-28 23:28:16.748000,-0.4949607253074646,0.027077483013272285
2023-05-28 23:29:17.263000,-0.5235582590103149,0.01868440769612789
2023-05-28 23:30:16.755000,-0.5312742590904236,0.014238322153687477
2023-05-28 23:31:16.829000,-0.5024555921554565,0.013646350242197514
2023-05-28 23:32:16.791000,-0.5342711210250854,0.013905366882681847
2023-05-28 23:33:16.736000,-0.473512202501297,0.015141099691390991
2023-05-28 23:34:16.843000,-0.3879920244216919,0.013957101851701736
2023-05-28 23:35:16.812000,-0.4327728748321533,0.015569600276648998
2023-05-28 23:36:16.771000,-0.4118589460849762,0.02300596609711647
2023-05-28 23:37:16.720000,-0.420698344707489,0.038485828787088394
2023-05-28 23:38:16.759000,-0.4845570921897888,0.06677986681461334
2023-05-28 23:39:16.839000,-0.3409440517425537,0.14069764316082
2023-05-28 23:40:16.796000,-1.6575928926467896,0.18464455008506775
2023-05-28 23:41:16.837000,-2.0220303535461426,0.1726529896259308
2023-05-28 23:42:16.843000,-2.0637691020965576,0.163421630859375
2023-05-28 23:43:16.741000,-2.0605719089508057,0.16053394973278046
2023-05-28 23:44:16.806000,-1.5331228971481323,0.15279103815555573
2023-05-28 23:45:16.791000,-0.5499776005744934,0.14833152294158936
2023-05-28 23:46:16.748000,-0.5449881553649902,0.15086236596107483
2023-05-28 23:47:16.779000,-0.3840996325016022,0.15544630587100983
2023-05-28 23:48:16.779000,-0.3200368583202362,0.13596396148204803
2023-05-28 23:49:16.695000,-0.4987640678882599,0.10749466717243195
2023-05-28 23:50:16.696000,-0.5715380907058716,0.08978321403265
2023-05-28 23:51:16.745000,-0.5659229159355164,0.08930869400501251
2023-05-28 23:52:16.795000,-0.5742442011833191,0.08599606901407242
2023-05-28 23:53:16.759000,-0.5196791887283325,0.08971041440963745
2023-05-28 23:54:16.689000,-0.5220323204994202,0.10283862799406052
2023-05-28 23:55:16.770000,-0.46860629320144653,0.10835238546133041
2023-05-28 23:56:16.778000,-0.2715453803539276,0.1180771142244339
2023-05-28 23:57:16.756000,-0.35208913683891296,0.1399947553873062
2023-05-28 23:58:16.754000,-0.3638289272785187,0.16096435487270355
2023-05-28 23:59:16.684000,-0.2879425883293152,0.15569427609443665
2023-05-29 00:00:16.834000,-0.47993117570877075,0.15164555609226227
2023-05-29 00:01:16.743000,-0.32541680335998535,0.12903258204460144
2023-05-29 00:02:16.818000,-0.33008381724357605,0.12183260172605515
2023-05-29 00:03:16.713000,-0.38785895705223083,0.1287931203842163
2023-05-29 00:04:16.776000,-0.3331559896469116,0.12811003625392914
2023-05-29 00:05:16.583000,-0.26853147149086,0.12070933729410172
2023-05-29 00:06:16.763000,-0.31717008352279663,0.12383848428726196
2023-05-29 00:07:16.784000,-0.22955937683582306,0.1054782122373581
2023-05-29 00:08:16.807000,-0.2651848793029785,0.08009793609380722
2023-05-29 00:09:16.756000,-0.2905820310115814,0.034915242344141006
2023-05-29 00:10:16.779000,-0.4156522750854492,0.028031934052705765
2023-05-29 00:11:16.838000,-0.3514630198478699,0.0309323500841856
2023-05-29 00:12:16.768000,-0.5404490828514099,0.02982380986213684
2023-05-29 00:13:16.824000,-0.6864960193634033,0.026393966749310493
2023-05-29 00:14:16.775000,-0.671052098274231,0.02228391356766224
2023-05-29 00:15:16.676000,-0.6584216952323914,0.021082699298858643
2023-05-29 00:16:16.725000,-0.4651850759983063,0.021715734153985977
2023-05-29 00:17:16.664000,-0.35756248235702515,0.021616267040371895
2023-05-29 00:18:16.741000,-0.34688031673431396,0.0198381170630455
2023-05-29 00:19:16.693000,-0.35488706827163696,0.017230000346899033
2023-05-29 00:20:16.721000,-0.3619043827056885,0.013858983293175697
2023-05-29 00:21:16.723000,-0.351366251707077,0.011959406547248363
2023-05-29 00:22:16.768000,-0.3677854835987091,0.01195816695690155
2023-05-29 00:23:16.929000,-0.3761533796787262,0.013256566599011421
2023-05-29 00:24:16.775000,-0.3797033429145813,0.015760241076350212
2023-05-29 00:25:16.810000,-0.4235740900039673,0.016909467056393623
2023-05-29 00:26:16.721000,-0.46353745460510254,0.013530216179788113
2023-05-29 00:27:16.787000,-0.4560677707195282,0.01286614965647459
2023-05-29 00:28:16.787000,-0.45904380083084106,0.01452589500695467
2023-05-29 00:29:16.758000,-0.48478880524635315,0.015525532886385918
2023-05-29 00:30:16.769000,-0.4747238755226135,0.017729833722114563
2023-05-29 00:31:16.744000,-0.45478734374046326,0.014191316440701485
2023-05-29 00:32:16.768000,-0.4489118456840515,0.011871576309204102
2023-05-29 00:33:16.808000,-0.42637670040130615,0.011287500150501728
2023-05-29 00:34:16.677000,-0.3697041869163513,0.01194607000797987
2023-05-29 00:35:16.730000,-0.37465497851371765,0.013951034285128117
2023-05-29 00:36:16.779000,-0.2621043026447296,0.014797733165323734
2023-05-29 00:37:16.796000,-0.21667766571044922,0.016773153096437454
2023-05-29 00:38:16.746000,-0.21554408967494965,0.01911720260977745
2023-05-29 00:39:16.937000,-0.2170840948820114,0.02307778410613537
2023-05-29 00:40:16.727000,-0.7968701720237732,0.029459508135914803
2023-05-29 00:41:16.747000,-1.0467928647994995,0.024971000850200653
2023-05-29 00:42:16.712000,-1.0278478860855103,0.020681899040937424
2023-05-29 00:43:16.756000,-1.0987166166305542,0.021930232644081116
2023-05-29 00:44:16.779000,-1.0467411279678345,0.027867456898093224
2023-05-29 00:45:16.531000,-1.0294955968856812,0.03390366584062576
2023-05-29 00:46:16.750000,-1.0118060111999512,0.03619280084967613
2023-05-29 00:47:16.695000,-1.0460128784179688,0.03504340723156929
2023-05-29 00:48:16.730000,-0.847869336605072,0.031519290059804916
2023-05-29 00:49:16.775000,-0.49420809745788574,0.033949751406908035
2023-05-29 00:50:16.723000,-0.24684806168079376,0.04381284862756729
2023-05-29 00:51:16.797000,-0.28512442111968994,0.05692734941840172
2023-05-29 00:52:16.716000,-0.26502129435539246,0.05401574820280075
2023-05-29 00:53:16.693000,-0.2762928307056427,0.042069051414728165
2023-05-29 00:54:16.721000,-0.26759564876556396,0.047966524958610535
2023-05-29 00:55:16.696000,-0.2630518674850464,0.06077083200216293
2023-05-29 00:56:16.731000,-0.2538537383079529,0.054074499756097794
2023-05-29 00:57:16.763000,-0.20754577219486237,0.04185369983315468
2023-05-29 00:58:16.772000,-1.3548334836959839,0.03081194870173931
2023-05-29 00:59:16.781000,-2.2177541255950928,0.02136475034058094
2023-05-29 01:00:16.767000,-0.3147992789745331,0.02141096629202366
2023-05-29 01:01:16.656000,-0.1798996478319168,0.022641032934188843
2023-05-29 01:02:16.771000,-0.23303250968456268,0.0207210686057806
2023-05-29 01:03:16.681000,-0.23651005327701569,0.01911761611700058
2023-05-29 01:04:16.774000,-0.2708890438079834,0.0157969668507576
2023-05-29 01:05:16.670000,-0.28483831882476807,0.015257416293025017
2023-05-29 01:06:16.681000,-0.29187309741973877,0.010121316649019718
2023-05-29 01:07:16.736000,-0.2783753275871277,0.006286583375185728
2023-05-29 01:08:16.642000,-0.31146442890167236,0.009588366374373436
2023-05-29 01:09:16.673000,-0.3543500602245331,0.014675999991595745
2023-05-29 01:10:16.661000,-0.3751036822795868,0.01380136702209711
2023-05-29 01:11:16.669000,-0.3724254369735718,0.01239331066608429
2023-05-29 01:12:16.763000,-0.3513701260089874,0.010588433593511581
2023-05-29 01:13:16.763000,-0.37571972608566284,0.012282566167414188
2023-05-29 01:14:16.755000,-0.3774056136608124,0.013665339909493923
2023-05-29 01:15:16.747000,-0.37689658999443054,0.02061508409678936
2023-05-29 01:16:16.744000,-0.37717553973197937,0.03398096561431885
2023-05-29 01:17:16.761000,-0.36652621626853943,0.0439116507768631
2023-05-29 01:18:16.673000,-0.36150991916656494,0.037522315979003906
2023-05-29 01:19:16.668000,-0.38773250579833984,0.028849532827734947
2023-05-29 01:20:17.037000,-0.4096474051475525,0.028639694675803185
2023-05-29 01:21:16.682000,-0.4001595675945282,0.02904786728322506
2023-05-29 01:22:16.676000,-0.4018392264842987,0.02245638333261013
2023-05-29 01:23:16.780000,-1.142313003540039,0.01849103532731533
2023-05-29 01:24:16.750000,-0.3670240342617035,0.020002765581011772
2023-05-29 01:25:16.517000,-0.36346304416656494,0.0208792332559824
2023-05-29 01:26:16.700000,-0.37958651781082153,0.017275750637054443
2023-05-29 01:27:16.705000,-0.3766023814678192,0.015433583408594131
2023-05-29 01:28:16.727000,-0.3915703296661377,0.01640501618385315
2023-05-29 01:29:16.617000,-0.40177756547927856,0.017595237120985985
2023-05-29 01:30:16.738000,-0.3984183371067047,0.01946171745657921
2023-05-29 01:31:16.768000,-0.36238741874694824,0.019619101658463478
2023-05-29 01:32:16.700000,-0.3564395606517792,0.02569545805454254
2023-05-29 01:33:16.715000,-0.35804271697998047,0.03661263734102249
2023-05-29 01:34:16.749000,-0.3622162938117981,0.04551728442311287
2023-05-29 01:35:16.751000,-0.3580247461795807,0.07156328111886978
2023-05-29 01:36:16.699000,-0.3504205644130707,0.16060708463191986
2023-05-29 01:37:16.796000,-0.34232985973358154,0.14130759239196777
2023-05-29 01:38:16.686000,-0.33783504366874695,0.12742871046066284
2023-05-29 01:39:16.711000,-0.34482070803642273,0.10748119652271271
2023-05-29 01:40:16.761000,-0.37595582008361816,0.09208407998085022
2023-05-29 01:41:16.661000,-0.36765241622924805,0.05940071493387222
2023-05-29 01:42:16.635000,-0.3595533072948456,0.030800847336649895
2023-05-29 01:43:16.734000,-0.3640933930873871,0.03605673462152481
2023-05-29 01:44:16.689000,-0.37836891412734985,0.037672966718673706
2023-05-29 01:45:16.707000,-0.37722334265708923,0.04323991760611534
2023-05-29 01:46:16.672000,-0.36722221970558167,0.05021876469254494
2023-05-29 01:47:16.708000,-0.36178824305534363,0.04672659933567047
2023-05-29 01:48:16.681000,-0.3721480071544647,0.03695793077349663
2023-05-29 01:49:16.606000,-0.30694901943206787,0.03482285141944885
2023-05-29 01:50:16.759000,-0.23149117827415466,0.03647783398628235
2023-05-29 01:51:16.717000,-0.23482194542884827,0.03006557933986187
2023-05-29 01:52:16.709000,-0.2385038286447525,0.023695016279816628
2023-05-29 01:53:16.716000,-0.25164586305618286,0.02008350007236004
2023-05-29 01:54:16.713000,-0.26241639256477356,0.02095687761902809
2023-05-29 01:55:16.633000,-0.23337805271148682,0.01806194894015789
2023-05-29 01:56:16.657000,-0.1984540820121765,0.0164561215788126
2023-05-29 01:57:16.748000,-0.19113759696483612,0.015794966369867325
2023-05-29 01:58:16.689000,-0.2140810191631317,0.014268799684941769
2023-05-29 01:59:16.649000,-0.22107204794883728,0.012872382998466492
2023-05-29 02:00:16.676000,-0.22622498869895935,0.014486066997051239
2023-05-29 02:01:16.642000,-0.22336138784885406,0.016324492171406746
2023-05-29 02:02:16.675000,-0.24202768504619598,0.02057974971830845
2023-05-29 02:03:16.715000,-0.29819583892822266,0.02369075082242489
2023-05-29 02:04:16.672000,-0.3239976167678833,0.021440032869577408
2023-05-29 02:05:16.509000,-0.33650457859039307,0.02156493254005909
2023-05-29 02:06:16.621000,-0.34544622898101807,0.01750832237303257
2023-05-29 02:07:16.693000,-0.3244355022907257,0.013566666282713413
2023-05-29 02:08:16.605000,-0.3348672389984131,0.012691999785602093
2023-05-29 02:09:16.714000,-0.36445868015289307,0.011644233018159866
2023-05-29 02:10:16.710000,-0.362346351146698,0.008641375228762627
2023-05-29 02:11:16.613000,-0.3503305912017822,0.008001216687262058
2023-05-29 02:12:16.637000,-0.33365896344184875,0.008303983137011528
2023-05-29 02:13:16.692000,-0.32306981086730957,0.006394383497536182
2023-05-29 02:14:16.657000,-0.33111077547073364,0.004680533427745104
2023-05-29 02:15:16.764000,-0.33044785261154175,0.005621135700494051
2023-05-29 02:16:16.675000,-0.3660930395126343,0.008240356110036373
2023-05-29 02:17:16.627000,-0.34407541155815125,0.00705651706084609
2023-05-29 02:18:16.730000,-0.3194919526576996,0.01040145754814148
2023-05-29 02:19:16.649000,-0.3308379352092743,0.02002863399684429
2023-05-29 02:20:16.607000,-0.3395470976829529,0.02135256677865982
2023-05-29 02:21:16.660000,-0.32873719930648804,0.02053053304553032
2023-05-29 02:22:16.593000,-0.32016637921333313,0.017675550654530525
2023-05-29 02:23:16.645000,-0.3200811445713043,0.01661076210439205
2023-05-29 02:24:16.574000,-0.3350931406021118,0.01533468347042799
2023-05-29 02:25:16.678000,-0.34043583273887634,0.013012448325753212
2023-05-29 02:26:16.619000,-0.33458462357521057,0.010049169883131981
2023-05-29 02:27:16.797000,-0.3231002390384674,0.013024157844483852
2023-05-29 02:28:16.670000,-0.3336263597011566,0.022636916488409042
2023-05-29 02:29:16.674000,-0.35318687558174133,0.030483199283480644
2023-05-29 02:30:16.665000,-0.3455827236175537,0.037275414913892746
2023-05-29 02:31:16.673000,-0.33682781457901,0.045119982212781906
2023-05-29 02:32:16.683000,-0.33801618218421936,0.04758031666278839
2023-05-29 02:33:16.606000,-0.32481974363327026,0.04248784855008125
2023-05-29 02:34:16.609000,-0.32328879833221436,0.030042799189686775
2023-05-29 02:35:16.715000,-0.3219861686229706,0.022797349840402603
2023-05-29 02:36:16.700000,-0.33188462257385254,0.02260640077292919
2023-05-29 02:37:16.650000,-0.32270684838294983,0.024576617404818535
2023-05-29 02:38:16.733000,-0.3192197382450104,0.027692066505551338
2023-05-29 02:39:16.688000,-0.332891583442688,0.03408833220601082
2023-05-29 02:40:16.712000,-0.33777815103530884,0.04834665358066559
2023-05-29 02:41:16.698000,-0.3295346200466156,0.05614877864718437
2023-05-29 02:42:16.601000,-0.319392591714859,0.05508093163371086
2023-05-29 02:43:16.671000,-0.2975819408893585,0.052264198660850525
2023-05-29 02:44:16.652000,-0.30775755643844604,0.05441124364733696
2023-05-29 02:45:16.477000,-0.3140520453453064,0.06714567542076111
2023-05-29 02:46:16.652000,-0.3148662745952606,0.07775139808654785
2023-05-29 02:47:16.618000,-0.29007411003112793,0.18415452539920807
2023-05-29 02:48:16.700000,-0.25856825709342957,0.2620759904384613
2023-05-29 02:49:16.640000,-0.26748204231262207,0.324739009141922
2023-05-29 02:50:16.587000,-0.268410325050354,0.3683813810348511
2023-05-29 02:51:16.659000,-0.25793489813804626,0.3733302354812622
2023-05-29 02:52:16.642000,-0.26489466428756714,0.35629549622535706
2023-05-29 02:53:16.571000,-0.25620636343955994,0.331247478723526
2023-05-29 02:54:16.609000,-0.25612929463386536,0.31153982877731323
2023-05-29 02:55:16.602000,-0.25856611132621765,0.3041130006313324
2023-05-29 02:56:16.689000,-0.2723987102508545,0.3022174835205078
2023-05-29 02:57:16.669000,-0.24712909758090973,0.2868536114692688
2023-05-29 02:58:16.607000,-0.246938094496727,0.24759596586227417
2023-05-29 02:59:16.603000,-0.2551838457584381,0.2115500122308731
2023-05-29 03:00:16.642000,-0.2539074420928955,0.18973800539970398
2023-05-29 03:01:16.710000,-0.2445719838142395,0.17986927926540375
2023-05-29 03:02:16.645000,-0.23962970077991486,0.1808841973543167
2023-05-29 03:03:16.673000,-0.3215293288230896,0.1760440617799759
2023-05-29 03:04:16.618000,-0.3745487630367279,0.19273774325847626
2023-05-29 03:05:16.716000,-0.3589233458042145,0.20033910870552063
2023-05-29 03:06:16.656000,-0.30494794249534607,0.23655439913272858
2023-05-29 03:07:16.750000,-0.29957565665245056,0.26815783977508545
2023-05-29 03:08:16.599000,-0.3066544234752655,0.2776656150817871
2023-05-29 03:09:16.604000,-0.3224198520183563,0.27845343947410583
2023-05-29 03:10:16.591000,-0.31310486793518066,0.28410884737968445
2023-05-29 03:11:16.630000,-0.3046637177467346,0.2779589295387268
2023-05-29 03:12:16.685000,-0.2965686023235321,0.25674885511398315
2023-05-29 03:13:16.668000,-0.3621383011341095,0.2610687017440796
2023-05-29 03:14:16.654000,-0.3687375485897064,0.32841017842292786
2023-05-29 03:15:16.610000,-0.373206228017807,0.3802039325237274
2023-05-29 03:16:16.607000,-0.36965182423591614,0.3301449418067932
2023-05-29 03:17:16.619000,-0.2933695912361145,0.28893613815307617
2023-05-29 03:18:16.623000,-0.29996538162231445,0.2867651879787445
2023-05-29 03:19:16.619000,-0.2953914701938629,0.2720409333705902
2023-05-29 03:20:16.648000,-0.28327739238739014,0.22103416919708252
2023-05-29 03:21:16.645000,-0.27595657110214233,0.18637147545814514
2023-05-29 03:22:16.588000,-0.26423466205596924,0.19780951738357544
2023-05-29 03:23:16.577000,-0.309645414352417,0.2259889841079712
2023-05-29 03:24:16.648000,-0.353859007358551,0.22812411189079285
2023-05-29 03:25:16.446000,-0.3523109555244446,0.20366162061691284
2023-05-29 03:26:16.594000,-0.3503391146659851,0.17421869933605194
2023-05-29 03:27:16.624000,-0.2840336561203003,0.14010009169578552
2023-05-29 03:28:16.617000,-0.2764252722263336,0.09898432344198227
2023-05-29 03:29:16.668000,-0.29448890686035156,0.05173565074801445
2023-05-29 03:30:16.576000,-0.2900455892086029,0.016573946923017502
2023-05-29 03:31:16.602000,-0.27907729148864746,0.01122189499437809
2023-05-29 03:32:16.697000,-0.2698296904563904,0.010312333703041077
2023-05-29 03:33:16.590000,-0.3247322738170624,0.014632043428719044
2023-05-29 03:34:16.657000,-0.346615731716156,0.02346532791852951
2023-05-29 03:35:16.557000,-0.34800809621810913,0.03248103708028793
2023-05-29 03:36:16.766000,-0.3584621548652649,0.040389738976955414
2023-05-29 03:37:16.537000,-0.280552476644516,0.05438739061355591
2023-05-29 03:38:16.620000,-0.27981674671173096,0.0688105896115303
2023-05-29 03:39:16.638000,-0.28976115584373474,0.06979731470346451
2023-05-29 03:40:16.608000,-0.30223727226257324,0.06378066539764404
2023-05-29 03:41:16.637000,-0.29439711570739746,0.05245959758758545
2023-05-29 03:42:16.614000,-0.5077638030052185,0.04026076942682266
2023-05-29 03:43:16.684000,-0.7426140308380127,0.03592652082443237
2023-05-29 03:44:16.596000,-0.7360880374908447,0.04380721598863602
2023-05-29 03:45:16.588000,-0.7001953721046448,0.05082910135388374
2023-05-29 03:46:16.649000,-0.600380539894104,0.05343405157327652
2023-05-29 03:47:16.601000,-0.5983814597129822,0.057688817381858826
2023-05-29 03:48:16.575000,-0.45939186215400696,0.05756894871592522
2023-05-29 03:49:16.709000,-0.6072538495063782,0.05390233173966408
2023-05-29 03:50:16.671000,-0.495803564786911,0.06481996923685074
2023-05-29 03:51:16.567000,-0.29845407605171204,0.1739269196987152
2023-05-29 03:52:16.664000,-0.2381858229637146,0.3251614272594452
2023-05-29 03:53:16.638000,-0.30677762627601624,0.3662055432796478
2023-05-29 03:54:16.662000,-0.3165859580039978,0.3143744170665741
2023-05-29 03:55:16.614000,-0.31930407881736755,0.23919956386089325
2023-05-29 03:56:16.530000,-0.3171681761741638,0.19567175209522247
2023-05-29 03:57:16.614000,-0.5634938478469849,0.1661653220653534
2023-05-29 03:58:16.612000,-0.4764176905155182,0.1433374136686325
2023-05-29 03:59:16.551000,-0.24750904738903046,0.16050691902637482
2023-05-29 04:00:16.570000,-0.24891282618045807,0.19268271327018738
2023-05-29 04:01:16.527000,-0.26138225197792053,0.20700137317180634
2023-05-29 04:02:16.567000,-0.2810113728046417,0.1965457797050476
2023-05-29 04:03:16.594000,-0.35813745856285095,0.18368616700172424
2023-05-29 04:04:16.745000,-0.5651249885559082,0.16343970596790314
2023-05-29 04:05:16.592000,-0.7318353056907654,0.1389988213777542
2023-05-29 04:06:16.755000,-0.3867858350276947,0.11408112198114395
2023-05-29 04:07:16.649000,-0.24629025161266327,0.10359834134578705
2023-05-29 04:08:16.567000,-0.2230721265077591,0.10748030245304108
2023-05-29 04:09:16.684000,-0.23663288354873657,0.12748509645462036
2023-05-29 04:10:16.433000,-0.2416217029094696,0.14131727814674377
2023-05-29 04:11:16.568000,-0.2828587293624878,0.1558225005865097
2023-05-29 04:12:16.643000,-0.6015547513961792,0.1669968068599701
2023-05-29 04:13:16.656000,-0.444553405046463,0.16404226422309875
2023-05-29 04:14:16.636000,-0.32234734296798706,0.15927398204803467
2023-05-29 04:15:16.640000,-0.3823153078556061,0.13139918446540833
2023-05-29 04:16:16.531000,-0.3744426667690277,0.1068100780248642
2023-05-29 04:17:16.616000,-0.3313632905483246,0.12901714444160461
2023-05-29 04:18:16.630000,-0.33416491746902466,0.17806488275527954
2023-05-29 04:19:16.552000,-0.615348756313324,0.22830183804035187
2023-05-29 04:20:16.574000,-0.641269326210022,0.23437458276748657
2023-05-29 04:21:16.523000,-0.32267874479293823,0.2201426923274994
2023-05-29 04:22:16.609000,-0.3578961491584778,0.23094412684440613
2023-05-29 04:23:16.639000,-0.3836938738822937,0.1981896460056305
2023-05-29 04:24:16.626000,-0.3956012427806854,0.19063827395439148
2023-05-29 04:25:16.652000,-0.38786134123802185,0.2539254426956177
2023-05-29 04:26:16.607000,-0.44831106066703796,0.3234160840511322
2023-05-29 04:27:16.633000,-0.6878848075866699,0.3456435799598694
2023-05-29 04:28:16.642000,-0.38713353872299194,0.3176470100879669
2023-05-29 04:29:16.519000,-0.32168295979499817,0.31778961420059204
2023-05-29 04:30:16.559000,-0.2931528091430664,0.23680919408798218
2023-05-29 04:31:16.576000,-0.3001428544521332,0.17726001143455505
2023-05-29 04:32:16.570000,-0.3203159272670746,0.20712926983833313
2023-05-29 04:33:16.673000,-0.3276461958885193,0.2906563878059387
2023-05-29 04:34:16.640000,-0.6404600143432617,0.38509994745254517
2023-05-29 04:35:16.571000,-0.4703920781612396,0.4562515914440155
2023-05-29 04:36:16.555000,-0.27013063430786133,0.44337666034698486
2023-05-29 04:37:16.537000,-0.27044010162353516,0.4377810060977936
2023-05-29 04:38:16.494000,-0.27683699131011963,0.45034733414649963
2023-05-29 04:39:16.512000,-0.2859957814216614,0.3891198933124542
2023-05-29 04:40:16.819000,-0.324531614780426,0.27865174412727356
2023-05-29 04:41:16.557000,-0.5587614178657532,0.2372860461473465
2023-05-29 04:42:16.506000,-0.6846185326576233,0.21419799327850342
2023-05-29 04:43:16.556000,-0.3617020845413208,0.21249781548976898
2023-05-29 04:44:16.562000,-0.2461511343717575,0.27296000719070435
2023-05-29 04:45:16.624000,-0.24254003167152405,0.34813061356544495
2023-05-29 04:46:16.547000,-0.23983478546142578,0.32993054389953613
2023-05-29 04:47:16.563000,-0.2318277359008789,0.26215898990631104
2023-05-29 04:48:16.583000,-0.2963028848171234,0.2266332060098648
2023-05-29 04:49:16.599000,-0.6358897089958191,0.2042292207479477
2023-05-29 04:50:16.407000,-0.45414242148399353,0.20200879871845245
2023-05-29 04:51:16.563000,-0.31651750206947327,0.19855575263500214
2023-05-29 04:52:16.569000,-0.3111337721347809,0.18184097111225128
2023-05-29 04:53:16.538000,-0.23816420137882233,0.20893441140651703
2023-05-29 04:54:16.571000,-0.2367098182439804,0.2512155771255493
2023-05-29 04:55:16.577000,-0.24461929500102997,0.24684686958789825
2023-05-29 04:56:16.590000,-0.5264050364494324,0.23411770164966583
2023-05-29 04:57:16.729000,-0.5087435245513916,0.26905012130737305
2023-05-29 04:58:16.627000,-0.24965178966522217,0.2835253179073334
2023-05-29 04:59:16.646000,-0.3054859936237335,0.21666376292705536
2023-05-29 05:00:16.521000,-0.32994240522384644,0.18445897102355957
2023-05-29 05:01:16.514000,-0.3208140432834625,0.1738968789577484
2023-05-29 05:02:16.627000,-0.26627689599990845,0.14583942294120789
2023-05-29 05:03:16.494000,-0.2680926024913788,0.11494531482458115
2023-05-29 05:04:16.542000,-0.2746678590774536,0.10325983166694641
2023-05-29 05:05:16.501000,-0.2855595052242279,0.09049864113330841
2023-05-29 05:06:16.580000,-0.2804841697216034,0.0608978308737278
2023-05-29 05:07:16.612000,-0.27522897720336914,0.03520140051841736
2023-05-29 05:08:16.482000,-0.3501293361186981,0.03788898140192032
2023-05-29 05:09:16.551000,-0.3505744934082031,0.043856166303157806
2023-05-29 05:10:16.466000,-0.35918235778808594,0.057126812636852264
2023-05-29 05:11:16.605000,-0.34005939960479736,0.13647307455539703
2023-05-29 05:12:16.626000,-0.27753254771232605,0.23705331981182098
2023-05-29 05:13:16.678000,-0.27634382247924805,0.2172553539276123
2023-05-29 05:14:16.542000,-0.28039121627807617,0.19723181426525116
2023-05-29 05:15:16.513000,-0.28359532356262207,0.17374825477600098
2023-05-29 05:16:16.560000,-0.2816666066646576,0.15561991930007935
2023-05-29 05:17:16.608000,-0.5178946852684021,0.16605298221111298
2023-05-29 05:18:16.542000,-1.0443953275680542,0.16062378883361816
2023-05-29 05:19:16.665000,-0.3464791178703308,0.1495133489370346
2023-05-29 05:20:16.613000,-0.3531666100025177,0.11951542645692825
2023-05-29 05:21:16.487000,-0.31237906217575073,0.0966196358203888
2023-05-29 05:22:16.552000,-0.3316710889339447,0.09397638589143753
2023-05-29 05:23:16.499000,-1.4567017555236816,0.0788968950510025
2023-05-29 05:24:16.499000,-1.449952483177185,0.04042089730501175
2023-05-29 05:25:16.607000,-1.4879472255706787,0.0386863648891449
2023-05-29 05:26:16.521000,-1.5035980939865112,0.04269951581954956
2023-05-29 05:27:16.609000,-0.8158921599388123,0.04898825287818909
2023-05-29 05:28:16.602000,-1.25088632106781,0.05732309818267822
2023-05-29 05:29:16.593000,-0.7309211492538452,0.11124352365732193
2023-05-29 05:30:16.608000,-0.3908899128437042,0.23729118704795837
2023-05-29 05:31:16.477000,-0.3406926691532135,0.2752718925476074
2023-05-29 05:32:16.599000,-0.28326407074928284,0.3200475573539734
2023-05-29 05:33:16.584000,-0.27842584252357483,0.36709359288215637
2023-05-29 05:34:16.587000,-0.2790907025337219,0.3813103139400482
2023-05-29 05:35:16.375000,-0.2892036437988281,0.36710554361343384
2023-05-29 05:36:16.560000,-0.2895238697528839,0.3446849584579468
2023-05-29 05:37:16.525000,-0.27399182319641113,0.3192215859889984
2023-05-29 05:38:16.651000,-0.2691899240016937,0.30058804154396057
2023-05-29 05:39:16.609000,-0.28511887788772583,0.282534658908844
2023-05-29 05:40:16.548000,-0.2939535081386566,0.251272976398468
2023-05-29 05:41:16.681000,-0.25170183181762695,0.22100508213043213
2023-05-29 05:42:16.584000,-0.1855238676071167,0.19726018607616425
2023-05-29 05:43:16.450000,-0.16100963950157166,0.20801347494125366
2023-05-29 05:44:16.554000,-0.16252334415912628,0.19983547925949097
2023-05-29 05:45:16.535000,-0.21830129623413086,0.17009031772613525
2023-05-29 05:46:16.588000,-0.24538353085517883,0.16117428243160248
2023-05-29 05:47:16.501000,-0.2488630712032318,0.1855948269367218
2023-05-29 05:48:16.596000,-0.2686215043067932,0.187333345413208
2023-05-29 05:49:16.528000,-0.33235037326812744,0.19123131036758423
2023-05-29 05:50:16.533000,-0.3456558883190155,0.1911872923374176
2023-05-29 05:51:16.565000,-0.3325716555118561,0.1954796463251114
2023-05-29 05:52:16.461000,-0.2829984724521637,0.2160881906747818
2023-05-29 05:53:16.485000,-0.2425195872783661,0.24556972086429596
2023-05-29 05:54:16.555000,-0.2420368492603302,0.2664169669151306
2023-05-29 05:55:16.645000,-0.24653451144695282,0.2866290807723999
2023-05-29 05:56:16.489000,-0.24302782118320465,0.2766043245792389
2023-05-29 05:57:16.625000,-0.23680254817008972,0.261005163192749
2023-05-29 05:58:16.620000,-0.6068283319473267,0.24543224275112152
2023-05-29 05:59:16.511000,-0.6539826393127441,0.2321595996618271
2023-05-29 06:00:16.490000,-0.6558955907821655,0.2089289128780365
2023-05-29 06:01:16.620000,-0.6278896927833557,0.18019743263721466
2023-05-29 06:02:16.528000,-0.5664181113243103,0.15584582090377808
2023-05-29 06:03:16.578000,-0.5359498858451843,0.13913710415363312
2023-05-29 06:04:16.494000,-0.5362463593482971,0.1275578886270523
2023-05-29 06:05:16.462000,-0.5479416847229004,0.11601124703884125
2023-05-29 06:06:16.632000,-0.5521159768104553,0.09883003681898117
2023-05-29 06:07:16.567000,-0.5522992610931396,0.08104643225669861
2023-05-29 06:08:16.558000,-0.5892821550369263,0.03861583024263382
2023-05-29 06:09:16.486000,-0.6295859813690186,0.02593056857585907
2023-05-29 06:10:16.548000,-0.6404426097869873,0.026200946420431137
2023-05-29 06:11:16.481000,-0.6369284391403198,0.027587372809648514
2023-05-29 06:12:16.542000,-0.5839707255363464,0.02569204941391945
2023-05-29 06:13:16.560000,-0.5620430707931519,0.024790599942207336
2023-05-29 06:14:16.421000,-0.5645419359207153,0.02474246732890606
2023-05-29 06:15:16.322000,-0.5730031132698059,0.024872716516256332
2023-05-29 06:16:16.584000,-0.5696589946746826,0.024220649152994156
2023-05-29 06:17:16.480000,-0.563226044178009,0.02459598332643509
2023-05-29 06:18:16.531000,-0.5852811336517334,0.03048836626112461
2023-05-29 06:19:16.413000,-0.49934056401252747,0.035359665751457214
2023-05-29 06:20:16.570000,-0.5048514604568481,0.03703605383634567
2023-05-29 06:21:16.523000,-0.40884217619895935,0.031750667840242386
2023-05-29 06:22:16.425000,-0.21144476532936096,0.025930795818567276
2023-05-29 06:23:16.604000,-0.20683653652668,0.024777332320809364
2023-05-29 06:24:16.482000,-0.20975326001644135,0.02612319216132164
2023-05-29 06:25:16.526000,-0.22970512509346008,0.0281504075974226
2023-05-29 06:26:16.415000,-0.25732681155204773,0.029248716309666634
2023-05-29 06:27:16.537000,-0.21979749202728271,0.0334964394569397
2023-05-29 06:28:16.625000,-0.27672135829925537,0.03462223336100578
2023-05-29 06:29:16.608000,-0.3635941743850708,0.03229508176445961
2023-05-29 06:30:16.556000,-0.3686109781265259,0.03016970492899418
2023-05-29 06:31:16.468000,-0.3539285957813263,0.02811015024781227
2023-05-29 06:32:16.469000,-0.3161100447177887,0.023803509771823883
2023-05-29 06:33:16.527000,-0.3588640093803406,0.020947933197021484
2023-05-29 06:34:16.539000,-0.3486836552619934,0.016772983595728874
2023-05-29 06:35:16.537000,-0.3582998514175415,0.013498525135219097
2023-05-29 06:36:16.561000,-0.3548625409603119,0.01117976289242506
2023-05-29 06:37:16.450000,-0.3682466447353363,0.013245931826531887
2023-05-29 06:38:16.532000,-0.4161258637905121,0.017565423622727394
2023-05-29 06:39:16.401000,-0.4005601406097412,0.023325515910983086
2023-05-29 06:40:16.446000,-0.41315117478370667,0.025632543489336967
2023-05-29 06:41:16.429000,-0.4076811373233795,0.027208833023905754
2023-05-29 06:42:16.478000,-0.33324718475341797,0.030515728518366814
2023-05-29 06:43:16.449000,-0.3293116092681885,0.03402315080165863
2023-05-29 06:44:16.562000,-0.33064699172973633,0.031437117606401443
2023-05-29 06:45:16.530000,-0.33233317732810974,0.028270000591874123
2023-05-29 06:46:16.681000,-0.34647807478904724,0.028962813317775726
2023-05-29 06:47:16.490000,-0.3357654809951782,0.029492292553186417
2023-05-29 06:48:16.519000,-0.34923312067985535,0.027245068922638893
2023-05-29 06:49:16.496000,-0.3891242444515228,0.022668534889817238
2023-05-29 06:50:16.603000,-0.39164453744888306,0.020385850220918655
2023-05-29 06:51:16.520000,-0.38699352741241455,0.01850283332169056
2023-05-29 06:52:16.480000,-0.3349105715751648,0.017602689564228058
2023-05-29 06:53:16.398000,-0.30671846866607666,0.017159050330519676
2023-05-29 06:54:16.502000,-0.30378836393356323,0.015666233375668526
2023-05-29 06:55:16.488000,-0.3284413814544678,0.01467813365161419
2023-05-29 06:56:16.472000,-0.33095425367355347,0.017028367146849632
2023-05-29 06:57:16.503000,-0.3117581307888031,0.021515948697924614
2023-05-29 06:58:16.467000,-0.3461121618747711,0.026287149637937546
2023-05-29 06:59:16.487000,-0.37194541096687317,0.031508032232522964
2023-05-29 07:00:16.275000,-0.3806133568286896,0.03844910115003586
2023-05-29 07:01:16.552000,-0.37436723709106445,0.04460392892360687
2023-05-29 07:02:16.548000,-0.32820823788642883,0.04578614979982376
2023-05-29 07:03:16.403000,-0.29632288217544556,0.0427970327436924
2023-05-29 07:04:16.386000,-0.3002614974975586,0.0405799001455307
2023-05-29 07:05:16.535000,-0.3060089945793152,0.04187573119997978
2023-05-29 07:06:16.477000,-0.31385499238967896,0.0438295342028141
2023-05-29 07:07:16.492000,-0.31393495202064514,0.046406883746385574
2023-05-29 07:08:16.516000,-0.3135077953338623,0.04908309876918793
2023-05-29 07:09:16.449000,-0.35779863595962524,0.049350082874298096
2023-05-29 07:10:16.438000,-0.3645614683628082,0.047121867537498474
2023-05-29 07:11:16.490000,-0.3633614778518677,0.04576050117611885
2023-05-29 07:12:16.498000,-0.32730838656425476,0.0462479330599308
2023-05-29 07:13:16.386000,-0.286624014377594,0.04650210589170456
2023-05-29 07:14:16.483000,-0.2910509407520294,0.04564761742949486
2023-05-29 07:15:16.493000,-0.2989373505115509,0.04457901790738106
2023-05-29 07:16:16.407000,-0.30161285400390625,0.044992320239543915
2023-05-29 07:17:16.541000,-0.30057477951049805,0.04735884815454483
2023-05-29 07:18:16.410000,-0.3151724934577942,0.051256950944662094
2023-05-29 07:19:16.457000,-0.3702961802482605,0.05582291632890701
2023-05-29 07:20:16.398000,-0.3802899122238159,0.06037323549389839
2023-05-29 07:21:16.488000,-0.37049320340156555,0.06432285904884338
2023-05-29 07:22:16.438000,-0.33131512999534607,0.06714656949043274
2023-05-29 07:23:16.605000,-0.30526331067085266,0.06944411993026733
2023-05-29 07:24:16.486000,-0.3133433163166046,0.0706842690706253
2023-05-29 07:25:16.447000,-0.3206629157066345,0.07146893441677094
2023-05-29 07:26:16.492000,-0.3301013708114624,0.07044760137796402
2023-05-29 07:27:16.884000,-0.31581807136535645,0.06844101846218109
2023-05-29 07:28:16.403000,-0.34425249695777893,0.0654882863163948
2023-05-29 07:29:16.450000,-0.37625348567962646,0.06202169880270958
2023-05-29 07:30:16.524000,-0.5136674046516418,0.059281084686517715
2023-05-29 07:31:16.382000,-0.6164567470550537,0.05888466164469719
2023-05-29 07:32:16.514000,-0.5647831559181213,0.059519387781620026
2023-05-29 07:33:16.416000,-0.54421466588974,0.05815095081925392
2023-05-29 07:34:16.466000,-0.5477158427238464,0.05665073171257973
2023-05-29 07:35:16.455000,-0.5519617199897766,0.05634110048413277
2023-05-29 07:36:16.406000,-0.5602890849113464,0.05874728411436081
2023-05-29 07:37:16.470000,-0.5619092583656311,0.06645137071609497
2023-05-29 07:38:16.541000,-0.5886358022689819,0.076793372631073
2023-05-29 07:39:16.489000,-0.6108718514442444,0.14175446331501007
2023-05-29 07:40:16.267000,-0.611228346824646,0.17844346165657043
2023-05-29 07:41:16.438000,-0.6048926711082458,0.15845003724098206
2023-05-29 07:42:16.513000,-0.5631943941116333,0.1383504420518875
2023-05-29 07:43:16.523000,-0.526594340801239,0.12049813568592072
2023-05-29 07:44:16.387000,-0.5299177765846252,0.1104564517736435
2023-05-29 07:45:16.496000,-0.5671417117118835,0.10399581491947174
2023-05-29 07:46:16.483000,-0.570305585861206,0.09583526849746704
2023-05-29 07:47:16.464000,-0.5697000026702881,0.0857129842042923
2023-05-29 07:48:16.537000,-0.5755185484886169,0.05422915145754814
2023-05-29 07:49:16.456000,-0.6333686709403992,0.03107829950749874
2023-05-29 07:50:16.435000,-0.5109531879425049,0.03185391426086426
2023-05-29 07:51:16.460000,-0.43151068687438965,0.030863134190440178
2023-05-29 07:52:16.451000,-0.41401487588882446,0.03082643263041973
2023-05-29 07:53:16.484000,-0.34946897625923157,0.034342169761657715
2023-05-29 07:54:16.451000,-0.3473004102706909,0.038956549018621445
2023-05-29 07:55:16.675000,-0.3488919138908386,0.04397456720471382
2023-05-29 07:56:16.472000,-0.35531914234161377,0.05033503472805023
2023-05-29 07:57:16.411000,-0.3066602945327759,0.05539586395025253
2023-05-29 07:58:16.454000,-0.2783619463443756,0.054310448467731476
2023-05-29 07:59:16.427000,-0.33147531747817993,0.04653603211045265
2023-05-29 08:00:16.439000,-0.3471618592739105,0.039517592638731
2023-05-29 08:01:16.422000,-0.34861594438552856,0.03819878026843071
2023-05-29 08:02:16.573000,-0.8803219199180603,0.03781662881374359
2023-05-29 08:03:16.395000,-1.3682252168655396,0.03436082974076271
2023-05-29 08:04:16.833000,-1.3179974555969238,0.03122606687247753
2023-05-29 08:05:16.418000,-1.319604516029358,0.030450724065303802
2023-05-29 08:06:16.439000,-1.0514696836471558,0.031429946422576904
2023-05-29 08:07:16.443000,-0.18556201457977295,0.03278684988617897
2023-05-29 08:08:16.453000,-0.2135472446680069,0.03396328166127205
2023-05-29 08:09:16.423000,-0.2631053626537323,0.036359354853630066
2023-05-29 08:10:16.456000,-0.31737008690834045,0.039485085755586624
2023-05-29 08:11:16.426000,-0.28603819012641907,0.04149051755666733
2023-05-29 08:12:16.421000,-0.28464382886886597,0.04161061719059944
2023-05-29 08:13:16.400000,-0.3028758466243744,0.042304933071136475
2023-05-29 08:14:16.834000,-0.29217150807380676,0.04647869989275932
2023-05-29 08:15:16.414000,-0.25769633054733276,0.053126249462366104
2023-05-29 08:16:16.730000,-0.2204677164554596,0.06008610129356384
2023-05-29 08:17:16.429000,-0.2130187451839447,0.06410740315914154
2023-05-29 08:18:16.460000,-0.20523856580257416,0.06507406383752823
2023-05-29 08:19:16.456000,-0.2719385027885437,0.06442614644765854
2023-05-29 08:20:16.227000,-0.2847280502319336,0.06168711557984352
2023-05-29 08:21:16.455000,-0.2728801667690277,0.055277153849601746
2023-05-29 08:22:16.400000,-0.28439652919769287,0.04626389592885971
2023-05-29 08:23:16.409000,-0.2572876214981079,0.040303781628608704
2023-05-29 08:24:16.460000,-0.2693823277950287,0.03757541626691818
2023-05-29 08:25:16.401000,-0.28604063391685486,0.03714478388428688
2023-05-29 08:26:16.843000,-0.29409801959991455,0.038312967866659164
2023-05-29 08:27:16.457000,-0.3012998700141907,0.03840184956789017
2023-05-29 08:28:16.404000,-0.30283981561660767,0.03682300075888634
2023-05-29 08:29:16.435000,-0.3507111072540283,0.03461189940571785
2023-05-29 08:30:16.932000,-0.35231098532676697,0.033056266605854034
2023-05-29 08:31:16.476000,-0.3652445375919342,0.03208104893565178
2023-05-29 08:32:16.383000,-0.3638344705104828,0.03144475072622299
2023-05-29 08:33:16.389000,-0.28071632981300354,0.030189866200089455
2023-05-29 08:34:16.693000,-0.27746227383613586,0.02888251654803753
2023-05-29 08:35:16.327000,-0.28037261962890625,0.027747616171836853
2023-05-29 08:36:16.394000,-0.27978935837745667,0.027959533035755157
2023-05-29 08:37:16.386000,-0.27772825956344604,0.029660217463970184
2023-05-29 08:38:16.452000,-0.2569253146648407,0.032664742320775986
2023-05-29 08:39:16.413000,-0.30206507444381714,0.03512851521372795
2023-05-29 08:40:16.381000,-0.29791194200515747,0.03495868295431137
2023-05-29 08:41:16.408000,-0.2952115535736084,0.0322306826710701
2023-05-29 08:42:16.351000,-0.2729246914386749,0.029129883274435997
2023-05-29 08:43:16.474000,-0.22050344944000244,0.02729324996471405
2023-05-29 08:44:16.331000,-0.22540375590324402,0.02715660072863102
2023-05-29 08:45:16.397000,-0.23547303676605225,0.027750883251428604
2023-05-29 08:46:16.427000,-0.24686495959758759,0.027801649644970894
2023-05-29 08:47:16.366000,-0.24964696168899536,0.027189083397388458
2023-05-29 08:48:16.394000,-0.2658614218235016,0.02585645020008087
2023-05-29 08:49:16.420000,-0.3163296580314636,0.02452865056693554
2023-05-29 08:50:16.350000,-0.31239497661590576,0.023530321195721626
2023-05-29 08:51:16.356000,-0.3243951201438904,0.02326139621436596
2023-05-29 08:52:16.353000,-0.2941080927848816,0.023168541491031647
2023-05-29 08:53:16.943000,-0.24438920617103577,0.023249734193086624
2023-05-29 08:54:16.617000,-0.23533692955970764,0.023111799731850624
2023-05-29 08:55:16.387000,-0.23581576347351074,0.02307330071926117
2023-05-29 08:56:16.365000,-0.2447972446680069,0.02308441698551178
2023-05-29 08:57:16.347000,-0.2979573905467987,0.022663217037916183
2023-05-29 08:58:16.692000,-0.672107994556427,0.02164423279464245
2023-05-29 08:59:16.341000,-0.6753183007240295,0.020826349034905434
2023-05-29 09:00:16.215000,-0.6694669723510742,0.019991500303149223
2023-05-29 09:01:16.397000,-0.6680216789245605,0.020214134827256203
2023-05-29 09:02:16.378000,-0.5415963530540466,0.021461833268404007
2023-05-29 09:03:16.928000,-0.3612627685070038,0.023484965786337852
2023-05-29 09:04:16.781000,-0.22022362053394318,0.026000317186117172
2023-05-29 09:05:16.347000,-0.22198380529880524,0.029027516022324562
2023-05-29 09:06:16.351000,-0.23140253126621246,0.03178708627820015
2023-05-29 09:07:16.600000,-0.23097684979438782,0.03383917361497879
2023-05-29 09:08:16.477000,-0.280730277299881,0.035209234803915024
2023-05-29 09:09:16.357000,-0.430560439825058,0.035288333892822266
2023-05-29 09:10:16.395000,-0.5540472865104675,0.034450381994247437
2023-05-29 09:11:16.587000,-0.33654314279556274,0.03384046629071236
2023-05-29 09:12:16.383000,-0.187991663813591,0.03392031788825989
2023-05-29 09:13:16.388000,-0.1774826943874359,0.035463932901620865
2023-05-29 09:14:16.806000,-0.17152588069438934,0.03790661692619324
2023-05-29 09:15:16.380000,-0.17191584408283234,0.04074981063604355
2023-05-29 09:16:16.350000,-0.26346197724342346,0.04230852425098419
2023-05-29 09:17:16.351000,-0.508324146270752,0.041772983968257904
2023-05-29 09:18:16.392000,-0.4208126962184906,0.038288068026304245
2023-05-29 09:19:16.339000,-0.24064281582832336,0.03183746710419655
2023-05-29 09:20:16.396000,-0.24736565351486206,0.025518115609884262
2023-05-29 09:21:16.616000,-0.22817827761173248,0.021526983007788658
2023-05-29 09:22:16.336000,-0.2079644352197647,0.018992068246006966
2023-05-29 09:23:16.395000,-0.23582841455936432,0.017379499971866608
2023-05-29 09:24:16.546000,-0.45200997591018677,0.01577863283455372
2023-05-29 09:25:16.346000,-0.5074426531791687,0.014095683582127094
2023-05-29 09:26:16.388000,-0.3059999644756317,0.012610716745257378
2023-05-29 09:27:16.435000,-0.29252952337265015,0.011972694657742977
2023-05-29 09:28:16.904000,-0.3222826421260834,0.012113844975829124
2023-05-29 09:29:16.550000,-0.3336368799209595,0.013246258720755577
2023-05-29 09:30:16.392000,-0.3293079435825348,0.014415321871638298
2023-05-29 09:31:16.359000,-0.42728734016418457,0.015076575800776482
2023-05-29 09:32:16.626000,-0.5856142044067383,0.014387483708560467
2023-05-29 09:33:16.370000,-0.37841638922691345,0.012690266594290733
2023-05-29 09:34:16.324000,-0.2552935779094696,0.012071332894265652
2023-05-29 09:35:16.367000,-0.25861847400665283,0.012182033620774746
2023-05-29 09:36:16.401000,-0.2641202211380005,0.01270020380616188
2023-05-29 09:37:16.340000,-0.2737562656402588,0.013365430757403374
2023-05-29 09:38:16.350000,-0.3743111491203308,0.01303496677428484
2023-05-29 09:39:16.347000,-0.5907741785049438,0.011647949926555157
2023-05-29 09:40:16.556000,-0.5456460118293762,0.010255632922053337
2023-05-29 09:41:16.385000,-0.3093220591545105,0.008773500099778175
2023-05-29 09:42:16.315000,-0.25389569997787476,0.006988366600126028
2023-05-29 09:43:16.674000,-0.2394183725118637,0.005404440686106682
2023-05-29 09:44:16.423000,-0.23621562123298645,0.0038123500999063253
2023-05-29 09:45:16.423000,-0.23942206799983978,0.0030584000051021576
2023-05-29 09:46:16.623000,-0.4263678789138794,0.0026260833255946636
2023-05-29 09:47:16.374000,-0.5860632658004761,0.0023058000952005386
2023-05-29 09:48:16.343000,-0.3958708345890045,0.0020961896516382694
2023-05-29 09:49:16.723000,-0.3121597170829773,0.002434066729620099
2023-05-29 09:51:16.725000,-0.2560025453567505,0.003229249967262149
2023-05-29 09:52:16.316000,-0.2410982847213745,0.0025834667030721903
2023-05-29 09:53:16.365000,-0.3209676444530487,0.0012973666889593005
2023-05-29 09:54:16.546000,-0.531557559967041,0.00040101667400449514
2023-05-29 09:55:16.296000,-0.3736286461353302,0.0003707333526108414
2023-05-29 09:56:16.326000,-0.23011095821857452,0.00025405173073522747
2023-05-29 09:57:16.389000,-0.2786881625652313,0.00046480001765303314
2023-05-29 09:58:16.334000,-0.29010042548179626,0.0002196949062636122
2023-05-29 09:59:16.438000,-0.2889370918273926,0.00028422035393305123
2023-05-29 10:00:16.321000,-0.3079415261745453,0.0003346833400428295
2023-05-29 10:01:16.837000,-0.4621678590774536,-0.0004928999696858227
2023-05-29 10:02:16.411000,-0.4746387302875519,-0.002021400025114417
2023-05-29 10:03:16.525000,-0.2541276514530182,-0.002053899923339486
2023-05-29 10:04:16.445000,-0.21064211428165436,-0.0020203832536935806
2023-05-29 10:05:16.662000,-0.21424022316932678,-0.0019436499569565058
2023-05-29 10:06:16.727000,-0.1844499111175537,-0.0019365932093933225
2023-05-29 10:07:16.279000,-0.24280785024166107,-0.0019033559365198016
2023-05-29 10:08:16.363000,-0.3760470747947693,-0.0019601499661803246
2023-05-29 10:09:16.491000,-0.552436351776123,-0.0019093166338279843
2023-05-29 10:10:16.404000,-0.328827828168869,-0.0018855344969779253
2023-05-29 10:11:16.320000,-0.18221578001976013,-0.0019748499616980553
2023-05-29 10:12:16.730000,-0.1845960170030594,-0.002002266701310873
2023-05-29 10:13:16.760000,-0.177663654088974,-0.0019043793436139822
2023-05-29 10:14:16.294000,-0.1781322956085205,-0.0019486270612105727
2023-05-29 10:15:16.475000,-0.24300341308116913,-0.002011413685977459
2023-05-29 10:16:16.315000,-0.4837396740913391,-0.0019506270764395595
2023-05-29 10:17:16.290000,-0.4706290066242218,-0.001948254182934761
2023-05-29 10:18:16.720000,-0.2515607476234436,-0.0019502167124301195
2023-05-29 10:19:16.443000,-0.24794411659240723,-0.001981406705453992
2023-05-29 10:20:16.203000,-0.23337842524051666,-0.0019810667727142572
2023-05-29 10:21:16.422000,-0.21501687169075012,-0.0020216666162014008
2023-05-29 10:22:16.461000,-0.22737154364585876,-0.0020555933006107807
2023-05-29 10:23:16.443000,-0.44912850856781006,-0.002011533360928297
2023-05-29 10:24:16.310000,-0.5550667643547058,-0.0020388304255902767
2023-05-29 10:25:16.435000,-0.34332722425460815,-0.002074666554108262
2023-05-29 10:26:16.289000,-0.2832976281642914,-0.002109699882566929
2023-05-29 10:27:16.441000,-0.33784019947052,-0.0018404499860480428
2023-05-29 10:28:16.287000,-0.3488500118255615,-0.002092316746711731
2023-05-29 10:29:16.304000,-0.3509674668312073,-0.0021517665591090918
2023-05-29 10:30:16.437000,-0.4533883035182953,-0.0018328166333958507
2023-05-29 10:31:16.267000,-0.6085727214813232,-0.0021255083847790956
2023-05-29 10:32:16.444000,-0.4325161874294281,-0.0020677626598626375
2023-05-29 10:33:16.679000,-0.2771041691303253,-0.0020401666406542063
2023-05-29 10:34:16.441000,-0.26918333768844604,-0.002171000000089407
2023-05-29 10:35:16.767000,-0.268218457698822,-0.002160383388400078
2023-05-29 10:36:16.524000,-0.2715522348880768,-0.002087083412334323
2023-05-29 10:37:16.425000,-0.3380244970321655,-0.0019235166255384684
2023-05-29 10:38:16.400000,-0.6052489876747131,-0.0020465932320803404
2023-05-29 10:39:16.371000,-0.60770183801651,-0.002066930988803506
2023-05-29 10:40:16.424000,-0.3920864462852478,-0.0020976378582417965
2023-05-29 10:41:16.446000,-0.32617276906967163,-0.002122701844200492
2023-05-29 10:42:16.248000,-0.28839826583862305,-0.0020817413460463285
2023-05-29 10:43:16.381000,-0.27214518189430237,-0.0019387586507946253
2023-05-29 10:44:16.423000,-0.2740800082683563,-0.00202921056188643
2023-05-29 10:45:16.419000,-0.42057743668556213,-0.0020715517457574606
2023-05-29 10:46:16.383000,-0.5898423790931702,-0.002070500049740076
2023-05-29 10:47:16.528000,-0.40066489577293396,-0.0020444332621991634
2023-05-29 10:48:16.475000,-0.38097912073135376,-0.0020751834381371737
2023-05-29 10:49:16.301000,-0.3929680585861206,-0.002054783282801509
2023-05-29 10:50:16.815000,-0.39780208468437195,-0.002076549921184778
2023-05-29 10:51:16.426000,-0.41071173548698425,-0.0019947667606174946
2023-05-29 10:52:16.732000,-0.41917136311531067,-0.0020316666923463345
2023-05-29 10:53:16.502000,-0.6229974627494812,-0.0020314333960413933
2023-05-29 10:54:16.874000,-0.5229722857475281,-0.0020293728448450565
2023-05-29 10:55:16.730000,-0.32366618514060974,-0.001930900034494698
2023-05-29 10:56:16.554000,-0.3285135328769684,-0.001968533266335726
2023-05-29 10:57:16.403000,-0.3339977264404297,-0.0020920000970363617
2023-05-29 10:58:16.830000,-0.3663715124130249,-0.0020560172852128744
2023-05-29 10:59:16.244000,-0.4042380750179291,-0.0019056833116337657
2023-05-29 11:00:16.475000,-0.6013734936714172,-0.0020270333625376225
2023-05-29 11:01:16.672000,-0.6574723124504089,-0.0020517627708613873
2023-05-29 11:02:16.380000,-0.3636019229888916,-0.0020246501080691814
2023-05-29 11:03:16.459000,-0.2696305215358734,-0.0019614500924944878
2023-05-29 11:04:16.284000,-0.26571595668792725,-0.002030049916356802
2023-05-29 11:05:16.162000,-0.26981866359710693,-0.002010500058531761
2023-05-29 11:06:16.349000,-0.27276715636253357,-0.0019570677541196346
2023-05-29 11:07:16.380000,-0.33029887080192566,-0.0019711332861334085
2023-05-29 11:08:16.251000,-0.5398184061050415,-0.0019675965886563063
2023-05-29 11:09:16.405000,-0.4252055585384369,-0.0018976491410285234
2023-05-29 11:10:16.696000,-0.29243212938308716,-0.0020973500795662403
2023-05-29 11:11:16.263000,-0.299388587474823,-0.0020121834240853786
2023-05-29 11:12:16.271000,-0.30109453201293945,-0.0020031167659908533
2023-05-29 11:13:16.368000,-0.3020421266555786,-0.0020302373450249434
2023-05-29 11:14:16.395000,-0.2985484302043915,-0.0019046610686928034
2023-05-29 11:15:16.555000,-0.5489650964736938,-0.001972137950360775
2023-05-29 11:16:16.774000,-0.5421871542930603,-0.0019587089773267508
2023-05-29 11:17:16.275000,-0.34589189291000366,-0.002012928482145071
2023-05-29 11:18:16.718000,-0.343454509973526,-0.001975049963220954
2023-05-29 11:19:16.383000,-0.3657996952533722,-0.0019259166438132524
2023-05-29 11:20:16.746000,-0.3764957785606384,-0.0019355714321136475
2023-05-29 11:21:16.398000,-0.4485394060611725,-0.002023363718762994
2023-05-29 11:22:16.395000,-0.6294019818305969,-0.0020644827745854855
2023-05-29 11:23:16.357000,-0.7509211897850037,-0.001959891989827156
2023-05-29 11:24:16.356000,-0.5019388198852539,-0.001928039244376123
2023-05-29 11:26:16.455000,-0.34776127338409424,-0.0020703685004264116
2023-05-29 11:27:16.260000,-0.36108431220054626,-0.001977084670215845
2023-05-29 11:28:16.356000,-0.3578660190105438,-0.0019703167490661144
2023-05-29 11:29:16.363000,-0.4412321448326111,-0.002153583336621523
2023-05-29 11:30:16.444000,-0.6325331330299377,-0.0019966333638876677
2023-05-29 11:31:16.344000,-0.526992917060852,-0.002005192218348384
2023-05-29 11:32:16.582000,-0.3870844542980194,-0.002055724151432514
2023-05-29 11:33:16.373000,-0.38857537508010864,-0.002125142840668559
2023-05-29 11:34:16.381000,-0.34648242592811584,-0.0020027626305818558
2023-05-29 11:35:16.381000,-0.29406458139419556,-0.0019315925892442465
2023-05-29 11:36:16.357000,-0.3166727125644684,-0.0019832963589578867
2023-05-29 11:37:16.626000,-0.5369398593902588,-0.001980745466426015
2023-05-29 11:38:16.378000,-0.5728814005851746,-0.001929849968291819
2023-05-29 11:40:16.452000,-0.36695596575737,-0.0021134286653250456
2023-05-29 11:41:16.628000,-0.38690897822380066,-0.0018279491923749447
2023-05-29 11:42:16.298000,-0.37699031829833984,-0.0019814332481473684
2023-05-29 11:43:16.364000,-0.32692062854766846,-0.0020821832586079836
2023-05-29 11:44:16.777000,-0.45309945940971375,-0.001990534598007798
2023-05-29 11:46:16.597000,-0.4713708460330963,-0.0019015000434592366
2023-05-29 11:48:16.615000,-0.4304273724555969,-0.0021777241490781307
2023-05-29 11:49:16.321000,-0.43011581897735596,-0.0019401070894673467
2023-05-29 11:51:16.348000,-0.45190268754959106,-0.001994050107896328
2023-05-29 11:53:16.370000,-0.5800966024398804,-0.0020056499633938074
2023-05-29 11:54:16.327000,-0.3676866590976715,-0.0020310000982135534
2023-05-29 11:57:16.324000,-0.3683794140815735,-0.0019819829612970352
2023-05-29 11:58:16.366000,-0.39987343549728394,-0.002028945367783308
2023-05-29 12:00:16.327000,-0.6506901383399963,-0.001945166615769267
2023-05-29 12:01:16.336000,-0.3457529544830322,-0.0020959137473255396
2023-05-29 12:03:16.324000,-0.3016379773616791,-0.0020895085763186216
2023-05-29 12:04:16.323000,-0.3011440932750702,-0.00196363334544003
2023-05-29 12:05:16.369000,-0.2882232069969177,-0.0021267966367304325
2023-05-29 12:06:16.327000,-0.39685189723968506,-0.0020645172335207462
2023-05-29 12:07:16.313000,-0.674875020980835,-0.0019650000613182783
2023-05-29 12:09:16.335000,-0.3806477189064026,-0.0019949167035520077
2023-05-29 12:10:16.343000,-0.3762087821960449,-0.001984660979360342
2023-05-29 12:13:16.348000,-0.3410780131816864,-0.002066016895696521
2023-05-29 12:16:16.414000,-0.3852517902851105,-0.0020365333184599876
2023-05-29 12:17:16.760000,-0.4232073724269867,-0.0020603167358785868
2023-05-29 12:18:16.821000,-0.45817452669143677,-0.001986982999369502
2023-05-29 12:19:16.520000,-0.45056718587875366,-0.0020725333597511053
2023-05-29 12:20:16.298000,-0.4232785701751709,-0.0020019137300550938
2023-05-29 12:21:16.301000,-0.5037277340888977,-0.0020755964796990156
2023-05-29 12:23:16.239000,-0.470332533121109,-0.0020158332772552967
2023-05-29 12:24:16.346000,-0.35771313309669495,-0.002031116746366024
2023-05-29 12:26:16.360000,-0.3616529107093811,-0.001992699922993779
2023-05-29 12:27:16.602000,-0.4356147348880768,-0.002047745743766427
2023-05-29 12:29:16.290000,-0.7265764474868774,-0.002066449960693717
2023-05-29 12:30:16.347000,-0.6274603605270386,-0.002098689554259181
2023-05-29 12:31:16.370000,-0.3640649914741516,-0.002049879403784871
2023-05-29 12:34:16.324000,-0.3601074814796448,-0.001980433240532875
2023-05-29 12:36:16.516000,-0.5825435519218445,-0.0018594999564811587
2023-05-29 12:38:16.290000,-0.49541717767715454,-0.0020032499451190233
2023-05-29 12:40:16.402000,-0.37935003638267517,-0.002045982051640749
2023-05-29 12:44:16.228000,-0.6450536847114563,-0.0020437457133084536
2023-05-29 12:45:16.282000,-0.46789589524269104,-0.0019474527798593044
2023-05-29 12:46:16.306000,-0.35777297616004944,-0.001954650040715933
2023-05-29 12:47:16.292000,-0.4198172092437744,-0.001970600103959441
2023-05-29 12:49:16.764000,-0.4094182550907135,-0.00210792594589293
2023-05-29 12:51:16.307000,-0.607704758644104,-0.0018791186157613993
2023-05-29 12:52:16.297000,-0.5964187383651733,-0.002077896613627672
2023-05-29 12:53:16.278000,-0.35481107234954834,-0.0020378832705318928
2023-05-29 12:54:16.315000,-0.32224300503730774,-0.001982741290703416
2023-05-29 12:56:16.647000,-0.3167966604232788,-0.0021026034373790026
2023-05-29 12:58:16.676000,-0.5256094336509705,-0.0021312166936695576
2023-05-29 12:59:16.321000,-0.6924319267272949,-0.0021644667722284794
2023-05-29 13:00:16.301000,-0.43449270725250244,-0.0020857667550444603
2023-05-29 13:01:16.226000,-0.30696678161621094,-0.0022439167369157076
2023-05-29 13:03:16.289000,-0.28070059418678284,-0.0020255332347005606
2023-05-29 13:04:16.214000,-0.27365460991859436,-0.0021875665988773108
2023-05-29 13:06:16.480000,-0.6371814608573914,-0.002139999996870756
2023-05-29 13:07:16.451000,-0.5648850202560425,-0.0021368167363107204
2023-05-29 13:09:16.414000,-0.33136191964149475,-0.0020091186743229628
2023-05-29 13:10:16.307000,-0.2657618522644043,-0.0019708334002643824
2023-05-29 13:11:16.190000,-0.2765900194644928,-0.0021352204494178295
2023-05-29 13:12:16.336000,-0.3179739713668823,-0.0020604575984179974
2023-05-29 13:14:16.709000,-0.6177173256874084,-0.0020820689387619495
2023-05-29 13:15:16.070000,-0.41689014434814453,-0.0020893332548439503
2023-05-29 13:16:16.388000,-0.42233332991600037,-0.002044116612523794
2023-05-29 13:17:16.735000,-0.4304901957511902,-0.0020637500565499067
2023-05-29 13:18:16.299000,-0.4266631305217743,-0.0020159492269158363
2023-05-29 13:19:16.794000,-0.3866262435913086,-0.0019830509554594755
2023-05-29 13:21:16.729000,-0.6478515267372131,-0.0020612499210983515
2023-05-29 13:22:16.220000,-0.46916356682777405,-0.00221993331797421
2023-05-29 13:24:16.294000,-0.3509761393070221,-0.0020387833938002586
2023-05-29 13:28:16.729000,-0.6942033767700195,-0.0020712667610496283
2023-05-29 13:31:16.249000,-0.35957324504852295,-0.0019903727807104588
2023-05-29 13:33:16.674000,-0.36128371953964233,-0.0020944334100931883
2023-05-29 13:34:16.307000,-0.3768916428089142,-0.001978728687390685
2023-05-29 13:37:16.618000,-0.5099858045578003,-0.0018685762770473957
2023-05-29 13:38:16.211000,-0.3602636158466339,-0.001955446321517229
2023-05-29 13:39:16.229000,-0.32868853211402893,-0.0020181499421596527
2023-05-29 13:40:16.783000,-0.3215184509754181,-0.0020106551237404346
2023-05-29 13:41:16.672000,-0.3153870701789856,-0.002116762800142169
2023-05-29 13:44:16.240000,-0.5470278263092041,-0.0021550499368458986
2023-05-29 13:46:16.336000,-0.3847526013851166,-0.0022095167078077793
2023-05-29 13:47:16.658000,-0.35740119218826294,-0.002138304989784956
2023-05-29 13:48:16.783000,-0.33094310760498047,-0.0021087166387587786
2023-05-29 13:49:16.295000,-0.3577132523059845,-0.002044966211542487
2023-05-29 13:50:16.547000,-0.6015982627868652,-0.0021454745437949896
2023-05-29 13:52:16.254000,-0.3493662476539612,-0.002147299936041236
2023-05-29 13:54:16.287000,-0.34751006960868835,-0.002127966610714793
2023-05-29 13:55:16.636000,-0.34213846921920776,-0.002050706883892417
2023-05-29 13:56:16.713000,-0.3173973262310028,-0.002078430959954858
2023-05-29 13:57:16.652000,-0.34502068161964417,-0.002114203292876482
2023-05-29 13:59:16.179000,-0.29388144612312317,-0.002006237395107746
2023-05-29 14:01:16.367000,-0.1619422882795334,-0.0020310168620198965
2023-05-29 14:02:16.236000,-0.19218900799751282,-0.001980650005862117
2023-05-29 14:03:16.621000,-0.2406487762928009,-0.001965433359146118
2023-05-29 14:05:16.457000,-0.5833780169487,-0.0019805862102657557
2023-05-29 14:06:16.233000,-0.48115232586860657,-0.002004433423280716
2023-05-29 14:07:16.284000,-0.2552233636379242,-0.0020173729863017797
2023-05-29 14:11:16.222000,-0.30693498253822327,-0.0021176666487008333
2023-05-29 14:12:16.271000,-0.5310790538787842,-0.0020585665479302406
2023-05-29 14:14:16.700000,-0.4585614502429962,-0.0020204237662255764
2023-05-29 14:15:16.115000,-0.37691986560821533,-0.0019395614508539438
2023-05-29 14:16:16.553000,-0.36498239636421204,-0.001830533379688859
2023-05-29 14:19:16.224000,-0.41661760210990906,-0.0019647241570055485
2023-05-29 14:22:16.692000,-0.26091235876083374,-0.0019846269860863686
2023-05-29 14:23:16.194000,-0.3227362036705017,-0.0020256165880709887
2023-05-29 14:24:16.200000,-0.33385148644447327,-0.001941949944011867
2023-05-29 14:29:16.154000,-0.3220341205596924,-0.0019559492357075214
2023-05-29 14:31:16.287000,-0.2874414026737213,-0.002184683457016945
2023-05-29 14:32:16.555000,-0.34893643856048584,-0.0020638001151382923
2023-05-29 14:34:16.574000,-0.5279231071472168,-0.0020537832751870155
2023-05-29 14:36:16.138000,-0.38592639565467834,-0.0020828982815146446
2023-05-29 14:37:16.609000,-0.2914135456085205,-0.0019821333698928356
2023-05-29 14:38:16.200000,-0.3099428713321686,-0.0019670508336275816
2023-05-29 14:39:16.642000,-0.30722713470458984,-0.002036249963566661
2023-05-29 14:40:16.700000,-0.2866949737071991,-0.0020780509803444147
2023-05-29 14:42:16.767000,-0.650861918926239,-0.0020762807689607143
2023-05-29 14:45:16.424000,-0.28546327352523804,-0.00207461672835052
2023-05-29 14:46:16.612000,-0.28563639521598816,-0.0020431834273040295
2023-05-29 14:51:16.557000,-0.3412875831127167,-0.0021348276641219854
2023-05-29 14:52:16.591000,-0.2862564027309418,-0.0018025332828983665
2023-05-29 14:55:16.434000,-0.2010105699300766,-0.0021103075705468655
2023-05-29 14:57:16.581000,-0.717018723487854,-0.002075877273455262
2023-05-29 14:58:16.218000,-0.5355247259140015,-0.0021378113888204098
2023-05-29 14:59:16.204000,-0.4065195322036743,-0.0020606250036507845
2023-05-29 15:00:16.194000,-0.4471777677536011,-0.0020581402350217104
2023-05-29 15:02:16.580000,-0.45821413397789,-0.0022010833490639925
2023-05-29 15:03:16.216000,-0.4922075867652893,-0.001912038424052298
2023-05-29 15:04:16.480000,-0.653209388256073,-0.002025947440415621
2023-05-29 15:05:16.207000,-0.6415258049964905,-0.0020121666602790356
2023-05-29 15:07:16.742000,-0.4324731230735779,-0.00206012069247663
2023-05-29 15:09:16.496000,-0.4981161952018738,-0.002156116534024477
2023-05-29 15:10:16.201000,-0.533886194229126,-0.002098966622725129
2023-05-29 15:11:16.178000,-0.7020747661590576,-0.0020513897761702538
2023-05-29 15:13:16.203000,-0.6160749793052673,-0.002115633338689804
2023-05-29 15:16:16.409000,-0.500236451625824,-0.002089116722345352
2023-05-29 15:18:16.550000,-0.6071823835372925,-0.002230983227491379
2023-05-29 15:19:16.546000,-0.8606587052345276,-0.00209349999204278
2023-05-29 15:20:15.968000,-0.7648949027061462,-0.002048816764727235
2023-05-29 15:21:16.601000,-0.45797908306121826,-0.0019591832533478737
2023-05-29 15:22:16.103000,-0.41712647676467896,-0.002128796186298132
2023-05-29 15:23:16.145000,-0.37828096747398376,-0.002217333298176527
2023-05-29 15:24:16.095000,-0.3738519847393036,-0.001959074055776
2023-05-29 15:25:16.058000,-0.3874998688697815,-0.0020697000436484814
2023-05-29 15:26:16.099000,-0.5714238286018372,-0.0020856785122305155
2023-05-29 15:28:16.553000,-0.47540315985679626,-0.0021805500146001577
2023-05-29 15:29:16.169000,-0.3557289242744446,-0.0020536999218165874
2023-05-29 15:30:16.466000,-0.3206976056098938,-0.0022122166119515896
2023-05-29 15:31:16.611000,-0.31680014729499817,-0.0021586779039353132
2023-05-29 15:32:16.643000,-0.2843470871448517,-0.0021926206536591053
2023-05-29 15:33:16.107000,-0.3871318995952606,-0.0020747666712850332
2023-05-29 15:34:16.594000,-0.5298236608505249,-0.0020651379600167274
2023-05-29 15:36:16.471000,-0.24103470146656036,-0.002044999971985817
2023-05-29 15:38:16.605000,-0.25490620732307434,-0.0020298983436077833
2023-05-29 15:39:16.129000,-0.39282339811325073,-0.002087620785459876
2023-05-29 15:41:16.138000,-0.6193956136703491,-0.002205807017162442
2023-05-29 15:42:16.602000,-0.5806773900985718,-0.0020706180948764086
2023-05-29 15:43:16.157000,-0.36577078700065613,-0.002069649985060096
2023-05-29 15:49:16.598000,-0.4790477156639099,-0.0020838642958551645
2023-05-29 15:50:16.654000,-0.32729142904281616,-0.0021610166877508163
2023-05-29 15:51:16.152000,-0.19725362956523895,-0.002042850013822317
2023-05-29 15:52:16.558000,-0.1661681830883026,-0.001952315797097981
2023-05-29 15:53:16.446000,-0.13526663184165955,-0.002084065228700638
2023-05-29 15:54:16.537000,-0.1299545019865036,-0.0019762199372053146
2023-05-29 15:55:16.309000,-0.2059369534254074,-0.001966694835573435
2023-05-29 15:57:16.141000,-0.26512596011161804,-0.002039749873802066
2023-05-29 15:58:16.448000,-0.16122199594974518,-0.0019822586327791214
2023-05-29 15:59:16.494000,-0.15789292752742767,-0.0020825748797506094
2023-05-29 16:00:16.487000,-0.15259741246700287,-0.002042700070887804
2023-05-29 16:01:16.140000,-0.14407603442668915,-0.002061703708022833
2023-05-29 16:02:16.134000,-0.1547645777463913,-0.002107500098645687
2023-05-29 16:05:16.152000,-0.34819942712783813,-0.002277437597513199
2023-05-29 16:07:16.482000,-0.22832617163658142,-0.0020458665676414967
2023-05-29 16:08:16.072000,-0.29188716411590576,-0.002006044378504157
2023-05-29 16:10:16.417000,-0.46985265612602234,-0.0020822978112846613
2023-05-29 16:11:16.552000,-0.5352218747138977,-0.0022489309776574373
2023-05-29 16:13:16.613000,-0.288923442363739,-0.0020368199329823256
2023-05-29 16:14:16.541000,-0.26808086037635803,-0.0020315370056778193
2023-05-29 16:16:16.044000,-0.26343202590942383,-0.0023385263048112392
2023-05-29 16:17:16.489000,-0.3489301800727844,-0.002151596127077937
2023-05-29 16:19:16.019000,-0.5425724387168884,-0.002024423098191619
2023-05-29 16:20:16.052000,-0.42982184886932373,-0.00208011525683105
2023-05-29 16:21:16.370000,-0.28763899207115173,-0.002110264264047146
2023-05-29 16:22:16.568000,-0.2508710026741028,-0.0021062244195491076
2023-05-29 16:23:16.661000,-0.2551725208759308,-0.0020820535719394684
2023-05-29 16:24:16.069000,-0.2614273130893707,-0.0018258545314893126
2023-05-29 16:26:16.599000,-0.44933968782424927,-0.002189633436501026
2023-05-29 16:27:16.407000,-0.4306742250919342,-0.002126910723745823
2023-05-29 16:28:16.499000,-0.31916338205337524,-0.0018731836462393403
2023-05-29 16:31:16.456000,-0.2757466733455658,-0.0022968545090407133
2023-05-29 16:32:16.081000,-0.3574155271053314,-0.0021162759512662888
2023-05-29 16:33:16.449000,-0.4326113760471344,-0.0020437114872038364
2023-05-29 16:34:16.037000,-0.4406747817993164,-0.0020069649908691645
2023-05-29 16:35:16.407000,-0.3227940797805786,-0.0018433845834806561
2023-05-29 16:37:16.414000,-0.29278892278671265,-0.002187604084610939
2023-05-29 16:38:16.469000,-0.3233741223812103,-0.0020470425952225924
2023-05-29 16:40:16.071000,-0.5043723583221436,-0.0021010676864534616
2023-05-29 16:41:16.523000,-0.42296671867370605,-0.002156799891963601
2023-05-29 16:42:16.442000,-0.3503546714782715,-0.002024875022470951
2023-05-29 16:43:16.401000,-0.19414032995700836,-0.0020866841077804565
2023-05-29 16:44:16.018000,-0.191153883934021,-0.0018571428954601288
2023-05-29 16:45:16.454000,-0.18653342127799988,-0.0020547406747937202
2023-05-29 16:46:16.375000,-0.18110506236553192,-0.001867438550107181
2023-05-29 16:47:16.069000,-0.39403149485588074,-0.002236616564914584
2023-05-29 16:48:16.355000,-0.419782429933548,-0.0020313558634370565
2023-05-29 16:49:16.416000,-0.45419830083847046,-0.0019369833171367645
2023-05-29 16:50:15.997000,-0.31398072838783264,-0.002107466571033001
2023-05-29 16:51:16.402000,-0.17941060662269592,-0.0020100167021155357
2023-05-29 16:52:16.415000,-0.17778286337852478,-0.002173683373257518
2023-05-29 16:53:16.489000,-0.18626375496387482,-0.0022308167535811663
2023-05-29 16:56:16.499000,-0.3365177810192108,-0.0020342711359262466
2023-05-29 16:57:16.364000,-0.38772597908973694,-0.0021218666806817055
2023-05-29 16:58:16.439000,-0.25894495844841003,-0.0021204000804573298
2023-05-29 16:59:16.675000,-0.30029410123825073,-0.002212385879829526
2023-05-29 17:01:16.380000,-0.23547141253948212,-0.0022070370614528656
2023-05-29 17:02:16.446000,-0.4125039875507355,-0.0021626667585223913
2023-05-29 17:04:16.440000,-0.42344605922698975,-0.002313709119334817
2023-05-29 17:06:16.443000,-0.22566846013069153,-0.002041406696662307
2023-05-29 17:07:16.488000,-0.26533952355384827,-0.0021989333909004927
2023-05-29 17:08:16.508000,-0.30646181106567383,-0.0021809665486216545
2023-05-29 17:09:16.067000,-0.44307705760002136,-0.0020881053060293198
2023-05-29 17:10:16.284000,-0.4610598087310791,-0.0019682033453136683
2023-05-29 17:11:16.464000,-0.4194852113723755,-0.0021780000533908606
2023-05-29 17:13:16.392000,-0.247882679104805,-0.002062866697087884
2023-05-29 17:14:16.333000,-0.2473532110452652,-0.0020857458002865314
2023-05-29 17:15:16.427000,-0.2436123937368393,-0.002059084828943014
2023-05-29 17:16:16.513000,-0.30093786120414734,-0.0021103667095303535
2023-05-29 17:18:16.486000,-0.45955610275268555,-0.0020718667656183243
2023-05-29 17:19:16.432000,-0.5147827863693237,-0.002094416646286845
2023-05-29 17:20:16.245000,-0.3152717053890228,-0.0021978644654154778
2023-05-29 17:21:16.097000,-0.24210220575332642,-0.002109433291479945
2023-05-29 17:22:16.037000,-0.2428053766489029,-0.001963616581633687
2023-05-29 17:23:16.462000,-0.24863849580287933,-0.0020054499618709087
2023-05-29 17:24:16.513000,-0.40604910254478455,-0.0020829655695706606
2023-05-29 17:25:16.395000,-0.3492280840873718,-0.002160385949537158
2023-05-29 17:26:16.046000,-0.40858012437820435,-0.0020119166001677513
2023-05-29 17:27:16.467000,-0.39646440744400024,-0.0019036666490137577
2023-05-29 17:30:16.503000,-0.2872217893600464,-0.0021609661635011435
2023-05-29 17:31:16.564000,-0.3331374526023865,-0.0020197334233671427
2023-05-29 17:32:16.020000,-0.4098302721977234,-0.002224583411589265
2023-05-29 17:33:16.255000,-0.34621289372444153,-0.0020264333579689264
2023-05-29 17:34:16.289000,-0.4240622818470001,-0.00203186203725636
2023-05-29 17:35:16.411000,-0.24379825592041016,-0.002081933431327343
2023-05-29 17:36:16.385000,-0.24701815843582153,-0.002147745806723833
2023-05-29 17:37:16.349000,-0.2998867630958557,-0.002066233428195119
2023-05-29 17:38:16.413000,-0.32965362071990967,-0.0021901666186749935
2023-05-29 17:39:16.034000,-0.46993282437324524,-0.0020939665846526623
2023-05-29 17:40:16.404000,-0.30824387073516846,-0.002090912312269211
2023-05-29 17:42:16.470000,-0.26381099224090576,-0.002042932203039527
2023-05-29 17:43:16.361000,-0.1776556670665741,-0.002115241251885891
2023-05-29 17:45:16.383000,-0.1759449690580368,-0.0020894736517220736
2023-05-29 17:46:16.328000,-0.3476523756980896,-0.002047149930149317
2023-05-29 17:47:16.375000,-0.37229371070861816,-0.001994983060285449
2023-05-29 17:48:16.314000,-0.3566313683986664,-0.002034100005403161
2023-05-29 17:49:16.297000,-0.42182719707489014,-0.0021029463969171047
2023-05-29 17:51:16.362000,-0.17566058039665222,-0.0020755999721586704
2023-05-29 17:52:16.435000,-0.17581701278686523,-0.002079983241856098
2023-05-29 17:53:16.417000,-0.25196564197540283,-0.0020800333004444838
2023-05-29 17:54:15.968000,-0.36454567313194275,-0.002067017834633589
2023-05-29 17:55:16.350000,-0.2624353766441345,-0.002089446410536766
2023-05-29 17:56:16.321000,-0.47484681010246277,-0.002059499965980649
2023-05-29 17:57:16.403000,-0.37366363406181335,-0.002117716707289219
2023-05-29 17:58:16.492000,-0.3000134825706482,-0.0019753274973481894
2023-05-29 17:59:16.290000,-0.25137972831726074,-0.0022177626378834248
2023-05-29 18:00:16.585000,-0.26262983679771423,-0.0021800862159579992
2023-05-29 18:01:15.999000,-0.4188566207885742,-0.00215725414454937
2023-05-29 18:02:16.429000,-0.34054335951805115,-0.0020439333748072386
2023-05-29 18:03:16.446000,-0.37169820070266724,-0.0021371017210185528
2023-05-29 18:04:16.345000,-0.45177650451660156,-0.00224266666918993
2023-05-29 18:05:16.038000,-0.3193250894546509,-0.002128898398950696
2023-05-29 18:06:16.229000,-0.3084414005279541,-0.002104288199916482
2023-05-29 18:07:16.420000,-0.3166868984699249,-0.002111533423885703
2023-05-29 18:08:16.409000,-0.37811529636383057,-0.0020703559275716543
2023-05-29 18:09:16.386000,-0.4241246283054352,-0.0021748500876128674
2023-05-29 18:10:16.529000,-0.31078729033470154,-0.0021810499019920826
2023-05-29 18:11:16.456000,-0.43949681520462036,-0.0021454165689647198
2023-05-29 18:13:16.333000,-0.25767260789871216,-0.002120120683684945
2023-05-29 18:14:15.999000,-0.29752182960510254,-0.0020430167205631733
2023-05-29 18:15:16.277000,-0.3703937530517578,-0.0021164068020880222
2023-05-29 18:17:16.013000,-0.3759446144104004,-0.0020966166630387306
2023-05-29 18:18:16.371000,-0.42975640296936035,-0.0021205516532063484
2023-05-29 18:19:16.072000,-0.3875652849674225,-0.002190463012084365
2023-05-29 18:20:15.966000,-0.25391125679016113,-0.002203450072556734
2023-05-29 18:21:16.326000,-0.2303207367658615,-0.0021933165844529867
2023-05-29 18:22:16.018000,-0.2268700897693634,-0.0021938332356512547
2023-05-29 18:23:16.424000,-0.37748900055885315,-0.0021973999682813883
2023-05-29 18:24:16.365000,-0.42357560992240906,-0.0019944333471357822
2023-05-29 18:26:16.436000,-0.4679338037967682,-0.002175099914893508
2023-05-29 18:27:16.325000,-0.28116777539253235,-0.00213639996945858
2023-05-29 18:28:16.334000,-0.22321586310863495,-0.0021183050703257322
2023-05-29 18:29:16.336000,-0.23843955993652344,-0.00207818322815001
2023-05-29 18:30:16.444000,-0.32609280943870544,-0.002058683428913355
2023-05-29 18:31:15.972000,-0.41556650400161743,-0.002025000052526593
2023-05-29 18:32:16.437000,-0.2580104172229767,-0.002117416588589549
2023-05-29 18:33:16.492000,-0.48513397574424744,-0.002135050017386675
2023-05-29 18:35:16.346000,-0.31519395112991333,-0.0020706166978925467
2023-05-29 18:36:16.349000,-0.248933345079422,-0.0020599167328327894
2023-05-29 18:37:16.017000,-0.20314057171344757,-0.002092051785439253
2023-05-29 18:38:15.949000,-0.3733324110507965,-0.0020483729895204306
2023-05-29 18:39:16.388000,-0.2812851071357727,-0.002052850089967251
2023-05-29 18:40:16.289000,-0.29777806997299194,-0.002149483421817422
2023-05-29 18:41:16.316000,-0.3610634207725525,-0.002117933239787817
2023-05-29 18:42:16.117000,-0.1834510713815689,-0.0020280499011278152
2023-05-29 18:44:16.325000,-0.2594066262245178,-0.0020675999112427235
2023-05-29 18:45:16.257000,-0.3860222399234772,-0.002067542402073741
2023-05-29 18:46:16.036000,-0.3854302763938904,-0.002110758563503623
2023-05-29 18:47:16.414000,-0.20760942995548248,-0.00209306669421494
2023-05-29 18:48:16.009000,-0.38069674372673035,-0.002195631619542837
2023-05-29 18:49:16.381000,-0.2835384011268616,-0.0020704332273453474
2023-05-29 18:50:16.306000,-0.20635223388671875,-0.0020683833863586187
2023-05-29 18:53:16.292000,-0.48484066128730774,-0.002188745653256774
2023-05-29 18:54:16.044000,-0.351775586605072,-0.00215313327498734
2023-05-29 18:57:15.931000,-0.2670140862464905,-0.002110672416165471
2023-05-29 18:58:16.321000,-0.2740922272205353,-0.0021419483236968517
2023-05-29 18:59:15.928000,-0.27716419100761414,-0.0021623666398227215
2023-05-29 19:00:15.914000,-0.4406460225582123,-0.0018494827672839165
2023-05-29 19:01:16.053000,-0.3765089809894562,-0.0020210170187056065
2023-05-29 19:03:15.942000,-0.5161651372909546,-0.00209993333555758
2023-05-29 19:04:15.945000,-0.3987017571926117,-0.0021229649428278208
2023-05-29 19:05:15.813000,-0.31878772377967834,-0.0021828666795045137
2023-05-29 19:06:16.466000,-0.2555985748767853,-0.0020918333902955055
2023-05-29 19:07:16.406000,-0.3425579071044922,-0.0020965500734746456
2023-05-29 19:08:16.336000,-0.4236006438732147,-0.0020816000178456306
2023-05-29 19:09:16.252000,-0.25660601258277893,-0.0020566610619425774
2023-05-29 19:11:16.285000,-0.38586941361427307,-0.0021186666563153267
2023-05-29 19:12:16.645000,-0.31124740839004517,-0.002018122700974345
2023-05-29 19:13:15.920000,-0.31522509455680847,-0.0021241167560219765
2023-05-29 19:14:15.975000,-0.3401685357093811,-0.0021208333782851696
2023-05-29 19:15:16.272000,-0.4946750998497009,-0.0022797000128775835
2023-05-29 19:16:16.463000,-0.3234287202358246,-0.0021296667400747538
2023-05-29 19:17:16.265000,-0.31348660588264465,-0.0021484834142029285
2023-05-29 19:18:15.923000,-0.42551034688949585,-0.0020389999262988567
2023-05-29 19:19:16.308000,-0.2847351133823395,-0.0021915833931416273
2023-05-29 19:20:16.929000,-0.2455938458442688,-0.0021352372132241726
2023-05-29 19:21:16.562000,-0.23701415956020355,-0.0022441332694143057
2023-05-29 19:24:16.420000,-0.30296874046325684,-0.0021218275651335716
2023-05-29 19:25:16.237000,-0.4615265429019928,-0.0020699999295175076
2023-05-29 19:27:16.448000,-0.2212945818901062,-0.0020553050562739372
2023-05-29 19:28:16.356000,-0.2301938831806183,-0.0021378332749009132
2023-05-29 19:29:16.290000,-0.31160709261894226,-0.00215643341653049
2023-05-29 19:30:16.047000,-0.4283011853694916,-0.0020739661995321512
2023-05-29 19:31:16.333000,-0.272072434425354,-0.002179879928007722
2023-05-29 19:32:16.340000,-0.3966875970363617,-0.002146018436178565
2023-05-29 19:33:16.457000,-0.43764498829841614,-0.0020832542795687914
2023-05-29 19:34:16.319000,-0.2644354999065399,-0.002090816618874669
2023-05-29 19:35:15.970000,-0.27330929040908813,-0.0021401001140475273
2023-05-29 19:36:16.301000,-0.20167286694049835,-0.002105333376675844
2023-05-29 19:38:15.894000,-0.29215526580810547,-0.002085762796923518
2023-05-29 19:39:15.933000,-0.23287570476531982,-0.0020243332255631685
2023-05-29 19:40:16.152000,-0.3913375735282898,-0.002060017315670848
2023-05-29 19:41:16.267000,-0.26098284125328064,-0.0021355689968913794
2023-05-29 19:42:16.390000,-0.24970170855522156,-0.002095799893140793
2023-05-29 19:44:16.222000,-0.3626755177974701,-0.002164033940061927
2023-05-29 19:45:16.054000,-0.3882463574409485,-0.00210930360481143
2023-05-29 19:46:16.252000,-0.17335033416748047,-0.0021480508148670197
2023-05-29 19:47:16.280000,-0.30163997411727905,-0.002024733228608966
2023-05-29 19:48:16.297000,-0.32088005542755127,-0.001970516750589013
2023-05-29 19:49:16.029000,-0.1930665820837021,-0.002060099970549345
2023-05-29 19:50:16.329000,-0.2225782871246338,-0.002191859530285001
2023-05-29 19:51:16.329000,-0.28657016158103943,-0.0021455343812704086
2023-05-29 19:52:16.321000,-0.4768771827220917,-0.0019473832799121737
2023-05-29 19:54:16.335000,-0.3634466826915741,-0.0020597167313098907
2023-05-29 19:55:15.926000,-0.4396277368068695,-0.002099293051287532
2023-05-29 19:56:15.949000,-0.29552778601646423,-0.002033696509897709
2023-05-29 19:58:15.899000,-0.2474614828824997,-0.0020392281003296375
2023-05-29 19:59:16.261000,-0.40026625990867615,-0.002090049907565117
2023-05-29 20:00:15.960000,-0.4066365361213684,-0.002104350831359625
2023-05-29 20:01:16.425000,-0.30615782737731934,-0.002092466689646244
2023-05-29 20:03:16.281000,-0.4229985475540161,-0.0020460167434066534
2023-05-29 20:05:16.255000,-0.23560602962970734,-0.002053000032901764
2023-05-29 20:06:16.499000,-0.306986540555954,-0.002093649934977293
2023-05-29 20:08:16.475000,-0.24068301916122437,-0.0021198333706706762
2023-05-29 20:09:15.910000,-0.31025874614715576,-0.0020952033810317516
2023-05-29 20:10:16.217000,-0.48910441994667053,-0.002075866563245654
2023-05-29 20:11:16.278000,-0.3515699803829193,-0.0021132833790034056
2023-05-29 20:13:16.275000,-0.3191305696964264,-0.0020989321637898684
2023-05-29 20:14:16.188000,-0.43500638008117676,-0.0020868834108114243
2023-05-29 20:15:16.259000,-0.3406332731246948,-0.002111499896273017
2023-05-29 20:16:16.263000,-0.25449296832084656,-0.002083203289657831
2023-05-29 20:17:16.369000,-0.41720452904701233,-0.0019494137959554791
2023-05-29 20:18:16.402000,-0.3485623002052307,-0.0020745086949318647
2023-05-29 20:19:16.344000,-0.2511153519153595,-0.0020817627664655447
2023-05-29 20:20:16.066000,-0.31809189915657043,-0.0021136333234608173
2023-05-29 20:22:15.995000,-0.453095018863678,-0.0020806207321584225
2023-05-29 20:23:16.396000,-0.27833229303359985,-0.002095661126077175
2023-05-29 20:26:15.872000,-0.24468162655830383,-0.0021174561697989702
2023-05-29 20:27:15.907000,-0.2263248860836029,-0.001978775952011347
2023-05-29 20:29:16.247000,-0.4549523890018463,-0.0020499667152762413
2023-05-29 20:30:16.393000,-0.29826289415359497,-0.002090899972245097
2023-05-29 20:31:16.331000,-0.2522647976875305,-0.00211916072294116
2023-05-29 20:36:16.237000,-0.34355655312538147,-0.0020694832783192396
2023-05-29 20:37:16.158000,-0.2898429036140442,-0.0020558983087539673
2023-05-29 20:38:15.894000,-0.21666468679904938,-0.0020837585907429457
2023-05-29 20:39:16.052000,-0.35988306999206543,-0.002070806920528412
2023-05-29 20:40:16.399000,-0.4345781207084656,-0.002099827630445361
2023-05-29 20:41:15.934000,-0.24239696562290192,-0.0020948643796145916
2023-05-29 20:43:15.974000,-0.2563091516494751,-0.0021535956766456366
2023-05-29 20:45:15.922000,-0.17308497428894043,-0.002037045545876026
2023-05-29 20:48:15.924000,-0.33603107929229736,-0.002325764624401927
2023-05-29 20:49:16.238000,-0.2979027330875397,0.0017813529120758176
2023-05-29 20:50:15.875000,-0.3226008713245392,-0.0021232222206890583
2023-05-29 20:51:16.351000,-0.4896651804447174,-0.0020861071534454823
2023-05-29 20:52:15.861000,-0.3080795705318451,-0.0023060832172632217
2023-05-29 20:54:16.269000,-0.37535804510116577,-0.0021507192868739367
2023-05-29 20:57:16.363000,-0.2790418863296509,-0.0022156378254294395
2023-05-29 21:00:16.276000,-0.3296574354171753,-0.0019169333390891552
2023-05-29 21:01:16.394000,-0.3076833486557007,-0.0022565166000276804
2023-05-29 21:02:16.358000,-0.4305305778980255,-0.0021107166539877653
2023-05-29 21:04:16.259000,-0.25585758686065674,-0.0017887585563585162
2023-05-29 21:06:16.063000,-0.43191877007484436,-0.002110672416165471
2023-05-29 21:07:16.277000,-0.3328956663608551,-0.0020989165641367435
2023-05-29 21:11:15.980000,-0.2938205301761627,-0.002014199970290065
2023-05-29 21:12:16.153000,-0.24689120054244995,-0.0021065000910311937
2023-05-29 21:13:16.281000,-0.24034680426120758,-0.0021953964605927467
2023-05-29 21:14:15.917000,-0.24400594830513,-0.0020121356938034296
2023-05-29 21:16:15.842000,-0.26793867349624634,-0.0019448333187028766
2023-05-29 21:20:16.080000,-0.2871292531490326,-0.0020915172062814236
2023-05-29 21:21:15.978000,-0.23884104192256927,-0.002053833333775401
2023-05-29 21:22:16.207000,-0.2303389310836792,-0.0021879826672375202
2023-05-29 21:24:16.185000,-0.27220842242240906,-0.001923350035212934
2023-05-29 21:26:16.227000,-0.30320069193840027,-0.001896186382509768
2023-05-29 21:27:16.234000,-0.2792642414569855,-0.0020985333248972893
2023-05-29 21:28:16.132000,-0.28498154878616333,-0.00242341379635036
2023-05-29 21:29:16.352000,-0.3002082109451294,-0.002116916701197624
2023-05-29 21:30:16.012000,-0.24567995965480804,-0.0021609151735901833
2023-05-29 21:31:16.184000,-0.2599799633026123,-0.001978133339434862
2023-05-29 21:32:16.428000,-0.2707155644893646,-0.002062933286651969
2023-05-29 21:33:16.659000,-0.2554672062397003,-0.0022482334170490503
2023-05-29 21:34:16.109000,-0.2769092917442322,-0.0020065500866621733
2023-05-29 21:35:16.125000,-0.271343469619751,-0.0020528475288301706
2023-05-29 21:37:16.483000,-0.31074634194374084,-0.0019434000132605433
2023-05-29 21:40:16.287000,-0.28361040353775024,-0.00209778337739408
2023-05-29 21:41:16.106000,-0.25531116127967834,-0.002091862028464675
2023-05-29 21:43:16.255000,-0.2325056940317154,-0.0020792712457478046
2023-05-29 21:44:16.199000,-0.2700046896934509,-0.0021202759817242622
2023-05-29 21:45:16.243000,-0.2880827486515045,-0.0020324334036558867
2023-05-29 21:47:16.336000,-0.37208664417266846,-0.002011900069192052
2023-05-29 21:48:16.182000,-0.3720887005329132,-0.00245189992710948
2023-05-29 21:52:16.061000,-0.3173484802246094,-0.0022753728553652763
2023-05-29 21:53:16.271000,-0.3171039819717407,-0.002187366597354412
2023-05-29 21:54:16.102000,-0.3153693377971649,-0.002136500086635351
2023-05-29 21:56:16.152000,-0.3954472541809082,-0.002283399924635887
2023-05-29 21:59:16.205000,-0.3535975515842438,-0.0022437500301748514
2023-05-29 22:02:16.188000,-0.2927578389644623,-0.0021652712021023035
2023-05-29 22:06:16.296000,-0.353659063577652,-0.001959457527846098
2023-05-29 22:10:16.280000,-0.2889297604560852,-0.002138483338057995
2023-05-29 22:12:16.298000,-0.27379757165908813,-0.002131999935954809
2023-05-29 22:14:16.340000,-0.32059353590011597,-0.002032533288002014
2023-05-29 22:15:16.329000,-0.3573889136314392,-0.002114600036293268
2023-05-29 22:16:16.092000,-0.36069032549858093,-0.0020916832145303488
2023-05-29 22:17:16.203000,-0.34263426065444946,-0.0021357627119868994
2023-05-29 22:20:16.317000,-0.2910749614238739,-0.0021363389678299427
2023-05-29 22:22:16.279000,-0.28164684772491455,-0.0020832165610045195
2023-05-29 22:23:16.135000,-0.3300600051879883,-0.002065033419057727
2023-05-29 22:25:16.197000,-0.3050878942012787,-0.0019163333345204592
2023-05-29 22:27:16.281000,-0.22203299403190613,-0.0020645500626415014
2023-05-29 22:29:16.228000,-0.23908725380897522,-0.0020046948920935392
2023-05-29 22:32:16.311000,-0.2669915556907654,-0.0020242666359990835
2023-05-29 22:34:16.097000,-0.30315834283828735,-0.0020250848028808832
2023-05-29 22:35:16.147000,-0.31496626138687134,-0.0020786833483725786
2023-05-29 22:36:16.041000,-0.26595842838287354,-0.002059499965980649
2023-05-29 22:37:16.143000,-0.23756317794322968,-0.002092099981382489
2023-05-29 22:38:16.106000,-0.22993986308574677,-0.0019949832931160927
2023-05-29 22:39:15.853000,-0.23297764360904694,-0.0019350500078871846
2023-05-29 22:40:15.886000,-0.22055721282958984,-0.002015866572037339
2023-05-29 22:41:16.090000,-0.17408140003681183,-0.002296933438628912
2023-05-29 22:43:16.137000,-0.3184623122215271,-0.0020759666804224253
2023-05-29 22:44:16.135000,-0.311203271150589,-0.0019533499144017696
2023-05-29 22:46:16.182000,-0.24925518035888672,-0.001987016759812832
2023-05-29 22:48:16.169000,-0.2976955473423004,-0.0022174310870468616
2023-05-29 22:51:16.030000,-0.4531325697898865,-0.0019897117745131254
2023-05-29 22:56:16.157000,-0.4487599730491638,-0.001983566675335169
2023-05-29 22:57:15.805000,-0.4439452886581421,-0.0021525167394429445
2023-05-29 22:59:16.076000,-0.4508410096168518,-0.0018980667227879167
2023-05-29 23:00:15.836000,-0.4626413881778717,-0.001836433308199048
2023-05-29 23:01:16.369000,-0.47549933195114136,-0.001921850023791194
2023-05-29 23:02:16.391000,-0.42653727531433105,-0.0019719500560313463
2023-05-29 23:03:16.084000,-0.3497030735015869,-0.0020788332913070917
2023-05-29 23:04:16.057000,-0.2913311719894409,-0.0019774066749960184
2023-05-29 23:05:15.854000,-0.20587052404880524,-0.0019761333242058754
2023-05-29 23:06:16.179000,-0.19456130266189575,-0.0019614999182522297
2023-05-29 23:08:16.319000,-0.17856761813163757,-0.0020089501049369574
2023-05-29 23:09:16.028000,-0.18804265558719635,-0.001917883288115263
2023-05-29 23:10:15.934000,-0.22464758157730103,-0.0020272221881896257
2023-05-29 23:11:16.287000,-0.31619492173194885,-0.002078290795907378
2023-05-29 23:13:16.231000,-0.3542803227901459,-0.0019164576660841703
2023-05-29 23:15:16.092000,-0.35632047057151794,-0.0019935343880206347
2023-05-29 23:17:16.139000,-0.35553300380706787,-0.001920355949550867
2023-05-29 23:18:16.261000,-0.3426227867603302,-0.0019721167627722025
2023-05-29 23:19:16.149000,-0.3480888307094574,-0.0020145000889897346
2023-05-29 23:20:15.781000,-0.3681148290634155,-0.0020168449264019728
2023-05-29 23:22:15.938000,-0.4295300543308258,-0.002099166624248028
2023-05-29 23:23:16.038000,-0.4240451753139496,-0.0020892333704978228
2023-05-29 23:24:15.840000,-0.3946585953235626,-0.0020592333748936653
2023-05-29 23:25:16.043000,-0.37314844131469727,-0.0021227665711194277
2023-05-29 23:26:16.208000,-0.35681337118148804,-0.002003084635362029
2023-05-29 23:27:16.302000,-0.34482041001319885,-0.002150899963453412
2023-05-29 23:28:16.004000,-0.3416718542575836,-0.0018964746268466115
2023-05-29 23:29:16.136000,-0.34440702199935913,-0.0019746609032154083
2023-05-29 23:31:16.323000,-0.44251054525375366,-0.001874166657216847
2023-05-29 23:32:15.806000,-0.42247480154037476,-0.0021172165870666504
2023-05-29 23:33:15.784000,-0.41479918360710144,-0.002247661119326949
2023-05-29 23:34:15.905000,-0.34839367866516113,-0.001713200006633997
2023-05-29 23:35:16.052000,-0.3420313596725464,-0.0020026499405503273
2023-05-29 23:36:16.244000,-0.3473966419696808,-0.0021183332428336143
2023-05-29 23:37:15.797000,-0.34339994192123413,-0.0019417667062953115
2023-05-29 23:38:15.790000,-0.31896764039993286,-0.001976293046027422
2023-05-29 23:39:15.875000,-0.32729029655456543,-0.0018300500232726336
2023-05-29 23:40:15.839000,-0.3914399743080139,-0.0017081833211705089
2023-05-29 23:41:16.258000,-0.4036032557487488,-0.0019779165741056204
2023-05-29 23:42:15.953000,-0.533755898475647,-0.002066883258521557
2023-05-29 23:43:16.208000,-0.6532502174377441,-0.0019680666737258434
2023-05-29 23:44:15.794000,-0.5759572386741638,-0.001778982114046812
2023-05-29 23:47:16.206000,-0.582714319229126,-0.001998600084334612
2023-05-29 23:48:15.765000,-0.604124128818512,-0.0019604333210736513
2023-05-29 23:49:16.209000,-0.6406233310699463,-0.0020139499101787806
2023-05-29 23:54:16.058000,-0.5798122882843018,-0.001970649929717183
2023-05-29 23:55:16.054000,-0.5893973708152771,-0.0020051999017596245
2023-05-29 23:56:15.881000,-0.5891509056091309,-0.002104576211422682
2023-05-29 23:57:15.875000,-0.5813242793083191,-0.002089716726914048
2023-05-29 23:58:15.867000,-0.5880327224731445,-0.0020921998657286167
2023-05-29 23:59:15.810000,-0.6014032959938049,-0.001953683327883482
2023-05-30 00:00:15.726000,-0.581080436706543,-0.002101633232086897
2023-05-30 00:01:16.386000,-0.5216999053955078,-0.00203828327357769
2023-05-30 00:02:15.866000,-0.26632606983184814,-0.0021185167133808136
2023-05-30 00:03:16.339000,-0.15437279641628265,-0.0020419666543602943
2023-05-30 00:06:16.082000,-0.1665085107088089,-0.002046603476628661
2023-05-30 00:07:16.308000,-0.16402040421962738,-0.002014338970184326
2023-05-30 00:09:16.323000,-0.24737747013568878,-0.0019839166197925806
2023-05-30 00:10:16.093000,-0.2438328117132187,-0.0020489152520895004
2023-05-30 00:11:15.789000,-0.24914714694023132,-0.002083356026560068
2023-05-30 00:12:15.961000,-0.26720771193504333,-0.0020211695227771997
2023-05-30 00:14:16.159000,-0.29707810282707214,-0.001975666731595993
2023-05-30 00:15:16.224000,-0.32817965745925903,-0.0019837000872939825
2023-05-30 00:16:15.754000,-0.3267380893230438,-0.0020097000524401665
2023-05-30 00:17:16.090000,-0.3307513892650604,-0.001981537090614438
2023-05-30 00:18:16.017000,-0.37979087233543396,-0.0020062371622771025
2023-05-30 00:19:16.022000,-0.37923547625541687,-0.001996416598558426
2023-05-30 00:20:16.125000,-0.3897145986557007,-0.0020037321373820305
2023-05-30 00:23:16.251000,-0.30676427483558655,-0.0019728303886950016
2023-05-30 00:25:16.308000,-0.3096219301223755,-0.001978350104764104
2023-05-30 00:27:15.916000,-0.328104704618454,-0.0019989332649856806
2023-05-30 00:28:16.041000,-0.3699299693107605,-0.0020206167828291655
2023-05-30 00:32:16.022000,-0.31040117144584656,-0.0018914914689958096
2023-05-30 00:33:16.331000,-0.3020539879798889,-0.001895241322927177
2023-05-30 00:34:15.849000,-0.30273380875587463,-0.0018940999871119857
2023-05-30 00:35:16.030000,-0.3110826015472412,-0.0019409332890063524
2023-05-30 00:36:16.096000,-0.3143427073955536,-0.0019769000355154276
2023-05-30 00:37:16.181000,-0.35483673214912415,-0.0019183499971404672
2023-05-30 00:38:15.743000,-0.36108168959617615,-0.0019706166349351406
2023-05-30 00:39:16.180000,-0.36339065432548523,-0.0019683833234012127
2023-05-30 00:41:16.374000,-0.29707401990890503,-0.002030610106885433
2023-05-30 00:44:16.194000,-0.2846358120441437,-0.0020026550628244877
2023-05-30 00:45:16.090000,-0.2952231764793396,-0.0019873729906976223
2023-05-30 00:46:15.795000,-0.299108624458313,-0.0020563050638884306
2023-05-30 00:48:15.835000,-0.35204577445983887,-0.001990166725590825
2023-05-30 00:51:16.230000,-0.1888713538646698,-0.0017945499857887626
2023-05-30 00:52:15.808000,-0.1814844012260437,-0.002006338909268379
2023-05-30 00:53:15.765000,-0.169295534491539,-0.002129433210939169
2023-05-30 00:56:16.152000,-0.25742512941360474,-0.0020139834377914667
2023-05-30 00:58:16.212000,-0.2742863595485687,-0.0018845666199922562
2023-05-30 01:00:16.253000,-0.17765569686889648,-0.0019562833476811647
2023-05-30 01:01:16.220000,-0.18003028631210327,-0.00191108335275203
2023-05-30 01:02:16.307000,-0.17772817611694336,-0.0018174576107412577
2023-05-30 01:03:15.683000,-0.16822758316993713,-0.0020842880476266146
2023-05-30 01:04:16.292000,-0.2221640646457672,-0.0020166500471532345
2023-05-30 01:06:16.117000,-0.24938489496707916,-0.0019766949117183685
2023-05-30 01:07:16.022000,-0.2516166567802429,-0.0019313000375404954
2023-05-30 01:08:15.726000,-0.172185018658638,-0.0019601185340434313
2023-05-30 01:09:16.159000,-0.18126989901065826,-0.001903083291836083
2023-05-30 01:10:15.820000,-0.22483357787132263,-0.0020069333259016275
2023-05-30 01:11:16.154000,-0.2262044996023178,-0.0019865173380821943
2023-05-30 01:14:16.115000,-0.3042510449886322,-0.0019123051315546036
2023-05-30 01:15:15.579000,-0.3175209164619446,-0.002138172509148717
2023-05-30 01:16:15.804000,-0.3054310083389282,-0.0020089829340577126
2023-05-30 01:22:15.802000,-0.30502328276634216,-0.001964096212759614
2023-05-30 01:23:15.785000,-0.2997762858867645,-0.0019426060607656837
2023-05-30 01:24:15.861000,-0.30543574690818787,-0.0020068965386599302
2023-05-30 01:27:15.982000,-0.2406548112630844,-0.0018697777995839715
2023-05-30 01:28:15.801000,-0.2238970696926117,-0.001970049925148487
2023-05-30 01:29:15.768000,-0.23270921409130096,-0.0020099999383091927
2023-05-30 01:30:16.105000,-0.27981528639793396,-0.0020100881811231375
2023-05-30 01:32:16.222000,-0.3105713725090027,-0.001904551056213677
2023-05-30 01:33:16.307000,-0.2985957860946655,-0.0018790847389027476
2023-05-30 01:34:15.711000,-0.23789088428020477,-0.0018428596667945385
2023-05-30 01:35:16.001000,-0.23364785313606262,-0.001914084772579372
2023-05-30 01:37:15.783000,-0.23897366225719452,-0.0018997457809746265
2023-05-30 01:38:15.817000,-0.213990718126297,-0.0019815333653241396
2023-05-30 01:39:15.815000,-0.21176549792289734,-0.0019434915157034993
2023-05-30 01:40:16.114000,-0.2856872081756592,-0.0018729654839262366
2023-05-30 01:44:16.061000,-0.20921531319618225,-0.001880553551018238
2023-05-30 01:45:15.809000,-0.21564386785030365,-0.001896216650493443
2023-05-30 01:46:15.813000,-0.22151878476142883,-0.001961508532986045
2023-05-30 01:47:15.809000,-0.22232559323310852,-0.001985683338716626
2023-05-30 01:48:15.794000,-0.21843087673187256,-0.0018814333016052842
2023-05-30 01:49:15.762000,-0.2597276568412781,-0.0018927966011688113
2023-05-30 01:50:15.664000,-0.30075305700302124,-0.0018490332877263427
2023-05-30 01:51:15.693000,-0.3105778694152832,-0.0019513333681970835
2023-05-30 01:52:15.745000,-0.3029562830924988,-0.0017400332726538181
2023-05-30 01:53:15.699000,-0.20035219192504883,-0.0019574237521737814
2023-05-30 01:55:16.189000,-0.1806962937116623,-0.0019299833802506328
2023-05-30 01:58:15.894000,-0.16811321675777435,-0.0019120508804917336
2023-05-30 01:59:16.179000,-0.22090011835098267,-0.0019352833041921258
2023-05-30 02:01:16.103000,-0.24396421015262604,-0.0018167999805882573
2023-05-30 02:02:15.845000,-0.2379542589187622,-0.0019140169024467468
2023-05-30 02:03:15.664000,-0.16749325394630432,-0.0018404832808300853
2023-05-30 02:04:16.219000,-0.1699230968952179,-0.001964233350008726
2023-05-30 02:05:15.753000,-0.17553111910820007,-0.001986224204301834
2023-05-30 02:06:15.646000,-0.18214043974876404,-0.001982900081202388
2023-05-30 02:07:16.029000,-0.17848500609397888,-0.001975833438336849
2023-05-30 02:08:15.950000,-0.20818471908569336,-0.0019665262661874294
2023-05-30 02:09:15.733000,-0.2668890953063965,-0.0019650000613182783
2023-05-30 02:10:15.750000,-0.27845093607902527,-0.0019509830744937062
2023-05-30 02:11:15.687000,-0.31164976954460144,-0.0019666552543640137
2023-05-30 02:13:15.766000,-0.22818951308727264,-0.0018674915190786123
2023-05-30 02:14:15.687000,-0.2290414422750473,-0.001976333325728774
2023-05-30 02:15:15.978000,-0.2290065884590149,-0.0019806271884590387
2023-05-30 02:17:15.746000,-0.2346152514219284,-0.002009898191317916
2023-05-30 02:18:15.760000,-0.2373097985982895,-0.0019429322564974427
2023-05-30 02:19:15.660000,-0.2864820063114166,-0.0017546500312164426
2023-05-30 02:20:15.684000,-0.2899068295955658,-0.002208000048995018
2023-05-30 02:21:15.708000,-0.29258087277412415,-0.0022926833480596542
2023-05-30 02:22:15.652000,-0.25582650303840637,-0.0018781666876748204
2023-05-30 02:23:16.104000,-0.2052551656961441,-0.0021109667140990496
2023-05-30 02:24:15.628000,-0.21202391386032104,-0.002149866661056876
2023-05-30 02:25:15.708000,-0.22492578625679016,-0.0022637585643678904
2023-05-30 02:26:15.730000,-0.23304608464241028,-0.002276583341881633
2023-05-30 02:27:15.746000,-0.22585038840770721,-0.0017439667135477066
2023-05-30 02:28:15.723000,-0.22235101461410522,-0.002195864450186491
2023-05-30 02:30:15.701000,-0.29764848947525024,-0.001818101736716926
2023-05-30 02:32:15.747000,-0.30780017375946045,-0.0019323817687109113
2023-05-30 02:33:15.823000,-0.24530759453773499,-0.0016900500049814582
2023-05-30 02:34:16.215000,-0.2346213012933731,-0.002227728720754385
2023-05-30 02:35:16.260000,-0.20976360142230988,-0.0021024667657911777
2023-05-30 02:37:15.723000,-0.22048281133174896,-0.0022718447726219893
2023-05-30 02:38:15.774000,-0.20634295046329498,-0.0016217665979638696
2023-05-30 02:39:15.629000,-0.2053440362215042,-0.001652440638281405
2023-05-30 02:40:15.540000,-0.2795978784561157,-0.001705627073533833
2023-05-30 02:42:15.753000,-0.2770659327507019,-0.0019431186374276876
2023-05-30 02:43:15.734000,-0.272127240896225,-0.001958983251824975
2023-05-30 02:44:15.783000,-0.20474618673324585,-0.0020392881706357002
2023-05-30 02:45:15.665000,-0.20923033356666565,-0.0020256140269339085
2023-05-30 02:46:15.828000,-0.21719174087047577,-0.0020343794021755457
2023-05-30 02:47:15.653000,-0.20789453387260437,-0.0019581897649914026
2023-05-30 02:48:15.630000,-0.19438545405864716,-0.0019164333352819085
2023-05-30 02:49:15.704000,-0.17208927869796753,-0.0018926271004602313
2023-05-30 02:50:16.124000,-0.2262856662273407,-0.0019475254230201244
2023-05-30 02:51:15.680000,-0.24513444304466248,-0.001963517162948847
2023-05-30 02:52:15.708000,-0.24206188321113586,-0.0019202373223379254
2023-05-30 02:53:15.673000,-0.2201589047908783,-0.0020182032603770494
2023-05-30 02:54:15.769000,-0.16039180755615234,-0.00190349156036973
2023-05-30 02:55:15.715000,-0.16250574588775635,-0.0018151833210140467
2023-05-30 02:57:15.740000,-0.2065628319978714,-0.001991372788324952
2023-05-30 02:58:15.715000,-0.18857485055923462,-0.0020318813621997833
2023-05-30 02:59:15.633000,-0.21914266049861908,-0.0019638000521808863
2023-05-30 03:00:15.690000,-0.289955735206604,-0.001983107067644596
2023-05-30 03:01:15.783000,-0.23238790035247803,-0.0019495172891765833
2023-05-30 03:02:15.626000,-0.22305917739868164,-0.002017267746850848
2023-05-30 03:03:15.661000,-0.20569534599781036,-0.0019365593325346708
2023-05-30 03:04:15.729000,-0.15822264552116394,-0.0019367118366062641
2023-05-30 03:05:15.724000,-0.16211055219173431,-0.001928362064063549
2023-05-30 03:06:15.725000,-0.20674994587898254,-0.0020172500517219305
2023-05-30 03:07:16.051000,-0.2144606113433838,-0.0019687458407133818
2023-05-30 03:08:15.797000,-0.25695183873176575,-0.0019885932561010122
2023-05-30 03:09:15.688000,-0.3212711215019226,-0.0019825834315270185
2023-05-30 03:10:15.722000,-0.3820708692073822,-0.002048017457127571
2023-05-30 03:11:15.682000,-0.3845028877258301,-0.0019402033649384975
2023-05-30 03:12:15.723000,-0.3797093629837036,-0.0020107165910303593
2023-05-30 03:13:15.673000,-0.3321162760257721,-0.0019200999522581697
2023-05-30 03:14:15.683000,-0.2936227321624756,-0.001988872652873397
2023-05-30 03:15:15.743000,-0.2946826219558716,-0.0019091228023171425
2023-05-30 03:16:15.717000,-0.30971506237983704,-0.001983866561204195
2023-05-30 03:17:15.765000,-0.310843825340271,-0.001950466656126082
2023-05-30 03:18:15.650000,-0.2915724813938141,-0.0019271863857284188
2023-05-30 03:19:15.718000,-0.3065665364265442,-0.0020670690573751926
2023-05-30 03:20:15.670000,-0.36341482400894165,-0.0020193832460790873
2023-05-30 03:21:15.731000,-0.3696695566177368,-0.002014866564422846
2023-05-30 03:22:15.697000,-0.3649386465549469,-0.0019879667088389397
2023-05-30 03:23:15.702000,-0.32106393575668335,-0.0019477930618450046
2023-05-30 03:25:15.907000,-0.2937707006931305,-0.001993706915527582
2023-05-30 03:26:15.769000,-0.307988703250885,-0.0020361454226076603
2023-05-30 03:27:15.950000,-0.3007856011390686,-0.002007745672017336
2023-05-30 03:28:15.775000,-0.27950283885002136,-0.002018050756305456
2023-05-30 03:29:15.646000,-0.2997932434082031,-0.0019897499587386847
2023-05-30 03:30:15.678000,-0.3557340204715729,-0.0019758499693125486
2023-05-30 03:31:15.689000,-0.3629401922225952,-0.0019392372341826558
2023-05-30 03:32:15.673000,-0.3596029281616211,-0.001976830419152975
2023-05-30 03:33:15.675000,-0.3319610357284546,-0.0019267499446868896
2023-05-30 03:34:15.760000,-1.3399279117584229,-0.0018608643440529704
2023-05-30 03:35:15.618000,-1.4421656131744385,-0.0018421016866341233
2023-05-30 03:36:15.723000,-1.455407738685608,-0.0017836140468716621
2023-05-30 03:37:15.638000,-1.493922233581543,-0.0018567333463579416
2023-05-30 03:38:15.687000,-1.2880922555923462,-0.0018026207108050585
2023-05-30 03:39:15.740000,-0.6371183395385742,-0.002180783310905099
2023-05-30 03:40:15.623000,-0.3685475289821625,-0.0021592711564153433
2023-05-30 03:41:15.613000,-0.37672290205955505,-0.0020968448370695114
2023-05-30 03:42:15.773000,-0.36807218194007874,-0.0019251833437010646
2023-05-30 03:43:15.640000,-0.32203206419944763,-0.001779724145308137
2023-05-30 03:44:15.677000,-0.2936921715736389,-0.0018750345334410667
2023-05-30 03:45:15.816000,-0.29687947034835815,-0.0018912069499492645
2023-05-30 03:46:15.670000,-0.27136141061782837,-0.001945581752806902
2023-05-30 03:47:15.732000,-0.25471219420433044,-0.0019369152141734958
2023-05-30 03:48:15.651000,-0.2479914426803589,-0.001997758634388447
2023-05-30 03:49:15.651000,-0.3283582925796509,-0.0019696205854415894
2023-05-30 03:50:15.583000,-0.3387143909931183,-0.0019316842081025243
2023-05-30 03:51:15.717000,-0.3412470519542694,-0.001929220394231379
2023-05-30 03:52:15.724000,-0.2995627820491791,-0.0019379999721422791
2023-05-30 03:53:15.638000,-0.25685787200927734,-0.001982616726309061
2023-05-30 03:54:15.679000,-0.2513013184070587,-0.001968800090253353
2023-05-30 03:55:15.639000,-0.2511563003063202,-0.001953175524249673
2023-05-30 03:56:15.606000,-0.26784300804138184,-0.0019138666102662683
2023-05-30 03:57:15.583000,-0.2743951380252838,-0.0018892880761995912
2023-05-30 03:58:15.696000,-0.2568323314189911,-0.001873133354820311
2023-05-30 03:59:15.733000,-0.3696889579296112,-0.0019303103908896446
2023-05-30 04:00:15.703000,-0.9204965829849243,-0.0018676440231502056
2023-05-30 04:01:15.621000,-0.28928685188293457,-0.0019149298314005136
2023-05-30 04:02:15.728000,-0.2618968188762665,-0.0017600338906049728
2023-05-30 04:03:15.686000,-0.24899902939796448,-0.0019041053019464016
2023-05-30 04:04:15.668000,-0.2572382092475891,-0.0017679333686828613
2023-05-30 04:05:15.614000,-0.26844537258148193,-0.0018849661573767662
2023-05-30 04:06:15.701000,-0.26606112718582153,-0.0019413219997659326
2023-05-30 04:07:15.810000,-0.26717087626457214,-0.0021025000605732203
2023-05-30 04:08:15.578000,-0.33191031217575073,-0.0019790171645581722
2023-05-30 04:09:15.700000,-0.33358296751976013,-0.0019725998863577843
2023-05-30 04:10:15.726000,-0.3465788960456848,-0.0017456000205129385
2023-05-30 04:11:15.700000,-0.3453560769557953,-0.001959932269528508
2023-05-30 04:12:15.712000,-0.2957379221916199,-0.001790862064808607
2023-05-30 04:13:15.657000,-0.3094700276851654,-0.0018148983363062143
2023-05-30 04:14:15.641000,-0.42557910084724426,-0.0017714332789182663
2023-05-30 04:15:15.741000,-0.4251003861427307,-0.001793576288037002
2023-05-30 04:16:15.654000,-0.43107035756111145,-0.0019461833871901035
2023-05-30 04:17:15.646000,-0.4338347017765045,-0.0018932240782305598
2023-05-30 04:18:15.641000,-0.5755324363708496,-0.0019688999745994806
2023-05-30 04:19:15.575000,-0.9858099222183228,-0.0018228166736662388
2023-05-30 04:20:15.612000,-0.35599181056022644,-0.0019175666384398937
2023-05-30 04:21:15.628000,-0.3275911211967468,-0.002103983424603939
2023-05-30 04:22:15.602000,-0.29513025283813477,-0.0021276206243783236
2023-05-30 04:23:15.660000,-0.2869548797607422,-0.001902542426250875
2023-05-30 04:24:15.744000,-0.28558629751205444,-0.0019496779423207045
2023-05-30 04:25:15.679000,-0.29049497842788696,-0.0019358500139787793
2023-05-30 04:26:15.742000,-0.2963603436946869,-0.0020310168620198965
2023-05-30 04:27:15.652000,-0.33451253175735474,-0.002093649934977293
2023-05-30 04:28:15.632000,-0.359758198261261,-0.001790916663594544
2023-05-30 04:29:15.716000,-0.37376824021339417,-0.00200417242012918
2023-05-30 04:30:15.591000,-0.36647364497184753,-0.002022254280745983
2023-05-30 04:31:15.655000,-0.2958104908466339,-0.0019469333346933126
2023-05-30 04:32:15.573000,-0.2965174913406372,-0.0019902000203728676
2023-05-30 04:33:15.643000,-0.2998284697532654,-0.0019398166332393885
2023-05-30 04:34:15.561000,-0.28091859817504883,-0.001975421095266938
2023-05-30 04:35:15.486000,-0.27589064836502075,-0.0018431999487802386
2023-05-30 04:36:15.702000,-0.30468735098838806,-0.0019090677378699183
2023-05-30 04:37:15.691000,-0.3319528102874756,-0.0019371017115190625
2023-05-30 04:38:15.569000,-0.3117338716983795,-0.002002716762945056
2023-05-30 04:39:15.605000,-0.31005120277404785,-0.001964413793757558
2023-05-30 04:40:15.707000,-0.2388841211795807,-0.0017836333718150854
2023-05-30 04:41:15.671000,-0.24522840976715088,-0.0018976166611537337
2023-05-30 04:42:15.560000,-0.23829296231269836,-0.0020541667472571135
2023-05-30 04:43:15.649000,-0.1923372596502304,-0.0016582641983404756
2023-05-30 04:44:15.671000,-0.19000816345214844,-0.0019240833353251219
2023-05-30 04:45:15.635000,-0.2186852991580963,-0.001950033358298242
2023-05-30 04:46:15.639000,-0.26528456807136536,-0.0020379151683300734
2023-05-30 04:47:16.129000,-0.27184197306632996,-0.0020907458383589983
2023-05-30 04:48:15.578000,-0.26429036259651184,-0.0018897118279710412
2023-05-30 04:49:15.655000,-0.20301491022109985,-0.0017649830551818013
2023-05-30 04:50:15.666000,-0.20424848794937134,-0.001880600000731647
2023-05-30 04:51:15.635000,-0.2129776030778885,-0.0019848982337862253
2023-05-30 04:52:15.642000,-0.20980073511600494,-0.0020180833525955677
2023-05-30 04:53:15.643000,-0.20001424849033356,-0.0019632834009826183
2023-05-30 04:54:15.684000,-0.22082489728927612,-0.001953741302713752
2023-05-30 04:55:15.886000,-0.2727963328361511,-0.0018723000539466739
2023-05-30 04:56:15.609000,-0.2747915983200073,-0.001977016683667898
2023-05-30 04:57:15.556000,-0.26875969767570496,-0.0019264500588178635
2023-05-30 04:58:15.925000,-0.20304358005523682,-0.001994783291593194
2023-05-30 04:59:15.631000,-0.24027079343795776,-0.0017821525689214468
2023-05-30 05:00:15.618000,-0.23846526443958282,-0.0020066166762262583
2023-05-30 05:01:15.587000,-0.254686564207077,-0.0019563999958336353
2023-05-30 05:02:15.566000,-0.2771691381931305,-0.002043694956228137
2023-05-30 05:03:15.662000,-0.3402854800224304,-0.001987149938941002
2023-05-30 05:04:15.585000,-0.34068113565444946,-0.0020413498859852552
2023-05-30 05:05:15.553000,-0.3387479782104492,-0.001968689728528261
2023-05-30 05:06:15.575000,-0.2861393690109253,-0.0020465999841690063
2023-05-30 05:07:15.615000,-0.2857125401496887,-0.002026316709816456
2023-05-30 05:08:15.651000,-0.31039154529571533,-0.0017859827494248748
2023-05-30 05:09:15.678000,-0.31838130950927734,-0.001969322096556425
2023-05-30 05:10:15.620000,-0.3197101056575775,-0.0019377118442207575
2023-05-30 05:11:15.845000,-0.33960071206092834,-0.0020209660287946463
2023-05-30 05:12:15.552000,-0.3945115804672241,-0.002018299885094166
2023-05-30 05:13:15.634000,-0.38593435287475586,-0.00202743336558342
2023-05-30 05:14:15.589000,-0.3703216314315796,-0.002084482694044709
2023-05-30 05:15:15.413000,-0.3326418399810791,-0.002051101764664054
2023-05-30 05:16:15.678000,-0.29900941252708435,-0.001855728798545897
2023-05-30 05:17:15.595000,-0.3018244206905365,-0.0019879655446857214
2023-05-30 05:18:15.606000,-0.2854754626750946,-0.0019175087800249457
2023-05-30 05:19:15.607000,-0.2814878523349762,-0.0020004166290163994
2023-05-30 05:20:15.547000,-0.2803855538368225,-0.001918200054205954
2023-05-30 05:21:15.590000,-0.31324824690818787,-0.0018955999985337257
2023-05-30 05:22:15.627000,-0.35900571942329407,-0.0018666440155357122
2023-05-30 05:23:15.611000,-0.3550856113433838,-0.0019508793484419584
2023-05-30 05:24:15.546000,-0.3536699712276459,-0.0018229660345241427
2023-05-30 05:25:15.630000,-0.3036337196826935,-0.0020482882391661406
2023-05-30 05:26:16.243000,-0.2813015878200531,-0.0018650166457518935
2023-05-30 05:27:15.548000,-0.2826631963253021,-0.0019317192491143942
2023-05-30 05:28:15.658000,-0.27983906865119934,-0.001922465511597693
2023-05-30 05:29:15.917000,-0.2809600234031677,-0.002056499943137169
2023-05-30 05:30:15.626000,-0.2823750078678131,-0.0020284284837543964
2023-05-30 05:31:15.610000,-0.3046466112136841,-0.0017235088162124157
2023-05-30 05:32:15.666000,-0.35973721742630005,-0.0018708333373069763
2023-05-30 05:33:15.568000,-0.284502774477005,-0.0019679167307913303
2023-05-30 05:34:15.586000,-0.2637709081172943,-0.001860203337855637
2023-05-30 05:35:15.591000,-0.24743296205997467,-0.0019374629482626915
2023-05-30 05:36:15.536000,-0.20676949620246887,-0.0019690191838890314
2023-05-30 05:37:15.552000,-0.20970304310321808,-0.0019142222590744495
2023-05-30 05:39:15.524000,-0.1798877716064453,-0.0019127222476527095
2023-05-30 05:40:15.607000,-0.1856253445148468,-0.0018253750167787075
2023-05-30 05:41:15.540000,-0.2140830159187317,-0.0018350587924942374
2023-05-30 05:42:15.634000,-0.2809095084667206,-0.0019095262978225946
2023-05-30 05:43:15.540000,-0.2878294587135315,-0.001840729732066393
2023-05-30 05:44:15.751000,-0.28487923741340637,-0.0020450910087674856
2023-05-30 05:45:15.583000,-0.27373018860816956,-0.001996169565245509
2023-05-30 05:46:15.669000,-0.22045351564884186,-0.0019567757844924927
2023-05-30 05:47:15.581000,-0.22683830559253693,-0.0019673858769237995
2023-05-30 05:48:15.512000,-0.22373418509960175,-0.0019394914852455258
2023-05-30 05:49:15.922000,-0.22581957280635834,-0.0020530999172478914
2023-05-30 05:50:15.609000,-0.22604045271873474,-0.002030172385275364
2023-05-30 05:51:15.578000,-0.22936296463012695,-0.0017974310321733356
2023-05-30 05:52:15.619000,-0.30543428659439087,-0.002064733300358057
2023-05-30 05:53:15.850000,-0.2977913022041321,-0.0021004406735301018
2023-05-30 05:54:15.548000,-0.2882547080516815,-0.0017163000302389264
2023-05-30 05:55:15.633000,-0.27501070499420166,-0.0020571378991007805
2023-05-30 05:56:15.548000,-0.25483039021492004,-0.0018828596221283078
2023-05-30 05:57:15.605000,-0.2557602822780609,-0.001859450014308095
2023-05-30 05:58:15.586000,-0.24776938557624817,-0.0019927287939935923
2023-05-30 05:59:15.638000,-0.255543977022171,-0.0019069152185693383
2023-05-30 06:00:15.487000,-0.2534250020980835,-0.0019164406694471836
2023-05-30 06:01:15.576000,-0.2662748694419861,-0.0019651250913739204
2023-05-30 06:02:15.597000,-0.3306741714477539,-0.002011149888858199
2023-05-30 06:03:15.614000,-0.32927778363227844,-0.0020709834061563015
2023-05-30 06:04:15.602000,-0.3309701681137085,-0.0019454237772151828
2023-05-30 06:05:15.621000,-0.2978664040565491,-0.001966983312740922
2023-05-30 06:06:15.987000,-0.25984472036361694,-0.0019651090260595083
2023-05-30 06:07:15.610000,-0.2709870934486389,-0.001957716653123498
2023-05-30 06:08:15.622000,-0.26812225580215454,-0.0019533999729901552
2023-05-30 06:09:15.588000,-0.27109262347221375,-0.0018607222009450197
2023-05-30 06:10:15.632000,-0.2688046395778656,-0.0020851166918873787
2023-05-30 06:11:15.706000,-0.2958926260471344,-0.0020203390158712864
2023-05-30 06:12:16.251000,-0.37657681107521057,-0.0018271167064085603
2023-05-30 06:13:15.941000,-0.3728468120098114,-0.0019869166426360607
2023-05-30 06:15:15.572000,-0.3306288421154022,-0.0020267667714506388
2023-05-30 06:16:15.589000,-0.30144843459129333,-0.0020397414918988943
2023-05-30 06:17:15.608000,-0.3083724081516266,-0.0020678644068539143
2023-05-30 06:18:15.592000,-0.29403063654899597,-0.0017935172654688358
2023-05-30 06:19:15.544000,-0.2880012094974518,-0.002003283239901066
2023-05-30 06:20:15.608000,-0.2880037724971771,-0.0018263167003169656
2023-05-30 06:21:15.471000,-0.31552907824516296,-0.002003491623327136
2023-05-30 06:22:15.581000,-0.35795414447784424,-0.002008316572755575
2023-05-30 06:23:15.546000,-0.3575061559677124,-0.0020029167644679546
2023-05-30 06:24:15.558000,-0.348195880651474,-0.0017568771727383137
2023-05-30 06:25:15.574000,-0.3166508376598358,-0.001971813617274165
2023-05-30 06:26:15.565000,-0.2779862582683563,-0.001975877210497856
2023-05-30 06:27:15.536000,-0.2862096130847931,-0.0018914386164397001
2023-05-30 06:28:15.523000,-0.2848752439022064,-0.001968200085684657
2023-05-30 06:29:15.521000,-0.2846006751060486,-0.0020416949409991503
2023-05-30 06:30:15.537000,-0.283966988325119,-0.0018916500266641378
2023-05-30 06:31:15.539000,-0.28467950224876404,-0.0020211334340274334
2023-05-30 06:32:15.596000,-0.363805890083313,-0.0019797333516180515
2023-05-30 06:33:15.499000,-0.3596605658531189,-0.0019046999514102936
2023-05-30 06:34:15.578000,-0.3491543233394623,-0.0018344827694818377
2023-05-30 06:35:15.510000,-0.33556851744651794,-0.0018369655590504408
2023-05-30 06:36:15.518000,-0.25762873888015747,-0.0019832667894661427
2023-05-30 06:38:15.841000,-0.23180493712425232,-0.0019442241173237562
2023-05-30 06:39:15.517000,-0.22199732065200806,-0.0019327800255268812
2023-05-30 06:40:15.589000,-0.2265666276216507,-0.001955145737156272
2023-05-30 06:41:15.546000,-0.25803646445274353,-0.0019340727012604475
2023-05-30 06:42:15.636000,-0.30660560727119446,-0.0019185931887477636
2023-05-30 06:43:15.517000,-0.3092958629131317,-0.0019559492357075214
2023-05-30 06:44:15.559000,-0.2989707291126251,-0.0019195500062778592
2023-05-30 06:45:15.378000,-0.24982903897762299,-0.001911896513774991
2023-05-30 06:46:15.609000,-0.22977013885974884,-0.001949224155396223
2023-05-30 06:47:15.629000,-0.2390095293521881,-0.001973881386220455
2023-05-30 06:48:15.513000,-0.23897519707679749,-0.0019044666551053524
2023-05-30 06:49:15.568000,-0.2307041585445404,-0.0018997585866600275
2023-05-30 06:50:15.526000,-0.10764840245246887,-0.0019506490789353848
2023-05-30 06:51:15.845000,-0.1635049283504486,-0.0020149333868175745
2023-05-30 06:52:15.652000,-0.18839089572429657,-0.001971824560314417
2023-05-30 06:53:15.519000,-0.20871926844120026,-0.001975280698388815
2023-05-30 06:54:15.503000,-0.1876697540283203,-0.0019896000158041716
2023-05-30 06:55:15.834000,-0.1454947143793106,-0.0019328832859173417
2023-05-30 06:56:15.588000,-0.1638718545436859,-0.0018372166668996215
2023-05-30 06:57:15.692000,-0.17674925923347473,-0.0020829499699175358
2023-05-30 06:58:15.495000,-0.17096562683582306,-0.001963449874892831
2023-05-30 06:59:16.061000,-0.16228367388248444,-0.001991559285670519
2023-05-30 07:00:15.651000,-0.20782049000263214,-0.001851379289291799
2023-05-30 07:01:15.589000,-0.21963916718959808,-0.0019264642614871264
2023-05-30 07:02:15.507000,-0.22948867082595825,-0.0019626333378255367
2023-05-30 07:03:15.561000,-0.21229888498783112,-0.0019964666571468115
2023-05-30 07:04:16.015000,-0.15706861019134521,-0.0020419321954250336
2023-05-30 07:05:15.540000,-0.23169732093811035,-0.0021144654601812363
2023-05-30 07:06:15.571000,-0.22894735634326935,-0.002063896507024765
2023-05-30 07:07:15.466000,-0.23423263430595398,-0.0021183500066399574
2023-05-30 07:08:15.569000,-0.23489177227020264,-0.0020332455169409513
2023-05-30 07:09:15.482000,-0.2614470422267914,-0.00205716653726995
2023-05-30 07:10:15.671000,-0.30503061413764954,-0.002153413835912943
2023-05-30 07:11:15.564000,-0.31265008449554443,-0.0020884834229946136
2023-05-30 07:12:15.650000,-0.32100799679756165,-0.0020193166565150023
2023-05-30 07:13:15.486000,-0.27369949221611023,-0.002086830558255315
2023-05-30 07:14:16.044000,-0.24504736065864563,-0.002107724081724882
2023-05-30 07:15:15.809000,-0.24013493955135345,-0.0019741998985409737
2023-05-30 07:16:15.620000,-0.24298055469989777,-0.002023616572842002
2023-05-30 07:17:15.522000,-0.2582341730594635,-0.0019767500925809145
2023-05-30 07:18:15.455000,-0.24654968082904816,-0.0018763833213597536
2023-05-30 07:19:15.518000,-0.2715025544166565,-0.0020291695836931467
2023-05-30 07:20:15.885000,-0.3040338158607483,-0.002004483249038458
2023-05-30 07:21:15.558000,-0.2986086308956146,-0.0018923666793853045
2023-05-30 07:22:15.802000,-0.30385398864746094,-0.001849133288487792
2023-05-30 07:23:15.552000,-0.2522031366825104,-0.002141050063073635
2023-05-30 07:24:15.621000,-0.22752656042575836,-0.001906655146740377
2023-05-30 07:25:15.572000,-0.22114776074886322,-0.002009701682254672
2023-05-30 07:26:15.836000,-0.22096072137355804,-0.0019938999321311712
2023-05-30 07:27:16.023000,-0.22827698290348053,-0.00189928337931633
2023-05-30 07:28:15.516000,-0.2297614961862564,-0.002056415192782879
2023-05-30 07:29:15.557000,-0.27945148944854736,-0.0017996500246226788
2023-05-30 07:31:16.007000,-0.29832878708839417,-0.002026899950578809
2023-05-30 07:32:15.521000,-0.2936912477016449,-0.0019724667072296143
2023-05-30 07:33:15.563000,-0.20950207114219666,-0.002012216718867421
2023-05-30 07:34:15.579000,-0.16706368327140808,-0.002061000093817711
2023-05-30 07:35:15.830000,-0.17139941453933716,-0.0019678473472595215
2023-05-30 07:36:15.782000,-0.17762336134910583,-0.002029550028964877
2023-05-30 07:37:15.848000,-0.1900545209646225,-0.0020761166233569384
2023-05-30 07:38:15.559000,-0.22262585163116455,-0.0020475422497838736
2023-05-30 07:39:15.817000,-0.2436370700597763,-0.002204316668212414
2023-05-30 07:40:15.778000,-0.274806410074234,-0.0021107287611812353
2023-05-30 07:41:15.836000,-0.2642236351966858,-0.0021072665695101023
2023-05-30 07:42:15.482000,-0.21391497552394867,-0.001992233330383897
2023-05-30 07:43:15.441000,-0.2159758061170578,-0.001945533324033022
2023-05-30 07:44:15.515000,-0.20631171762943268,-0.0019011832773685455
2023-05-30 07:45:15.541000,-0.1996731162071228,-0.0019462000345811248
2023-05-30 07:46:15.782000,-0.19882619380950928,-0.0019442166667431593
2023-05-30 07:47:15.848000,-0.22366388142108917,-0.0020446833223104477
2023-05-30 07:48:15.820000,-0.2822575271129608,-0.0020052334293723106
2023-05-30 07:49:15.496000,-0.269615113735199,-0.0020236666314303875
2023-05-30 07:50:15.832000,-0.2974012494087219,-0.0020461552776396275
2023-05-30 07:51:15.905000,-0.2475808560848236,-0.001973633421584964
2023-05-30 07:52:15.818000,-0.24609407782554626,-0.00203215004876256
2023-05-30 07:53:15.927000,-0.26669976115226746,-0.002145499922335148
2023-05-30 07:54:15.819000,-0.25390541553497314,-0.0020110667683184147
2023-05-30 07:55:16.023000,-0.1953212171792984,-0.0019793498795479536
2023-05-30 07:56:15.604000,-0.17782670259475708,-0.0020448812283575535
2023-05-30 07:57:15.547000,-0.25528985261917114,-0.0019678305834531784
2023-05-30 07:58:15.548000,-0.252069354057312,-0.0019446833757683635
2023-05-30 07:59:15.538000,-0.24664267897605896,-0.001989099895581603
2023-05-30 08:01:15.556000,-0.17271915078163147,-0.0019297499675303698
2023-05-30 08:02:15.782000,-0.21465730667114258,-0.001941133290529251
2023-05-30 08:03:15.519000,-0.24935276806354523,-0.002022683387622237
2023-05-30 08:04:15.818000,-0.24993795156478882,-0.0020216000266373158
2023-05-30 08:05:15.473000,-0.2412826269865036,-0.0019467287929728627
2023-05-30 08:06:15.441000,-0.24140791594982147,-0.001979050925001502
2023-05-30 08:07:16.005000,-0.3029172420501709,-0.0019724820740520954
2023-05-30 08:08:15.551000,-0.30911773443222046,-0.0018626833334565163
2023-05-30 08:09:15.925000,-0.30811217427253723,-0.001998589374125004
2023-05-30 08:10:15.863000,-0.28560274839401245,-0.0020720832981169224
2023-05-30 08:11:15.504000,-0.24544355273246765,-0.001801833277568221
2023-05-30 08:12:15.909000,-0.25188905000686646,-0.001887100050225854
2023-05-30 08:13:15.527000,-0.258838951587677,-0.0019582833629101515
2023-05-30 08:14:15.457000,-0.25347357988357544,-0.0018936500418931246
2023-05-30 08:15:15.789000,-0.24501864612102509,-0.0020233620889484882
2023-05-30 08:16:15.967000,-0.2585332989692688,-0.0020506998989731073
2023-05-30 08:17:15.826000,-0.32621121406555176,-0.0020780833438038826
2023-05-30 08:18:15.500000,-0.31594976782798767,-0.001982066547498107
2023-05-30 08:20:15.330000,-0.25624626874923706,-0.002027086215093732
2023-05-30 08:21:15.746000,-0.23482614755630493,-0.00201854994520545
2023-05-30 08:22:15.736000,-0.23909540474414825,-0.001983050722628832
2023-05-30 08:23:15.898000,-0.2388710230588913,-0.0020117931999266148
2023-05-30 08:24:15.487000,-0.23526440560817719,-0.0019993665628135204
2023-05-30 08:25:15.840000,-0.23598720133304596,-0.001961847534403205
2023-05-30 08:26:15.834000,-0.29579102993011475,-0.002063083229586482
2023-05-30 08:27:15.551000,-0.29816463589668274,-0.0020623276941478252
2023-05-30 08:28:15.682000,-0.3002382814884186,-0.0020417666528373957
2023-05-30 08:29:15.750000,-0.24410271644592285,-0.0020067456644028425
2023-05-30 08:30:15.504000,-0.1767454296350479,-0.0019973500166088343
2023-05-30 08:31:15.705000,-0.1678238958120346,-0.002029533265158534
2023-05-30 08:32:15.446000,-0.17195793986320496,-0.0020131166093051434
2023-05-30 08:33:15.539000,-0.17670735716819763,-0.0020155333913862705
2023-05-30 08:34:15.433000,-0.17159420251846313,-0.0020154167432338
2023-05-30 08:35:15.548000,-0.22144687175750732,-0.0019985332619398832
2023-05-30 08:36:16.019000,-0.24088242650032043,-0.0020103498827666044
2023-05-30 08:37:15.833000,-0.24864202737808228,-0.0020008001010864973
2023-05-30 08:38:15.445000,-0.21818910539150238,-0.00196382449939847
2023-05-30 08:39:16.010000,-0.16508141160011292,-0.001998233376070857
2023-05-30 08:41:15.483000,-0.15978029370307922,-0.002046785783022642
2023-05-30 08:42:15.925000,-0.16473762691020966,-0.0020173792727291584
2023-05-30 08:43:15.446000,-0.1696622669696808,-0.002047534566372633
2023-05-30 08:45:15.398000,-0.2241085320711136,-0.002018237253651023
2023-05-30 08:47:15.528000,-0.2635630667209625,-0.0020628832280635834
2023-05-30 08:48:15.527000,-0.21066583693027496,-0.0020214165560901165
2023-05-30 08:52:15.815000,-0.242086261510849,-0.002107033273205161
2023-05-30 08:53:15.458000,-0.25600510835647583,-0.0022283666767179966
2023-05-30 08:56:15.434000,-0.30703574419021606,-0.0019531724974513054
2023-05-30 08:57:15.807000,-0.2676193416118622,-0.002142758574336767
2023-05-30 08:58:15.434000,-0.24422134459018707,-0.0020063500851392746
2023-05-30 08:59:15.954000,-0.23533892631530762,-0.0020550666376948357
2023-05-30 09:00:15.476000,-0.23217977583408356,-0.002154933288693428
2023-05-30 09:01:15.981000,-0.2326071858406067,-0.002374649979174137
2023-05-30 09:02:15.892000,-0.23745423555374146,-0.0022370165679603815
2023-05-30 09:03:15.532000,-0.3102160692214966,-0.00192888337187469
2023-05-30 09:04:15.459000,-0.3047194182872772,-0.002311266725882888
2023-05-30 09:05:15.286000,-0.27364450693130493,-0.002356400014832616
2023-05-30 09:06:15.823000,-0.23148703575134277,-0.001992949051782489
2023-05-30 09:07:15.523000,-0.2138080894947052,-0.002111452864482999
2023-05-30 09:08:15.810000,-0.2244088351726532,-0.0020955789368599653
2023-05-30 09:09:15.799000,-0.2317401021718979,-0.002119130454957485
2023-05-30 09:10:15.783000,-0.22668612003326416,-0.0018754643388092518
2023-05-30 09:12:15.480000,-0.27494630217552185,-0.002038888866081834
2023-05-30 09:13:15.738000,-0.29423707723617554,-0.0019598333165049553
2023-05-30 09:14:15.837000,-0.28739362955093384,-0.0021756000351160765
2023-05-30 09:15:15.448000,-0.28450435400009155,-0.0018507083877921104
2023-05-30 09:16:15.894000,-0.2318871170282364,-0.002084805630147457
2023-05-30 09:17:15.661000,-0.22295016050338745,-0.0021245917305350304
2023-05-30 09:18:15.849000,-0.2115122675895691,-0.0025145714171230793
2023-05-30 09:20:15.432000,-0.19500820338726044,-0.002048749942332506
2023-05-30 09:21:15.489000,-0.20651273429393768,-0.002003237372264266
2023-05-30 09:22:15.414000,-0.22987331449985504,-0.002136103343218565
2023-05-30 09:23:15.474000,-0.2876150608062744,-0.0021021035499870777
2023-05-30 09:24:15.802000,-0.2820148766040802,-0.0019273667130619287
2023-05-30 09:25:15.430000,-0.2721947729587555,-0.002219711896032095
2023-05-30 09:26:15.716000,-0.18842974305152893,-0.001997559331357479
2023-05-30 09:27:15.470000,-0.16409572958946228,-0.002044999971985817
2023-05-30 09:28:15.984000,-0.17222349345684052,-0.002074983436614275
2023-05-30 09:29:15.954000,-0.17873038351535797,-0.0021946271881461143
2023-05-30 09:30:15.814000,-0.173012837767601,-0.002079169498756528
2023-05-30 09:31:15.436000,-0.16252245008945465,-0.002101372927427292
2023-05-30 09:32:15.464000,-0.17365902662277222,-0.0020632001105695963
2023-05-30 09:33:15.369000,-0.20251475274562836,-0.0018864236772060394
2023-05-30 09:35:15.485000,-0.19642777740955353,-0.0018667193362489343
2023-05-30 09:36:15.434000,-0.14344792068004608,-0.0021194068249315023
2023-05-30 09:37:15.426000,-0.13253407180309296,-0.00205531669780612
2023-05-30 09:38:15.953000,-0.13083262741565704,-0.00199366663582623
2023-05-30 09:39:15.482000,-0.17001011967658997,-0.00198723329231143
2023-05-30 09:40:15.818000,-0.1795559823513031,-0.0019812665414065123
2023-05-30 09:41:16.034000,-0.17547264695167542,-0.0019624833948910236
2023-05-30 09:42:15.408000,-0.2333068549633026,-0.002000233391299844
2023-05-30 09:43:15.794000,-0.28295132517814636,-0.001972300000488758
2023-05-30 09:44:15.749000,-0.27960047125816345,-0.0020297665614634752
2023-05-30 09:45:15.726000,-0.26243099570274353,-0.0020264999475330114
2023-05-30 09:46:15.924000,-0.22086285054683685,-0.0020704311318695545
2023-05-30 09:47:15.834000,-0.22289323806762695,-0.0019893667194992304
2023-05-30 09:48:15.683000,-0.23406478762626648,-0.0019800167065113783
2023-05-30 09:49:15.453000,-0.24108049273490906,-0.001981183420866728
2023-05-30 09:50:15.271000,-0.23195871710777283,-0.0019924165681004524
2023-05-30 09:51:15.415000,-0.2529774606227875,-0.002011433243751526
2023-05-30 09:52:15.427000,-0.3044227063655853,-0.0020213560201227665
2023-05-30 09:53:15.691000,-0.30964574217796326,-0.001996982377022505
2023-05-30 09:54:15.432000,-0.3091360926628113,-0.001975090941414237
2023-05-30 09:55:15.825000,-0.2658615708351135,-0.002047237241640687
2023-05-30 09:56:15.433000,-0.23112280666828156,-0.0019393559778109193
2023-05-30 09:57:15.798000,-0.24072147905826569,-0.0018811272457242012
2023-05-30 09:58:15.656000,-0.24018003046512604,-0.0019468333339318633
2023-05-30 10:01:15.403000,-0.2547856867313385,-0.0020349666010588408
2023-05-30 10:02:15.391000,-0.30020010471343994,-0.0019310166826471686
2023-05-30 10:03:15.576000,-0.3170745372772217,-0.0019847322255373
2023-05-30 10:04:15.891000,-0.3200301229953766,-0.00198245607316494
2023-05-30 10:05:15.428000,-0.2876007556915283,-0.0019414827693253756
2023-05-30 10:06:15.809000,-0.2932429611682892,-0.001968841999769211
2023-05-30 10:07:15.482000,-1.176295280456543,-0.001914683380164206
2023-05-30 10:09:15.387000,-1.473543405532837,-0.0019339333521202207
2023-05-30 10:10:15.482000,-1.455634355545044,-0.0019763833843171597
2023-05-30 10:11:15.452000,-1.5053656101226807,-0.0019781864248216152
2023-05-30 10:12:15.387000,-1.3791862726211548,-0.0019676999654620886
2023-05-30 10:13:15.391000,-0.5636784434318542,-0.0019812332466244698
2023-05-30 10:14:15.727000,-0.4014076590538025,-0.0019727626349776983
2023-05-30 10:15:15.448000,-0.32791000604629517,-0.001977383391931653
2023-05-30 10:17:15.434000,-0.29061660170555115,-0.001914966618642211
2023-05-30 10:18:15.731000,-0.28537943959236145,-0.0019626165740191936
2023-05-30 10:20:15.360000,-0.28430479764938354,-0.0019875960424542427
2023-05-30 10:21:15.492000,-0.3382817804813385,-0.0020078832749277353
2023-05-30 10:22:15.825000,-0.32010576128959656,-0.002018633298575878
2023-05-30 10:23:15.728000,-0.29793834686279297,-0.0020114167127758265
2023-05-30 10:24:15.858000,-0.24470342695713043,-0.001991101773455739
2023-05-30 10:25:15.383000,-0.19611218571662903,-0.0020041693933308125
2023-05-30 10:26:16.017000,-0.1809728592634201,-0.0019887143280357122
2023-05-30 10:28:15.379000,-0.18998031318187714,-0.0019720166455954313
2023-05-30 10:29:15.375000,-0.22646397352218628,-0.0019602372776716948
2023-05-30 10:30:15.351000,-0.2556231617927551,-0.0019845832139253616
2023-05-30 10:31:15.399000,-0.2594655454158783,-0.0019800332374870777
2023-05-30 10:32:15.505000,-0.24598653614521027,-0.0019729998894035816
2023-05-30 10:33:15.790000,-0.19908587634563446,-0.0019718334078788757
2023-05-30 10:34:15.464000,-0.19835704565048218,-0.001936416607350111
2023-05-30 10:37:15.784000,-0.19254332780838013,-0.001994446385651827
2023-05-30 10:38:15.774000,-0.25108692049980164,-0.0019797999411821365
2023-05-30 10:41:15.464000,-0.27927166223526,-0.0019663332495838404
2023-05-30 10:45:15.483000,-0.2622300088405609,-0.0019688999745994806
2023-05-30 10:46:15.812000,-0.2589573860168457,-0.0019981833174824715
2023-05-30 10:48:15.421000,-0.3408663272857666,-0.001967339077964425
2023-05-30 10:49:15.768000,-0.3460268974304199,-0.001972799887880683
2023-05-30 10:50:15.311000,-0.33603227138519287,-0.0019781896844506264
2023-05-30 10:51:15.348000,-0.2880101799964905,-0.0020108167082071304
2023-05-30 10:52:15.472000,-0.27066490054130554,-0.001992533216252923
2023-05-30 10:53:15.651000,-0.2788638472557068,-0.001955736894160509
2023-05-30 10:55:15.841000,-0.26382744312286377,-0.0019712999928742647
2023-05-30 10:56:15.580000,-0.2613227665424347,-0.0019878000020980835
2023-05-30 10:57:15.752000,-0.33152085542678833,-0.001978915184736252
2023-05-30 10:59:15.645000,-0.32808294892311096,-0.0019892833661288023
2023-05-30 11:00:15.606000,-0.3026982247829437,-0.001968410797417164
2023-05-30 11:01:15.389000,-0.2465461790561676,-0.001977083273231983
2023-05-30 11:02:15.852000,-0.2457139790058136,-0.0019766667392104864
2023-05-30 11:03:15.820000,-0.2562446594238281,-0.0019888333044946194
2023-05-30 11:04:15.676000,-0.2569953501224518,-0.001966099953278899
2023-05-30 11:05:15.393000,-0.23789234459400177,-0.0019791186787188053
2023-05-30 11:06:15.667000,-0.2516220211982727,-0.001990169519558549
2023-05-30 11:07:15.373000,-0.28890740871429443,-0.001996950013563037
2023-05-30 11:08:15.698000,-0.31016021966934204,-0.001957551809027791
2023-05-30 11:09:15.684000,-0.31742554903030396,-0.002044316614046693
2023-05-30 11:10:15.602000,-0.3074686825275421,-0.0018609833205118775
2023-05-30 11:11:15.601000,-0.24025264382362366,-0.0019615499768406153
2023-05-30 11:12:15.648000,-0.24014687538146973,-0.0019814656116068363
2023-05-30 11:13:15.739000,-0.2470150887966156,-0.0019874481949955225
2023-05-30 11:14:15.715000,-0.24888074398040771,-0.0019687931053340435
2023-05-30 11:15:15.322000,-0.24185074865818024,-0.0020405000541359186
2023-05-30 11:16:15.897000,-0.2455432415008545,-0.0019409491214901209
2023-05-30 11:17:15.754000,-0.29840317368507385,-0.0019797240383923054
2023-05-30 11:18:15.957000,-0.32133981585502625,-0.0020043898839503527
2023-05-30 11:19:15.389000,-0.30242082476615906,-0.0019923050422221422
2023-05-30 11:20:15.685000,-0.2686731815338135,-0.001997616607695818
2023-05-30 11:21:15.311000,-0.20147976279258728,-0.0019752962980419397
2023-05-30 11:22:15.687000,-0.19533978402614594,-0.002006338909268379
2023-05-30 11:23:15.893000,-0.20301838219165802,-0.0019725083839148283
2023-05-30 11:24:15.413000,-0.20483596622943878,-0.002007049974054098
2023-05-30 11:25:15.260000,-0.19218920171260834,-0.0019873897545039654
2023-05-30 11:26:15.557000,-0.19150906801223755,-0.0019983500242233276
2023-05-30 11:27:15.614000,-0.2781948745250702,-0.0019803333561867476
2023-05-30 11:28:15.310000,-0.2917787432670593,-0.001984549919143319
2023-05-30 11:30:15.612000,-0.26289889216423035,-0.001989400014281273
2023-05-30 11:31:15.631000,-0.22484876215457916,-0.002000983338803053
2023-05-30 11:32:15.378000,-0.2290204018354416,-0.0019596333149820566
2023-05-30 11:33:15.407000,-0.2414621263742447,-0.0019981551449745893
2023-05-30 11:34:15.343000,-0.599861204624176,-0.0019742832519114017
2023-05-30 11:35:15.592000,-0.6592707633972168,-0.001981711946427822
2023-05-30 11:36:15.748000,-0.6515054106712341,-0.002018280792981386
2023-05-30 11:37:15.607000,-0.7128958106040955,-0.002019516658037901
2023-05-30 11:38:15.623000,-0.6524164080619812,-0.0019760499708354473
2023-05-30 11:39:15.747000,-0.7541530728340149,-0.002058779587969184
2023-05-30 11:40:15.417000,-0.7391130924224854,-0.002032066695392132
2023-05-30 11:41:15.354000,-0.6187035441398621,-0.0020405000541359186
2023-05-30 11:43:15.608000,-0.4429815411567688,-0.0020062034018337727
2023-05-30 11:44:15.718000,-0.3490998446941376,-0.002016083337366581
2023-05-30 11:45:15.846000,-0.33620330691337585,-0.0021293165627866983
2023-05-30 11:46:15.407000,-0.37468600273132324,-0.0018520168960094452
2023-05-30 11:47:15.457000,-0.42401623725891113,-0.0020066206343472004
2023-05-30 11:48:15.391000,-0.4239022731781006,-0.0020149643532931805
2023-05-30 11:49:15.319000,-0.7390387654304504,-0.00204067793674767
2023-05-30 11:51:15.347000,-0.2875571846961975,-0.0020407000556588173
2023-05-30 11:52:15.355000,-0.2713811993598938,-0.0019916000310331583
2023-05-30 11:53:15.582000,-0.27407026290893555,-0.0019956270698457956
2023-05-30 11:55:15.700000,-0.2702726423740387,-0.0020197718404233456
2023-05-30 11:56:15.714000,-0.4804896116256714,-0.0020335332956165075
2023-05-30 11:57:15.810000,-0.7002704739570618,-0.0020037998910993338
2023-05-30 11:59:15.274000,-0.40114790201187134,-0.002014516619965434
2023-05-30 12:00:15.291000,-0.3281134366989136,-0.0020419498905539513
2023-05-30 12:01:15.650000,-0.3223157227039337,-0.0020124332513660192
2023-05-30 12:02:15.368000,-0.30770042538642883,-0.0019679481629282236
2023-05-30 12:03:15.678000,-0.33198854327201843,-0.002061017556115985
2023-05-30 12:05:15.277000,-0.4754942059516907,-0.0020089151803404093
2023-05-30 12:06:15.595000,-0.35839390754699707,-0.0021080998703837395
2023-05-30 12:07:15.643000,-0.3610036373138428,-0.0019758245907723904
2023-05-30 12:08:15.357000,-0.34809407591819763,-0.0021237118635326624
2023-05-30 12:09:15.630000,-0.3265375792980194,-0.002049200003966689
2023-05-30 12:11:15.333000,-0.5425025820732117,-0.001995237311348319
2023-05-30 12:13:15.595000,-0.30094194412231445,-0.0019888333044946194
2023-05-30 12:14:15.776000,-0.34295547008514404,-0.0020075500942766666
2023-05-30 12:15:15.301000,-0.37190327048301697,-0.0021126833744347095
2023-05-30 12:17:15.625000,-0.31803950667381287,-0.002062087645754218
2023-05-30 12:18:15.494000,-0.3553331792354584,-0.0020088518504053354
2023-05-30 12:21:15.405000,-0.24347861111164093,-0.002041526371613145
2023-05-30 12:22:15.385000,-0.2481652945280075,-0.0020405862014740705
2023-05-30 12:23:15.260000,-0.25580894947052,-0.0020151666831225157
2023-05-30 12:25:15.736000,-0.3147256672382355,-0.0019933104049414396
2023-05-30 12:26:15.422000,-0.6308948397636414,-0.0019878135062754154
2023-05-30 12:27:15.378000,-0.5377197265625,-0.001976272789761424
2023-05-30 12:28:15.752000,-0.24275711178779602,-0.00197948282584548
2023-05-30 12:29:15.661000,-0.25483208894729614,-0.001980638364329934
2023-05-30 12:30:15.371000,-0.25114721059799194,-0.002010491443797946
2023-05-30 12:32:15.758000,-0.24766391515731812,-0.001998018240556121
2023-05-30 12:33:15.728000,-0.45227035880088806,-0.0019681488629430532
2023-05-30 12:34:15.568000,-0.6776280403137207,-0.0020031537860631943
2023-05-30 12:36:15.711000,-0.3516269624233246,-0.0020853448659181595
2023-05-30 12:37:15.328000,-0.32819873094558716,-0.0020323998760432005
2023-05-30 12:38:15.267000,-0.30162984132766724,-0.0020987591706216335
2023-05-30 12:39:15.370000,-0.3050726354122162,-0.0020436730701476336
2023-05-30 12:40:15.633000,-0.35420456528663635,-0.0019167272839695215
2023-05-30 12:41:15.757000,-0.6801605224609375,-0.0019636666402220726
2023-05-30 12:43:15.304000,-0.32615652680397034,-0.00207115919329226
2023-05-30 12:46:15.394000,-0.39149022102355957,-0.0020922929979860783
2023-05-30 12:47:15.281000,-0.3877497613430023,-0.0021039608400315046
2023-05-30 12:48:15.686000,-0.611264705657959,-0.0020643817260861397
2023-05-30 12:49:15.586000,-0.6420115828514099,-0.001991362078115344
2023-05-30 12:50:15.280000,-0.34859633445739746,-0.002083818195387721
2023-05-30 12:52:15.519000,-0.3253386318683624,-0.0019428421510383487
2023-05-30 12:53:15.721000,-0.3641120195388794,-0.0020739666651934385
2023-05-30 12:55:15.451000,-0.5516482591629028,-0.0020285965874791145
2023-05-30 12:56:15.388000,-0.7826824188232422,-0.0020420406945049763
2023-05-30 12:57:15.607000,-0.49756866693496704,-0.0020397016778588295
2023-05-30 12:58:15.436000,-0.3742608428001404,-0.002043254440650344
2023-05-30 12:59:15.221000,-0.3871380388736725,-0.002073416719213128
2023-05-30 13:00:15.662000,-0.374786376953125,-0.0020279500167816877
2023-05-30 13:01:15.406000,-0.3049846887588501,-0.0019993793684989214
2023-05-30 13:02:15.351000,-0.31646910309791565,-0.001989406766369939
2023-05-30 13:04:15.979000,-0.5519955158233643,-0.002080610254779458
2023-05-30 13:05:15.322000,-0.37463894486427307,-0.0020607965998351574
2023-05-30 13:06:15.414000,-0.36969006061553955,-0.001956683350726962
2023-05-30 13:07:15.264000,-0.3620181083679199,-0.0020382069051265717
2023-05-30 13:08:15.281000,-0.3070453107357025,-0.002139847492799163
2023-05-30 13:09:15.271000,-0.2780572175979614,-0.002017551800236106
2023-05-30 13:10:15.373000,-0.4851352870464325,-0.002002928638830781
2023-05-30 13:11:15.511000,-0.598250150680542,-0.0019741863943636417
2023-05-30 13:12:15.354000,-0.25503984093666077,-0.002029966562986374
2023-05-30 13:14:15.222000,-0.2985602915287018,-0.00200453563593328
2023-05-30 13:18:15.326000,-0.6070513725280762,-0.0019439412280917168
2023-05-30 13:21:15.556000,-0.22634179890155792,-0.002000237349420786
2023-05-30 13:22:15.235000,-0.24788719415664673,-0.001991075463593006
2023-05-30 13:23:15.543000,-0.26352763175964355,-0.001984958304092288
2023-05-30 13:24:15.247000,-0.31568747758865356,-0.002010226482525468
2023-05-30 13:25:15.838000,-0.5942990183830261,-0.0019168772269040346
2023-05-30 13:26:15.215000,-0.550882875919342,-0.0020153275690972805
2023-05-30 13:27:15.231000,-0.23522262275218964,-0.0019885499496012926
2023-05-30 13:28:15.750000,-0.22054050862789154,-0.002018892904743552
2023-05-30 13:29:15.263000,-0.23419971764087677,-0.002033711178228259
2023-05-30 13:30:15.511000,-0.2347160130739212,-0.0019141635857522488
2023-05-30 13:31:15.558000,-0.2317539006471634,-0.0019444820936769247
2023-05-30 13:33:15.536000,-0.6891231536865234,-0.0020037167705595493
2023-05-30 13:34:15.353000,-0.39256489276885986,-0.002053620759397745
2023-05-30 13:36:15.243000,-0.35026586055755615,-0.0019829166121780872
2023-05-30 13:37:15.222000,-0.30235809087753296,-0.001998678082600236
2023-05-30 13:40:15.103000,-0.6531469821929932,-0.0019750555511564016
2023-05-30 13:42:15.441000,-0.2927834093570709,-0.0020537367090582848
2023-05-30 13:44:15.207000,-0.3316630721092224,-0.0020004799589514732
2023-05-30 13:46:15.250000,-0.28593653440475464,-0.0019549999851733446
2023-05-30 13:50:15.247000,-0.25657594203948975,-0.002048739232122898
2023-05-30 13:51:15.447000,-0.24765697121620178,-0.0020473399199545383
2023-05-30 13:52:15.207000,-0.25602999329566956,-0.0020373333245515823
2023-05-30 13:53:15.243000,-0.3159745931625366,-0.00208892859518528
2023-05-30 13:54:15.332000,-0.40264543890953064,-0.0020397542975842953
2023-05-30 13:55:15.686000,-0.695702850818634,-0.002035310259088874
2023-05-30 13:56:15.760000,-0.3954043686389923,-0.00205056369304657
2023-05-30 13:57:15.293000,-0.24870724976062775,-0.002043603453785181
2023-05-30 13:58:15.204000,-0.2439921498298645,-0.0020818812772631645
2023-05-30 13:59:15.655000,-0.2723288834095001,-0.0020701000466942787
2023-05-30 14:00:15.613000,-0.2512548863887787,-0.0020692332182079554
2023-05-30 14:01:15.313000,-0.23187795281410217,-0.002091372851282358
2023-05-30 14:02:15.625000,-0.5650718212127686,-0.002065033884719014
2023-05-30 14:04:15.207000,-0.3186175525188446,-0.002090833382681012
2023-05-30 14:05:15.648000,-0.32925090193748474,-0.002090000081807375
2023-05-30 14:06:15.639000,-0.2552682161331177,-0.002228999976068735
2023-05-30 14:07:15.642000,-0.2519136369228363,-0.001997716724872589
2023-05-30 14:08:15.192000,-0.24953308701515198,-0.0022037166636437178
2023-05-30 14:09:15.680000,-0.42071637511253357,-0.002147683408111334
2023-05-30 14:12:15.197000,-0.312066912651062,-0.002046271227300167
2023-05-30 14:14:15.255000,-0.3019869029521942,-0.0020881753880530596
2023-05-30 14:15:15.678000,-0.2562827169895172,-0.002155677881091833
2023-05-30 14:16:15.560000,-0.2726885676383972,-0.0020496833603829145
2023-05-30 14:17:15.180000,-0.6071274280548096,-0.0020524165593087673
2023-05-30 14:18:15.213000,-0.42409414052963257,-0.002038457663729787
2023-05-30 14:19:15.311000,-0.2721289098262787,-0.0020774914883077145
2023-05-30 14:20:15.221000,-0.323316752910614,-0.0020161187276244164
2023-05-30 14:21:15.535000,-0.3142743408679962,-0.002082706894725561
2023-05-30 14:22:15.427000,-0.299715518951416,-0.002043949207291007
2023-05-30 14:23:15.180000,-0.19530938565731049,-0.0020564915612339973
2023-05-30 14:24:15.203000,-0.4083247482776642,-0.002074739895761013
2023-05-30 14:25:15.415000,-0.49205371737480164,-0.001955472631379962
2023-05-30 14:26:15.206000,-0.16558900475502014,-0.0020326334051787853
2023-05-30 14:27:15.274000,-0.14902813732624054,-0.0020676315762102604
2023-05-30 14:28:15.447000,-0.24624747037887573,-0.0020488102454692125
2023-05-30 14:29:15.660000,-0.30162909626960754,-0.0020730665419250727
2023-05-30 14:30:15.532000,-0.34347230195999146,-0.001994101796299219
2023-05-30 14:31:15.223000,-0.47669318318367004,-0.002076416742056608
2023-05-30 14:32:15.707000,-0.6956504583358765,-0.002062516752630472
2023-05-30 14:33:15.231000,-0.46181145310401917,-0.002057945355772972
2023-05-30 14:34:15.167000,-0.3428724706172943,-0.0020460861269384623
2023-05-30 14:38:15.576000,-0.3766156733036041,-0.0021034665405750275
2023-05-30 14:39:15.519000,-0.6681637167930603,-0.0020379661582410336
2023-05-30 14:40:15.290000,-0.6497256755828857,-0.0020625689066946507
2023-05-30 14:42:15.649000,-0.3018744885921478,-0.0020852999296039343
2023-05-30 14:43:15.310000,-0.29813748598098755,-0.0019703509751707315
2023-05-30 14:44:15.499000,-0.4382171034812927,-0.0020460535306483507
2023-05-30 14:45:15.173000,-0.5900665521621704,-0.0019601499661803246
2023-05-30 14:47:15.224000,-1.0094679594039917,-0.0019769000355154276
2023-05-30 14:48:15.204000,-0.7908673286437988,-0.0019465424120426178
2023-05-30 14:50:15.619000,-0.7189651131629944,-0.001995067810639739
2023-05-30 14:52:15.537000,-0.5726263523101807,-0.0019067999674007297
2023-05-30 14:53:15.486000,-0.6214841604232788,-0.00206582760438323
2023-05-30 14:54:15.642000,-0.8649360537528992,-0.0021096316631883383
2023-05-30 14:55:15.274000,-0.8067306876182556,-0.002068599918857217
2023-05-30 14:56:15.360000,-0.560190737247467,-0.0021014236845076084
2023-05-30 14:58:15.139000,-0.6170138120651245,-0.0020270999521017075
2023-05-30 14:59:15.506000,-0.6215880513191223,-0.0021059000864624977
2023-05-30 15:00:15.230000,-0.6058670878410339,-0.00201198342256248
2023-05-30 15:02:15.299000,-0.8168840408325195,-0.0018827287713065743
2023-05-30 15:05:15.795000,-0.23646216094493866,-0.0018479999853298068
2023-05-30 15:06:15.272000,-0.14435972273349762,-0.0018180666957050562
2023-05-30 15:07:15.201000,-0.21034587919712067,-0.0017762758070603013
2023-05-30 15:08:15.167000,-0.2917424440383911,-0.002227816730737686
2023-05-30 15:09:15.206000,-0.4915432035923004,-0.0021661354694515467
2023-05-30 15:11:15.418000,-0.10270911455154419,-0.001933694933541119
2023-05-30 15:12:15.256000,-0.09990110248327255,-0.00202727597206831
2023-05-30 15:14:15.549000,-0.10692314803600311,-0.0018463684245944023
2023-05-30 15:15:15.011000,-0.1725602000951767,-0.002050383249297738
2023-05-30 15:17:15.296000,-0.5227172374725342,-0.0021208999678492546
2023-05-30 15:18:15.126000,-0.3397080600261688,-0.002080366713926196
2023-05-30 15:19:15.179000,-0.25163915753364563,-0.0021511332597583532
2023-05-30 15:20:15.129000,-0.19733603298664093,-0.001956149935722351
2023-05-30 15:21:15.461000,-0.17575649917125702,-0.0019057666650041938
2023-05-30 15:22:15.562000,-0.1726958006620407,-0.0018229499692097306
2023-05-30 15:23:15.273000,-0.28943488001823425,-0.001996551640331745
2023-05-30 15:25:15.505000,-0.3502058684825897,-0.00220276671461761
2023-05-30 15:26:15.516000,-0.21234630048274994,-0.0021510999649763107
2023-05-30 15:27:15.148000,-0.24720913171768188,-0.0020056250505149364
2023-05-30 15:28:15.164000,-0.2675567865371704,-0.0020188421476632357
2023-05-30 15:29:15.613000,-0.2929353713989258,-0.0020558214746415615
2023-05-30 15:30:15.681000,-0.29545578360557556,-0.0019866551738232374
2023-05-30 15:31:15.611000,-0.4549582004547119,-0.0021949498914182186
2023-05-30 15:32:15.183000,-0.4348164200782776,-0.0020531355403363705
2023-05-30 15:33:15.192000,-0.3371118903160095,-0.002151800086721778
2023-05-30 15:34:15.129000,-0.256025493144989,-0.0022212667390704155
2023-05-30 15:35:15.184000,-0.2511029541492462,-0.0021786100696772337
2023-05-30 15:36:15.517000,-0.2689502239227295,-0.001984616741538048
2023-05-30 15:37:15.144000,-0.2672575116157532,-0.0021781667601317167
2023-05-30 15:38:15.217000,-0.3998400568962097,-0.0019809321966022253
2023-05-30 15:39:15.273000,-0.5102795362472534,-0.0020704150665551424
2023-05-30 15:40:15.594000,-0.36767035722732544,-0.0020359151531010866
2023-05-30 15:42:15.301000,-0.18426355719566345,-0.002116779563948512
2023-05-30 15:43:15.179000,-0.2176777422428131,-0.0022544737439602613
2023-05-30 15:44:15.147000,-0.24592947959899902,-0.002021981868892908
2023-05-30 15:45:15.233000,-0.33287280797958374,-0.00218831654638052
2023-05-30 15:46:15.188000,-0.5035010576248169,-0.001986999996006489
2023-05-30 15:47:15.169000,-0.5244157314300537,-0.0020021693781018257
2023-05-30 15:48:15.229000,-0.3943409323692322,-0.0018929166253656149
2023-05-30 15:49:15.212000,-0.3232586085796356,-0.0020672413520514965
2023-05-30 15:51:15.103000,-0.25080668926239014,-0.0021233665756881237
2023-05-30 15:52:15.197000,-0.2544041872024536,-0.0020748134702444077
2023-05-30 15:53:15.123000,-0.41759610176086426,-0.0020950876642018557
2023-05-30 15:54:15.219000,-0.44819745421409607,-0.0019856924191117287
2023-05-30 15:56:15.436000,-0.24807116389274597,-0.0017760000191628933
2023-05-30 15:57:15.299000,-0.2970811128616333,-0.0019913683645427227
2023-05-30 15:58:15.483000,-0.2881741523742676,-0.0019703793805092573
2023-05-30 15:59:15.245000,-0.2975122034549713,-0.002202491508796811
2023-05-30 16:00:15.017000,-0.40329575538635254,-0.0020982034038752317
2023-05-30 16:02:15.255000,-0.40301400423049927,-0.002049183240160346
2023-05-30 16:03:15.179000,-0.2716221213340759,-0.0021327759604901075
2023-05-30 16:04:15.149000,-0.21414940059185028,-0.002134389942511916
2023-05-30 16:05:15.129000,-0.2223811000585556,-0.001996499951928854
2023-05-30 16:06:15.231000,-0.2160014659166336,-0.0021976439747959375
2023-05-30 16:07:15.501000,-0.2624679207801819,-0.002080631675198674
2023-05-30 16:08:15.255000,-0.41265222430229187,-0.002087930915877223
2023-05-30 16:09:15.588000,-0.4265729784965515,-0.002128016669303179
2023-05-30 16:10:15.204000,-0.4002392590045929,-0.002014036290347576
2023-05-30 16:11:15.273000,-0.19942812621593475,-0.0020285332575440407
2023-05-30 16:12:15.108000,-0.18038280308246613,-0.0020142500288784504
2023-05-30 16:13:15.111000,-0.1828508824110031,-0.0020491499453783035
2023-05-30 16:14:15.165000,-0.18901173770427704,-0.0022516166791319847
2023-05-30 16:15:15.227000,-0.35123181343078613,-0.002042233245447278
2023-05-30 16:16:15.430000,-0.3628765940666199,-0.0020112069323658943
2023-05-30 16:17:15.186000,-0.37055858969688416,-0.002028315793722868
2023-05-30 16:18:15.198000,-0.279135525226593,-0.0021119832526892424
2023-05-30 16:19:15.122000,-0.2473333775997162,-0.002096017124131322
2023-05-30 16:20:15.349000,-0.25869885087013245,-0.002024694811552763
2023-05-30 16:21:15.239000,-0.24986982345581055,-0.002047999994829297
2023-05-30 16:22:15.102000,-0.27074772119522095,-0.0020641207229346037
2023-05-30 16:23:15.253000,-0.3588004410266876,-0.0020577930845320225
2023-05-30 16:24:15.104000,-0.353849321603775,-0.0021116610150784254
2023-05-30 16:25:15.201000,-0.31563934683799744,-0.0020419491920620203
2023-05-30 16:26:15.399000,-0.3188692331314087,-0.0020670334342867136
2023-05-30 16:27:15.184000,-0.5432178974151611,-0.002077266573905945
2023-05-30 16:28:15.162000,-0.5920482277870178,-0.002052517142146826
2023-05-30 16:29:15.771000,-0.6406532526016235,-0.00213296664878726
2023-05-30 16:30:15.576000,-0.8129080533981323,-0.002099327277392149
2023-05-30 16:31:15.944000,-0.7538083791732788,-0.00207612500526011
2023-05-30 16:32:15.277000,-0.736674964427948,-0.0020825262181460857
2023-05-30 16:33:15.150000,-0.5904801487922668,-0.002059883438050747
2023-05-30 16:34:15.365000,-0.5550516843795776,-0.002078799996525049
2023-05-30 16:35:15.094000,-0.5506656765937805,-0.0020643898751586676
2023-05-30 16:36:15.244000,-0.5381590723991394,-0.0020571525674313307
2023-05-30 16:37:15.187000,-0.7072367072105408,-0.002066355897113681
2023-05-30 16:39:15.173000,-0.7558746933937073,-0.0020683035254478455
2023-05-30 16:40:15.081000,-0.7447587847709656,-0.002059448277577758
2023-05-30 16:41:15.179000,-0.5421191453933716,-0.002082366729155183
2023-05-30 16:43:15.224000,-0.5274291634559631,-0.0021641207858920097
2023-05-30 16:44:15.188000,-0.589409589767456,-0.0021240690257400274
2023-05-30 16:45:14.969000,-0.717635989189148,-0.002088862005621195
2023-05-30 16:46:15.205000,-0.6492409706115723,-0.002028499962761998
2023-05-30 16:47:15.171000,-0.6363152861595154,-0.0020567832980304956
2023-05-30 16:48:15.159000,-0.4529864192008972,-0.0021165499929338694
2023-05-30 16:49:15.110000,-0.4363054931163788,-0.0021727068815380335
2023-05-30 16:50:15.339000,-0.2729710638523102,-0.002131999935954809
2023-05-30 16:51:15.231000,-0.14808620512485504,-0.002119216602295637
2023-05-30 16:52:15.074000,-0.30669066309928894,-0.0021247665863484144
2023-05-30 16:53:15.143000,-0.24301926791667938,-0.0021100000012665987
2023-05-30 16:54:15.132000,-0.30948323011398315,-0.0021001501008868217
2023-05-30 16:55:15.079000,-0.3089854419231415,-0.0021286779083311558
2023-05-30 16:56:15.606000,-0.19918762147426605,-0.0022273571230471134
2023-05-30 16:57:15.324000,-0.2554040849208832,-0.0022106964606791735
2023-05-30 16:58:15.408000,-0.2928626835346222,-0.0021643666550517082
2023-05-30 16:59:15.582000,-0.4038695693016052,-0.002139066578820348
2023-05-30 17:00:15.701000,-0.45732739567756653,-0.002092750044539571
2023-05-30 17:01:15.478000,-0.35058173537254333,-0.0022248474415391684
2023-05-30 17:02:15.404000,-0.4671732783317566,-0.0021915666293352842
2023-05-30 17:03:15.185000,-0.30074217915534973,-0.0021998833399266005
2023-05-30 17:04:15.071000,-0.26866787672042847,-0.0021366665605455637
2023-05-30 17:05:15.212000,-0.2806544899940491,-0.0020934068597853184
2023-05-30 17:06:15.125000,-0.36350953578948975,-0.0020278498996049166
2023-05-30 17:07:15.297000,-0.5317637324333191,-0.002298366744071245
2023-05-30 17:08:15.216000,-0.409527450799942,-0.0021689999848604202
2023-05-30 17:09:15.152000,-0.501586377620697,-0.002159263240173459
2023-05-30 17:10:15.110000,-0.404611200094223,-0.0022820166777819395
2023-05-30 17:11:15.095000,-0.29083871841430664,-0.00198679999448359
2023-05-30 17:12:15.106000,-0.28194576501846313,-0.0021429667249321938
2023-05-30 17:13:15.213000,-0.27978429198265076,-0.0020840999204665422
2023-05-30 17:14:15.080000,-0.4244178533554077,-0.002151052700355649
2023-05-30 17:15:15.192000,-0.45248943567276,-0.0022187333088368177
2023-05-30 17:16:15.342000,-0.42625147104263306,-0.002120482735335827
2023-05-30 17:17:15.107000,-0.5140254497528076,-0.0022226315923035145
2023-05-30 17:18:15.145000,-0.35007691383361816,-0.0020715517457574606
2023-05-30 17:19:15.054000,-0.2720007598400116,-0.0021868166513741016
2023-05-30 17:20:15.215000,-0.2581130862236023,-0.002214474603533745
2023-05-30 17:21:15.154000,-0.3344648778438568,-0.0021975000854581594
2023-05-30 17:22:15.179000,-0.43162038922309875,-0.0022292500361800194
2023-05-30 17:23:15.275000,-0.27834102511405945,-0.002005466725677252
2023-05-30 17:24:15.201000,-0.43452998995780945,-0.0022226141300052404
2023-05-30 17:25:14.972000,-0.4114885628223419,-0.002198966685682535
2023-05-30 17:26:15.156000,-0.3339803218841553,-0.002083050785586238
2023-05-30 17:27:15.059000,-0.33876004815101624,-0.0021345000714063644
2023-05-30 17:28:15.107000,-0.3450680375099182,-0.0019411833491176367
2023-05-30 17:29:15.204000,-0.4570874869823456,-0.002239982830360532
2023-05-30 17:30:15.094000,-0.37791645526885986,-0.0020156167447566986
2023-05-30 17:31:15.099000,-0.3865751624107361,-0.002222350100055337
2023-05-30 17:33:15.127000,-0.28902748227119446,-0.0020840500947088003
2023-05-30 17:34:15.236000,-0.27945801615715027,-0.0022145931143313646
2023-05-30 17:35:15.080000,-0.31567147374153137,-0.002290799980983138
2023-05-30 17:36:15.217000,-0.45893213152885437,-0.0022165931295603514
2023-05-30 17:37:15.272000,-0.4925241768360138,-0.0019766499754041433
2023-05-30 17:38:15.171000,-0.32142192125320435,-0.002193258609622717
2023-05-30 17:39:15.067000,-0.46077704429626465,-0.00217712065204978
2023-05-30 17:40:15.058000,-0.36294907331466675,-0.0021216499153524637
2023-05-30 17:41:15.037000,-0.24777473509311676,-0.0021614914294332266
2023-05-30 17:42:15.042000,-0.23422561585903168,-0.0022298276890069246
2023-05-30 17:43:15.148000,-0.27138131856918335,-0.002050666604191065
2023-05-30 17:44:15.111000,-0.40348657965660095,-0.0021136165596544743
2023-05-30 17:45:15.152000,-0.2870587706565857,-0.002323169494047761
2023-05-30 17:47:15.063000,-0.49024498462677,-0.0023083898704499006
2023-05-30 17:48:15.101000,-0.3296698033809662,-0.0021031552460044622
2023-05-30 17:49:15.435000,-0.2961408197879791,-0.002121899975463748
2023-05-30 17:50:15.162000,-0.2686062753200531,-0.0021695499308407307
2023-05-30 17:51:15.125000,-0.4219062328338623,-0.002142316661775112
2023-05-30 17:52:15.026000,-0.37919893860816956,-0.00219633337110281
2023-05-30 17:53:15.121000,-0.2607182264328003,-0.002144250087440014
2023-05-30 17:54:15.122000,-0.42204049229621887,-0.002128433436155319
2023-05-30 17:55:15.099000,-0.3882092237472534,-0.002033783355727792
2023-05-30 17:56:15.101000,-0.3000022768974304,-0.002190066734328866
2023-05-30 17:57:15.173000,-0.26874756813049316,-0.002198633272200823
2023-05-30 17:58:15.172000,-0.3440839946269989,-0.002242423826828599
2023-05-30 17:59:15.164000,-0.4329107701778412,-0.0020463832188397646
2023-05-30 18:00:15.054000,-0.20219165086746216,-0.002182433381676674
2023-05-30 18:01:15.125000,-0.26504167914390564,-0.0021278474014252424
2023-05-30 18:02:15.155000,-0.37294885516166687,-0.0021324167028069496
2023-05-30 18:04:15.070000,-0.24787485599517822,-0.002067796653136611
2023-05-30 18:05:14.923000,-0.2734774053096771,-0.0021464575547724962
2023-05-30 18:06:15.030000,-0.4776735305786133,-0.0021248473785817623
2023-05-30 18:07:15.200000,-0.4060054421424866,-0.002178607042878866
2023-05-30 18:08:15.062000,-0.32396334409713745,-0.0022337499540299177
2023-05-30 18:09:15.132000,-0.4817639887332916,-0.0020868165884166956
2023-05-30 18:10:15.233000,-0.41482481360435486,-0.0020259830635041
2023-05-30 18:11:15.336000,-0.2717658281326294,-0.0020828833803534508
2023-05-30 18:12:15.022000,-0.2601349651813507,-0.002244766568765044
2023-05-30 18:13:15.053000,-0.38762718439102173,-0.0021372500341385603
2023-05-30 18:14:15.124000,-0.40653523802757263,-0.002074508462101221
2023-05-30 18:15:15.092000,-0.26387786865234375,-0.002217999892309308
2023-05-30 18:16:15.160000,-0.37436872720718384,-0.0020720167085528374
2023-05-30 18:17:15.012000,-0.4981243312358856,-0.002208816586062312
2023-05-30 18:18:15.049000,-0.33971747756004333,-0.0021912758238613605
2023-05-30 18:19:15.166000,-0.3036532402038574,-0.002142491517588496
2023-05-30 18:20:15.171000,-0.2604328691959381,-0.0020882710814476013
2023-05-30 18:21:15.024000,-0.35467010736465454,-0.002073758514598012
2023-05-30 18:22:15.107000,-0.20287884771823883,-0.0020632543601095676
2023-05-30 18:23:15.003000,-0.16077932715415955,-0.0021430999040603638
2023-05-30 18:24:15.144000,-0.3089362382888794,-0.002115642884746194
2023-05-30 18:25:15.099000,-0.2961234450340271,-0.0020944655407220125
2023-05-30 18:26:15.045000,-0.2176317274570465,-0.0021704034879803658
2023-05-30 18:27:15.041000,-0.23435944318771362,-0.002060157945379615
2023-05-30 18:28:15.069000,-0.397676944732666,-0.0020439138170331717
2023-05-30 18:29:15.061000,-0.33707430958747864,-0.0021336779464036226
2023-05-30 18:30:15.144000,-0.19955816864967346,-0.002064314903691411
2023-05-30 18:31:15.062000,-0.2944972813129425,-0.002097935415804386
2023-05-30 18:32:14.997000,-0.39654532074928284,-0.002104312414303422
2023-05-30 18:33:15.414000,-0.2527707815170288,-0.002162909135222435
2023-05-30 18:34:14.986000,-0.22967669367790222,-0.002153555629774928
2023-05-30 18:35:15.463000,-0.33845824003219604,-0.002067799912765622
2023-05-30 18:36:15.119000,-0.48643574118614197,-0.0020109284669160843
2023-05-30 18:37:15.081000,-0.2949145436286926,-0.002209611004218459
2023-05-30 18:38:15.084000,-0.29303407669067383,-0.002205793047323823
2023-05-30 18:39:15.018000,-0.45183297991752625,-0.00205267989076674
2023-05-30 18:40:15.034000,-0.3483470380306244,-0.0020817883778363466
2023-05-30 18:41:15.126000,-0.2394883781671524,-0.0022246078588068485
2023-05-30 18:43:15.087000,-0.41381925344467163,-0.0022379523143172264
2023-05-30 18:44:15.189000,-0.30154839158058167,-0.0021895666141062975
2023-05-30 18:45:15.195000,-0.24428923428058624,-0.0020885453559458256
2023-05-30 18:46:15.119000,-0.38635072112083435,-0.002138849114999175
2023-05-30 18:47:15.038000,-0.49126699566841125,-0.002135219983756542
2023-05-30 18:48:15.135000,-0.33108142018318176,-0.002118175383657217
2023-05-30 18:49:15.149000,-0.2854025959968567,-0.0020926271099597216
2023-05-30 18:50:15.103000,-0.39288437366485596,-0.0020948643796145916
2023-05-30 18:51:15.225000,-0.3854885399341583,-0.0021683499217033386
2023-05-30 18:52:15.014000,-0.22952014207839966,-0.0021758812945336103
2023-05-30 18:54:15.058000,-0.3954075872898102,-0.0021097999997437
2023-05-30 18:55:15.104000,-0.35382089018821716,-0.0021722931414842606
2023-05-30 18:56:15.068000,-0.2969667315483093,-0.0021393049973994493
2023-05-30 18:57:15.098000,-0.35992032289505005,-0.0022215833887457848
2023-05-30 18:58:15.210000,-0.45886102318763733,-0.002120883436873555
2023-05-30 18:59:15.061000,-0.28727987408638,-0.002166450023651123
2023-05-30 19:00:15.046000,-0.21123388409614563,-0.0021040665451437235
2023-05-30 19:01:15.030000,-0.277158260345459,-0.002097316551953554
2023-05-30 19:02:15.063000,-0.39097997546195984,-0.0021216499153524637
2023-05-30 19:03:15.011000,-0.23140180110931396,-0.0021813090424984694
2023-05-30 19:04:15.059000,-0.16256183385849,-0.0021323964465409517
2023-05-30 19:05:15.130000,-0.3429575562477112,-0.002123775891959667
2023-05-30 19:06:15.105000,-0.33075276017189026,-0.0021060339640825987
2023-05-30 19:08:15.041000,-0.2296711653470993,-0.0021766498684883118
2023-05-30 19:09:15.090000,-0.36213919520378113,-0.002149200066924095
2023-05-30 19:10:15.064000,-0.3248977065086365,-0.0021053000818938017
2023-05-30 19:11:15.025000,-0.23346984386444092,-0.002164500067010522
2023-05-30 19:12:15.005000,-0.3466336131095886,-0.002154800109565258
2023-05-30 19:13:15.084000,-0.39528584480285645,-0.002078206976875663
2023-05-30 19:14:15.068000,-0.2274061143398285,-0.0021651999559253454
2023-05-30 19:15:15.070000,-0.2505125105381012,-0.002146633341908455
2023-05-30 19:16:14.997000,-0.3906339406967163,-0.0021113334223628044
2023-05-30 19:17:15.089000,-0.4894392192363739,-0.002305833389982581
2023-05-30 19:18:14.997000,-0.31863081455230713,-0.0022043276112526655
2023-05-30 19:19:14.973000,-0.2609749734401703,-0.0022155423648655415
2023-05-30 19:20:15.110000,-0.3637006878852844,-0.0021122542675584555
2023-05-30 19:21:15.125000,-0.2375902384519577,-0.002135816728696227
2023-05-30 19:22:15.043000,-0.1759645938873291,-0.0021010509226471186
2023-05-30 19:23:15.065000,-0.17359207570552826,-0.002102683298289776
2023-05-30 19:24:14.985000,-0.34488651156425476,-0.0021138666197657585
2023-05-30 19:25:14.859000,-0.31345608830451965,-0.0021392712369561195
2023-05-30 19:26:15.001000,-0.25163671374320984,-0.0021266101393848658
2023-05-30 19:27:15.065000,-0.43305450677871704,-0.0021126666106283665
2023-05-30 19:28:14.964000,-0.4048007130622864,-0.0021340667735785246
2023-05-30 19:29:14.974000,-0.2443009316921234,-0.002133583417162299
2023-05-30 19:30:14.964000,-0.2417566180229187,-0.0022921753115952015
2023-05-30 19:31:15.060000,-0.32596996426582336,-0.0020379654597491026
2023-05-30 19:32:15.027000,-0.42134296894073486,-0.002064288128167391
2023-05-30 19:33:15.024000,-0.2517172694206238,-0.0020848619751632214
2023-05-30 19:34:14.974000,-0.3111920952796936,-0.0023013728205114603
2023-05-30 19:35:14.989000,-0.451606422662735,-0.0019342333544045687
2023-05-30 19:36:14.960000,-0.322292685508728,-0.0020955344662070274
2023-05-30 19:37:15.105000,-0.2989617884159088,-0.002316283294931054
2023-05-30 19:38:14.994000,-0.2945939898490906,-0.0021776314824819565
2023-05-30 19:39:15.001000,-0.41593027114868164,-0.0020706101786345243
2023-05-30 19:40:14.980000,-0.3197120726108551,-0.0020939332898706198
2023-05-30 19:41:14.978000,-0.2396988570690155,-0.0021224068477749825
2023-05-30 19:42:14.980000,-0.4037610590457916,-0.0021205332595854998
2023-05-30 19:43:15.106000,-0.29504793882369995,-0.0021273221354931593
2023-05-30 19:44:14.992000,-0.2148781269788742,-0.0021592832636088133
2023-05-30 19:45:15.103000,-0.2631629705429077,-0.002090016845613718
2023-05-30 19:46:14.949000,-0.38446420431137085,-0.0020990667399019003
2023-05-30 19:47:15.170000,-0.48149946331977844,-0.0022924833465367556
2023-05-30 19:48:15.088000,-0.3001822829246521,-0.002174847526475787
2023-05-30 19:49:15.010000,-0.3573276996612549,-0.0021348304580897093
2023-05-30 19:50:15.006000,-0.38515663146972656,-0.002322483342140913
2023-05-30 19:51:15.103000,-0.23968017101287842,-0.002206566743552685
2023-05-30 19:52:15.049000,-0.23436172306537628,-0.0021383166313171387
2023-05-30 19:53:15.080000,-0.23358570039272308,-0.0021248001139611006
2023-05-30 19:54:14.993000,-0.40778228640556335,-0.002100508427247405
2023-05-30 19:55:15.023000,-0.397067666053772,-0.0021208166144788265
2023-05-30 19:56:15.065000,-0.36163195967674255,-0.002177349990233779
2023-05-30 19:57:15.050000,-0.47946760058403015,-0.0020582000724971294
2023-05-30 19:58:14.997000,-0.31464847922325134,-0.0022092333529144526
2023-05-30 19:59:15.113000,-0.20285387337207794,-0.0020651693921536207
2023-05-30 20:00:15.017000,-0.21596647799015045,-0.00215320335701108
2023-05-30 20:01:14.986000,-0.31433814764022827,-0.0021093219984322786
2023-05-30 20:02:14.981000,-0.40122607350349426,-0.0021511332597583532
2023-05-30 20:03:15.074000,-0.2259860336780548,-0.002206771867349744
2023-05-30 20:04:15.012000,-0.3772658407688141,-0.0021624560467898846
2023-05-30 20:05:14.845000,-0.3737328350543976,-0.0019771165680140257
2023-05-30 20:06:15.098000,-0.23427991569042206,-0.002132216701284051
2023-05-30 20:07:15.043000,-0.23588630557060242,-0.002120783319696784
2023-05-30 20:08:15.085000,-0.21839161217212677,-0.0021051864605396986
2023-05-30 20:09:15.005000,-0.31796813011169434,-0.002115616574883461
2023-05-30 20:10:15.018000,-0.23510190844535828,-0.0021326779387891293
2023-05-30 20:11:14.949000,-0.22841155529022217,-0.0021426102612167597
2023-05-30 20:12:15.389000,-0.3052208125591278,-0.0021245332900434732
2023-05-30 20:13:15.222000,-0.11832933127880096,-0.0021586441434919834
2023-05-30 20:14:15.187000,-0.11919014900922775,-0.002133491449058056
2023-05-30 20:15:15.039000,-0.190997913479805,-0.002124879276379943
2023-05-30 20:16:15.074000,-0.31138622760772705,-0.002205600030720234
2023-05-30 20:17:15.140000,-0.42802178859710693,-0.0021927966736257076
2023-05-30 20:18:15.048000,-0.24453823268413544,-0.002118383301422
2023-05-30 20:19:14.973000,-0.3467373549938202,-0.002139533404260874
2023-05-30 20:20:14.945000,-0.23127397894859314,-0.002166545484215021
2023-05-30 20:21:15.027000,-0.16968756914138794,-0.0020612000953406096
2023-05-30 20:22:15.056000,-0.16611091792583466,-0.0021086500491946936
2023-05-30 20:23:14.939000,-0.1644858717918396,-0.00206077191978693
2023-05-30 20:24:15.050000,-0.3761761486530304,-0.002033310243859887
2023-05-30 20:25:15.083000,-0.3673003315925598,-0.002042833250015974
2023-05-30 20:26:15.031000,-0.415023535490036,-0.002040616702288389
2023-05-30 20:27:14.932000,-0.4375735819339752,-0.0021119832526892424
2023-05-30 20:28:15.017000,-0.26498717069625854,-0.0020845255348831415
2023-05-30 20:29:15.186000,-0.24184943735599518,-0.002137583214789629
2023-05-30 20:30:15.004000,-0.2523325979709625,-0.0021260168869048357
2023-05-30 20:31:14.981000,-0.3542344272136688,-0.002182949101552367
2023-05-30 20:32:15.041000,-0.4418746531009674,-0.0021634066943079233
2023-05-30 20:33:15.055000,-0.3273124098777771,-0.002133583417162299
2023-05-30 20:34:15.031000,-0.4524511992931366,-0.0021573929116129875
2023-05-30 20:35:15.067000,-0.3509012758731842,-0.0019525166135281324
2023-05-30 20:36:15.029000,-0.32076674699783325,-0.0020678245928138494
2023-05-30 20:37:14.995000,-0.3121100068092346,-0.002202859614044428
2023-05-30 20:38:14.991000,-0.26430752873420715,0.003345016622915864
2023-05-30 20:39:14.941000,-0.40775611996650696,0.00026079308008775115
2023-05-30 20:40:15.028000,-0.33514246344566345,-0.0020861332304775715
2023-05-30 20:41:15.074000,-0.4121473431587219,-0.002076762728393078
2023-05-30 20:42:14.949000,-0.3298582434654236,-0.0021206552628427744
2023-05-30 20:43:14.972000,-0.21801388263702393,-0.0021043834276497364
2023-05-30 20:44:15.073000,-0.2517373263835907,0.004510440863668919
2023-05-30 20:45:14.798000,-0.28981661796569824,0.028708966448903084
2023-05-30 20:46:14.948000,-0.3930855095386505,0.016181141138076782
2023-05-30 20:47:15.047000,-0.4771795868873596,0.01696159318089485
2023-05-30 20:48:14.980000,-0.32700932025909424,0.018900655210018158
2023-05-30 20:49:14.978000,-0.38565412163734436,0.021145017817616463
2023-05-30 20:50:14.986000,-0.22246961295604706,0.02097979560494423
2023-05-30 20:51:15.035000,-0.23153220117092133,0.02360696531832218
2023-05-30 20:52:15.048000,-0.22966882586479187,0.025144116953015327
2023-05-30 20:53:14.999000,-0.25259721279144287,0.02567650005221367
2023-05-30 20:54:14.939000,-0.4698176980018616,0.026026133447885513
2023-05-30 20:55:14.918000,-0.4181991219520569,0.027957549318671227
2023-05-30 20:56:14.962000,-0.47681179642677307,0.03164932131767273
2023-05-30 20:57:15.069000,-0.283122718334198,0.03542333468794823
2023-05-30 20:58:15.051000,-0.20439839363098145,0.037030965089797974
2023-05-30 20:59:14.945000,-0.21633894741535187,0.035391949117183685
2023-05-30 21:00:14.970000,-0.2012651115655899,0.035902559757232666
2023-05-30 21:01:15.357000,-0.3091908097267151,0.03846734017133713
2023-05-30 21:02:15.170000,-0.36949002742767334,0.044070981442928314
2023-05-30 21:03:15.151000,-0.3649979829788208,0.045907095074653625
2023-05-30 21:04:15.308000,-0.33682334423065186,0.04770481213927269
2023-05-30 21:05:15.258000,-0.2212362140417099,0.05106086656451225
2023-05-30 21:06:15.394000,-0.19551031291484833,0.052203916013240814
2023-05-30 21:07:15.296000,-0.17007265985012054,0.051776446402072906
2023-05-30 21:08:15.220000,-0.17489542067050934,0.05150080844759941
2023-05-30 21:09:14.937000,-0.35638538002967834,0.04848450794816017
2023-05-30 21:10:15.043000,-0.35165756940841675,0.04147886484861374
2023-05-30 21:11:14.978000,-0.3666519224643707,0.03816535696387291
2023-05-30 21:12:14.941000,-0.2357434183359146,0.03627113625407219
2023-05-30 21:13:15.120000,-0.23755304515361786,0.036465492099523544
2023-05-30 21:14:14.999000,-0.20324943959712982,0.03748110309243202
2023-05-30 21:15:14.915000,-0.2007194459438324,0.03830406814813614
2023-05-30 21:16:14.978000,-0.2529664635658264,0.03996619954705238
2023-05-30 21:17:14.910000,-0.32804784178733826,0.043168265372514725
2023-05-30 21:18:14.914000,-0.29833075404167175,0.05082527548074722
2023-05-30 21:19:15.077000,-0.21323944628238678,0.05228479951620102
2023-05-30 21:20:14.965000,-0.1397906094789505,0.04565484821796417
2023-05-30 21:21:14.906000,-0.2032541185617447,0.03981562703847885
2023-05-30 21:22:15.034000,-0.2681470215320587,0.0408073291182518
2023-05-30 21:23:14.954000,-0.30096471309661865,0.04376613348722458
2023-05-30 21:24:14.957000,-0.47052326798439026,0.05031405761837959
2023-05-30 21:25:14.792000,-0.5089497566223145,0.059200484305620193
2023-05-30 21:26:14.963000,-0.38264361023902893,0.0690074935555458
2023-05-30 21:27:14.987000,-0.23291940987110138,0.07426668703556061
2023-05-30 21:28:14.964000,-0.2277817726135254,0.07367740571498871
2023-05-30 21:29:14.897000,-0.2307417094707489,0.06950349360704422
2023-05-30 21:30:14.946000,-0.23580831289291382,0.06847481429576874
2023-05-30 21:31:14.990000,-0.408788800239563,0.06997144967317581
2023-05-30 21:32:15.010000,-0.5475618243217468,0.06676186621189117
2023-05-30 21:33:15.081000,-0.48807790875434875,0.06578508764505386
2023-05-30 21:34:15.002000,-0.32973435521125793,0.06393121182918549
2023-05-30 21:35:15.031000,-0.2318132519721985,0.06230328232049942
2023-05-30 21:36:15.024000,-0.24037623405456543,0.06691309809684753
2023-05-30 21:37:14.974000,-0.2432522475719452,0.0801352933049202
2023-05-30 21:38:14.980000,-0.23523728549480438,0.1601022332906723
2023-05-30 21:39:15.142000,-0.4091973602771759,0.1860688328742981
2023-05-30 21:40:15.020000,-0.4994600713253021,0.16649316251277924
2023-05-30 21:41:14.942000,-0.4008459150791168,0.19944146275520325
2023-05-30 21:42:14.966000,-0.2883184254169464,0.20406462252140045
2023-05-30 21:43:15.058000,-0.2853556275367737,0.2111395299434662
2023-05-30 21:44:15.011000,-0.2347687929868698,0.22126410901546478
2023-05-30 21:45:14.961000,-0.21646663546562195,0.23136211931705475
2023-05-30 21:46:15.217000,-0.330451101064682,0.23994648456573486
2023-05-30 21:47:14.940000,-0.5082131624221802,0.23771508038043976
2023-05-30 21:48:14.984000,-0.40415820479393005,0.22297009825706482
2023-05-30 21:49:14.932000,-0.2323169857263565,0.20408223569393158
2023-05-30 21:50:15.064000,-0.2902376353740692,0.19280964136123657
2023-05-30 21:51:14.983000,-0.310042142868042,0.18942798674106598
2023-05-30 21:52:14.934000,-0.31101229786872864,0.18751804530620575
2023-05-30 21:53:14.940000,-0.28904980421066284,0.18542064726352692
2023-05-30 21:54:14.999000,-0.4368501305580139,0.1838930994272232
2023-05-30 21:55:14.995000,-0.49365055561065674,0.18394030630588531
2023-05-30 21:56:15.069000,-0.28334957361221313,0.1837584525346756
2023-05-30 21:57:15.059000,-0.1758359670639038,0.18411773443222046
2023-05-30 21:58:15.007000,-0.15826880931854248,0.18329022824764252
2023-05-30 21:59:15.088000,-0.20689216256141663,0.1842232048511505
2023-05-30 22:00:14.874000,-0.22339630126953125,0.18462833762168884
2023-05-30 22:01:14.949000,-0.33741533756256104,0.18591642379760742
2023-05-30 22:02:15.074000,-0.5172770023345947,0.18776291608810425
2023-05-30 22:03:15.041000,-0.29080885648727417,0.18968744575977325
2023-05-30 22:04:14.930000,-0.1492331326007843,0.19258174300193787
2023-05-30 22:05:14.957000,-0.14091143012046814,0.19574467837810516
2023-05-30 22:06:14.883000,-0.14431466162204742,0.19946542382240295
2023-05-30 22:07:14.878000,-0.14881151914596558,0.20320701599121094
2023-05-30 22:08:14.922000,-0.16264621913433075,0.20725372433662415
2023-05-30 22:09:14.890000,-0.4295598268508911,0.2120407521724701
2023-05-30 22:10:14.753000,-0.458265483379364,0.21779903769493103
2023-05-30 22:11:14.941000,-0.22533491253852844,0.22331590950489044
2023-05-30 22:12:14.858000,-0.14488910138607025,0.2297789305448532
2023-05-30 22:13:14.939000,-0.11786773055791855,0.2362366020679474
2023-05-30 22:14:14.914000,-0.13885608315467834,0.24200758337974548
2023-05-30 22:15:14.964000,-0.261413037776947,0.24674250185489655
2023-05-30 22:16:14.981000,-0.38342639803886414,0.2526073753833771
2023-05-30 22:17:14.926000,-0.6492496728897095,0.25980105996131897
2023-05-30 22:18:14.996000,-0.46193331480026245,0.26655516028404236
2023-05-30 22:19:14.987000,-0.362140029668808,0.2751085162162781
2023-05-30 22:20:14.899000,-0.36554718017578125,0.2819042205810547
2023-05-30 22:21:14.873000,-0.3606344759464264,0.28903353214263916
2023-05-30 22:22:14.858000,-0.30163446068763733,0.2979161739349365
2023-05-30 22:23:14.878000,-0.3030904233455658,0.30657267570495605
2023-05-30 22:24:14.976000,-0.5782184600830078,0.31357428431510925
2023-05-30 22:25:14.937000,-0.5598200559616089,0.32054421305656433
2023-05-30 22:26:14.861000,-0.3010438084602356,0.32736265659332275
2023-05-30 22:27:14.988000,-0.32100290060043335,0.3335035443305969
2023-05-30 22:28:14.873000,-0.3653969466686249,0.33678892254829407
2023-05-30 22:29:14.935000,-0.3689529597759247,0.3402571380138397
2023-05-30 22:30:14.894000,-0.3702537417411804,0.34640267491340637
2023-05-30 22:31:14.963000,-0.4559667706489563,0.3534490466117859
2023-05-30 22:32:14.889000,-0.6736970543861389,0.3606472909450531
2023-05-30 22:33:14.939000,-0.37596145272254944,0.3686406910419464
2023-05-30 22:34:14.913000,-0.2963084578514099,0.38306644558906555
2023-05-30 22:35:14.896000,-0.2989294230937958,0.4016067087650299
2023-05-30 22:36:14.901000,-0.3047731816768646,0.416216105222702
2023-05-30 22:37:14.967000,-0.3539896607398987,0.4304409921169281
2023-05-30 22:38:14.846000,-0.36585110425949097,0.43974569439888
2023-05-30 22:39:14.858000,-0.6765157580375671,0.44411832094192505
2023-05-30 22:40:14.972000,-0.5659337043762207,0.4549659192562103
2023-05-30 22:41:14.909000,-0.2848367691040039,0.46768996119499207
2023-05-30 22:42:14.879000,-0.2884840965270996,0.4802893102169037
2023-05-30 22:43:14.874000,-0.28117138147354126,0.49217337369918823
2023-05-30 22:44:14.873000,-0.2768644392490387,0.5038682222366333
2023-05-30 22:45:14.865000,-0.27603182196617126,0.5174571871757507
2023-05-30 22:46:14.952000,-0.5040369033813477,0.532246470451355
2023-05-30 22:47:14.835000,-0.7157227396965027,0.5483591556549072
2023-05-30 22:48:14.896000,-0.3644756078720093,0.5593270063400269
2023-05-30 22:49:14.932000,-0.34744101762771606,0.5661830306053162
2023-05-30 22:50:14.741000,-0.2922561466693878,0.5821278691291809
2023-05-30 22:51:14.882000,-0.2886039614677429,0.6032694578170776
2023-05-30 22:52:14.932000,-0.2820284366607666,0.6108314990997314
2023-05-30 22:53:14.927000,-0.14388473331928253,0.6200645565986633
2023-05-30 22:54:14.939000,-0.4639586806297302,0.6251522898674011
2023-05-30 22:55:14.914000,-0.26168888807296753,0.628544807434082
2023-05-30 22:56:14.944000,-0.17197158932685852,0.6346955299377441
2023-05-30 22:57:14.918000,-0.16304445266723633,0.6483318209648132
2023-05-30 22:58:14.875000,-0.15070977807044983,0.6574795246124268
2023-05-30 22:59:14.905000,-0.10201766341924667,0.6609017848968506
2023-05-30 23:00:15.014000,-0.04113403335213661,0.6690313816070557
2023-05-30 23:01:14.867000,-0.2771570384502411,0.6713024377822876
2023-05-30 23:02:14.940000,-0.37648704648017883,0.6758239269256592
2023-05-30 23:03:14.932000,-0.04339754953980446,0.6886494755744934
2023-05-30 23:04:14.852000,-0.038626816123723984,0.7017756104469299
2023-05-30 23:05:14.853000,-0.04782598465681076,0.7147669196128845
2023-05-30 23:06:14.951000,-0.16262048482894897,0.6425937414169312
2023-05-30 23:07:14.915000,-0.19556520879268646,0.6700379252433777
2023-05-30 23:08:14.972000,-0.3322373330593109,0.7352679371833801
2023-05-30 23:09:14.943000,-0.610179603099823,0.751449465751648
2023-05-30 23:10:14.964000,-0.2838250696659088,0.7604125142097473
2023-05-30 23:11:14.968000,-0.21286088228225708,0.7664783596992493
2023-05-30 23:12:14.906000,-0.22096365690231323,0.77486252784729
2023-05-30 23:13:14.919000,-0.2268633097410202,0.785590410232544
2023-05-30 23:14:14.965000,-0.2423623949289322,0.7934798002243042
2023-05-30 23:15:14.956000,-0.24377386271953583,0.8026533126831055
2023-05-30 23:16:14.989000,-0.6205620765686035,0.814743161201477
2023-05-30 23:17:14.913000,-0.5832915306091309,0.8299315571784973
2023-05-30 23:18:14.988000,-0.3110627233982086,0.8414681553840637
2023-05-30 23:19:14.936000,-0.289215624332428,0.8551000356674194
2023-05-30 23:20:14.885000,-0.242974191904068,0.8684553503990173
2023-05-30 23:21:14.942000,-0.245630145072937,0.881533145904541
2023-05-30 23:22:14.842000,-0.24742764234542847,0.9000678658485413
2023-05-30 23:23:14.994000,-0.37261420488357544,0.935486376285553
2023-05-30 23:24:14.897000,-0.596832275390625,0.9807302355766296
2023-05-30 23:25:14.903000,-0.3226296901702881,0.769460916519165
2023-05-30 23:26:14.830000,-0.3071441650390625,0.8001505732536316
2023-05-30 23:27:14.875000,-0.31202593445777893,0.958540141582489
2023-05-30 23:28:14.830000,-0.30470332503318787,1.0588221549987793
2023-05-30 23:29:14.876000,-0.25968754291534424,1.1569141149520874
2023-05-30 23:30:14.717000,-0.2555709481239319,1.1439272165298462
2023-05-30 23:31:14.894000,-0.5657284259796143,1.1543222665786743
2023-05-30 23:32:14.878000,-0.46715807914733887,1.147061824798584
2023-05-30 23:33:14.834000,-0.24307388067245483,1.1507627964019775
2023-05-30 23:34:14.831000,-0.24063345789909363,1.086927056312561
2023-05-30 23:35:14.815000,-0.29124417901039124,0.998698890209198
2023-05-30 23:36:14.853000,-0.303603857755661,0.939281702041626
2023-05-30 23:37:14.867000,-0.30738162994384766,1.1450918912887573
2023-05-30 23:38:14.874000,-0.4620523750782013,1.1778706312179565
2023-05-30 23:39:14.971000,-0.5507918000221252,1.2103654146194458
2023-05-30 23:40:14.938000,-0.2854437232017517,1.2208943367004395
2023-05-30 23:41:14.860000,-0.22732573747634888,0.857880711555481
2023-05-30 23:42:14.913000,-0.23394247889518738,0.5071462392807007
2023-05-30 23:43:14.976000,-0.228943333029747,1.10801100730896
2023-05-30 23:44:14.878000,-0.23666881024837494,1.2469573020935059
2023-05-30 23:45:14.890000,-0.35529273748397827,1.0460704565048218
2023-05-30 23:46:14.854000,-0.6081374883651733,1.1121760606765747
2023-05-30 23:47:14.916000,-0.479143351316452,1.1194884777069092
2023-05-30 23:48:14.823000,-0.22259174287319183,0.8999186158180237
2023-05-30 23:49:14.924000,-0.2006622552871704,0.706145167350769
2023-05-30 23:50:14.913000,-0.1402791142463684,0.3637476861476898
2023-05-30 23:51:14.807000,-0.12232130020856857,0.31971976161003113
2023-05-30 23:52:14.932000,-0.1306367665529251,0.34352147579193115
2023-05-30 23:53:14.863000,-0.34698721766471863,0.38913774490356445
2023-05-30 23:54:14.876000,-0.46753793954849243,0.4148446321487427
2023-05-30 23:55:14.894000,-0.2303846776485443,0.3990088999271393
2023-05-30 23:56:14.886000,-0.20495353639125824,0.49079108238220215
2023-05-30 23:57:14.944000,-0.20313416421413422,0.6625101566314697
2023-05-30 23:58:14.919000,-0.16843798756599426,0.5258297920227051
2023-05-30 23:59:14.855000,-0.1655937135219574,0.4831528961658478
