timestamp,0/Active Power,1/Active Power
2023-01-01 00:00:55.699000,-0.14425723254680634,0.29989078640937805
2023-01-01 00:01:55.351000,-0.7115107774734497,0.30708009004592896
2023-01-01 00:02:55.381000,-0.5184916853904724,0.31274062395095825
2023-01-01 00:03:55.390000,-0.32185298204421997,0.3178859055042267
2023-01-01 00:04:55.645000,-0.44765129685401917,0.3222844898700714
2023-01-01 00:05:55.398000,-0.7407627105712891,0.328200101852417
2023-01-01 00:06:55.555000,-0.38445034623146057,0.33306553959846497
2023-01-01 00:07:55.619000,-0.4194973111152649,0.33640995621681213
2023-01-01 00:08:55.330000,-0.43069249391555786,0.33728206157684326
2023-01-01 00:09:55.910000,-0.6947954297065735,0.3420597314834595
2023-01-01 00:10:55.667000,-0.8135862350463867,0.3487263023853302
2023-01-01 00:11:55.339000,-0.4348459839820862,0.3560144305229187
2023-01-01 00:12:55.802000,-0.4031483829021454,0.36302584409713745
2023-01-01 00:13:55.733000,-0.6697256565093994,0.36830848455429077
2023-01-01 00:14:55.243000,-0.36759281158447266,0.3746148943901062
2023-01-01 00:15:55.333000,-0.3437376916408539,0.3796858787536621
2023-01-01 00:16:55.393000,-0.34650444984436035,0.38683179020881653
2023-01-01 00:17:55.579000,-0.5760059952735901,0.39323505759239197
2023-01-01 00:18:55.814000,-0.6822147369384766,0.39885327219963074
2023-01-01 00:19:55.644000,-0.3261346220970154,0.4049869477748871
2023-01-01 00:20:55.992000,-0.4659777283668518,0.41021615266799927
2023-01-01 00:21:55.344000,-0.4592125713825226,0.41455498337745667
2023-01-01 00:22:55.674000,-0.32343098521232605,0.41997572779655457
2023-01-01 00:23:55.532000,-0.30998659133911133,0.4269969165325165
2023-01-01 00:24:55.540000,-0.5058736205101013,0.43485376238822937
2023-01-01 00:25:55.379000,-0.4048258066177368,0.43963417410850525
2023-01-01 00:26:55.386000,-0.7484539151191711,0.44471895694732666
2023-01-01 00:27:55.369000,-0.31615889072418213,0.4533795714378357
2023-01-01 00:28:55.231000,-0.4509275555610657,0.4619982838630676
2023-01-01 00:29:55.612000,-0.46929484605789185,0.46473103761672974
2023-01-01 00:30:55.627000,-0.3009818196296692,0.46711671352386475
2023-01-01 00:31:56.264000,-0.27298668026924133,0.47216784954071045
2023-01-01 00:32:55.458000,-0.2907431125640869,0.4779592752456665
2023-01-01 00:33:55.643000,-0.5618022680282593,0.4862781763076782
2023-01-01 00:34:55.614000,-0.6001590490341187,0.49205172061920166
2023-01-01 00:35:55.202000,-0.2892685532569885,0.49956998229026794
2023-01-01 00:36:55.692000,-0.2351527065038681,0.5050681829452515
2023-01-01 00:37:55.690000,-0.5209869742393494,0.5092728137969971
2023-01-01 00:38:55.526000,-0.30309972167015076,0.5090263485908508
2023-01-01 00:39:55.539000,-0.24982643127441406,0.5099459886550903
2023-01-01 00:40:55.258000,-0.2900674343109131,0.5169955492019653
2023-01-01 00:41:55.259000,-0.419106125831604,0.5277884602546692
2023-01-01 00:42:55.523000,-0.8021674156188965,0.5417319536209106
2023-01-01 00:43:55.353000,-0.36559996008872986,0.5587476491928101
2023-01-01 00:44:55.782000,-0.32298892736434937,0.5687894821166992
2023-01-01 00:45:55.656000,-0.38980457186698914,0.5714831948280334
2023-01-01 00:46:55.353000,-0.500700056552887,0.5743373036384583
2023-01-01 00:47:55.507000,-0.3282264769077301,0.5867236852645874
2023-01-01 00:48:55.738000,-0.3138848841190338,0.6041112542152405
2023-01-01 00:49:55.682000,-0.45617425441741943,0.6220996975898743
2023-01-01 00:50:55.260000,-0.5916492342948914,0.6406109929084778
2023-01-01 00:51:55.429000,-0.35634395480155945,0.658263087272644
2023-01-01 00:52:55.341000,-0.25506791472435,0.6804003119468689
2023-01-01 00:53:55.533000,-0.43119582533836365,0.7279470562934875
2023-01-01 00:54:55.721000,-0.2865601181983948,0.8140756487846375
2023-01-01 00:55:55.274000,-0.24376118183135986,0.9015936255455017
2023-01-01 00:56:55.263000,-0.19880129396915436,0.9259936809539795
2023-01-01 00:57:55.657000,-0.5262991786003113,0.924891471862793
2023-01-01 00:58:55.318000,-0.44128161668777466,0.936468243598938
2023-01-01 00:59:55.269000,-0.632645308971405,0.9410422444343567
2023-01-01 01:00:55.301000,-0.32851698994636536,0.9357827305793762
2023-01-01 01:01:55.285000,-0.6952012181282043,0.9518334865570068
2023-01-01 01:02:55.555000,-0.3719369173049927,0.9802404642105103
2023-01-01 01:03:55.721000,-0.34093430638313293,0.98497474193573
2023-01-01 01:04:55.653000,-0.3537190854549408,0.9715216159820557
2023-01-01 01:05:55.566000,-0.6472864747047424,0.988947331905365
2023-01-01 01:06:55.726000,-0.3397676348686218,1.009125828742981
2023-01-01 01:07:55.619000,-0.7453958988189697,1.031066656112671
2023-01-01 01:08:55.488000,-0.34258195757865906,1.0442991256713867
2023-01-01 01:09:55.304000,-0.49850592017173767,1.0554455518722534
2023-01-01 01:10:55.467000,-0.5655287504196167,1.0627213716506958
2023-01-01 01:11:55.192000,-0.3334033787250519,1.0748142004013062
2023-01-01 01:12:55.249000,-0.30762603878974915,1.0724174976348877
2023-01-01 01:13:55.467000,-0.2717141807079315,1.07473623752594
2023-01-01 01:14:56.237000,-0.5299568772315979,1.0742928981781006
2023-01-01 01:15:55.599000,-0.5060862898826599,1.0708404779434204
2023-01-01 01:16:55.268000,-0.47031188011169434,1.0757977962493896
2023-01-01 01:17:55.261000,-0.25183722376823425,1.0972040891647339
2023-01-01 01:18:55.534000,-0.27434104681015015,1.1210881471633911
2023-01-01 01:19:55.578000,-0.27692028880119324,1.1323298215866089
2023-01-01 01:20:55.191000,-0.2753813862800598,1.1191587448120117
2023-01-01 01:21:56.612000,-0.27831920981407166,1.1017731428146362
2023-01-01 01:22:56.278000,-0.2802472412586212,1.1142431497573853
2023-01-01 01:23:55.168000,-0.30421000719070435,1.1392580270767212
2023-01-01 01:24:55.681000,-0.742563009262085,1.1387817859649658
2023-01-01 01:25:55.752000,-0.2924904227256775,1.1529531478881836
2023-01-01 01:26:55.608000,-0.25817665457725525,1.1343293190002441
2023-01-01 01:27:55.746000,-0.265941321849823,1.1681791543960571
2023-01-01 01:28:55.268000,-0.23142759501934052,1.2404286861419678
2023-01-01 01:29:55.136000,-0.16512882709503174,1.2714663743972778
2023-01-01 01:30:55.285000,-0.17769686877727509,1.2563425302505493
2023-01-01 01:31:55.702000,-0.1751856803894043,1.2507848739624023
2023-01-01 01:32:55.547000,-0.31539425253868103,1.2820547819137573
2023-01-01 01:33:55.794000,-0.5242984294891357,1.306410312652588
2023-01-01 01:34:55.278000,-0.1965949386358261,1.3255096673965454
2023-01-01 01:35:55.432000,-0.20254912972450256,1.327904224395752
2023-01-01 01:36:55.577000,-0.2047969400882721,1.3424118757247925
2023-01-01 01:37:55.500000,-0.19636912643909454,1.340574026107788
2023-01-01 01:38:55.580000,-0.1814398169517517,1.3379557132720947
2023-01-01 01:39:55.126000,-0.12145781517028809,1.3344000577926636
2023-01-01 01:40:55.527000,-0.11906176805496216,1.3471893072128296
2023-01-01 01:41:55.143000,-0.46165937185287476,1.3801679611206055
2023-01-01 01:42:55.225000,-0.14615820348262787,1.3754874467849731
2023-01-01 01:43:55.456000,-0.07909145206212997,1.376595139503479
2023-01-01 01:44:55.172000,-0.07304118573665619,1.3786685466766357
2023-01-01 01:45:55.814000,-0.0867692157626152,1.411833643913269
2023-01-01 01:46:55.351000,-0.11016715317964554,1.4274182319641113
2023-01-01 01:47:55.674000,-0.09858741611242294,1.4202492237091064
2023-01-01 01:48:55.774000,-0.1027747169137001,1.390164852142334
2023-01-01 01:49:55.175000,-0.17449188232421875,1.4032654762268066
2023-01-01 01:50:55.577000,-0.3746917247772217,1.40420663356781
2023-01-01 01:51:55.246000,-0.11921464651823044,1.3990877866744995
2023-01-01 01:52:55.626000,-0.07433179765939713,1.3995304107666016
2023-01-01 01:53:55.301000,-0.08418393135070801,1.4210686683654785
2023-01-01 01:54:55.186000,-0.2025620937347412,1.4378795623779297
2023-01-01 01:55:55.735000,-0.26300811767578125,1.470725655555725
2023-01-01 01:56:55.605000,-0.2747162878513336,1.4738876819610596
2023-01-01 01:57:55.145000,-0.330896258354187,1.4807415008544922
2023-01-01 01:58:55.643000,-0.7028502225875854,1.4486806392669678
2023-01-01 01:59:55.503000,-0.40472832322120667,1.4145997762680054
2023-01-01 02:00:55.138000,-0.3566557765007019,1.438185214996338
2023-01-01 02:01:55.444000,-0.34248653054237366,1.4560691118240356
2023-01-01 02:02:55.206000,-0.36887362599372864,1.4638696908950806
2023-01-01 02:03:55.185000,-0.3301680386066437,1.4367810487747192
2023-01-01 02:04:55.221000,-0.3232343792915344,1.4048951864242554
2023-01-01 02:05:55.170000,-0.33196166157722473,1.4704842567443848
2023-01-01 02:06:55.447000,-0.32608941197395325,1.511254906654358
2023-01-01 02:07:55.151000,-0.6241211891174316,1.5140460729599
2023-01-01 02:08:55.561000,-0.2882927358150482,1.4688647985458374
2023-01-01 02:09:55.194000,-0.2311713546514511,1.4700461626052856
2023-01-01 02:10:55.136000,-0.18801087141036987,1.5103051662445068
2023-01-01 02:11:55.351000,-0.21277335286140442,1.5649605989456177
2023-01-01 02:12:55.201000,-0.2304992973804474,1.5382689237594604
2023-01-01 02:13:55.111000,-0.2167561650276184,1.4703879356384277
2023-01-01 02:14:55.605000,-0.23751385509967804,1.4929171800613403
2023-01-01 02:15:55.128000,-0.44042378664016724,1.5236549377441406
2023-01-01 02:16:55.233000,-0.3908320367336273,1.5120878219604492
2023-01-01 02:17:55.099000,-0.2581948935985565,1.48357093334198
2023-01-01 02:18:55.593000,-0.2481292188167572,1.4609445333480835
2023-01-01 02:19:55.513000,-0.19119888544082642,1.4738956689834595
2023-01-01 02:20:55.539000,-0.2122003138065338,1.4916225671768188
2023-01-01 02:21:55.115000,-0.2007274478673935,1.5165318250656128
2023-01-01 02:22:55.493000,-0.21132059395313263,1.5366814136505127
2023-01-01 02:23:55.570000,-0.1930636465549469,1.5706003904342651
2023-01-01 02:24:55.674000,-0.5054627656936646,1.6002534627914429
2023-01-01 02:25:55.157000,-0.25722670555114746,1.6378506422042847
2023-01-01 02:26:55.079000,-0.16659829020500183,1.6085859537124634
2023-01-01 02:27:55.457000,-0.13496947288513184,1.6208436489105225
2023-01-01 02:28:55.357000,-0.1862097978591919,1.645123839378357
2023-01-01 02:29:55.078000,-0.19629232585430145,1.6544936895370483
2023-01-01 02:30:55.451000,-0.20112283527851105,1.6529210805892944
2023-01-01 02:31:55.433000,-0.2361242026090622,1.6201567649841309
2023-01-01 02:32:55.123000,-0.18674613535404205,1.6150972843170166
2023-01-01 02:33:55.554000,-0.5495253205299377,1.587235450744629
2023-01-01 02:34:55.557000,-0.14598208665847778,1.5691697597503662
2023-01-01 02:35:55.415000,-0.1733258068561554,1.579616665840149
2023-01-01 02:36:55.460000,-0.15729516744613647,1.5919362306594849
2023-01-01 02:37:55.387000,-0.1783474236726761,1.6078084707260132
2023-01-01 02:38:55.447000,-0.19429227709770203,1.6380358934402466
2023-01-01 02:39:55.541000,-0.20372861623764038,1.6690502166748047
2023-01-01 02:40:55.428000,-0.24107855558395386,1.6267588138580322
2023-01-01 02:41:55.568000,-0.22956426441669464,1.5897972583770752
2023-01-01 02:42:55.089000,-0.561139702796936,1.6587389707565308
2023-01-01 02:43:55.568000,-0.13936348259449005,1.7045258283615112
2023-01-01 02:44:55.614000,-0.1264115422964096,1.7459830045700073
2023-01-01 02:45:55.401000,-0.11628879606723785,1.6966814994812012
2023-01-01 02:46:55.407000,-0.12370476871728897,1.6904256343841553
2023-01-01 02:47:55.447000,-0.09573083370923996,1.7199128866195679
2023-01-01 02:48:55.437000,-0.13425573706626892,1.659645438194275
2023-01-01 02:49:55.522000,-0.1182677149772644,1.6520915031433105
2023-01-01 02:50:55.510000,-0.3232956528663635,1.6259291172027588
2023-01-01 02:51:55.533000,-0.5172938108444214,1.655173420906067
2023-01-01 02:52:55.521000,-0.2810378670692444,1.7052586078643799
2023-01-01 02:53:55.222000,-0.2928343415260315,1.7501118183135986
2023-01-01 02:54:55.472000,-0.27503252029418945,1.766699194908142
2023-01-01 02:55:55.598000,-0.264060378074646,1.7598083019256592
2023-01-01 02:56:55.481000,-0.23951169848442078,1.764227271080017
2023-01-01 02:57:55.565000,-0.2763972282409668,1.753787636756897
2023-01-01 02:58:55.578000,-0.20791813731193542,1.7414859533309937
2023-01-01 02:59:55.086000,-0.37328416109085083,1.7687135934829712
2023-01-01 03:00:55.676000,-0.46223264932632446,1.7985347509384155
2023-01-01 03:01:55.145000,-0.23915401101112366,1.8305927515029907
2023-01-01 03:02:55.481000,-0.2343726009130478,1.8139814138412476
2023-01-01 03:03:55.702000,-0.22300663590431213,1.7975695133209229
2023-01-01 03:04:55.610000,-0.230768084526062,1.7574446201324463
2023-01-01 03:05:55.082000,-0.1357259899377823,1.7590205669403076
2023-01-01 03:06:55.461000,-0.16968019306659698,1.7846094369888306
2023-01-01 03:07:56.162000,-0.18402543663978577,1.8082895278930664
2023-01-01 03:08:55.546000,-0.44505295157432556,1.842663049697876
2023-01-01 03:09:55.411000,-0.3420851230621338,1.826094388961792
2023-01-01 03:10:55.308000,-0.2490396648645401,1.8245278596878052
2023-01-01 03:11:55.039000,-0.301466166973114,1.8572630882263184
2023-01-01 03:12:55.530000,-0.3802492022514343,1.8323640823364258
2023-01-01 03:13:55.303000,-0.4235799014568329,1.8412327766418457
2023-01-01 03:14:55.052000,-0.40412068367004395,1.8900976181030273
2023-01-01 03:15:55.348000,-0.38945838809013367,1.8689156770706177
2023-01-01 03:16:55.129000,-0.3499852418899536,1.8471938371658325
2023-01-01 03:17:55.318000,-0.6436309218406677,1.8401240110397339
2023-01-01 03:18:56.095000,-0.4495490491390228,1.8761883974075317
2023-01-01 03:19:55.476000,-0.354373574256897,1.922123908996582
2023-01-01 03:20:55.287000,-0.3448818624019623,1.906636357307434
2023-01-01 03:21:55.059000,-0.34088876843452454,1.8642345666885376
2023-01-01 03:22:55.466000,-0.3262958228588104,1.8417764902114868
2023-01-01 03:23:55.390000,-0.3551468849182129,1.8874658346176147
2023-01-01 03:24:55.374000,-0.3549827039241791,1.9044115543365479
2023-01-01 03:25:55.399000,-0.3709881603717804,1.9026626348495483
2023-01-01 03:26:55.279000,-0.6494717001914978,1.9016426801681519
2023-01-01 03:27:55.541000,-0.3950539231300354,1.9010107517242432
2023-01-01 03:28:55.397000,-0.32601091265678406,1.9125087261199951
2023-01-01 03:29:55.503000,-0.2787002921104431,1.9226884841918945
2023-01-01 03:30:55.465000,-0.27178260684013367,1.9238852262496948
2023-01-01 03:31:55.546000,-0.28663450479507446,1.9036883115768433
2023-01-01 03:32:55.383000,-0.25845053791999817,1.9232888221740723
2023-01-01 03:33:55.547000,-0.301874577999115,1.9626762866973877
2023-01-01 03:34:55.074000,-0.36815282702445984,1.9616681337356567
2023-01-01 03:35:55.047000,-0.7668323516845703,1.9353172779083252
2023-01-01 03:36:55.326000,-0.34855854511260986,1.931647539138794
2023-01-01 03:37:55.056000,-0.29390475153923035,1.9124298095703125
2023-01-01 03:38:55.290000,-0.24077759683132172,1.9251396656036377
2023-01-01 03:39:55.487000,-0.22345340251922607,1.934809684753418
2023-01-01 03:40:55.355000,-0.17724326252937317,1.9534024000167847
2023-01-01 03:41:55.496000,-0.20156332850456238,1.9429250955581665
2023-01-01 03:42:55.541000,-0.20031124353408813,1.9455721378326416
2023-01-01 03:43:55.303000,-0.3306613266468048,1.9775201082229614
2023-01-01 03:44:55.343000,-0.44870084524154663,1.9948875904083252
2023-01-01 03:45:55.543000,-0.20737440884113312,1.9639216661453247
2023-01-01 03:46:55.229000,-0.22329814732074738,1.960678219795227
2023-01-01 03:47:55.365000,-0.22424748539924622,1.972567081451416
2023-01-01 03:48:55.406000,-0.21342343091964722,1.9765664339065552
2023-01-01 03:49:55.617000,-0.186269611120224,1.9700020551681519
2023-01-01 03:50:56.496000,-0.2251933366060257,1.9331554174423218
2023-01-01 03:51:55.231000,-0.2687152326107025,1.9140814542770386
2023-01-01 03:52:55.557000,-0.4104979634284973,1.933527946472168
2023-01-01 03:53:56.427000,-0.5449300408363342,1.9481587409973145
2023-01-01 03:54:55.037000,-0.32978275418281555,1.9518115520477295
2023-01-01 03:55:55.516000,-0.30719882249832153,1.9317822456359863
2023-01-01 03:56:55.271000,-0.33737820386886597,1.9439408779144287
2023-01-01 03:57:55.496000,-0.3241688907146454,1.9379568099975586
2023-01-01 03:58:55.381000,-0.37877345085144043,1.919999599456787
2023-01-01 03:59:55.041000,-0.4186649024486542,1.9143235683441162
2023-01-01 04:00:56.641000,-0.48976102471351624,1.9534082412719727
2023-01-01 04:01:55.601000,-0.5532668828964233,1.9629631042480469
2023-01-01 04:02:55.415000,-0.6972037553787231,1.959737777709961
2023-01-01 04:03:55.459000,-0.4364851117134094,1.9444382190704346
2023-01-01 04:04:55.305000,-0.3861173093318939,1.9627156257629395
2023-01-01 04:05:55.038000,-0.4051285684108734,1.978370189666748
2023-01-01 04:06:55.327000,-0.33184561133384705,1.9716612100601196
2023-01-01 04:07:55.598000,-0.31300726532936096,1.9719983339309692
2023-01-01 04:08:55.564000,-0.36916083097457886,1.9796847105026245
2023-01-01 04:09:55.546000,-0.3831852674484253,1.9844930171966553
2023-01-01 04:10:55.442000,-0.36623507738113403,1.9865264892578125
2023-01-01 04:11:55.386000,-0.5931907296180725,1.9545890092849731
2023-01-01 04:12:55.477000,-0.31677791476249695,1.92690110206604
2023-01-01 04:13:55.219000,-0.26274627447128296,1.9520143270492554
2023-01-01 04:14:55.387000,-0.2697010040283203,1.9657087326049805
2023-01-01 04:15:55.502000,-0.3065662980079651,1.9378390312194824
2023-01-01 04:16:55.457000,-0.26821368932724,1.9178357124328613
2023-01-01 04:17:55.478000,-0.2616344094276428,1.897308111190796
2023-01-01 04:18:55.459000,-0.2910422086715698,1.8395999670028687
2023-01-01 04:19:55.510000,-0.27786967158317566,1.8577111959457397
2023-01-01 04:20:56.335000,-0.6420716047286987,1.9013879299163818
2023-01-01 04:21:55.399000,-0.3039216995239258,1.8976757526397705
2023-01-01 04:22:55.034000,-0.3153550624847412,1.9322683811187744
2023-01-01 04:23:55.023000,-0.2737065553665161,1.9427727460861206
2023-01-01 04:24:55.289000,-0.17068706452846527,1.882396936416626
2023-01-01 04:25:55.271000,-0.14758458733558655,1.8496969938278198
2023-01-01 04:26:55.382000,-0.22179897129535675,1.8235098123550415
2023-01-01 04:27:55.533000,-0.22410544753074646,1.7891823053359985
2023-01-01 04:28:55.513000,-0.23065964877605438,1.7849022150039673
2023-01-01 04:29:54.940000,-0.6181623935699463,1.7802865505218506
2023-01-01 04:30:55.373000,-0.23801083862781525,1.7294210195541382
2023-01-01 04:31:55.164000,-0.25728556513786316,1.6808693408966064
2023-01-01 04:32:55.404000,-0.22137801349163055,1.7912873029708862
2023-01-01 04:33:55.368000,-0.20747290551662445,1.7805970907211304
2023-01-01 04:34:55.295000,-0.19239859282970428,1.7251282930374146
2023-01-01 04:35:55.029000,-0.2591327428817749,1.718903660774231
2023-01-01 04:36:55.309000,-0.27880287170410156,1.7508970499038696
2023-01-01 04:37:55.377000,-0.2992856502532959,1.708367109298706
2023-01-01 04:38:55.438000,-0.7591132521629333,1.6996015310287476
2023-01-01 04:39:55.245000,-0.44245490431785583,1.7312558889389038
2023-01-01 04:40:56.266000,-0.4349871575832367,1.6748199462890625
2023-01-01 04:41:55.434000,-0.4345592260360718,1.6702961921691895
2023-01-01 04:42:55.239000,-0.4049912691116333,1.6343852281570435
2023-01-01 04:43:55.403000,-0.4423442780971527,1.5782275199890137
2023-01-01 04:44:55.318000,-0.3830096423625946,1.5268571376800537
2023-01-01 04:45:55.439000,-0.3538069725036621,1.538910150527954
2023-01-01 04:46:55.349000,-0.3918055295944214,1.6226845979690552
2023-01-01 04:47:55.199000,-0.7112822532653809,1.5751410722732544
2023-01-01 04:48:55.270000,-0.589837372303009,1.1632628440856934
2023-01-01 04:49:55.475000,-0.5251401662826538,1.12100088596344
2023-01-01 04:50:55.402000,-0.3562736213207245,1.4558606147766113
2023-01-01 04:51:55.309000,-0.3458620309829712,1.2082761526107788
2023-01-01 04:52:55.338000,-0.36172589659690857,0.9460974335670471
2023-01-01 04:53:55.046000,-0.3091747760772705,0.9201092720031738
2023-01-01 04:54:55.410000,-0.258608877658844,1.0504190921783447
2023-01-01 04:55:55.443000,-0.3604007959365845,1.112455129623413
2023-01-01 04:56:55.297000,-0.5342848896980286,1.0625072717666626
2023-01-01 04:57:55.264000,-0.30115631222724915,1.3045341968536377
2023-01-01 04:58:55.397000,-0.23703578114509583,1.1130443811416626
2023-01-01 04:59:55.280000,-0.37206998467445374,0.9465524554252625
2023-01-01 05:01:55,-0.16532200574874878,1.3244096040725708
2023-01-01 05:02:55.344000,-0.17057901620864868,1.0963847637176514
2023-01-01 05:03:55.416000,-0.19473253190517426,1.0723333358764648
2023-01-01 05:04:55.267000,-0.37686577439308167,1.114464282989502
2023-01-01 05:05:55.296000,-0.4224288761615753,0.9141591787338257
2023-01-01 05:06:55.274000,-0.24564912915229797,0.9019167423248291
2023-01-01 05:07:54.958000,-0.17725828289985657,1.0017869472503662
2023-01-01 05:08:55.344000,-0.2267850786447525,1.067588210105896
2023-01-01 05:09:55.302000,-0.2007567286491394,1.006307601928711
2023-01-01 05:10:54.952000,-0.19295763969421387,0.951361894607544
2023-01-01 05:11:55.349000,-0.21178220212459564,0.8335780501365662
2023-01-01 05:12:55.220000,-0.21491464972496033,0.9196799993515015
2023-01-01 05:13:55.406000,-0.8508718609809875,1.2990154027938843
2023-01-01 05:14:55.109000,-0.47529834508895874,1.4391887187957764
2023-01-01 05:15:55.358000,-0.3312591016292572,1.580298900604248
2023-01-01 05:16:55.585000,-0.2727929949760437,1.4834344387054443
2023-01-01 05:17:55.211000,-0.2813931405544281,1.4489644765853882
2023-01-01 05:18:55.299000,-0.27210599184036255,1.5151798725128174
2023-01-01 05:19:55.304000,-0.2632678151130676,1.5292378664016724
2023-01-01 05:20:55.344000,-0.29218026995658875,1.4106910228729248
2023-01-01 05:21:55.255000,-0.23356011509895325,1.2524100542068481
2023-01-01 05:22:54.962000,-0.5155636668205261,1.3509939908981323
2023-01-01 05:23:55.299000,-0.14913955330848694,1.510979175567627
2023-01-01 05:24:55.304000,-0.09900161623954773,1.0525161027908325
2023-01-01 05:25:55.412000,-0.08331996947526932,1.2072601318359375
2023-01-01 05:26:55.248000,-0.0853995680809021,1.3507108688354492
2023-01-01 05:27:55.177000,-0.07976534962654114,1.0063912868499756
2023-01-01 05:28:55.226000,-0.20798124372959137,0.9980901479721069
2023-01-01 05:29:54.913000,-0.42883720993995667,1.5088857412338257
2023-01-01 05:30:55.002000,-0.28983524441719055,1.548996090888977
2023-01-01 05:31:54.888000,-0.3023052215576172,1.37112295627594
2023-01-01 05:32:55.261000,-0.09840826690196991,1.3275365829467773
2023-01-01 05:33:55.383000,-0.06838157027959824,1.3202472925186157
2023-01-01 05:34:55.233000,-0.08143693208694458,1.20494544506073
2023-01-01 05:35:55.198000,-0.07782566547393799,1.2462725639343262
2023-01-01 05:36:54.913000,-0.10053650289773941,1.034507155418396
2023-01-01 05:37:55.445000,-0.2618749737739563,1.116313099861145
2023-01-01 05:39:54.990000,-0.6347475647926331,0.9381359815597534
2023-01-01 05:40:55.305000,-0.2840295135974884,0.9153152704238892
2023-01-01 05:41:55.412000,-0.26340770721435547,0.7627019882202148
2023-01-01 05:42:55.349000,-0.23791837692260742,0.8437566757202148
2023-01-01 05:43:55.217000,-0.260852575302124,0.9803257584571838
2023-01-01 05:44:55.353000,-0.644569993019104,1.0421520471572876
2023-01-01 05:45:55.092000,-0.25367748737335205,0.9431009888648987
2023-01-01 05:46:55.361000,-0.252046138048172,1.3104041814804077
2023-01-01 05:47:55.213000,-0.37910041213035583,1.1890562772750854
2023-01-01 05:48:55.324000,-0.5335171222686768,0.98471599817276
2023-01-01 05:49:55.275000,-0.28241127729415894,0.8832955360412598
2023-01-01 05:50:54.943000,-0.3075697720050812,1.2241268157958984
2023-01-01 05:51:55.434000,-0.32589149475097656,1.2131240367889404
2023-01-01 05:52:54.913000,-0.28808173537254333,1.134322166442871
2023-01-01 05:53:55.256000,-0.306440144777298,0.929390549659729
2023-01-01 05:54:55.243000,-0.29659074544906616,1.1309747695922852
2023-01-01 05:55:55.288000,-0.2992238700389862,0.7672618627548218
2023-01-01 05:56:55.230000,-0.6531554460525513,1.0384351015090942
2023-01-01 05:57:55.271000,-0.35060805082321167,0.7598690986633301
2023-01-01 05:58:55.077000,-0.3459164798259735,0.9043731689453125
2023-01-01 05:59:55.313000,-0.6326439380645752,1.3473519086837769
2023-01-01 06:00:55.311000,-0.2215948849916458,0.8468596339225769
2023-01-01 06:01:55.374000,-0.26396530866622925,0.776387631893158
2023-01-01 06:02:55.260000,-0.2000787854194641,1.1455440521240234
2023-01-01 06:03:55.185000,-0.19199754297733307,1.2994710206985474
2023-01-01 06:04:54.888000,-0.30105191469192505,1.3190057277679443
2023-01-01 06:05:55.196000,-0.4335230588912964,1.297407865524292
2023-01-01 06:06:55.144000,-0.15735751390457153,1.3189330101013184
2023-01-01 06:07:55.306000,-0.16273680329322815,1.3134629726409912
2023-01-01 06:08:54.934000,-0.17883360385894775,1.273665189743042
2023-01-01 06:09:55.167000,-0.1584349125623703,1.3182127475738525
2023-01-01 06:10:55.099000,-0.19532433152198792,1.34804368019104
2023-01-01 06:11:55.217000,-0.17238298058509827,1.2642992734909058
2023-01-01 06:12:54.834000,-0.20324154198169708,1.2269574403762817
2023-01-01 06:13:55.310000,-0.8354508280754089,1.3048081398010254
2023-01-01 06:14:56.208000,-0.2793654501438141,1.334128975868225
2023-01-01 06:15:55.180000,-0.15707150101661682,1.302756667137146
2023-01-01 06:16:55.735000,-0.19848187267780304,1.236380934715271
2023-01-01 06:17:55.203000,-0.17590263485908508,1.1307109594345093
2023-01-01 06:18:55.314000,-0.213102325797081,1.0439647436141968
2023-01-01 06:19:55.154000,-0.16177868843078613,1.0441679954528809
2023-01-01 06:20:55.223000,-0.12915436923503876,1.0480940341949463
2023-01-01 06:21:55.175000,-0.28035134077072144,1.0237414836883545
2023-01-01 06:22:55.171000,-0.35819610953330994,1.081531286239624
2023-01-01 06:23:55.174000,-0.11602818220853806,1.0964007377624512
2023-01-01 06:24:55.347000,-0.12636642158031464,1.1130355596542358
2023-01-01 06:25:55.186000,-0.09994778037071228,1.075601577758789
2023-01-01 06:26:55.141000,-0.11337276548147202,1.0471769571304321
2023-01-01 06:27:54.852000,-0.3136942386627197,1.0660488605499268
2023-01-01 06:28:55.123000,-0.31863075494766235,1.086153507232666
2023-01-01 06:29:55.300000,-0.23623406887054443,1.0546828508377075
2023-01-01 06:30:55.258000,-0.6308220624923706,1.0607810020446777
2023-01-01 06:31:55.313000,-0.23085226118564606,1.0233794450759888
2023-01-01 06:32:55.189000,-0.22258202731609344,1.066274642944336
2023-01-01 06:33:55.137000,-0.23033198714256287,1.0858709812164307
2023-01-01 06:34:55.210000,-0.2503971755504608,0.993378758430481
2023-01-01 06:35:55.131000,-0.3603467643260956,0.9540249109268188
2023-01-01 06:36:55.112000,-0.31479519605636597,0.9551437497138977
2023-01-01 06:37:54.906000,-0.24240326881408691,1.0139250755310059
2023-01-01 06:38:54.859000,-0.42127224802970886,0.9926495552062988
2023-01-01 06:39:55.359000,-0.4473566710948944,0.9510828852653503
2023-01-01 06:40:55.264000,-0.22070252895355225,0.9585779905319214
2023-01-01 06:41:54.874000,-0.4267484247684479,0.9848112463951111
2023-01-01 06:42:55.157000,-0.4073264002799988,1.008241891860962
2023-01-01 06:43:55.080000,-0.24125432968139648,0.9988773465156555
2023-01-01 06:44:55.846000,-0.24349378049373627,1.0084320306777954
2023-01-01 06:45:54.877000,-0.20246602594852448,0.9863994121551514
2023-01-01 06:46:55.264000,-0.21973717212677002,0.9456355571746826
2023-01-01 06:47:55.190000,-0.6232627034187317,0.9669265151023865
2023-01-01 06:48:54.817000,-0.23486560583114624,0.9669908285140991
2023-01-01 06:49:55.251000,-0.23883791267871857,0.9162600636482239
2023-01-01 06:50:55.358000,-0.1863488107919693,0.8503557443618774
2023-01-01 06:51:55.174000,-0.2086799144744873,0.8134247660636902
2023-01-01 06:52:55.105000,-0.2548964023590088,0.8097071647644043
2023-01-01 06:53:54.873000,-0.24184951186180115,0.8350130319595337
2023-01-01 06:54:55.515000,-0.22190609574317932,0.8531495928764343
2023-01-01 06:55:54.828000,-0.9022886753082275,0.8594737648963928
2023-01-01 06:56:54.854000,-0.38064634799957275,0.8447437882423401
2023-01-01 06:57:55.093000,-0.23304274678230286,0.8384571075439453
2023-01-01 06:58:55.217000,-0.2513021230697632,0.84574294090271
2023-01-01 06:59:55.339000,-0.21211941540241241,0.7940618395805359
2023-01-01 07:00:55.204000,-0.20686864852905273,0.7900758981704712
2023-01-01 07:01:55.072000,-0.2187069207429886,0.7716131806373596
2023-01-01 07:02:54.829000,-0.18802398443222046,0.7367538809776306
2023-01-01 07:03:54.749000,-0.2823580801486969,0.7037248015403748
2023-01-01 07:04:55.248000,-0.5264827013015747,0.693047046661377
2023-01-01 07:05:55.041000,-0.21028393507003784,0.691947877407074
2023-01-01 07:06:54.941000,-0.25573208928108215,0.7112628817558289
2023-01-01 07:07:55.136000,-0.2802742123603821,0.7334544658660889
2023-01-01 07:08:55.193000,-0.5010089874267578,0.7575622797012329
2023-01-01 07:09:55.020000,-0.4897322952747345,0.7695634365081787
2023-01-01 07:10:54.857000,-0.30735018849372864,0.7602858543395996
2023-01-01 07:11:55.157000,-0.2746601402759552,0.7135847210884094
2023-01-01 07:12:54.791000,-0.7089396715164185,0.6768519282341003
2023-01-01 07:13:55.136000,-0.2777293920516968,0.6594523191452026
2023-01-01 07:14:55.244000,-0.2477964609861374,0.6427833437919617
2023-01-01 07:15:55.202000,-0.22775296866893768,0.625230610370636
2023-01-01 07:16:55.310000,-0.19604308903217316,0.5917062163352966
2023-01-01 07:17:54.920000,-0.11287734657526016,0.5615440011024475
2023-01-01 07:18:55.136000,-0.1475231647491455,0.5559573173522949
2023-01-01 07:19:54.843000,-0.10629936307668686,0.5629005432128906
2023-01-01 07:20:55.493000,-0.29311802983283997,0.5673468112945557
2023-01-01 07:21:54.770000,-0.26764148473739624,0.5638319253921509
2023-01-01 07:22:55.088000,-0.4179975390434265,0.5708023309707642
2023-01-01 07:23:54.806000,-0.10169381648302078,0.5805251002311707
2023-01-01 07:24:55.287000,-0.09005949646234512,0.5465729236602783
2023-01-01 07:25:55.220000,-0.07713073492050171,0.5091729164123535
2023-01-01 07:26:55.184000,-0.09337686747312546,0.49436235427856445
2023-01-01 07:27:55.056000,-0.122792549431324,0.44063830375671387
2023-01-01 07:28:54.956000,-0.14705722033977509,0.41201987862586975
2023-01-01 07:29:55.169000,-0.4265862703323364,0.39466920495033264
2023-01-01 07:30:54.787000,-0.12830619513988495,0.3939724564552307
2023-01-01 07:31:54.741000,-0.15334245562553406,0.39282694458961487
2023-01-01 07:32:55.135000,-0.28615352511405945,0.37877753376960754
2023-01-01 07:33:55.094000,-0.2778477072715759,0.38836678862571716
2023-01-01 07:34:54.692000,-0.263571172952652,0.4019022583961487
2023-01-01 07:35:55.197000,-0.5264440774917603,0.3806847333908081
2023-01-01 07:36:54.989000,-0.5410962104797363,0.36921098828315735
2023-01-01 07:37:55.059000,-0.7200306057929993,0.3432508707046509
2023-01-01 07:38:54.845000,-0.33616572618484497,0.3132857084274292
2023-01-01 07:39:55.275000,-0.3394683599472046,0.29486122727394104
2023-01-01 07:40:55.160000,-0.3750743269920349,0.2799938917160034
2023-01-01 07:41:54.767000,-0.36660629510879517,0.285329669713974
2023-01-01 07:42:55.088000,-0.33814552426338196,0.2807295024394989
2023-01-01 07:43:55.153000,-0.3170941174030304,0.2664979100227356
2023-01-01 07:44:55.149000,-0.4064883887767792,0.2511305809020996
2023-01-01 07:45:54.790000,-0.8300751447677612,0.2316761463880539
2023-01-01 07:46:54.725000,-0.37836650013923645,0.21437138319015503
2023-01-01 07:47:55.093000,-0.3547923266887665,0.19598552584648132
2023-01-01 07:48:54.825000,-0.747870683670044,0.18307814002037048
2023-01-01 07:49:55.039000,-0.43672773241996765,0.17183002829551697
2023-01-01 07:50:55.030000,-0.3436516523361206,0.16016338765621185
2023-01-01 07:51:55.173000,-0.3333587050437927,0.154067724943161
2023-01-01 07:52:54.764000,-0.38304802775382996,0.14619162678718567
2023-01-01 07:53:55.081000,-0.6863295435905457,0.13939902186393738
2023-01-01 07:54:55.303000,-0.30299216508865356,0.13532114028930664
2023-01-01 07:55:55.048000,-0.2796080708503723,0.12784045934677124
2023-01-01 07:56:55.080000,-0.2998325228691101,0.11626911908388138
2023-01-01 07:57:54.773000,-0.2553224563598633,0.06285274773836136
2023-01-01 07:58:55.142000,-0.25453779101371765,0.04134335741400719
2023-01-01 07:59:55.239000,-0.2818545699119568,0.03927505761384964
2023-01-01 08:00:55.155000,-0.3269207775592804,0.03773729130625725
2023-01-01 08:01:55.026000,-0.9092017412185669,0.03652826324105263
2023-01-01 08:02:56.003000,-0.32358649373054504,0.034724052995443344
2023-01-01 08:03:55.162000,-0.30110445618629456,0.03238741680979729
2023-01-01 08:04:54.803000,-0.27145346999168396,0.031107453629374504
2023-01-01 08:05:54.724000,-0.23687724769115448,0.028871897608041763
2023-01-01 08:06:54.708000,-0.23765157163143158,0.025603340938687325
2023-01-01 08:07:55.215000,-0.25966212153434753,0.02204262465238571
2023-01-01 08:08:55.212000,-0.2534531056880951,0.020548999309539795
2023-01-01 08:09:54.862000,-0.6304684281349182,0.019225874915719032
2023-01-01 08:10:56.327000,-0.2809896469116211,0.01776251010596752
2023-01-01 08:11:55.024000,-0.2897995114326477,0.016206974163651466
2023-01-01 08:12:54.704000,-0.5478051900863647,0.014206928201019764
2023-01-01 08:13:54.736000,-0.272716760635376,0.01216913852840662
2023-01-01 08:14:54.747000,-0.1597616821527481,0.010967999696731567
2023-01-01 08:15:55.139000,-0.1506337821483612,0.010120290331542492
2023-01-01 08:16:55.098000,-0.2021074891090393,0.0091366246342659
2023-01-01 08:17:55.021000,-0.6121196150779724,0.006934588309377432
2023-01-01 08:18:54.760000,-0.20918923616409302,0.004193266853690147
2023-01-01 08:19:55.014000,-0.21530234813690186,0.003335000015795231
2023-01-01 08:20:54.987000,-0.19475997984409332,0.0012185806408524513
2023-01-01 08:21:55.025000,-0.20777003467082977,-0.001272000023163855
2023-01-01 08:22:55.195000,-0.2514999806880951,-0.0012809473555535078
2023-01-01 08:23:54.774000,-0.28968074917793274,-0.0013175122439861298
2023-01-01 08:24:55.236000,-0.6150886416435242,-0.001299953437410295
2023-01-01 08:25:55.121000,-0.7779601812362671,-0.0012772642076015472
2023-01-01 08:26:55.036000,-0.2872045338153839,-0.0013160243397578597
2023-01-01 08:27:54.664000,-0.2555626928806305,-0.0012191025307402015
2023-01-01 08:28:54.993000,-0.6835716366767883,-0.0012580000329762697
2023-01-01 08:29:55.013000,-0.9356919527053833,-0.0013304146705195308
2023-01-01 08:30:54.900000,-0.8817878365516663,-0.0012842630967497826
2023-01-01 08:31:55.272000,-0.8451064825057983,-0.0013091956498101354
2023-01-01 08:32:55.210000,-0.8627197742462158,-0.0012766428990289569
2023-01-01 08:33:54.992000,-1.1734037399291992,-0.0012367856688797474
2023-01-01 08:34:54.738000,-0.8851439356803894,-0.0013172749895602465
2023-01-01 08:35:55.019000,-0.8048483729362488,-0.0012585814110934734
2023-01-01 08:36:55.112000,-0.8003591895103455,-0.0012571521801874042
2023-01-01 08:37:55.147000,-0.810461163520813,-0.0013130850857123733
2023-01-01 08:38:54.787000,-0.8269355297088623,-0.0012613845756277442
2023-01-01 08:39:55.119000,-0.8606184720993042,-0.0013015384320169687
2023-01-01 08:40:55.056000,-0.8398808240890503,-0.0012886052718386054
2023-01-01 08:41:54.996000,-0.7717180848121643,-0.0013295813696458936
2023-01-01 08:42:54.762000,-0.9579054117202759,-0.0012863408774137497
2023-01-01 08:43:54.693000,-0.739126980304718,-0.00128945242613554
2023-01-01 08:44:55.064000,-0.46933484077453613,-0.0012724489206448197
2023-01-01 08:45:55.100000,-0.7934758067131042,-0.0013102800585329533
2023-01-01 08:46:55.085000,-0.4782348871231079,-0.0012748049339279532
2023-01-01 08:47:55.122000,-0.7698467969894409,-0.0013262857683002949
2023-01-01 08:48:55.026000,-0.43324950337409973,-0.001288106432184577
2023-01-01 08:49:55.126000,-0.8947787284851074,-0.001320787239819765
2023-01-01 08:50:55.243000,-0.6060507297515869,-0.0013256666716188192
2023-01-01 08:51:55.213000,-0.7529496550559998,-0.0013171136379241943
2023-01-01 08:52:55.093000,-0.36050406098365784,-0.001305725541897118
2023-01-01 08:53:55.211000,-0.7692654132843018,-0.0013306521577760577
2023-01-01 08:54:55.088000,-0.3737586736679077,-0.0012916486011818051
2023-01-01 08:55:54.638000,-0.7733612656593323,-0.0013235789956524968
2023-01-01 08:56:55.064000,-0.30751755833625793,-0.0013126585399731994
2023-01-01 08:57:55.122000,-0.7141790390014648,-0.001318129594437778
2023-01-01 08:58:55.107000,-0.6869436502456665,-0.0013040000339969993
2023-01-01 08:59:55.063000,-0.5331778526306152,-0.0013323513558134437
2023-01-01 09:00:55.071000,-0.5183072686195374,-0.0013428055681288242
2023-01-01 09:01:55.197000,-0.4627504050731659,-0.001220516161993146
2023-01-01 09:02:55.497000,-0.6411356329917908,-0.0012763658305630088
2023-01-01 09:03:54.986000,-0.38625115156173706,-0.0013455000007525086
2023-01-01 09:04:54.913000,-0.7087333798408508,-0.0013097708579152822
2023-01-01 09:05:54.951000,-0.3635144829750061,-0.0012412682408466935
2023-01-01 09:06:54.686000,-0.881815493106842,-0.001304692355915904
2023-01-01 09:07:54.919000,-0.58323734998703,-0.001246648607775569
2023-01-01 09:08:54.974000,-0.35882657766342163,-0.001302477321587503
2023-01-01 09:09:55.055000,-0.631072461605072,-0.0012702790554612875
2023-01-01 09:10:55.322000,-0.24340370297431946,-0.001369777717627585
2023-01-01 09:11:55.171000,-0.21480931341648102,-0.0013862221967428923
2023-01-01 09:12:55.159000,-0.5499055981636047,-0.0013437632005661726
2023-01-01 09:13:54.643000,-0.18921345472335815,-0.001396822277456522
2023-01-01 09:14:54.631000,-0.6163306832313538,-0.0014152249787002802
2023-01-01 09:15:55.044000,-0.5760219097137451,-0.001293547567911446
2023-01-01 09:16:54.654000,-0.2534105181694031,-0.0012812368804588914
2023-01-01 09:17:55.054000,-0.26121893525123596,-0.0013238717801868916
2023-01-01 09:18:54.999000,-0.5602203011512756,-0.001292250002734363
2023-01-01 09:19:54.656000,-0.23471815884113312,-0.0012124666245654225
2023-01-01 09:20:55.035000,-0.25085827708244324,-0.0012861345894634724
2023-01-01 09:21:54.950000,-0.5675179362297058,-0.0013206579023972154
2023-01-01 09:22:54.900000,-0.5073427557945251,-0.0013345832703635097
2023-01-01 09:23:54.654000,-0.3487239181995392,-0.001379608642309904
2023-01-01 09:24:55.221000,-0.5425671339035034,-0.0012478333665058017
2023-01-01 09:25:54.926000,-0.3586339056491852,-0.0011816888581961393
2023-01-01 09:26:55,-0.3905792534351349,-0.001151666627265513
2023-01-01 09:27:54.859000,-0.5607377886772156,-0.0011816888581961393
2023-01-01 09:28:55.021000,-0.4779850244522095,-0.001309799961745739
2023-01-01 09:29:54.907000,-0.42996808886528015,-0.0012994222342967987
2023-01-01 09:30:54.841000,-0.6602798104286194,-0.0013148912694305182
2023-01-01 09:31:54.879000,-0.8907132148742676,-0.0012448928318917751
2023-01-01 09:32:55.007000,-0.4334610402584076,-0.0012781351106241345
2023-01-01 09:33:54.872000,-0.36485040187835693,-0.0013718162663280964
2023-01-01 09:34:54.737000,-0.6188086867332458,-0.0013244736474007368
2023-01-01 09:35:54.607000,-0.42442193627357483,-0.0012740256497636437
2023-01-01 09:36:55.077000,-0.3934934735298157,-0.0012703421525657177
2023-01-01 09:37:54.898000,-0.36781156063079834,-0.0014004864497110248
2023-01-01 09:38:54.821000,-0.8421432375907898,-0.0013940476346760988
2023-01-01 09:39:54.856000,-0.8143318891525269,-0.001312263193540275
2023-01-01 09:40:54.998000,-0.38568398356437683,-0.0012145714135840535
2023-01-01 09:41:55.234000,-0.45608219504356384,-0.001263279002159834
2023-01-01 09:42:55.147000,-0.6592555046081543,-0.0012376363156363368
2023-01-01 09:43:55.010000,-0.42866581678390503,-0.001328571466729045
2023-01-01 09:44:54.844000,-0.3885304033756256,-0.0013503249501809478
2023-01-01 09:45:54.665000,-0.5929774641990662,-0.0013577878708019853
2023-01-01 09:46:54.936000,-0.4458279609680176,-0.0012996511068195105
2023-01-01 09:47:54.953000,-0.5540960431098938,-0.001353791682049632
2023-01-01 09:48:54.888000,-0.4753076136112213,-0.0013168837176635861
2023-01-01 09:49:54.921000,-0.6486082077026367,-0.0014036342035979033
2023-01-01 09:50:54.837000,-0.31058526039123535,-0.0013093695743009448
2023-01-01 09:51:54.544000,-0.3245674967765808,-0.0013172749895602465
2023-01-01 09:52:54.678000,-0.4992171823978424,-0.0012105893110856414
2023-01-01 09:53:55.059000,-0.4372131824493408,-0.0014107272727414966
2023-01-01 09:54:54.952000,-0.28128257393836975,-0.001350361737422645
2023-01-01 09:55:54.983000,-0.2754516899585724,-0.001280684256926179
2023-01-01 09:56:54.510000,-0.9747030138969421,-0.0013001891784369946
2023-01-01 09:57:54.934000,-0.3210812211036682,-0.0013360000448301435
2023-01-01 09:58:55.128000,-0.32932424545288086,-0.0012211211724206805
2023-01-01 09:59:55.106000,-0.41577330231666565,-0.0013630263274535537
2023-01-01 10:00:54.987000,-0.529457151889801,-0.0013321667211130261
2023-01-01 10:01:54.568000,-0.32990413904190063,-0.0013478095643222332
2023-01-01 10:02:54.944000,-0.30152520537376404,-0.0013876743614673615
2023-01-01 10:03:54.683000,-0.6071152687072754,-0.001328877522610128
2023-01-01 10:04:55.042000,-0.48431330919265747,-0.0012673488818109035
2023-01-01 10:05:54.635000,-0.5170431733131409,-0.0013590666931122541
2023-01-01 10:06:54.973000,-0.37694376707077026,-0.0013577895006164908
2023-01-01 10:07:54.532000,-0.4551844894886017,-0.0013357021380215883
2023-01-01 10:08:55.478000,-0.24786633253097534,-0.0013377072755247355
2023-01-01 10:09:54.840000,-0.22138608992099762,-0.0013804897898808122
2023-01-01 10:10:54.942000,-0.4969441890716553,-0.0012707916321232915
2023-01-01 10:11:54.894000,-0.2204025387763977,-0.0013791578821837902
2023-01-01 10:12:54.648000,-0.27936041355133057,-0.0013426666846498847
2023-01-01 10:13:54.571000,-0.5978226661682129,-0.00136524997651577
2023-01-01 10:14:54.948000,-0.6061016917228699,-0.0012749534798786044
2023-01-01 10:15:54.522000,-0.2960992455482483,-0.001317949965596199
2023-01-01 10:16:54.847000,-0.2708528935909271,-0.0013436340959742665
2023-01-01 10:17:55.147000,-0.3307405412197113,-0.001345236785709858
2023-01-01 10:18:54.621000,-0.5693273544311523,-0.0013353636022657156
2023-01-01 10:19:54.537000,-0.2781642973423004,-0.0013718610862269998
2023-01-01 10:20:54.540000,-0.2856101095676422,-0.0013304509920999408
2023-01-01 10:21:55.119000,-0.4930512011051178,-0.0012870588107034564
2023-01-01 10:22:54.578000,-0.9468672871589661,-0.0013192766346037388
2023-01-01 10:23:55.073000,-0.44469529390335083,-0.0013012432027608156
2023-01-01 10:24:54.553000,-0.3840051293373108,-0.0014685237547382712
2023-01-01 10:25:54.995000,-0.48753780126571655,-0.0013539411593228579
2023-01-01 10:26:55.045000,-0.5209740996360779,-0.0013708437327295542
2023-01-01 10:27:54.840000,-0.34285038709640503,-0.0013117390917614102
2023-01-01 10:28:54.940000,-0.3506404757499695,-0.0013339499710127711
2023-01-01 10:29:54.985000,-0.672614336013794,-0.0012471304507926106
2023-01-01 10:30:54.944000,-0.791711688041687,-0.001320526353083551
2023-01-01 10:31:54.953000,-0.4652993977069855,-0.0012606744421646
2023-01-01 10:32:55.049000,-0.42525267601013184,-0.0013939309865236282
2023-01-01 10:33:54.876000,-0.6969955563545227,-0.0013207754818722606
2023-01-01 10:34:54.882000,-0.37065476179122925,-0.001467933296225965
2023-01-01 10:35:54.584000,-0.39266520738601685,-0.0012810600455850363
2023-01-01 10:36:55.390000,-0.42892879247665405,-0.001278978306800127
2023-01-01 10:37:54.875000,-0.5461691617965698,-0.001296276575885713
2023-01-01 10:38:55.046000,-0.43334445357322693,-0.0013003043131902814
2023-01-01 10:39:54.955000,-0.5770972967147827,-0.0013206764124333858
2023-01-01 10:40:54.498000,-0.5662013292312622,-0.0013262571301311255
2023-01-01 10:41:54.578000,-0.4041726887226105,-0.0013237317325547338
2023-01-01 10:42:54.513000,-0.3264463543891907,-0.0013636451913043857
2023-01-01 10:43:54.599000,-0.32755762338638306,-0.001337604597210884
2023-01-01 10:44:54.838000,-0.6706192493438721,-0.0013440930051729083
2023-01-01 10:45:54.475000,-0.32952776551246643,-0.0012971818214282393
2023-01-01 10:46:54.934000,-0.41541430354118347,-0.0012758499942719936
2023-01-01 10:47:54.829000,-0.7946773767471313,-0.001357304397970438
2023-01-01 10:48:55.253000,-0.5632011294364929,-0.0012601111084222794
2023-01-01 10:49:55.054000,-0.33505865931510925,-0.0014104186557233334
2023-01-01 10:50:54.852000,-0.3139990568161011,-0.0012880540452897549
2023-01-01 10:51:55.022000,-0.4896489679813385,-0.0013047561515122652
2023-01-01 10:52:54.971000,-0.480253666639328,-0.0012684193206951022
2023-01-01 10:53:54.668000,-0.3236716389656067,-0.001337114255875349
2023-01-01 10:54:55.034000,-0.3840361535549164,-0.0012764146085828543
2023-01-01 10:55:54.947000,-1.0057474374771118,-0.001379096764139831
2023-01-01 10:56:54.502000,-0.5003363490104675,-0.0013481818605214357
2023-01-01 10:57:54.738000,-0.3526054620742798,-0.0014122353168204427
2023-01-01 10:58:55.052000,-0.3511844575405121,-0.001318153808824718
2023-01-01 10:59:54.577000,-0.6080270409584045,-0.0012958409497514367
2023-01-01 11:00:54.600000,-0.3668018877506256,-0.0013133095344528556
2023-01-01 11:01:54.901000,-0.30045121908187866,-0.0013287647161632776
2023-01-01 11:02:55.698000,-0.1625058650970459,-0.0012226388789713383
2023-01-01 11:03:54.845000,-0.6379428505897522,-0.0010305000469088554
2023-01-01 11:04:54.730000,-0.24777695536613464,-0.0012808333849534392
2023-01-01 11:05:54.856000,-0.06356516480445862,-0.0013330233050510287
2023-01-01 11:06:54.591000,-0.07441473007202148,-0.0012890000361949205
2023-01-01 11:07:54.541000,-0.40197283029556274,-0.0013248644536361098
2023-01-01 11:08:54.702000,-0.10975001752376556,-0.0013296923134475946
2023-01-01 11:09:55.021000,-0.14703010022640228,-0.0013064242666587234
2023-01-01 11:10:54.474000,-0.1222420483827591,-0.0012978604063391685
2023-01-01 11:11:54.851000,-0.6349726915359497,-0.00128075759857893
2023-01-01 11:12:54.617000,-0.3161073625087738,-0.0012894474202767015
2023-01-01 11:13:54.547000,-0.1111026480793953,-0.0012702143285423517
2023-01-01 11:14:54.887000,-0.12475846707820892,-0.00130092678591609
2023-01-01 11:15:54.895000,-0.40819740295410156,-0.0012299069203436375
2023-01-01 11:16:54.925000,-0.10818866640329361,-0.0014018500223755836
2023-01-01 11:17:54.840000,-0.10845889896154404,-0.0012932452373206615
2023-01-01 11:18:54.512000,-0.18466545641422272,-0.0012951628305017948
2023-01-01 11:19:54.917000,-0.7137372493743896,-0.0013121591182425618
2023-01-01 11:20:54.953000,-0.4779900312423706,-0.0013490464771166444
2023-01-01 11:21:55.146000,-0.29300832748413086,-0.001271948218345642
2023-01-01 11:22:54.770000,-0.33081820607185364,-0.0013330909423530102
2023-01-01 11:23:54.821000,-0.4783268868923187,-0.0012899795547127724
2023-01-01 11:24:54.465000,-0.25150564312934875,-0.0013494102749973536
2023-01-01 11:25:54.576000,-0.22545811533927917,-0.0012773999478667974
2023-01-01 11:26:54.773000,-0.43779313564300537,-0.001296078902669251
2023-01-01 11:27:54.822000,-0.45603513717651367,-0.0013000208418816328
2023-01-01 11:28:55.045000,-0.5310086011886597,-0.001325222197920084
2023-01-01 11:29:54.832000,-0.2334313690662384,-0.0013592391042038798
2023-01-01 11:30:54.556000,-0.4750067889690399,-0.0012609019177034497
2023-01-01 11:31:54.511000,-0.309390127658844,-0.0012859250418841839
2023-01-01 11:32:54.513000,-0.3380283713340759,-0.0012929249787703156
2023-01-01 11:33:54.670000,-0.23090803623199463,-0.0012360555119812489
2023-01-01 11:34:54.549000,-0.5772746205329895,-0.0012857713736593723
2023-01-01 11:35:54.790000,-0.27584826946258545,-0.0013881364138796926
2023-01-01 11:36:54.803000,-0.631007194519043,-0.0012978599406778812
2023-01-01 11:37:54.509000,-0.26875385642051697,-0.0014057948719710112
2023-01-01 11:38:55.089000,-0.579153299331665,-0.0012765576830133796
2023-01-01 11:39:54.853000,-0.2266383022069931,-0.0013262286083772779
2023-01-01 11:40:54.957000,-0.21579167246818542,-0.0013117436319589615
2023-01-01 11:41:54.710000,-0.23253005743026733,-0.0014246153878048062
2023-01-01 11:42:54.434000,-0.5345816016197205,-0.0013003902276977897
2023-01-01 11:43:54.430000,-0.26085254549980164,-0.0013634285423904657
2023-01-01 11:44:55.007000,-0.6176235675811768,-0.001331166597083211
2023-01-01 11:45:54.430000,-0.21950024366378784,-0.001288419938646257
2023-01-01 11:46:54.455000,-0.49888548254966736,-0.0012746000429615378
2023-01-01 11:47:55.533000,-0.1796753853559494,-0.001266874955035746
2023-01-01 11:48:54.909000,-0.2135317027568817,-0.0013339038705453277
2023-01-01 11:49:54.432000,-0.3911365270614624,-0.0012597754830494523
2023-01-01 11:50:54.395000,-0.3687325119972229,-0.0012049047509208322
2023-01-01 11:51:54.392000,-0.25158947706222534,-0.0013012250419706106
2023-01-01 11:52:54.922000,-0.4550268352031708,-0.0013865799410268664
2023-01-01 11:53:54.458000,-0.6950032711029053,-0.0013187631266191602
2023-01-01 11:54:54.717000,-0.19545121490955353,-0.0013028261018916965
2023-01-01 11:55:54.426000,-0.16177842020988464,-0.0013005714863538742
2023-01-01 11:56:54.423000,-0.1725272387266159,-0.0013462291099131107
2023-01-01 11:57:54.379000,-0.5104772448539734,-0.001372979604639113
2023-01-01 11:58:54.824000,-0.17223188281059265,-0.0012597297318279743
2023-01-01 11:59:54.539000,-0.1728944480419159,-0.0012307333527132869
2023-01-01 12:00:54.861000,-0.2750946581363678,-0.0014323255745694041
2023-01-01 12:01:54.693000,-0.631384015083313,-0.0013477727770805359
2023-01-01 12:02:54.481000,-0.11681229621171951,-0.0013668499886989594
2023-01-01 12:03:54.824000,-0.11510906368494034,-0.0013820638414472342
2023-01-01 12:04:54.804000,-0.39511623978614807,-0.0013476000167429447
2023-01-01 12:05:54.866000,-0.15153281390666962,-0.0013702826108783484
2023-01-01 12:06:54.900000,-0.14561988413333893,-0.0013433863641694188
2023-01-01 12:07:54.749000,-0.1103672981262207,-0.0013082500081509352
2023-01-01 12:08:54.469000,-0.4293041229248047,-0.0013105471152812243
2023-01-01 12:09:54.409000,-0.5301753282546997,-0.0013639215612784028
2023-01-01 12:10:54.487000,-0.17622987926006317,-0.0013358461437746882
2023-01-01 12:11:54.456000,-0.27921855449676514,-0.0013756382977589965
2023-01-01 12:12:54.866000,-0.3832014501094818,-0.0013613799819722772
2023-01-01 12:13:54.725000,-0.19201551377773285,-0.0014025999698787928
2023-01-01 12:14:54.460000,-0.21373459696769714,-0.0012739375233650208
2023-01-01 12:15:54.736000,-0.6301025152206421,-0.0013899574987590313
2023-01-01 12:16:54.574000,-0.30793148279190063,-0.0013902647187933326
2023-01-01 12:17:54.513000,-0.4721542000770569,-0.001418550033122301
2023-01-01 12:18:54.996000,-0.4144538938999176,-0.0013615869684144855
2023-01-01 12:19:54.417000,-0.5589647889137268,-0.0013193157501518726
2023-01-01 12:20:54.461000,-0.23353125154972076,-0.0013480200432240963
2023-01-01 12:21:54.678000,-0.20619067549705505,-0.0013511136639863253
2023-01-01 12:22:54.404000,-0.33374112844467163,-0.001260108663700521
2023-01-01 12:23:54.602000,-0.441672146320343,-0.0014252857072278857
2023-01-01 12:24:54.938000,-0.24387094378471375,-0.0013901428319513798
2023-01-01 12:25:54.714000,-0.28659674525260925,-0.001372086931951344
2023-01-01 12:26:54.840000,-0.9016043543815613,-0.0013466938398778439
2023-01-01 12:27:54.461000,-0.2729662358760834,-0.0013585882261395454
2023-01-01 12:28:54.667000,-0.29800909757614136,-0.0013264318695291877
2023-01-01 12:29:54.885000,-0.2571159899234772,-0.0013150612358003855
2023-01-01 12:30:54.473000,-0.4857904613018036,-0.0013517317129299045
2023-01-01 12:31:54.729000,-0.1782633662223816,-0.0013602222315967083
2023-01-01 12:32:54.425000,-0.24220822751522064,-0.0013819696614518762
2023-01-01 12:33:54.343000,-0.3730134069919586,-0.001342828618362546
2023-01-01 12:34:54.634000,-0.7411986589431763,-0.0013560277875512838
2023-01-01 12:35:54.374000,-0.23134538531303406,-0.0013553461758419871
2023-01-01 12:36:54.390000,-0.23155748844146729,-0.001380740781314671
2023-01-01 12:37:54.726000,-0.5440334677696228,-0.0013696470996364951
2023-01-01 12:38:54.458000,-0.24074672162532806,-0.0014312812127172947
2023-01-01 12:39:54.373000,-0.20011702179908752,-0.0013603061670437455
2023-01-01 12:40:54.469000,-0.21175818145275116,-0.001360962982289493
2023-01-01 12:41:54.370000,-0.5053930878639221,-0.0013694390654563904
2023-01-01 12:42:54.514000,-0.36502718925476074,-0.001365081057883799
2023-01-01 12:43:54.623000,-0.36235272884368896,-0.0013242174172773957
2023-01-01 12:44:54.657000,-0.32430943846702576,-0.0013091041473671794
2023-01-01 12:45:54.670000,-0.27176183462142944,-0.001370769226923585
2023-01-01 12:46:54.323000,-0.1736111044883728,-0.0013362563913688064
2023-01-01 12:47:54.440000,-0.227824404835701,-0.0013000000035390258
2023-01-01 12:48:54.365000,-0.5500417947769165,-0.0013653094647452235
2023-01-01 12:49:54.809000,-0.3007556200027466,-0.001440589316189289
2023-01-01 12:50:54.790000,-0.3706778287887573,-0.0013478888431563973
2023-01-01 12:51:54.323000,-0.6362619996070862,-0.0014242609031498432
2023-01-01 12:52:54.424000,-0.5986971259117126,-0.001424022251740098
2023-01-01 12:53:54.379000,-0.23887215554714203,-0.001315018511377275
2023-01-01 12:54:54.380000,-0.21885088086128235,-0.001460466650314629
2023-01-01 12:55:54.355000,-0.36863648891448975,-0.0013824000488966703
2023-01-01 12:56:54.731000,-0.29778599739074707,-0.0014396087499335408
2023-01-01 12:57:54.583000,-0.11567392945289612,-0.0012862082803621888
2023-01-01 12:58:54.355000,-0.14400418102741241,-0.001086878008209169
2023-01-01 12:59:54.607000,-0.8262366056442261,-0.0012958957813680172
2023-01-01 13:00:54.857000,-0.10940510034561157,-0.0013679388212040067
2023-01-01 13:01:54.591000,-0.13516947627067566,-0.0013656666269525886
2023-01-01 13:02:55,-0.1364167481660843,-0.0015840475680306554
2023-01-01 13:03:54.318000,-0.38394632935523987,-0.0013191904872655869
2023-01-01 13:04:54.337000,-0.1231478825211525,-0.0014547222526744008
2023-01-01 13:05:54.380000,-0.09200245141983032,-0.0009119721944443882
2023-01-01 13:06:54.710000,-0.33852142095565796,-0.0011351320426911116
2023-01-01 13:07:54.745000,-0.510628879070282,-0.001705051283352077
2023-01-01 13:08:54.279000,-0.1896856129169464,-0.0010912819998338819
2023-01-01 13:09:54.331000,-0.08477644622325897,-0.0010505400132387877
2023-01-01 13:10:54.415000,-0.40526995062828064,-0.0014617254491895437
2023-01-01 13:11:54.338000,-0.1423969268798828,-0.0013390681706368923
2023-01-01 13:12:54.338000,-0.3205624520778656,-0.0012210500426590443
2023-01-01 13:13:54.371000,-0.37748727202415466,-0.0014665349153801799
2023-01-01 13:14:54.400000,-0.4512937068939209,-0.0015437500551342964
2023-01-01 13:15:54.614000,-0.5237652063369751,-0.001305488869547844
2023-01-01 13:16:54.302000,-0.3666726350784302,-0.0013319473946467042
2023-01-01 13:17:54.274000,-0.5273001194000244,-0.0013130416627973318
2023-01-01 13:18:54.645000,-0.29476282000541687,-0.0013153846375644207
2023-01-01 13:19:54.269000,-0.24900323152542114,-0.001317861140705645
2023-01-01 13:20:55.255000,-0.24063633382320404,-0.0013580278027802706
2023-01-01 13:21:54.835000,-0.5828198790550232,-0.001339312526397407
2023-01-01 13:22:54.804000,-0.21943159401416779,-0.0013800571905449033
2023-01-01 13:23:54.359000,-0.3969999849796295,-0.001432411721907556
2023-01-01 13:24:55.333000,-0.6483232378959656,-0.0013836738653481007
2023-01-01 13:25:54.893000,-0.4403207004070282,-0.001369695644825697
2023-01-01 13:26:54.396000,-0.25372663140296936,-0.0013852857518941164
2023-01-01 13:27:54.680000,-0.25229883193969727,-0.0013405908830463886
2023-01-01 13:28:54.302000,-0.564588189125061,-0.001361775561235845
2023-01-01 13:29:54.769000,-0.27826082706451416,-0.00137015909422189
2023-01-01 13:30:54.769000,-0.3173665702342987,-0.0014960181433707476
2023-01-01 13:31:54.253000,-0.4610879123210907,-0.0014894339255988598
2023-01-01 13:32:54.889000,-0.8041089773178101,-0.0013826739741489291
2023-01-01 13:33:54.352000,-0.24663037061691284,-0.0013104054378345609
2023-01-01 13:34:54.835000,-0.2726891040802002,-0.0014290980761870742
2023-01-01 13:35:54.730000,-0.3843441307544708,-0.0013775000115856528
2023-01-01 13:36:54.987000,-0.37736356258392334,-0.001399576896801591
2023-01-01 13:37:54.303000,-0.18715451657772064,-0.0014183901948854327
2023-01-01 13:38:54.579000,-0.20483841001987457,-0.0013631428591907024
2023-01-01 13:39:54.822000,-0.5980836153030396,-0.0013394736452028155
2023-01-01 13:40:54.230000,-0.48005518317222595,-0.0013966383412480354
2023-01-01 13:41:54.302000,-0.1873752325773239,-0.0013451025588437915
2023-01-01 13:42:54.285000,-0.20617865025997162,-0.0013511395081877708
2023-01-01 13:43:54.246000,-0.5318895578384399,-0.0013520270586013794
2023-01-01 13:44:54.693000,-0.1682891994714737,-0.0014856052584946156
2023-01-01 13:45:54.309000,-0.19274671375751495,-0.0013291860232129693
2023-01-01 13:46:54.318000,-0.3562353253364563,-0.0013526136754080653
2023-01-01 13:47:54.393000,-0.36167559027671814,-0.001365211559459567
2023-01-01 13:48:54.603000,-0.5577292442321777,-0.001369111123494804
2023-01-01 13:49:54.942000,-0.20425289869308472,-0.001470479997806251
2023-01-01 13:50:54.434000,-0.4969346523284912,-0.0013734038220718503
2023-01-01 13:51:54.641000,-0.2088015228509903,-0.0013859592145308852
2023-01-01 13:52:54.666000,-0.19973255693912506,-0.0014248181832954288
2023-01-01 13:53:54.428000,-0.07852456718683243,-0.0013834255514666438
2023-01-01 13:54:54.296000,-0.39918139576911926,-0.0013788648648187518
2023-01-01 13:55:54.574000,-0.0942852795124054,-0.0013899999903514981
2023-01-01 13:56:54.288000,-0.49443376064300537,-0.0014121817657724023
2023-01-01 13:57:54.577000,-0.29126399755477905,-0.0013719347771257162
2023-01-01 13:58:54.328000,-0.1891254186630249,-0.0014019423397257924
2023-01-01 13:59:54.254000,-0.06489081680774689,-0.0013756279367953539
2023-01-01 14:00:54.695000,-0.0659407302737236,-0.001386399962939322
2023-01-01 14:01:54.804000,-0.38923266530036926,-0.0013824694324284792
2023-01-01 14:02:54.805000,-0.17432181537151337,-0.0014319142792373896
2023-01-01 14:03:54.202000,-0.16098080575466156,-0.0013290540082380176
2023-01-01 14:04:54.693000,-0.6314815878868103,-0.0013765122275799513
2023-01-01 14:05:54.806000,-0.4576038420200348,-0.0014265713980421424
2023-01-01 14:06:54.555000,-0.20722073316574097,-0.0014066578587517142
2023-01-01 14:07:54.336000,-0.18556469678878784,-0.001377727254293859
2023-01-01 14:08:54.267000,-0.6312995553016663,-0.0012914411490783095
2023-01-01 14:09:54.661000,-0.3578788638114929,-0.0013675454538315535
2023-01-01 14:10:54.616000,-0.3035803735256195,-0.001441348809748888
2023-01-01 14:11:54.233000,-0.31108495593070984,-0.001364362076856196
2023-01-01 14:12:54.266000,-0.9376319050788879,-0.0013779057189822197
2023-01-01 14:13:54.628000,-0.3101826310157776,-0.0014284687349572778
2023-01-01 14:14:54.217000,-0.2655333876609802,-0.0013547857524827123
2023-01-01 14:15:54.636000,-0.44702523946762085,-0.001335904817096889
2023-01-01 14:16:54.701000,-0.3564167022705078,-0.0013189743040129542
2023-01-01 14:17:54.328000,-0.2462325394153595,-0.0013546666596084833
2023-01-01 14:18:54.619000,-0.27082523703575134,-0.0014321481576189399
2023-01-01 14:19:54.681000,-0.5946189761161804,-0.001396509469486773
2023-01-01 14:20:54.644000,-0.5766204595565796,-0.0014222727622836828
2023-01-01 14:21:54.487000,-0.3094835877418518,-0.0013655454386025667
2023-01-01 14:22:54.272000,-0.38475075364112854,-0.0013876904267817736
2023-01-01 14:23:54.261000,-0.3621821701526642,-0.0013443928910419345
2023-01-01 14:24:54.210000,-0.16079901158809662,-0.001387390191666782
2023-01-01 14:25:55.029000,-0.22345274686813354,-0.0013594772899523377
2023-01-01 14:26:54.892000,-0.5325220823287964,-0.0013564600376412272
2023-01-01 14:27:54.701000,-0.23026104271411896,-0.0013718787813559175
2023-01-01 14:28:54.160000,-0.49608364701271057,-0.00137439020909369
2023-01-01 14:29:54.233000,-0.40057268738746643,-0.0013095249887555838
2023-01-01 14:30:54.166000,-0.5028862953186035,-0.001384815783239901
2023-01-01 14:31:54.694000,-0.2516920864582062,-0.0014246590435504913
2023-01-01 14:32:54.605000,-0.21345297992229462,-0.0014040784444659948
2023-01-01 14:33:54.501000,-0.42187395691871643,-0.0013990512816235423
2023-01-01 14:34:54.520000,-0.3254835605621338,-0.0013888461980968714
2023-01-01 14:35:54.500000,-0.1831958144903183,-0.0013754736864939332
2023-01-01 14:36:54.588000,-0.324583500623703,-0.0013823077315464616
2023-01-01 14:37:54.486000,-0.6996482014656067,-0.0014649999793618917
2023-01-01 14:38:54.749000,-0.14969424903392792,-0.0014061136171221733
2023-01-01 14:39:54.426000,-0.14494074881076813,-0.001467837835662067
2023-01-01 14:40:54.260000,-0.4416641592979431,-0.0013482000213116407
2023-01-01 14:41:54.287000,-0.41281577944755554,-0.001522538485005498
2023-01-01 14:42:54.304000,-0.24495768547058105,-0.0014745249645784497
2023-01-01 14:43:54.181000,-0.25843721628189087,-0.001381456502713263
2023-01-01 14:44:54.642000,-0.6468471884727478,-0.0014405499678105116
2023-01-01 14:45:54.203000,-0.5270447134971619,-0.0013197879306972027
2023-01-01 14:46:54.595000,-0.2420951873064041,-0.001410659053362906
2023-01-01 14:47:54.210000,-0.3320971429347992,-0.0013714716769754887
2023-01-01 14:48:54.239000,-0.41904738545417786,-0.0013108367566019297
2023-01-01 14:49:54.135000,-0.22286228835582733,-0.0013506222749128938
2023-01-01 14:50:54.242000,-0.1707397699356079,-0.001471641007810831
2023-01-01 14:51:54.597000,-0.4242263436317444,-0.0013951590517535806
2023-01-01 14:52:54.147000,-0.14069853723049164,-0.0014038836816325784
2023-01-01 14:53:54.550000,-0.4661623239517212,-0.0014503957936540246
2023-01-01 14:54:54.206000,-0.14297156035900116,-0.0014777400065213442
2023-01-01 14:55:54.678000,-0.40591195225715637,-0.0014882857212796807
2023-01-01 14:56:54.138000,-0.0995066836476326,-0.0013671738561242819
2023-01-01 14:57:54.351000,-0.09151391685009003,-0.0014459167141467333
2023-01-01 14:58:54.523000,-0.3871042728424072,-0.0014681904576718807
2023-01-01 14:59:54.645000,-0.14405523240566254,-0.0011659199371933937
2023-01-01 15:00:54.269000,-0.09706928580999374,-0.0014439444057643414
2023-01-01 15:01:54.594000,-0.5247558951377869,-0.001333382329903543
2023-01-01 15:02:54.170000,-0.4151233434677124,-0.0012947221985086799
2023-01-01 15:03:54.136000,-0.13103410601615906,-0.0014304090291261673
2023-01-01 15:04:54.639000,-0.19507437944412231,-0.0013207142474129796
2023-01-01 15:05:54.597000,-0.49882492423057556,-0.0013739230344071984
2023-01-01 15:06:54.419000,-0.31536540389060974,-0.0013859231257811189
2023-01-01 15:07:54.198000,-0.22283312678337097,-0.0013599047670140862
2023-01-01 15:08:54.131000,-0.21046923100948334,-0.001401483896188438
2023-01-01 15:09:54.121000,-0.8107814192771912,-0.0014353469014167786
2023-01-01 15:10:54.207000,-0.35893377661705017,-0.001408842159435153
2023-01-01 15:11:54.636000,-0.22242236137390137,-0.0015397333772853017
2023-01-01 15:12:54.402000,-0.4894960820674896,-0.0014520833501592278
2023-01-01 15:13:54.640000,-0.3262210190296173,-0.0015360285760834813
2023-01-01 15:14:54.545000,-0.20137526094913483,-0.0014245185302570462
2023-01-01 15:15:54.598000,-0.21411333978176117,-0.0015450769569724798
2023-01-01 15:16:54.490000,-0.5255431532859802,-0.001402882393449545
2023-01-01 15:17:54.239000,-0.32714223861694336,-0.001377121894620359
2023-01-01 15:18:54.145000,-0.6278630495071411,-0.00143639394082129
2023-01-01 15:19:54.092000,-0.4191126823425293,-0.0013784061884507537
2023-01-01 15:20:54.163000,-0.4236218333244324,-0.0014522999990731478
2023-01-01 15:21:54.579000,-0.2961176633834839,-0.0014894313644617796
2023-01-01 15:22:54.572000,-0.30789101123809814,-0.0015100425807759166
2023-01-01 15:23:54.516000,-0.5987063050270081,-0.0015495101688429713
2023-01-01 15:24:54.148000,-0.32103416323661804,-0.0015539677115157247
2023-01-01 15:25:54.193000,-0.27799221873283386,-0.001487978734076023
2023-01-01 15:26:54.697000,-0.7719027996063232,-0.0014840697403997183
2023-01-01 15:27:54.229000,-0.44004133343696594,-0.0013898666948080063
2023-01-01 15:28:54.209000,-0.20556367933750153,-0.0013994666514918208
2023-01-01 15:29:54.107000,-0.21987681090831757,-0.0014608055353164673
2023-01-01 15:30:54.507000,-0.5514061450958252,-0.001420510234311223
2023-01-01 15:31:54.163000,-0.19239945709705353,-0.0014741489430889487
2023-01-01 15:32:54.384000,-0.21686305105686188,-0.00137782609090209
2023-01-01 15:33:54.206000,-0.30885323882102966,-0.0014380444772541523
2023-01-01 15:34:54.322000,-0.5807017087936401,-0.0013634130591526628
2023-01-01 15:35:54.057000,-0.43019381165504456,-0.0012431707000359893
2023-01-01 15:36:54.412000,-0.1711537092924118,-0.0014184117317199707
2023-01-01 15:37:54.675000,-0.49995577335357666,-0.0013842439511790872
2023-01-01 15:38:54.522000,-0.18598006665706635,-0.0015237441984936595
2023-01-01 15:39:54.215000,-0.1897730827331543,-0.0015040000434964895
2023-01-01 15:40:54.489000,-0.31450894474983215,-0.0013752889353781939
2023-01-01 15:41:54.480000,-0.3582960367202759,-0.0013836363796144724
2023-01-01 15:42:54.167000,-0.16552163660526276,-0.0015083777252584696
2023-01-01 15:43:54.120000,-0.45373615622520447,-0.0015404117293655872
2023-01-01 15:44:54.143000,-0.5790880918502808,-0.0013789545046165586
2023-01-01 15:45:54.567000,-0.13433541357517242,-0.0014153877273201942
2023-01-01 15:46:54.206000,-0.07238691300153732,-0.0013859285973012447
2023-01-01 15:47:54.572000,-0.27574750781059265,-0.0013715908862650394
2023-01-01 15:48:54.142000,-0.26962152123451233,-0.0013595777563750744
2023-01-01 15:49:54.078000,-0.06936504691839218,-0.0014558000257238746
2023-01-01 15:50:54.185000,-0.06301286816596985,-0.0014461481478065252
2023-01-01 15:51:54.084000,-0.3616120517253876,-0.0014280624454841018
2023-01-01 15:52:54.084000,-0.3964337408542633,-0.0013287999900057912
2023-01-01 15:53:54.537000,-0.27397340536117554,-0.001439714222215116
2023-01-01 15:54:54.131000,-0.5954675078392029,-0.0014026286080479622
2023-01-01 15:55:54.044000,-0.7565120458602905,-0.0014602902811020613
2023-01-01 15:56:54.151000,-0.5928102135658264,-0.001430867938324809
2023-01-01 15:57:54.448000,-0.5969827771186829,-0.0014028260484337807
2023-01-01 15:58:54.068000,-0.8803368210792542,-0.0014344285009428859
2023-01-01 15:59:54.443000,-0.5588868856430054,-0.0013814285630360246
2023-01-01 16:00:54.317000,-0.5508965849876404,-0.0015710811130702496
2023-01-01 16:01:54.250000,-0.9079248309135437,-0.0014782618964090943
2023-01-01 16:02:54.053000,-0.8719949126243591,-0.001455647055990994
2023-01-01 16:03:54.194000,-0.4630722403526306,-0.0015133043052628636
2023-01-01 16:04:54.473000,-0.5040159821510315,-0.0014416829217225313
2023-01-01 16:05:54.388000,-0.7846322655677795,-0.0014173724921420217
2023-01-01 16:06:54.350000,-0.44291597604751587,-0.0014684749767184258
2023-01-01 16:07:54.724000,-0.46436572074890137,-0.0016070237616077065
2023-01-01 16:08:54.057000,-0.5280052423477173,-0.00145587173756212
2023-01-01 16:09:54.018000,-0.7455686330795288,-0.001477512763813138
2023-01-01 16:10:54.091000,-0.7604845762252808,-0.0015170000260695815
2023-01-01 16:11:54.503000,-0.6215559840202332,-0.0015281999949365854
2023-01-01 16:12:54.645000,-0.7452554702758789,-0.0015105500351637602
2023-01-01 16:13:54.142000,-0.4626685678958893,-0.0013908636756241322
2023-01-01 16:14:54.089000,-0.32319051027297974,-0.0015072927344590425
2023-01-01 16:15:54.553000,-0.34034210443496704,-0.001491999952122569
2023-01-01 16:16:54.116000,-0.586244523525238,-0.0014348947443068027
2023-01-01 16:17:54.089000,-0.28613048791885376,-0.0013234101934358478
2023-01-01 16:18:54.050000,-0.23880727589130402,-0.0015176666202023625
2023-01-01 16:19:54.088000,-0.6730824708938599,-0.0014450540766119957
2023-01-01 16:20:54.072000,-0.24863307178020477,-0.0014812115114182234
2023-01-01 16:21:54.331000,-0.06192529946565628,-0.0014243333134800196
2023-01-01 16:22:54.482000,-0.10317928344011307,-0.0014628409408032894
2023-01-01 16:23:54.483000,-0.39333176612854004,-0.0014412940945476294
2023-01-01 16:24:53.999000,-0.050668783485889435,-0.0014561276184394956
2023-01-01 16:25:54.053000,-0.09358011931180954,-0.0014331111451610923
2023-01-01 16:26:54.024000,-0.3030889928340912,-0.0014058162923902273
2023-01-01 16:27:54.338000,-0.16987653076648712,-0.0014356400351971388
2023-01-01 16:28:54.159000,-0.34306490421295166,-0.0014636153355240822
2023-01-01 16:29:54.134000,-0.3429747223854065,-0.001402235240675509
2023-01-01 16:30:54.179000,-0.5153576731681824,-0.0015492499805986881
2023-01-01 16:31:54.091000,-0.2338532954454422,-0.0013606889406219125
2023-01-01 16:32:54.454000,-0.271104633808136,-0.00139611994381994
2023-01-01 16:33:54.102000,-0.5486050248146057,-0.0014913261402398348
2023-01-01 16:34:54.100000,-0.4207877218723297,-0.0013661091215908527
2023-01-01 16:35:54.048000,-0.3000117242336273,-0.0014954333892092109
2023-01-01 16:36:54.320000,-0.31991586089134216,-0.0013630810426548123
2023-01-01 16:37:54.587000,-0.8532944917678833,-0.0014162963489070535
2023-01-01 16:38:54.286000,-0.46445006132125854,-0.0014629310462623835
2023-01-01 16:39:54.547000,-0.3173631429672241,-0.0014677391154691577
2023-01-01 16:40:54.454000,-0.4626324772834778,-0.0014736842131242156
2023-01-01 16:41:54.538000,-0.34224212169647217,-0.001540350029245019
2023-01-01 16:42:54.089000,-0.2567170560359955,-0.001443923101760447
2023-01-01 16:43:53.964000,-0.18883365392684937,-0.0014552187640219927
2023-01-01 16:44:54.076000,-0.49732059240341187,-0.0014015675988048315
2023-01-01 16:45:53.999000,-0.19698335230350494,-0.001455615391023457
2023-01-01 16:46:54.032000,-0.41932255029678345,-0.0014308055397123098
2023-01-01 16:47:54.072000,-0.5693356394767761,-0.0014437027275562286
2023-01-01 16:48:54.348000,-0.30443263053894043,-0.0014170256908982992
2023-01-01 16:49:54.303000,-0.19116027653217316,-0.0014660682063549757
2023-01-01 16:50:54.042000,-0.15785424411296844,-0.0013751110527664423
2023-01-01 16:51:54.235000,-0.4821138381958008,-0.001446075038984418
2023-01-01 16:52:54.065000,-0.16264046728610992,-0.0015216817846521735
2023-01-01 16:53:54.003000,-0.15835261344909668,-0.0013768275966867805
2023-01-01 16:54:54.323000,-0.3621301054954529,-0.0016351379454135895
2023-01-01 16:55:54.514000,-0.5303199887275696,-0.0014798048650845885
2023-01-01 16:56:54.042000,-0.3353658616542816,-0.0013837646692991257
2023-01-01 16:57:54.012000,-0.17788104712963104,-0.0015446976758539677
2023-01-01 16:58:54.486000,-0.461304247379303,-0.0014526136219501495
2023-01-01 16:59:54.393000,-0.14935171604156494,-0.001459369552321732
2023-01-01 17:00:54.074000,-0.1764523684978485,-0.00143923528958112
2023-01-01 17:01:54.019000,-0.4414724111557007,-0.0014364856760948896
2023-01-01 17:02:54.316000,-0.3797529339790344,-0.0015424772864207625
2023-01-01 17:03:54.405000,-0.3276561498641968,-0.0013742500450462103
2023-01-01 17:04:54.406000,-0.48327207565307617,-0.001427649985998869
2023-01-01 17:05:53.978000,-0.8208609819412231,-0.001617642818018794
2023-01-01 17:06:53.979000,-0.22978027164936066,-0.001494043506681919
2023-01-01 17:07:53.958000,-0.18354614078998566,-0.0016068666009232402
2023-01-01 17:08:53.968000,-0.35836920142173767,-0.001408624928444624
2023-01-01 17:09:54.367000,-0.3918604254722595,-0.0015236111357808113
2023-01-01 17:10:54.003000,-0.24762891232967377,-0.001467222231440246
2023-01-01 17:11:54.261000,-0.28204309940338135,-0.001699749962426722
2023-01-01 17:12:54.506000,-0.6095344424247742,-0.0015436596004292369
2023-01-01 17:13:54.038000,-0.6300963163375854,-0.0019376734271645546
2023-01-01 17:14:54.359000,-0.32183897495269775,-0.001552326139062643
2023-01-01 17:15:54.192000,-0.3591420352458954,-0.0013916000025346875
2023-01-01 17:16:54.699000,-0.5218955278396606,-0.0014022812247276306
2023-01-01 17:17:54.018000,-0.2367599606513977,-0.0016030606348067522
2023-01-01 17:18:54.383000,-0.16488610208034515,-0.0012512558605521917
2023-01-01 17:19:54.308000,-0.3774026930332184,-0.0014506604056805372
2023-01-01 17:20:53.995000,-0.16485124826431274,-0.0015504249604418874
2023-01-01 17:21:54.057000,-0.15302780270576477,-0.0015686176484450698
2023-01-01 17:22:53.967000,-0.45779091119766235,-0.0015595555305480957
2023-01-01 17:23:54.236000,-0.4172399640083313,-0.001411549048498273
2023-01-01 17:24:54.329000,-0.13300561904907227,-0.0014802500372752547
2023-01-01 17:25:53.963000,-0.08155260235071182,-0.0015947778010740876
2023-01-01 17:26:53.952000,-0.37797001004219055,-0.0014635554980486631
2023-01-01 17:27:53.976000,-0.25028884410858154,-0.0014662564499303699
2023-01-01 17:28:53.966000,-0.08458282053470612,-0.0014807555126026273
2023-01-01 17:29:54.505000,-0.15630853176116943,-0.001436243881471455
2023-01-01 17:30:53.993000,-0.6403116583824158,-0.0018088750075548887
2023-01-01 17:31:54.026000,-0.3126358389854431,-0.0014452857431024313
2023-01-01 17:32:54.312000,-0.19302724301815033,-0.0014669428346678615
2023-01-01 17:33:53.974000,-0.42649683356285095,-0.0015037599951028824
2023-01-01 17:34:53.975000,-0.3116952180862427,-0.0017843199893832207
2023-01-01 17:35:54.022000,-0.21508045494556427,-0.0016124444082379341
2023-01-01 17:36:54.348000,-0.20195281505584717,-0.0012093333061784506
2023-01-01 17:37:54.183000,-0.5161060690879822,-0.0011143939336761832
2023-01-01 17:38:54.329000,-0.21483388543128967,-0.0015035094693303108
2023-01-01 17:39:54.380000,-0.5304699540138245,-0.0016251052729785442
2023-01-01 17:40:54.114000,-0.5545106530189514,-0.0015232744626700878
2023-01-01 17:41:54.414000,-0.33359119296073914,-0.0017779512563720345
2023-01-01 17:42:53.922000,-0.21397072076797485,-0.0015960227465257049
2023-01-01 17:43:53.881000,-0.28523963689804077,-0.0013720294227823615
2023-01-01 17:44:54.144000,-0.5585569739341736,-0.0014878431102260947
2023-01-01 17:45:54.259000,-0.2379484325647354,-0.0014824705431237817
2023-01-01 17:46:53.892000,-0.2517237067222595,-0.001327121164649725
2023-01-01 17:47:54.174000,-0.4201212227344513,-0.0014514444628730416
2023-01-01 17:49:54.300000,-0.3053285479545593,-0.00158629787620157
2023-01-01 17:50:54.302000,-0.28956282138824463,-0.0015220926143229008
2023-01-01 17:51:54.320000,-0.5771501660346985,-0.0014697352889925241
2023-01-01 17:52:54.299000,-0.33520761132240295,-0.0014702045591548085
2023-01-01 17:53:53.990000,-0.3146807849407196,-0.0015005713794380426
2023-01-01 17:54:53.986000,-0.49088484048843384,-0.0014396428596228361
2023-01-01 17:55:53.987000,-0.4032913148403168,-0.0014812120934948325
2023-01-01 17:56:53.997000,-0.2561758756637573,-0.0014802414225414395
2023-01-01 17:57:54.031000,-0.5931667685508728,-0.0014998333062976599
2023-01-01 17:58:53.943000,-0.5363792181015015,-0.0014665122143924236
2023-01-01 18:00:53.903000,-0.17671751976013184,-0.0013747026678174734
2023-01-01 18:01:54.355000,-0.39845070242881775,-0.0014313333667814732
2023-01-01 18:02:53.892000,-0.28022730350494385,-0.0014307221863418818
2023-01-01 18:03:54.491000,-0.14330056309700012,-0.0015103877522051334
2023-01-01 18:04:53.986000,-0.16572095453739166,-0.0014164864551275969
2023-01-01 18:05:53.941000,-0.5797193050384521,-0.001444536610506475
2023-01-01 18:06:53.948000,-0.409787654876709,-0.00154230953194201
2023-01-01 18:07:54.184000,-0.19459010660648346,-0.0014909555902704597
2023-01-01 18:08:54.093000,-0.3650009036064148,-0.0014511627377942204
2023-01-01 18:09:53.906000,-0.26516157388687134,-0.0013497249456122518
2023-01-01 18:10:53.932000,-0.2029947191476822,-0.0014808400301262736
2023-01-01 18:11:54.076000,-0.19281220436096191,-0.0015254791360348463
2023-01-01 18:12:54.230000,-0.4523642063140869,-0.001440295483916998
2023-01-01 18:13:53.934000,-0.18533943593502045,-0.001326967729255557
2023-01-01 18:14:53.965000,-0.3764662444591522,-0.0014387561241164804
2023-01-01 18:15:53.903000,-0.5439828634262085,-0.0014776666648685932
2023-01-01 18:16:54.572000,-0.33415487408638,-0.0015014564851298928
2023-01-01 18:17:54.246000,-0.18123644590377808,-0.0015995881985872984
2023-01-01 18:18:54.352000,-0.15487103164196014,-0.001439807703718543
2023-01-01 18:19:53.891000,-0.4319285750389099,-0.0015394716756418347
2023-01-01 18:20:54.069000,-0.11190388351678848,-0.0015813658246770501
2023-01-01 18:21:54.502000,-0.10216861963272095,-0.0013113250024616718
2023-01-01 18:22:53.925000,-0.27156397700309753,-0.0014994146768003702
2023-01-01 18:23:54.159000,-0.6080808043479919,-0.001323527772910893
2023-01-01 18:24:54.317000,-0.197165846824646,-0.0013476037420332432
2023-01-01 18:25:53.917000,-0.2127900868654251,-0.0011806071270257235
2023-01-01 18:26:53.918000,-0.49771401286125183,-0.0012887879274785519
2023-01-01 18:27:54.292000,-0.20679709315299988,-0.0012827749596908689
2023-01-01 18:30:54.356000,-0.428293377161026,-0.0014919268433004618
2023-01-01 18:31:53.990000,-0.2443743348121643,-0.0013515135506168008
2023-01-01 18:32:54.318000,-0.5829348564147949,-0.0013629791792482138
2023-01-01 18:33:53.946000,-0.5410215258598328,-0.0013879999751225114
2023-01-01 18:34:53.957000,-0.30475175380706787,-0.0014032954350113869
2023-01-01 18:35:54.102000,-0.23536773025989532,-0.0014922777190804482
2023-01-01 18:36:53.971000,-0.31781893968582153,-0.0014656923012807965
2023-01-01 18:37:53.832000,-0.5103310942649841,-0.001495666685514152
2023-01-01 18:38:53.828000,-0.2225768119096756,-0.0011659642914310098
2023-01-01 18:39:53.892000,-0.24778972566127777,-0.0013050312409177423
2023-01-01 18:40:54.295000,-0.6623522639274597,-0.0014919310342520475
2023-01-01 18:41:54.104000,-0.5014362931251526,-0.001386769232340157
2023-01-01 18:42:53.913000,-0.21517890691757202,-0.0014090000186115503
2023-01-01 18:43:53.994000,-0.2105618715286255,-0.0014343529473990202
2023-01-01 18:44:53.795000,-0.5171682238578796,-0.001676860498264432
2023-01-01 18:45:53.906000,-0.2456163763999939,-0.0013606944121420383
2023-01-01 18:46:53.796000,-0.23535604774951935,-0.0013393396511673927
2023-01-01 18:47:53.857000,-0.3627451956272125,-0.0014532391214743257
2023-01-01 18:49:54.323000,-0.5356566309928894,-0.0014189047506079078
2023-01-01 18:50:53.805000,-0.15871667861938477,-0.0014119750121608377
2023-01-01 18:52:54.315000,-0.20586426556110382,-0.0014586606994271278
2023-01-01 18:53:54.203000,-0.2295963019132614,-0.001440409105271101
2023-01-01 18:54:54.168000,-0.2559370696544647,-0.0013885365333408117
2023-01-01 18:55:53.971000,-0.5377696752548218,-0.0014323913492262363
2023-01-01 18:56:53.922000,-0.25003379583358765,-0.001487000030465424
2023-01-01 18:57:53.827000,-0.32829156517982483,-0.0014163333689793944
2023-01-01 18:58:53.861000,-0.6874728202819824,-0.0014371632132679224
2023-01-01 18:59:53.813000,-0.36426979303359985,-0.0014669069787487388
2023-01-01 19:00:54.149000,-0.1898702085018158,-0.0014487799489870667
2023-01-01 19:01:53.882000,-0.18726982176303864,-0.0014608199708163738
2023-01-01 19:02:53.855000,-0.4988386034965515,-0.0014320425689220428
2023-01-01 19:03:54.203000,-0.2684335708618164,-0.0014498333912342787
2023-01-01 19:04:54.068000,-0.2756303548812866,-0.0014635641127824783
2023-01-01 19:05:53.768000,-0.2813318967819214,-0.0014546511229127645
2023-01-01 19:06:53.890000,-0.9012065529823303,-0.0014228979125618935
2023-01-01 19:07:54.275000,-0.34342822432518005,-0.0013931463472545147
2023-01-01 19:09:54.194000,-0.4902273714542389,-0.0014798541087657213
2023-01-01 19:10:54.179000,-0.4788491129875183,-0.001391291618347168
2023-01-01 19:11:54.358000,-0.24622035026550293,-0.0014314199797809124
2023-01-01 19:12:54.154000,-0.22767198085784912,-0.0014744318323209882
2023-01-01 19:13:53.829000,-0.49139803647994995,-0.0014492272166535258
2023-01-01 19:14:53.814000,-0.3546816408634186,-0.0014464666601270437
2023-01-01 19:15:54.442000,-0.3394429087638855,-0.0014915000647306442
2023-01-01 19:16:54.288000,-0.16878415644168854,-0.0014167906483635306
2023-01-01 19:17:53.858000,-0.3388567566871643,-0.001429631607607007
2023-01-01 19:18:53.882000,-0.1172967329621315,-0.0014765399973839521
2023-01-01 19:19:53.776000,-0.05783458426594734,-0.0014032500330358744
2023-01-01 19:20:54.335000,-0.3200404942035675,-0.0014497414231300354
2023-01-01 19:21:53.767000,-0.1562352031469345,-0.0013577777426689863
2023-01-01 19:22:53.839000,-0.12951040267944336,-0.0014926041476428509
2023-01-01 19:23:53.803000,-0.42754945158958435,-0.0016228085150942206
2023-01-01 19:24:54.192000,-0.35453227162361145,-0.001357769244350493
2023-01-01 19:25:53.873000,-0.10080385208129883,-0.0013330000219866633
2023-01-01 19:26:53.858000,-0.07314532995223999,-0.0011637000134214759
2023-01-01 19:27:53.827000,-0.18196673691272736,-0.0010674999793991446
2023-01-01 19:28:53.780000,-0.3568592071533203,-0.001201785751618445
2023-01-01 19:29:53.815000,-0.11497825384140015,-0.0013169393641874194
2023-01-01 19:30:53.845000,-0.07057981938123703,-0.0013818367151543498
2023-01-01 19:31:53.829000,-0.7613496780395508,-0.001476807752624154
2023-01-01 19:32:53.744000,-0.3547377586364746,-0.0015108301304280758
2023-01-01 19:33:53.821000,-0.2547276020050049,-0.001547137275338173
2023-01-01 19:34:53.837000,-0.24405714869499207,-0.0013961555669084191
2023-01-01 19:35:53.948000,-0.595090389251709,-0.0013452325947582722
2023-01-01 19:36:53.817000,-0.22592929005622864,-0.0014178836718201637
2023-01-01 19:37:54.168000,-0.24340370297431946,-0.001437292667105794
2023-01-01 19:38:53.812000,-0.4022616744041443,-0.0014354200102388859
2023-01-01 19:39:53.850000,-0.5560734272003174,-0.0014509999891743064
2023-01-01 19:40:53.874000,-0.5554183721542358,-0.0013734186068177223
2023-01-01 19:41:53.854000,-0.3611202538013458,-0.0013308541383594275
2023-01-01 19:42:53.821000,-0.6429815888404846,-0.0013037333264946938
2023-01-01 19:43:53.849000,-0.3400327265262604,-0.0013469583354890347
2023-01-01 19:44:53.942000,-0.3503701388835907,-0.0013821874745190144
2023-01-01 19:45:53.787000,-0.33550792932510376,-0.001397124957293272
2023-01-01 19:46:53.914000,-0.5717008709907532,-0.001578875002451241
2023-01-01 19:47:53.761000,-0.2189035266637802,-0.0014617567649111152
2023-01-01 19:48:54.178000,-0.5874365568161011,-0.0013393242843449116
2023-01-01 19:49:54.198000,-0.4298900067806244,-0.0014931875048205256
2023-01-01 19:50:53.851000,-0.32120171189308167,-0.0014226000057533383
2023-01-01 19:51:53.734000,-0.18875649571418762,-0.001477142795920372
2023-01-01 19:52:53.970000,-0.17979256808757782,-0.0014219565782696009
2023-01-01 19:53:54.401000,-0.5077714323997498,-0.001366756041534245
2023-01-01 19:54:53.853000,-0.1923728734254837,-0.0014825897524133325
2023-01-01 19:55:53.839000,-0.22946245968341827,-0.001454239129088819
2023-01-01 19:56:54.039000,-0.5358861088752747,-0.0014557825634256005
2023-01-01 19:57:54.207000,-0.5096562504768372,-0.001379205146804452
2023-01-01 19:58:53.861000,-0.18061421811580658,-0.0015094249974936247
2023-01-01 19:59:53.846000,-0.1665404736995697,-0.001442739157937467
2023-01-01 20:00:54.127000,-0.49508795142173767,-0.001448799972422421
2023-01-01 20:01:53.735000,-0.19521823525428772,-0.0014149999478831887
2023-01-01 20:02:53.797000,-0.1815294623374939,-0.00143530429340899
2023-01-01 20:03:53.780000,-0.26743385195732117,-0.001501659513451159
2023-01-01 20:04:53.769000,-0.5793429017066956,-0.0014370833523571491
2023-01-01 20:05:53.774000,-0.4572382867336273,-0.001429897965863347
2023-01-01 20:06:53.715000,-0.20266318321228027,-0.0014353260630741715
2023-01-01 20:07:53.795000,-0.4663301408290863,-0.0014391499571502209
2023-01-01 20:08:54.066000,-0.24382279813289642,-0.0014405957190319896
2023-01-01 20:09:53.751000,-0.2841641902923584,-0.0014398604398593307
2023-01-01 20:10:53.786000,-0.28794971108436584,-0.0013692500069737434
2023-01-01 20:11:53.747000,-0.576116144657135,-0.0013122799573466182
2023-01-01 20:12:53.704000,-0.3076781630516052,-0.001459448947571218
2023-01-01 20:13:53.738000,-0.6425114870071411,-0.0014554800000041723
2023-01-01 20:14:53.830000,-0.39774101972579956,-0.0014254847774282098
2023-01-01 20:15:53.798000,-0.31408771872520447,-0.0013907647226005793
2023-01-01 20:16:53.779000,-0.20476366579532623,-0.0013780697481706738
2023-01-01 20:17:53.940000,-0.2409955859184265,-0.0014435217017307878
2023-01-01 20:18:53.727000,-0.3702205419540405,-0.001361733302474022
2023-01-01 20:19:53.703000,-0.22131748497486115,-0.0014161395374685526
2023-01-01 20:20:53.719000,-0.24347060918807983,-0.0014710749965161085
2023-01-01 20:21:53.811000,-0.6912628412246704,-0.0013122272212058306
2023-01-01 20:22:53.769000,-0.30995285511016846,-0.0013662916608154774
2023-01-01 20:23:54.127000,-0.30636557936668396,-0.0013671228662133217
2023-01-01 20:24:53.787000,-0.3424830436706543,-0.0013769428478553891
2023-01-01 20:25:53.788000,-0.3264354467391968,-0.0014101110864430666
2023-01-01 20:26:53.971000,-0.2950684726238251,-0.001370809506624937
2023-01-01 20:27:54.390000,-0.2380262017250061,-0.0014540975680574775
2023-01-01 20:28:54.251000,-0.2220134288072586,-0.0011372888693585992
2023-01-01 20:29:53.664000,-0.7138510346412659,-0.0013326052576303482
2023-01-01 20:30:53.750000,-0.36437520384788513,-0.0014216388808563352
2023-01-01 20:31:53.762000,-0.32619521021842957,-0.0013619749806821346
2023-01-01 20:32:53.766000,-0.330564022064209,-0.001224794890731573
2023-01-01 20:33:53.663000,-0.34826645255088806,-0.0014018863439559937
2023-01-01 20:34:54.009000,-0.32594776153564453,-0.0012894681422039866
2023-01-01 20:35:53.859000,-0.3307987451553345,-0.001295531284995377
2023-01-01 20:36:54.129000,-0.34165239334106445,-0.0012936170678585768
2023-01-01 20:37:53.742000,-0.7088016867637634,-0.0013472195714712143
2023-01-01 20:38:54.198000,-0.34237492084503174,-0.0014044999843463302
2023-01-01 20:39:53.675000,-0.39728665351867676,-0.0013479444896802306
2023-01-01 20:40:54.052000,-0.3883066475391388,-0.001285666599869728
2023-01-01 20:41:54.070000,-0.39391374588012695,-0.0014233929105103016
2023-01-01 20:42:53.971000,-0.3627033829689026,-0.0013903143117204309
2023-01-01 20:43:53.765000,-0.3355655074119568,-0.0013370526721701026
2023-01-01 20:44:53.761000,-0.32069095969200134,-0.0013901052298024297
2023-01-01 20:45:53.739000,-0.6714701056480408,-0.0014449091395363212
2023-01-01 20:46:53.742000,-0.3141680657863617,-0.0014303725911304355
2023-01-01 20:47:53.998000,-0.34650248289108276,-0.001397567568346858
2023-01-01 20:48:53.644000,-0.36542943120002747,-0.001406499999575317
2023-01-01 20:49:54.079000,-0.36318767070770264,-0.0013840857427567244
2023-01-01 20:50:54.097000,-0.33045122027397156,-0.0014001778326928616
2023-01-01 20:51:53.652000,-0.35325098037719727,-0.00141492101829499
2023-01-01 20:52:53.680000,-0.3389821946620941,-0.0013898947509005666
2023-01-01 20:53:54.215000,-0.6518922448158264,-0.0014526046579703689
2023-01-01 20:54:54.141000,-0.38800787925720215,-0.001416677376255393
2023-01-01 20:55:53.745000,-0.32715871930122375,-0.0014000285882502794
2023-01-01 20:56:53.710000,-0.40677565336227417,-0.0014594313688576221
2023-01-01 20:57:53.967000,-0.3768923878669739,-0.0013980285730212927
2023-01-01 20:58:53.855000,-0.36414241790771484,-0.0014615869149565697
2023-01-01 20:59:54.453000,-0.36972424387931824,-0.0014310232363641262
2023-01-01 21:00:54.017000,-0.3635222017765045,-0.0014346999814733863
2023-01-01 21:01:53.664000,-0.5603472590446472,-0.0013735127868130803
2023-01-01 21:02:53.682000,-0.5706006288528442,-0.0014386341208592057
2023-01-01 21:03:53.715000,-0.3348214030265808,-0.0013924222439527512
2023-01-01 21:04:53.648000,-0.3255109190940857,-0.0014207555213943124
2023-01-01 21:05:54.298000,-0.29260557889938354,-0.0013895161682739854
2023-01-01 21:06:53.660000,-0.2881838381290436,-0.00141046941280365
2023-01-01 21:07:54.023000,-0.2944723069667816,-0.0013971499865874648
2023-01-01 21:08:54.118000,-0.27659037709236145,-0.0014090263284742832
2023-01-01 21:09:53.957000,-0.3703280985355377,-0.0014776341849938035
2023-01-01 21:10:54.054000,-0.595702052116394,-0.0014166595647111535
2023-01-01 21:11:54.063000,-0.27348002791404724,-0.0013541836524382234
2023-01-01 21:12:54.025000,-0.23411856591701508,-0.0013054872397333384
2023-01-01 21:13:53.664000,-0.23972827196121216,-0.0014762894716113806
2023-01-01 21:14:54.089000,-0.28983643651008606,-0.00140276737511158
2023-01-01 21:15:54.145000,-0.31466150283813477,-0.0014016316272318363
2023-01-01 21:16:53.655000,-0.28664371371269226,-0.0014157072873786092
2023-01-01 21:17:53.998000,-0.28201696276664734,-0.001398727297782898
2023-01-01 21:18:53.690000,-0.6830032467842102,-0.0013895999873057008
2023-01-01 21:19:53.759000,-0.27832573652267456,-0.0014003958785906434
2023-01-01 21:20:53.580000,-0.23264925181865692,-0.0014076976804062724
2023-01-01 21:21:54.155000,-0.23883916437625885,-0.0013710769126191735
2023-01-01 21:22:53.950000,-0.21177591383457184,-0.0014345641247928143
2023-01-01 21:23:53.615000,-0.24840424954891205,-0.0014000952942296863
2023-01-01 21:24:53.759000,-0.26131436228752136,-0.001467333291657269
2023-01-01 21:25:53.667000,-0.24569286406040192,-0.0014962999848648906
2023-01-01 21:26:53.718000,-0.7481597065925598,-0.001481515122577548
2023-01-01 21:27:53.657000,-0.380653440952301,-0.001336675719358027
2023-01-01 21:28:53.645000,-0.3549405038356781,-0.0013946923427283764
2023-01-01 21:29:53.604000,-0.3920852243900299,-0.0013682156568393111
2023-01-01 21:30:54.014000,-0.38167721033096313,-0.0014086303999647498
2023-01-01 21:31:53.693000,-0.37904414534568787,-0.0015983255580067635
2023-01-01 21:32:53.842000,-0.37267643213272095,-0.0013745686737820506
2023-01-01 21:33:54.346000,-0.4228206276893616,-0.0014498181408271194
2023-01-01 21:34:53.839000,-0.7633644938468933,-0.0013572127791121602
2023-01-01 21:35:53.820000,-0.5489263534545898,-0.001450065174140036
2023-01-01 21:36:53.592000,-0.46442437171936035,-0.0014347777469083667
2023-01-01 21:37:53.682000,-0.4535922110080719,-0.0012888181954622269
2023-01-01 21:38:53.619000,-0.4501294493675232,-0.0014034651685506105
2023-01-01 21:39:53.903000,-0.4170301854610443,-0.0014067630982026458
2023-01-01 21:40:53.868000,-0.38417911529541016,-0.0012475555995479226
2023-01-01 21:41:53.587000,-0.4030289053916931,-0.0013437316520139575
2023-01-01 21:42:53.650000,-0.3533647656440735,-0.0013698461698368192
2023-01-01 21:43:53.588000,-0.7626351714134216,-0.0014076874358579516
2023-01-01 21:44:53.920000,-0.4064330458641052,-0.0013900571502745152
2023-01-01 21:45:54.003000,-0.3896675705909729,-0.0014178333804011345
2023-01-01 21:46:53.626000,-0.3934406340122223,-0.0014453610638156533
2023-01-01 21:47:53.891000,-0.4121745526790619,-0.0014311132254078984
2023-01-01 21:48:53.943000,-0.3805299401283264,-0.0014149167109280825
2023-01-01 21:49:54.074000,-0.31643977761268616,-0.0013664118014276028
2023-01-01 21:50:53.536000,-0.26931095123291016,-0.0014365882379934192
2023-01-01 21:51:53.689000,-0.3009215295314789,-0.0014203478349372745
2023-01-01 21:52:54.134000,-0.674099326133728,-0.0014642683090642095
2023-01-01 21:53:53.674000,-0.280935138463974,-0.001389558077789843
2023-01-01 21:54:53.588000,-0.2638108432292938,-0.0013987954007461667
2023-01-01 21:55:53.556000,-0.32397881150245667,-0.0014112563803792
2023-01-01 21:56:53.629000,-0.34170493483543396,-0.0013619285309687257
2023-01-01 21:57:53.617000,-0.306474894285202,-0.001367541728541255
2023-01-01 21:58:53.837000,-0.31518688797950745,-0.0014821025542914867
2023-01-01 21:59:53.661000,-0.30484363436698914,-0.0012494762195274234
2023-01-01 22:00:53.883000,-0.3033979535102844,-0.0015285122208297253
2023-01-01 22:01:53.602000,-0.6879119873046875,-0.0013860882027074695
2023-01-01 22:02:53.909000,-0.309965580701828,-0.0014470869209617376
2023-01-01 22:03:54.161000,-0.3136143088340759,-0.0014036046341061592
2023-01-01 22:04:53.658000,-0.29494285583496094,-0.0013594571501016617
2023-01-01 22:05:54.149000,-0.2922555208206177,-0.001390735269524157
2023-01-01 22:06:53.651000,-0.3183276057243347,-0.001400275039486587
2023-01-01 22:07:53.633000,-0.3174469769001007,-0.0013577999779954553
2023-01-01 22:08:53.598000,-0.24092508852481842,-0.0013482082867994905
2023-01-01 22:09:54.038000,-0.296499103307724,-0.0014253777917474508
2023-01-01 22:10:54.004000,-0.5772880911827087,-0.0013846922665834427
2023-01-01 22:11:53.508000,-0.24114163219928741,-0.001378249959088862
2023-01-01 22:12:53.591000,-0.3107666075229645,-0.001380139496177435
2023-01-01 22:13:53.545000,-0.2896232604980469,-0.0013438666937872767
2023-01-01 22:14:53.503000,-0.31196874380111694,-0.001343218726105988
2023-01-01 22:15:53.539000,-0.30252236127853394,-0.0013786944327875972
2023-01-01 22:16:53.939000,-0.26800698041915894,-0.0014105249429121614
2023-01-01 22:17:53.560000,-0.2795804440975189,-0.0013743590097874403
2023-01-01 22:18:53.540000,-0.34566497802734375,-0.0013953333254903555
2023-01-01 22:19:53.638000,-0.6312997341156006,-0.0013592599425464869
2023-01-01 22:20:53.619000,-0.20885314047336578,-0.001383795402944088
2023-01-01 22:21:54.009000,-0.22438301146030426,-0.001414350001141429
2023-01-01 22:22:53.505000,-0.19899843633174896,-0.0013783095637336373
2023-01-01 22:23:54.025000,-0.37711748480796814,-0.0015015789540484548
2023-01-01 22:24:53.811000,-0.34919023513793945,-0.0013268421171233058
2023-01-01 22:25:53.511000,-0.3791075348854065,-0.0013099999632686377
2023-01-01 22:26:53.592000,-0.3776613473892212,-0.0013975434703752398
2023-01-01 22:27:53.838000,-0.44083911180496216,-0.0014757805038243532
2023-01-01 22:28:53.595000,-0.8173236846923828,-0.001376469386741519
2023-01-01 22:29:53.905000,-0.4736829400062561,-0.0014138974947854877
2023-01-01 22:30:53.626000,-0.4540846049785614,-0.0013732652878388762
2023-01-01 22:31:53.547000,-0.45590123534202576,-0.001406499999575317
2023-01-01 22:32:53.464000,-0.4049679636955261,-0.001347895828075707
2023-01-01 22:33:54.077000,-0.3857092559337616,-0.0013645609142258763
2023-01-01 22:34:54.005000,-0.3759697675704956,-0.0013522825902327895
2023-01-01 22:35:54.066000,-0.3555239140987396,-0.0012269743019714952
2023-01-01 22:36:53.504000,-0.6112830638885498,-0.001361744711175561
2023-01-01 22:37:54.265000,-1.7591707706451416,-0.001380866626277566
2023-01-01 22:38:53.536000,-1.2640844583511353,-0.0013853636337444186
2023-01-01 22:39:53.903000,-0.4350884258747101,-0.0011090000625699759
2023-01-01 22:40:53.581000,-1.3833845853805542,-0.0013116250047460198
2023-01-01 22:41:53.925000,-1.6315983533859253,-0.0013698636321350932
2023-01-01 22:42:53.578000,-1.5986043214797974,-0.0012868235353380442
2023-01-01 22:43:53.595000,-1.6301732063293457,-0.001458749989978969
2023-01-01 22:44:53.477000,-1.640799641609192,-0.0013876857701689005
2023-01-01 22:45:53.472000,-1.6723148822784424,-0.0013914499431848526
2023-01-01 22:46:53.661000,-2.056800127029419,-0.0013955713948234916
2023-01-01 22:47:53.537000,-1.423362135887146,-0.0014188636559993029
2023-01-01 22:48:53.538000,-1.2438652515411377,-0.0013586828717961907
2023-01-01 22:49:53.932000,-1.2266477346420288,-0.0014427208807319403
2023-01-01 22:50:53.570000,-1.1839549541473389,-0.001368424273096025
2023-01-01 22:51:53.904000,-1.1268560886383057,-0.0015499999281018972
2023-01-01 22:52:53.658000,-0.956774890422821,0.0034364445600658655
2023-01-01 22:53:53.533000,-0.4216645061969757,-0.0010769750224426389
2023-01-01 22:54:53.939000,-0.42070579528808594,-0.0014593555824831128
2023-01-01 22:55:53.876000,-0.767450213432312,-0.0013990645529702306
2023-01-01 22:56:53.567000,-0.3985850214958191,-0.0013714444357901812
2023-01-01 22:57:53.522000,-0.3518122434616089,-0.0013219091342762113
2023-01-01 22:58:53.492000,-0.3073977828025818,0.008912174962460995
2023-01-01 22:59:53.543000,-0.30835267901420593,0.012759599834680557
2023-01-01 23:00:53.535000,-0.300883024930954,0.004282900132238865
2023-01-01 23:01:54.061000,-0.3025222420692444,0.004917142912745476
2023-01-01 23:02:53.561000,-0.32012102007865906,0.005606848280876875
2023-01-01 23:03:54.065000,-0.3353880047798157,0.005960296373814344
2023-01-01 23:04:53.517000,-0.6244274973869324,0.006639562547206879
2023-01-01 23:05:54.073000,-0.24762462079524994,0.007485928479582071
2023-01-01 23:06:54.051000,-0.2500304579734802,0.008249522186815739
2023-01-01 23:07:53.610000,-0.23303906619548798,0.009344973601400852
2023-01-01 23:08:53.995000,-0.22406935691833496,0.010608999989926815
2023-01-01 23:09:53.941000,-0.23068362474441528,0.011776288971304893
2023-01-01 23:10:53.990000,-0.2228323221206665,0.012884323485195637
2023-01-01 23:11:53.650000,-0.22029216587543488,0.014003243297338486
2023-01-01 23:12:53.456000,-0.2246379405260086,0.014876182191073895
2023-01-01 23:13:53.938000,-0.6084325313568115,0.01557874958962202
2023-01-01 23:14:53.499000,-0.22034426033496857,0.017110789194703102
2023-01-01 23:15:53.530000,-0.24056358635425568,0.018492963165044785
2023-01-01 23:16:53.554000,-0.23564068973064423,0.019267678260803223
2023-01-01 23:17:53.557000,-0.21240396797657013,0.01970427855849266
2023-01-01 23:18:53.404000,-0.21230413019657135,0.02027486264705658
2023-01-01 23:19:53.423000,-0.28051093220710754,0.02117331698536873
2023-01-01 23:20:53.607000,-0.34952330589294434,0.022019024938344955
2023-01-01 23:21:53.546000,-0.3491551876068115,0.023089159280061722
2023-01-01 23:22:53.864000,-0.7328969240188599,0.024365799501538277
2023-01-01 23:23:53.723000,-0.369329035282135,0.025232352316379547
2023-01-01 23:24:53.845000,-0.392890602350235,0.025613050907850266
2023-01-01 23:25:53.447000,-0.36742231249809265,0.02588495798408985
2023-01-01 23:26:53.523000,-0.3598458766937256,0.02617437206208706
2023-01-01 23:27:53.781000,-0.3398941457271576,0.02627582661807537
2023-01-01 23:28:53.426000,-0.38176849484443665,0.025922931730747223
2023-01-01 23:29:53.933000,-0.39418864250183105,0.025739358738064766
2023-01-01 23:30:53.888000,-0.3977857232093811,0.025776945054531097
2023-01-01 23:31:53.859000,-0.7473607063293457,0.025628548115491867
2023-01-01 23:32:53.613000,-0.38125690817832947,0.025645827874541283
2023-01-01 23:33:53.918000,-0.37720149755477905,0.026403972879052162
2023-01-01 23:34:53.404000,-0.3244352638721466,0.027301888912916183
2023-01-01 23:35:53.413000,-0.2410607635974884,0.028750229626893997
2023-01-01 23:36:53.404000,-0.28865891695022583,0.029783716425299644
2023-01-01 23:37:53.509000,-0.33952587842941284,0.030559096485376358
2023-01-01 23:38:53.463000,-0.31425440311431885,0.03152943029999733
2023-01-01 23:39:53.473000,-0.38416528701782227,0.032677944749593735
2023-01-01 23:40:54.139000,-0.5904325246810913,0.033806443214416504
2023-01-01 23:41:54.038000,-0.2958029508590698,0.03421906754374504
2023-01-01 23:42:53.478000,-0.29222801327705383,0.03513016179203987
2023-01-01 23:43:53.889000,-0.2930993437767029,0.03720581531524658
2023-01-01 23:44:53.419000,-0.2985447645187378,0.04010524973273277
2023-01-01 23:45:53.485000,-0.3058215379714966,0.045526180416345596
2023-01-01 23:46:53.494000,-0.31098389625549316,0.04788895696401596
2023-01-01 23:47:53.437000,-0.27925142645835876,0.04855351895093918
2023-01-01 23:48:53.379000,-0.3332589864730835,0.04888681694865227
2023-01-01 23:49:53.457000,-0.6019030213356018,0.04930397868156433
2023-01-01 23:50:53.683000,-0.2670556902885437,0.04965797811746597
2023-01-01 23:51:53.360000,-0.2622283697128296,0.049934033304452896
2023-01-01 23:52:53.409000,-0.2688988745212555,0.050182342529296875
2023-01-01 23:53:53.486000,-0.27039575576782227,0.050317224115133286
2023-01-01 23:54:53.498000,-0.2692956328392029,0.05056289583444595
2023-01-01 23:55:53.428000,-0.2571755051612854,0.050679609179496765
2023-01-01 23:56:53.371000,-0.5277715921401978,0.050808317959308624
2023-01-01 23:57:53.490000,-0.37556591629981995,0.05065487325191498
2023-01-01 23:58:53.482000,-0.6350151896476746,0.05110553652048111
2023-01-01 23:59:53.439000,-0.28896185755729675,0.05127064138650894
2023-01-02 00:00:53.590000,-0.27608412504196167,0.05191586911678314
2023-01-02 00:01:53.359000,-0.1857154369354248,0.052563656121492386
2023-01-02 00:02:53.694000,-0.18211333453655243,0.05330310016870499
2023-01-02 00:03:53.459000,-0.1815309226512909,0.0538819395005703
2023-01-02 00:04:53.620000,-0.1897013932466507,0.054306406527757645
2023-01-02 00:05:53.372000,-0.27181652188301086,0.05478472262620926
2023-01-02 00:06:53.430000,-0.3102695345878601,0.055212847888469696
2023-01-02 00:07:53.490000,-0.5970385670661926,0.05553804337978363
2023-01-02 00:08:53.489000,-0.28518468141555786,0.0559302382171154
2023-01-02 00:09:53.490000,-0.5910034775733948,0.056472208350896835
2023-01-02 00:10:53.672000,-0.29129889607429504,0.056919679045677185
2023-01-02 00:11:53.666000,-0.23649895191192627,0.05764640122652054
2023-01-02 00:12:53.465000,-0.2396923005580902,0.05831284821033478
2023-01-02 00:13:53.388000,-0.18661631643772125,0.05896914005279541
2023-01-02 00:14:53.345000,-0.1825137883424759,0.05956729128956795
2023-01-02 00:15:53.696000,-0.23502109944820404,0.06001526489853859
2023-01-02 00:16:53.411000,-0.5917285084724426,0.06054886057972908
2023-01-02 00:17:53.372000,-0.2886072099208832,0.06092790141701698
2023-01-02 00:18:53.350000,-0.288488507270813,0.061254024505615234
2023-01-02 00:19:53.430000,-0.31877052783966064,0.061829470098018646
2023-01-02 00:20:53.422000,-0.322683185338974,0.06247624382376671
2023-01-02 00:21:53.381000,-0.357673317193985,0.06318917870521545
2023-01-02 00:22:53.361000,-0.3516998291015625,0.063604936003685
2023-01-02 00:23:53.429000,-0.5286267399787903,0.0641576498746872
2023-01-02 00:24:53.356000,-0.5196961164474487,0.06472690403461456
2023-01-02 00:25:53.320000,-0.5335273742675781,0.06515130400657654
2023-01-02 00:26:53.704000,-0.1998216211795807,0.0657118409872055
2023-01-02 00:27:53.423000,-0.206028014421463,0.06635554134845734
2023-01-02 00:28:53.336000,-0.216545969247818,0.0669199526309967
2023-01-02 00:29:53.776000,-0.21908235549926758,0.06759224086999893
2023-01-02 00:30:53.412000,-0.2516448199748993,0.06819836795330048
2023-01-02 00:31:53.433000,-0.1440325379371643,0.06902769953012466
2023-01-02 00:32:53.358000,-0.1348407119512558,0.06973029673099518
2023-01-02 00:33:53.339000,-0.3770570755004883,0.07045458257198334
2023-01-02 00:34:53.442000,-0.43037497997283936,0.0710497573018074
2023-01-02 00:35:53.426000,-0.22134940326213837,0.07173486799001694
2023-01-02 00:36:53.405000,-0.27336931228637695,0.07235805690288544
2023-01-02 00:37:53.765000,-0.5423356294631958,0.07352833449840546
2023-01-02 00:38:53.861000,-0.19725586473941803,0.07460006326436996
2023-01-02 00:39:53.571000,-0.20972609519958496,0.07596072554588318
2023-01-02 00:40:53.331000,-0.20279385149478912,0.07806956022977829
2023-01-02 00:41:53.426000,-0.15061412751674652,0.07734300196170807
2023-01-02 00:42:53.586000,-0.5223579406738281,0.07995963096618652
2023-01-02 00:43:53.438000,-0.3566354215145111,0.08172763884067535
2023-01-02 00:44:53.441000,-0.26119861006736755,0.08299515396356583
2023-01-02 00:45:53.403000,-0.2514220178127289,0.08458685874938965
2023-01-02 00:46:53.320000,-0.25985291600227356,0.08603493124246597
2023-01-02 00:47:53.355000,-0.23819030821323395,0.08843070268630981
2023-01-02 00:48:53.344000,-0.2302374690771103,0.09347183257341385
2023-01-02 00:49:53.456000,-0.4840373694896698,0.1622285693883896
2023-01-02 00:50:53.336000,-0.3862352967262268,0.2963212728500366
2023-01-02 00:51:53.438000,-0.5654448866844177,0.49302878975868225
2023-01-02 00:52:53.365000,-0.2542835474014282,0.6716692447662354
2023-01-02 00:53:53.353000,-0.2470412701368332,0.9117321372032166
2023-01-02 00:54:53.335000,-0.181688129901886,1.1343166828155518
2023-01-02 00:55:53.315000,-0.15550698339939117,1.2926082611083984
2023-01-02 00:56:53.277000,-0.14197011291980743,1.4549076557159424
2023-01-02 00:57:53.402000,-0.113372802734375,1.593498706817627
2023-01-02 00:58:53.413000,-0.06682328134775162,1.6068668365478516
2023-01-02 00:59:53.454000,-0.0670677199959755,1.6255918741226196
2023-01-02 01:00:53.306000,-0.46262326836586,1.6354957818984985
2023-01-02 01:01:53.502000,-0.1714373677968979,1.6400256156921387
2023-01-02 01:02:53.332000,-0.3897419273853302,1.6562206745147705
2023-01-02 01:03:53.635000,-0.11471877992153168,1.663270115852356
2023-01-02 01:04:53.333000,-0.10767481476068497,1.6738957166671753
2023-01-02 01:05:53.330000,-0.14333529770374298,1.6833196878433228
2023-01-02 01:06:53.385000,-0.142475888133049,1.696089744567871
2023-01-02 01:07:53.375000,-0.09679014980792999,1.7002296447753906
2023-01-02 01:08:53.315000,-0.1912294328212738,1.713431715965271
2023-01-02 01:09:53.353000,-0.4522908926010132,1.726140022277832
2023-01-02 01:10:53.651000,-0.1088271513581276,1.7271368503570557
2023-01-02 01:11:53.726000,-0.12468098104000092,1.7265141010284424
2023-01-02 01:12:53.306000,-0.2052258849143982,1.7643656730651855
2023-01-02 01:13:53.555000,-0.25319817662239075,1.7649480104446411
2023-01-02 01:14:53.726000,-0.6609315276145935,1.7886501550674438
2023-01-02 01:15:53.337000,-0.24435508251190186,1.7984391450881958
2023-01-02 01:16:53.402000,-0.20797233283519745,1.7943923473358154
2023-01-02 01:17:53.429000,-0.37866732478141785,1.795831322669983
2023-01-02 01:18:53.365000,-0.44481194019317627,1.8063883781433105
2023-01-02 01:19:53.381000,-0.19133560359477997,1.8092831373214722
2023-01-02 01:20:53.299000,-0.28481417894363403,1.8181785345077515
2023-01-02 01:21:53.353000,-0.3135443329811096,1.8437526226043701
2023-01-02 01:22:53.484000,-0.29236114025115967,1.8700562715530396
2023-01-02 01:23:53.267000,-0.310459703207016,1.880094289779663
2023-01-02 01:24:53.702000,-0.3087088465690613,1.883928656578064
2023-01-02 01:25:53.365000,-0.30535030364990234,1.8907727003097534
2023-01-02 01:26:53.267000,-0.9416423439979553,1.888779640197754
2023-01-02 01:27:53.809000,-0.3620152771472931,1.8911798000335693
2023-01-02 01:28:53.302000,-0.26511073112487793,1.9179476499557495
2023-01-02 01:29:53.591000,-0.2492751181125641,1.9315625429153442
2023-01-02 01:30:53.385000,-0.23064616322517395,1.9297895431518555
2023-01-02 01:31:53.595000,-0.2329302281141281,1.9575674533843994
2023-01-02 01:32:53.322000,-0.24865148961544037,1.9661856889724731
2023-01-02 01:33:53.252000,-0.23198191821575165,1.9543274641036987
2023-01-02 01:34:53.374000,-0.23413445055484772,1.9738749265670776
2023-01-02 01:35:53.524000,-0.592407763004303,1.977953553199768
2023-01-02 01:36:53.411000,-0.24196261167526245,1.9898045063018799
2023-01-02 01:37:53.238000,-0.3081774413585663,2.021982192993164
2023-01-02 01:38:53.338000,-0.5182037353515625,2.021815299987793
2023-01-02 01:39:53.552000,-0.19363170862197876,2.037942409515381
2023-01-02 01:40:53.252000,-0.20094718039035797,2.0371341705322266
2023-01-02 01:41:53.306000,-0.17483142018318176,2.044339418411255
2023-01-02 01:42:53.302000,-0.19619740545749664,2.058683156967163
2023-01-02 01:43:53.354000,-0.24292241036891937,2.0856292247772217
2023-01-02 01:44:53.353000,-0.48830291628837585,2.0855062007904053
2023-01-02 01:45:53.627000,-0.20866940915584564,2.1023435592651367
2023-01-02 01:46:53.840000,-0.1814512312412262,2.1125967502593994
2023-01-02 01:47:53.319000,-0.17912933230400085,2.1174538135528564
2023-01-02 01:48:53.375000,-0.2182370126247406,2.1425626277923584
2023-01-02 01:49:53.727000,-0.3233427107334137,2.1515839099884033
2023-01-02 01:50:53.255000,-0.4825374484062195,2.1658856868743896
2023-01-02 01:51:53.317000,-0.22383514046669006,2.164567708969116
2023-01-02 01:52:53.303000,-0.34203246235847473,2.1424262523651123
2023-01-02 01:53:53.744000,-0.3474704325199127,2.1116154193878174
2023-01-02 01:54:53.933000,-0.11564479768276215,2.005187511444092
2023-01-02 01:55:53.200000,-0.07176796346902847,1.9195853471755981
2023-01-02 01:56:53.271000,-0.06289401650428772,1.9886703491210938
2023-01-02 01:57:53.298000,-0.08701508492231369,2.0889110565185547
2023-01-02 01:58:53.353000,-0.1757478266954422,2.177093029022217
2023-01-02 01:59:53.289000,-0.1739538460969925,2.214982032775879
2023-01-02 02:00:53.301000,-0.19964084029197693,2.265738010406494
2023-01-02 02:01:53.310000,-0.5270835161209106,2.26943302154541
2023-01-02 02:02:53.280000,-0.5798799395561218,2.2824203968048096
2023-01-02 02:03:53.291000,-0.1609821617603302,2.2785251140594482
2023-01-02 02:04:53.270000,-0.15575094521045685,2.2610747814178467
2023-01-02 02:05:53.298000,-0.2099141776561737,2.2567803859710693
2023-01-02 02:06:53.298000,-0.13093049824237823,2.27191162109375
2023-01-02 02:07:53.250000,-0.12392043322324753,2.275438070297241
2023-01-02 02:08:53.197000,-0.21619150042533875,2.301809310913086
2023-01-02 02:09:53.286000,-0.2716467082500458,2.3114469051361084
2023-01-02 02:10:53.208000,-0.47554147243499756,2.312995433807373
2023-01-02 02:11:53.331000,-0.4417446553707123,2.3084564208984375
2023-01-02 02:12:53.258000,-0.2863275408744812,2.298405170440674
2023-01-02 02:13:53.326000,-0.64809650182724,2.3021507263183594
2023-01-02 02:14:53.331000,-0.26990044116973877,2.328737735748291
2023-01-02 02:15:53.235000,-0.24815252423286438,2.3025927543640137
2023-01-02 02:16:53.206000,-0.2448866367340088,2.284827470779419
2023-01-02 02:17:53.847000,-0.2611963748931885,2.286010980606079
2023-01-02 02:18:53.311000,-0.23378394544124603,2.2832841873168945
2023-01-02 02:19:53.703000,-0.43305179476737976,2.282186508178711
2023-01-02 02:20:53.266000,-0.5067334771156311,2.262951135635376
2023-01-02 02:21:53.289000,-0.2510983943939209,2.2866342067718506
2023-01-02 02:22:53.256000,-0.2847486138343811,2.32795786857605
2023-01-02 02:23:53.216000,-0.2105814665555954,2.264833450317383
2023-01-02 02:24:53.576000,-0.3974701166152954,2.3075039386749268
2023-01-02 02:25:53.385000,-0.3468577563762665,2.356849431991577
2023-01-02 02:26:53.554000,-0.23244795203208923,2.352884531021118
2023-01-02 02:27:53.508000,-0.19915392994880676,2.4185590744018555
2023-01-02 02:28:53.211000,-0.36499348282814026,2.428738832473755
2023-01-02 02:29:53.169000,-0.47073739767074585,2.3265414237976074
2023-01-02 02:30:53.179000,-0.18055739998817444,2.3567047119140625
2023-01-02 02:31:53.251000,-0.19941936433315277,2.393904447555542
2023-01-02 02:32:53.309000,-0.20976732671260834,2.3716936111450195
2023-01-02 02:33:53.202000,-0.1663483828306198,2.3270747661590576
2023-01-02 02:34:53.197000,-0.19820912182331085,2.257528305053711
2023-01-02 02:35:53.233000,-0.3778812885284424,2.3117928504943848
2023-01-02 02:36:53.255000,-0.4866214096546173,2.3724300861358643
2023-01-02 02:37:53.176000,-0.3348427414894104,2.418595790863037
2023-01-02 02:38:53.161000,-0.5816583633422852,2.414259910583496
2023-01-02 02:39:53.191000,-0.23531295359134674,2.4267125129699707
2023-01-02 02:40:53.258000,-0.24283573031425476,2.367741107940674
2023-01-02 02:41:53.255000,-0.26516491174697876,2.403311252593994
2023-01-02 02:42:53.195000,-0.25409477949142456,2.4545631408691406
2023-01-02 02:43:53.199000,-0.2928367853164673,2.433216094970703
2023-01-02 02:44:53.277000,-0.25380849838256836,2.3750252723693848
2023-01-02 02:45:53.191000,-0.19839482009410858,2.476640224456787
2023-01-02 02:46:53.731000,-0.20963561534881592,2.4813039302825928
2023-01-02 02:47:53.620000,-0.9531829357147217,2.495243549346924
2023-01-02 02:48:53.281000,-0.20755483210086823,2.5269620418548584
2023-01-02 02:49:53.738000,-0.16925141215324402,2.5142219066619873
2023-01-02 02:50:53.206000,-0.1085197851061821,2.4899420738220215
2023-01-02 02:51:53.326000,-0.13128651678562164,2.423358678817749
2023-01-02 02:52:53.207000,-0.10562369972467422,2.3380651473999023
2023-01-02 02:53:53.226000,-0.11104323714971542,2.3651463985443115
2023-01-02 02:54:53.336000,-0.11831960082054138,2.4315550327301025
2023-01-02 02:55:53.552000,-0.10169447958469391,2.471007823944092
2023-01-02 02:56:53.242000,-0.5222845077514648,2.4835286140441895
2023-01-02 02:57:53.230000,-0.15438275039196014,2.5035276412963867
2023-01-02 02:58:53.606000,-0.29759153723716736,2.533634901046753
2023-01-02 02:59:53.241000,-0.28344297409057617,2.4382078647613525
2023-01-02 03:00:53.315000,-0.12282879650592804,2.4642245769500732
2023-01-02 03:01:53.240000,-0.09762221574783325,2.5968592166900635
2023-01-02 03:02:53.556000,-0.12979646027088165,2.614056348800659
2023-01-02 03:03:53.553000,-0.08549651503562927,2.4513237476348877
2023-01-02 03:04:53.163000,-0.08690441399812698,2.6074843406677246
2023-01-02 03:05:53.184000,-0.5571863055229187,2.6973483562469482
2023-01-02 03:06:53.238000,-0.35247811675071716,2.719426155090332
2023-01-02 03:07:53.133000,-0.20442920923233032,2.466299295425415
2023-01-02 03:08:53.206000,-0.23149025440216064,2.509540557861328
2023-01-02 03:09:53.238000,-0.3837265074253082,2.3515031337738037
2023-01-02 03:10:53.587000,-0.4668925404548645,2.371838092803955
2023-01-02 03:11:53.524000,-0.2372961789369583,2.4379026889801025
2023-01-02 03:12:53.162000,-0.2238236367702484,2.565945863723755
2023-01-02 03:13:53.210000,-0.26159292459487915,2.4975199699401855
2023-01-02 03:14:53.151000,-0.5353689193725586,2.514213800430298
2023-01-02 03:15:53.218000,-0.48132431507110596,2.5620710849761963
2023-01-02 03:16:53.253000,-0.37870141863822937,2.537198305130005
2023-01-02 03:17:53.366000,-0.3462865650653839,2.2622158527374268
2023-01-02 03:18:53.159000,-0.3737877309322357,2.4751477241516113
2023-01-02 03:19:53.134000,-0.3371017873287201,2.618746757507324
2023-01-02 03:20:53.533000,-0.38373762369155884,2.5269861221313477
2023-01-02 03:21:53.435000,-0.5006018280982971,2.1617205142974854
2023-01-02 03:22:53.187000,-0.257270872592926,2.624507427215576
2023-01-02 03:23:53.204000,-0.3265051245689392,2.7237906455993652
2023-01-02 03:24:53.124000,-0.5322837829589844,2.7106058597564697
2023-01-02 03:25:53.600000,-0.24084074795246124,2.6971259117126465
2023-01-02 03:26:53.140000,-0.21328607201576233,2.6799447536468506
2023-01-02 03:27:53.524000,-0.22909528017044067,2.6602225303649902
2023-01-02 03:28:53.431000,-0.27355724573135376,2.645430564880371
2023-01-02 03:29:53.502000,-0.2468830645084381,2.631727933883667
2023-01-02 03:30:53.532000,-0.21775302290916443,2.644592046737671
2023-01-02 03:31:53.321000,-0.3418525457382202,2.63983416557312
2023-01-02 03:32:53.531000,-0.433515340089798,2.663414716720581
2023-01-02 03:33:53.519000,-0.6134045124053955,2.6684696674346924
2023-01-02 03:34:53.077000,-0.20010195672512054,2.658569574356079
2023-01-02 03:35:53.115000,-0.16613207757472992,2.6542911529541016
2023-01-02 03:36:53.100000,-0.1888425499200821,2.654114246368408
2023-01-02 03:37:53.107000,-0.188644677400589,2.653815507888794
2023-01-02 03:38:53.184000,-0.18793705105781555,2.646937370300293
2023-01-02 03:39:53.118000,-0.20118840038776398,2.6450421810150146
2023-01-02 03:40:53.220000,-0.19292889535427094,2.635902166366577
2023-01-02 03:41:53.071000,-0.21168950200080872,2.4841127395629883
2023-01-02 03:42:53.072000,-0.6166989207267761,2.4596774578094482
2023-01-02 03:43:53.238000,-0.5628105998039246,2.386805295944214
2023-01-02 03:44:53.076000,-0.22997432947158813,2.2890710830688477
2023-01-02 03:45:53.242000,-0.2576751708984375,2.1485061645507812
2023-01-02 03:46:53.541000,-0.1714790165424347,2.177215099334717
2023-01-02 03:47:53.104000,-0.16756519675254822,2.279561758041382
2023-01-02 03:48:53.184000,-0.17782065272331238,2.5785975456237793
2023-01-02 03:49:53.731000,-0.2049480527639389,2.627728223800659
2023-01-02 03:50:53.153000,-0.22006984055042267,2.2705464363098145
2023-01-02 03:51:53.201000,-0.5398047566413879,2.277266502380371
2023-01-02 03:52:53.155000,-0.35862666368484497,2.545356035232544
2023-01-02 03:53:53.144000,-0.3960235118865967,2.529099464416504
2023-01-02 03:54:53.501000,-0.5721523761749268,2.6835708618164062
2023-01-02 03:55:53.139000,-0.297097384929657,2.6857352256774902
2023-01-02 03:56:53.546000,-0.3449802100658417,2.668071985244751
2023-01-02 03:57:53.083000,-0.3308168351650238,2.6384127140045166
2023-01-02 03:58:53.677000,-0.3565467298030853,2.6458022594451904
2023-01-02 03:59:53.371000,-0.33347877860069275,2.5444493293762207
2023-01-02 04:00:53.401000,-0.6584527492523193,2.470856189727783
2023-01-02 04:01:53.098000,-0.42949140071868896,2.315617799758911
2023-01-02 04:02:53.557000,-0.41828492283821106,2.218799591064453
2023-01-02 04:03:53.163000,-0.4163684546947479,2.1609230041503906
2023-01-02 04:04:53.395000,-0.6903780698776245,2.220916509628296
2023-01-02 04:05:53.180000,-0.5099375247955322,2.2630865573883057
2023-01-02 04:06:53.584000,-0.384772926568985,2.2330710887908936
2023-01-02 04:07:53.593000,-0.4110555946826935,1.9938075542449951
2023-01-02 04:08:53.510000,-0.5422847867012024,2.2582802772521973
2023-01-02 04:09:53.507000,-0.6247733235359192,2.1758522987365723
2023-01-02 04:10:53.257000,-0.38444384932518005,2.0231785774230957
2023-01-02 04:11:53.350000,-0.35376831889152527,1.9715969562530518
2023-01-02 04:12:53.105000,-0.3926147222518921,2.0651962757110596
2023-01-02 04:13:53.137000,-0.3938644528388977,2.138610363006592
2023-01-02 04:14:53.226000,-0.3640890419483185,2.220155715942383
2023-01-02 04:15:53.033000,-0.6826919913291931,2.356416940689087
2023-01-02 04:16:53.095000,-0.34553515911102295,2.6618127822875977
2023-01-02 04:17:53.363000,-0.5497972965240479,2.5336313247680664
2023-01-02 04:18:53.138000,-0.3526427447795868,2.576486587524414
2023-01-02 04:19:53.090000,-0.2879917323589325,2.723806858062744
2023-01-02 04:20:53.122000,-0.2807854413986206,2.7660071849823
2023-01-02 04:21:53.326000,-0.26955440640449524,2.758906364440918
2023-01-02 04:22:53.095000,-0.27094152569770813,2.762003183364868
2023-01-02 04:23:53.481000,-0.2865041196346283,2.721949338912964
2023-01-02 04:24:53.067000,-0.25556981563568115,2.685742139816284
2023-01-02 04:25:53.109000,-0.40233778953552246,2.6462831497192383
2023-01-02 04:26:53.067000,-0.9623351693153381,2.6453053951263428
2023-01-02 04:27:53.131000,-0.29922252893447876,2.645298719406128
2023-01-02 04:28:53.591000,-0.2709095776081085,2.5766141414642334
2023-01-02 04:29:53.156000,-0.3454388380050659,2.5770249366760254
2023-01-02 04:30:53.178000,-0.3912748396396637,2.5807578563690186
2023-01-02 04:31:53.213000,-0.4283502995967865,2.5425820350646973
2023-01-02 04:32:53.146000,-0.4467930495738983,2.4875593185424805
2023-01-02 04:33:53.580000,-0.44057124853134155,2.541848659515381
2023-01-02 04:34:53.059000,-0.6546021699905396,2.4910807609558105
2023-01-02 04:35:53.079000,-1.0667918920516968,2.5073747634887695
2023-01-02 04:36:53.364000,-0.4695594012737274,2.52030086517334
2023-01-02 04:37:53.024000,-0.4180017113685608,2.535615921020508
2023-01-02 04:38:53.141000,-0.36206212639808655,2.540518283843994
2023-01-02 04:39:53.123000,-0.40047213435173035,2.5355265140533447
2023-01-02 04:40:53.142000,-0.34935715794563293,2.4998488426208496
2023-01-02 04:41:53.122000,-0.36093011498451233,2.521291494369507
2023-01-02 04:42:53.044000,-0.37244704365730286,2.4877686500549316
2023-01-02 04:43:53.058000,-0.8893458843231201,2.501115322113037
2023-01-02 04:44:53.027000,-0.5901671051979065,2.5222113132476807
2023-01-02 04:45:53.011000,-0.3647612929344177,2.5421226024627686
2023-01-02 04:46:53.066000,-0.3332065939903259,2.5428874492645264
2023-01-02 04:47:53.099000,-0.3149718940258026,2.55544114112854
2023-01-02 04:48:53.151000,-0.3419016897678375,2.5711538791656494
2023-01-02 04:49:53.145000,-0.33552873134613037,2.577322483062744
2023-01-02 04:50:53.126000,-0.2079748511314392,2.558798313140869
2023-01-02 04:51:53.371000,-0.6231754422187805,2.5604517459869385
2023-01-02 04:52:53.035000,-0.49919211864471436,2.5605411529541016
2023-01-02 04:53:53.317000,-0.1827092319726944,2.5634286403656006
2023-01-02 04:54:53.066000,-0.16816289722919464,2.5609939098358154
2023-01-02 04:55:52.999000,-0.14748677611351013,2.574849843978882
2023-01-02 04:56:53.150000,-0.19292284548282623,2.578720808029175
2023-01-02 04:57:53.063000,-0.19515010714530945,2.3682031631469727
2023-01-02 04:58:53.351000,-0.19176271557807922,1.8986668586730957
2023-01-02 04:59:53.109000,-0.5529330968856812,1.8089611530303955
2023-01-02 05:00:52.975000,-0.5497686862945557,2.5160295963287354
2023-01-02 05:01:53.019000,-0.17199666798114777,2.6075987815856934
2023-01-02 05:02:52.992000,-0.17264801263809204,2.5735692977905273
2023-01-02 05:03:52.992000,-0.17629535496234894,2.577814817428589
2023-01-02 05:04:53.627000,-0.16875693202018738,2.477093458175659
2023-01-02 05:05:53.497000,-0.2795674204826355,2.4184563159942627
2023-01-02 05:06:53.083000,-0.29071885347366333,2.556549310684204
2023-01-02 05:07:53.463000,-0.7604541182518005,2.551156997680664
2023-01-02 05:08:53.005000,-0.697860598564148,2.5399346351623535
2023-01-02 05:09:53.125000,-0.48756441473960876,2.5390841960906982
2023-01-02 05:10:53.435000,-0.40806227922439575,2.5261175632476807
2023-01-02 05:11:53.094000,-0.44752237200737,2.532968282699585
2023-01-02 05:12:52.960000,-0.4248875379562378,2.531222105026245
2023-01-02 05:13:53.078000,-0.37376245856285095,2.5248427391052246
2023-01-02 05:14:53.091000,-0.4528481066226959,2.519253730773926
2023-01-02 05:15:53.370000,-0.6820372939109802,2.5014047622680664
2023-01-02 05:16:53.122000,-0.5481823086738586,2.513385534286499
2023-01-02 05:17:53.097000,-0.4671247899532318,2.497870922088623
2023-01-02 05:18:53.046000,-0.28629380464553833,2.5113649368286133
2023-01-02 05:19:53.117000,-0.30364561080932617,2.519742012023926
2023-01-02 05:20:53.045000,-0.33060184121131897,2.5190820693969727
2023-01-02 05:21:53.090000,-0.28578469157218933,2.5135159492492676
2023-01-02 05:22:53.080000,-0.3833557069301605,2.501006841659546
2023-01-02 05:23:53.274000,-0.6140262484550476,2.4929330348968506
2023-01-02 05:24:53.015000,-0.3717305064201355,2.49082350730896
2023-01-02 05:25:53.028000,-0.4372517466545105,2.4969232082366943
2023-01-02 05:26:53.519000,-0.19960854947566986,2.4895384311676025
2023-01-02 05:27:52.964000,-0.14440356194972992,2.4886534214019775
2023-01-02 05:28:53.057000,-0.16353926062583923,2.4805362224578857
2023-01-02 05:29:53.365000,-0.1681065559387207,2.469975233078003
2023-01-02 05:30:53.057000,-0.21302151679992676,2.465841293334961
2023-01-02 05:31:53.489000,-0.5047028660774231,2.45363712310791
2023-01-02 05:32:53.143000,-0.1801917999982834,2.4449212551116943
2023-01-02 05:33:52.981000,-0.34046050906181335,2.4232237339019775
2023-01-02 05:34:53.054000,-0.3981093168258667,2.3710827827453613
2023-01-02 05:35:53.001000,-0.12432163208723068,2.3025760650634766
2023-01-02 05:36:53.303000,-0.05805009976029396,2.2998502254486084
2023-01-02 05:37:52.987000,-0.11702214926481247,2.298327684402466
2023-01-02 05:38:53.269000,-0.11362548172473907,2.2730512619018555
2023-01-02 05:39:53.069000,-0.2948486804962158,2.268096446990967
2023-01-02 05:40:53.013000,-0.3452175557613373,2.2962262630462646
2023-01-02 05:41:53.045000,-0.1305159628391266,2.2299256324768066
2023-01-02 05:42:53.344000,-0.14063018560409546,2.2004928588867188
2023-01-02 05:43:53.039000,-0.1742151528596878,2.2329931259155273
2023-01-02 05:44:53.281000,-0.5284043550491333,2.270103693008423
2023-01-02 05:45:53.309000,-0.22267259657382965,2.3072609901428223
2023-01-02 05:46:53.399000,-0.21017000079154968,2.312833547592163
2023-01-02 05:47:53.311000,-0.20499396324157715,2.312100887298584
2023-01-02 05:48:53.271000,-0.3738453686237335,2.3348889350891113
2023-01-02 05:49:52.960000,-0.4550274610519409,2.3049442768096924
2023-01-02 05:50:52.947000,-0.26937949657440186,2.29337739944458
2023-01-02 05:51:53.035000,-0.35620400309562683,2.2971372604370117
2023-01-02 05:52:53.296000,-0.34826773405075073,2.2964978218078613
2023-01-02 05:53:53.043000,-0.25349459052085876,2.285196304321289
2023-01-02 05:54:52.951000,-0.4248204827308655,2.289707899093628
2023-01-02 05:55:53.264000,-0.4914036989212036,2.2830827236175537
2023-01-02 05:56:53.131000,-0.284294068813324,2.2262895107269287
2023-01-02 05:57:53.031000,-0.3402532637119293,2.21797251701355
2023-01-02 05:58:52.900000,-0.6067209243774414,2.2125155925750732
2023-01-02 05:59:53.470000,-0.23282550275325775,2.183335304260254
2023-01-02 06:00:52.984000,-0.24558445811271667,2.19311261177063
2023-01-02 06:01:53.271000,-0.2727705240249634,2.1844606399536133
2023-01-02 06:02:53.437000,-0.2512776255607605,2.046811580657959
2023-01-02 06:03:53.042000,-0.2607927918434143,2.0035488605499268
2023-01-02 06:04:52.903000,-0.2743549942970276,2.1623544692993164
2023-01-02 06:05:52.934000,-0.5783613324165344,2.144092321395874
2023-01-02 06:06:53.332000,-0.2047397345304489,1.9288251399993896
2023-01-02 06:07:52.892000,-0.5797562003135681,2.086435317993164
2023-01-02 06:08:53.033000,-0.16822980344295502,2.145003318786621
2023-01-02 06:10:53.430000,-0.20894476771354675,2.1289169788360596
2023-01-02 06:11:52.947000,-0.1738300323486328,2.106053352355957
2023-01-02 06:12:52.912000,-0.20695547759532928,2.0318357944488525
2023-01-02 06:13:52.931000,-0.19527508318424225,2.04258394241333
2023-01-02 06:14:53.345000,-0.16468113660812378,1.7151048183441162
2023-01-02 06:15:53.382000,-0.2165079414844513,1.8721816539764404
2023-01-02 06:16:52.947000,-0.6553410291671753,2.0176374912261963
2023-01-02 06:17:53.359000,-0.4285387098789215,2.01292085647583
2023-01-02 06:18:52.998000,-0.17178216576576233,2.0186121463775635
2023-01-02 06:19:53.244000,-0.19013755023479462,1.992126703262329
2023-01-02 06:20:53.437000,-0.22319693863391876,1.973408579826355
2023-01-02 06:21:53.216000,-0.20183832943439484,2.007204294204712
2023-01-02 06:22:52.908000,-0.23956142365932465,1.9859520196914673
2023-01-02 06:23:53.001000,-0.30326607823371887,1.996297001838684
2023-01-02 06:24:53.015000,-0.29192501306533813,2.002040147781372
2023-01-02 06:25:52.943000,-0.27014678716659546,1.995219111442566
2023-01-02 06:26:52.963000,-0.6717680096626282,1.9707735776901245
2023-01-02 06:28:52.912000,-0.30434831976890564,1.9440605640411377
2023-01-02 06:29:53.232000,-0.28550711274147034,1.9374728202819824
2023-01-02 06:30:53.454000,-0.24320656061172485,1.9307523965835571
2023-01-02 06:31:53.227000,-0.22354824841022491,1.9153101444244385
2023-01-02 06:32:52.874000,-0.1965560019016266,1.8966588973999023
2023-01-02 06:33:52.976000,-0.20768480002880096,1.871995449066162
2023-01-02 06:34:52.979000,-0.09350744634866714,1.8480582237243652
2023-01-02 06:35:52.978000,-0.14398916065692902,1.8462811708450317
2023-01-02 06:36:52.953000,-0.4811882972717285,1.8123319149017334
2023-01-02 06:37:52.876000,-0.13869041204452515,1.8167171478271484
2023-01-02 06:38:52.924000,-0.4573933780193329,1.7893882989883423
2023-01-02 06:39:52.961000,-0.08104114979505539,1.7785495519638062
2023-01-02 06:40:52.903000,-0.0855768471956253,1.7785638570785522
2023-01-02 06:41:53.237000,-0.11264020204544067,1.753240704536438
2023-01-02 06:42:53.026000,-0.11747311800718307,1.7368117570877075
2023-01-02 06:43:53.163000,-0.07897525280714035,1.726628065109253
2023-01-02 06:44:53.391000,-0.08452876657247543,1.7185862064361572
2023-01-02 06:45:53.176000,-0.21036100387573242,1.695677638053894
2023-01-02 06:46:53.232000,-0.3461933434009552,1.7050762176513672
2023-01-02 06:47:53.352000,-0.07594584673643112,1.6973025798797607
2023-01-02 06:48:52.966000,-0.15001216530799866,1.6605665683746338
2023-01-02 06:49:53.201000,-0.5728541612625122,1.6580809354782104
2023-01-02 06:50:53.330000,-0.24503877758979797,1.6706072092056274
2023-01-02 06:51:53.337000,-0.2491353303194046,1.6735126972198486
2023-01-02 06:52:53.386000,-0.29095911979675293,1.6612584590911865
2023-01-02 06:53:52.974000,-0.2160530984401703,1.6397837400436401
2023-01-02 06:54:52.839000,-0.27754414081573486,1.5975987911224365
2023-01-02 06:55:53.270000,-0.5022273063659668,1.5906959772109985
2023-01-02 06:56:52.940000,-0.3962363600730896,1.5595879554748535
2023-01-02 06:57:52.933000,-0.2477891445159912,1.5285195112228394
2023-01-02 06:58:52.924000,-0.25001955032348633,1.2967907190322876
2023-01-02 06:59:52.896000,-0.2579726576805115,1.3536189794540405
2023-01-02 07:00:52.927000,-0.7040464282035828,1.273093581199646
2023-01-02 07:01:52.907000,-0.378081738948822,1.4408682584762573
2023-01-02 07:02:52.977000,-0.3343331813812256,1.4815807342529297
2023-01-02 07:03:52.890000,-0.3348047733306885,1.5121054649353027
2023-01-02 07:04:53.495000,-0.3326234519481659,1.515140175819397
2023-01-02 07:05:53.255000,-0.5682204961776733,1.4883867502212524
2023-01-02 07:06:52.957000,-0.4347572922706604,1.46621835231781
2023-01-02 07:07:52.824000,-0.2900196611881256,1.4442658424377441
2023-01-02 07:08:52.930000,-0.24145828187465668,1.4286868572235107
2023-01-02 07:09:53.261000,-0.2562401592731476,1.4133634567260742
2023-01-02 07:10:52.929000,-0.25195255875587463,1.3977545499801636
2023-01-02 07:11:52.912000,-0.5359013676643372,1.3829424381256104
2023-01-02 07:12:53.304000,-0.2802441716194153,1.3682034015655518
2023-01-02 07:13:52.870000,-0.1664273589849472,1.3550165891647339
2023-01-02 07:14:52.876000,-0.17880594730377197,1.3388984203338623
2023-01-02 07:15:53.166000,-0.5718647837638855,1.3283390998840332
2023-01-02 07:16:52.887000,-0.14529456198215485,1.3157715797424316
2023-01-02 07:17:52.898000,-0.196537047624588,1.298424482345581
2023-01-02 07:18:52.844000,-0.17787951231002808,1.2863677740097046
2023-01-02 07:19:53.130000,-0.18369676172733307,1.2739145755767822
2023-01-02 07:20:52.863000,-0.12420691549777985,1.259755253791809
2023-01-02 07:21:53.204000,-0.20468617975711823,1.2459934949874878
2023-01-02 07:22:53.342000,-0.34690022468566895,1.2318463325500488
2023-01-02 07:23:52.893000,-0.32745814323425293,1.2141340970993042
2023-01-02 07:24:53.350000,-0.22764210402965546,1.1974809169769287
2023-01-02 07:25:52.792000,-0.546482264995575,1.1806309223175049
2023-01-02 07:26:53.399000,-0.18497908115386963,1.1668184995651245
2023-01-02 07:27:53.330000,-0.21466553211212158,1.142591118812561
2023-01-02 07:28:52.898000,-0.2010941505432129,1.116599678993225
2023-01-02 07:30:52.863000,-0.2614424228668213,1.0583516359329224
2023-01-02 07:31:52.889000,-0.1518174260854721,1.0368711948394775
2023-01-02 07:32:52.880000,-0.13656146824359894,0.9997439384460449
2023-01-02 07:33:52.828000,-0.24774233996868134,0.9966092109680176
2023-01-02 07:34:53.240000,-0.4925089478492737,0.9711421132087708
2023-01-02 07:35:52.817000,-0.37146875262260437,0.9566625952720642
2023-01-02 07:36:53.044000,-0.11190531402826309,0.931062638759613
2023-01-02 07:37:53.208000,-0.13819999992847443,0.9165670871734619
2023-01-02 07:38:53.069000,-0.18728667497634888,0.9021021723747253
2023-01-02 07:39:52.861000,-0.28195643424987793,0.8874632120132446
2023-01-02 07:40:53.176000,-0.7935167551040649,0.8756303787231445
2023-01-02 07:41:53.194000,-0.7285886406898499,0.852729856967926
2023-01-02 07:42:52.893000,-0.8672451376914978,0.8355337381362915
2023-01-02 07:43:53.024000,-0.8913414478302002,0.8190032243728638
2023-01-02 07:44:53.002000,-1.054234266281128,0.8061420321464539
2023-01-02 07:45:53.348000,-0.8744626641273499,0.7194513082504272
2023-01-02 07:46:53.091000,-0.7808423638343811,0.5223448276519775
2023-01-02 07:47:52.825000,-0.84468674659729,0.30904489755630493
2023-01-02 07:48:52.807000,-0.7413275241851807,0.16266170144081116
2023-01-02 07:49:53.175000,-0.7950431704521179,0.1453240066766739
2023-01-02 07:50:52.862000,-0.8358404040336609,0.1334560662508011
2023-01-02 07:51:52.799000,-0.812854528427124,0.12321075797080994
2023-01-02 07:52:52.807000,-0.6531636714935303,0.11316949874162674
2023-01-02 07:53:53.575000,-0.6746909618377686,0.09721491485834122
2023-01-02 07:54:53.134000,-1.239159345626831,0.0491451695561409
2023-01-02 07:55:52.779000,-0.5170223116874695,0.0378962866961956
2023-01-02 07:56:52.816000,-0.9105006456375122,0.03654380887746811
2023-01-02 07:57:52.763000,-0.5096091032028198,0.03545905277132988
2023-01-02 07:58:52.847000,-0.8729023933410645,0.03407370299100876
2023-01-02 07:59:52.845000,-0.5111492872238159,0.032991498708724976
2023-01-02 08:00:52.769000,-0.8475360870361328,0.03214361146092415
2023-01-02 08:01:53.142000,-0.41821083426475525,0.030821891501545906
2023-01-02 08:02:52.807000,-0.7690469622612,0.029465703293681145
2023-01-02 08:03:52.828000,-0.6289499402046204,0.02840786799788475
2023-01-02 08:04:53.151000,-0.9825583696365356,0.027482978999614716
2023-01-02 08:05:52.833000,-0.44690340757369995,0.026714297011494637
2023-01-02 08:06:53.060000,-0.7423996925354004,0.02605280466377735
2023-01-02 08:07:52.803000,-0.42622193694114685,0.02556910179555416
2023-01-02 08:08:52.796000,-0.6775068044662476,0.025102917104959488
2023-01-02 08:09:52.776000,-0.4761732816696167,0.02452593855559826
2023-01-02 08:10:53.150000,-0.5577707290649414,0.023738395422697067
2023-01-02 08:11:53.259000,-0.5365949869155884,0.022741973400115967
2023-01-02 08:12:52.847000,-0.4228210151195526,0.02147156372666359
2023-01-02 08:13:52.818000,-0.8821344375610352,0.020127762109041214
2023-01-02 08:14:53.231000,-0.37364134192466736,0.01849762164056301
2023-01-02 08:15:53.160000,-0.662237286567688,0.01712626777589321
2023-01-02 08:16:52.867000,-0.3991195261478424,0.015709811821579933
2023-01-02 08:17:52.754000,-0.6206004619598389,0.013828500173985958
2023-01-02 08:18:52.855000,-0.5671559572219849,0.01065131463110447
2023-01-02 08:19:53.097000,-0.3988085389137268,0.00846981629729271
2023-01-02 08:20:52.795000,-0.7517982721328735,0.0070940000005066395
2023-01-02 08:21:52.799000,-0.40631356835365295,0.005929434671998024
2023-01-02 08:22:52.811000,-0.5651667714118958,0.004980666562914848
2023-01-02 08:23:53.029000,-0.9251009821891785,0.003462974913418293
2023-01-02 08:24:52.853000,-0.40472063422203064,0.001861820463091135
2023-01-02 08:25:52.826000,-0.6798127293586731,0.00033418519888073206
2023-01-02 08:26:52.842000,-0.37492188811302185,-0.001410454511642456
2023-01-02 08:27:53.174000,-0.3171594738960266,-0.002880173036828637
2023-01-02 08:28:52.771000,-0.6443551182746887,-0.0010469347471371293
2023-01-02 08:29:53.133000,-0.2886144816875458,-0.0013523061061277986
2023-01-02 08:31:53.207000,-0.49272051453590393,-0.0013344722101464868
2023-01-02 08:32:52.851000,-0.22903288900852203,-0.0013536500046029687
2023-01-02 08:33:52.801000,-0.6762806177139282,-0.0014127949252724648
2023-01-02 08:34:53.150000,-0.4647328853607178,-0.0013517499901354313
2023-01-02 08:35:52.811000,-0.2231217473745346,-0.0013361794408410788
2023-01-02 08:36:52.854000,-0.3178362548351288,-0.0012885909527540207
2023-01-02 08:37:52.731000,-0.445006400346756,-0.0013304210733622313
2023-01-02 08:38:52.752000,-0.20720677077770233,-0.0013323617167770863
2023-01-02 08:39:52.977000,-0.31887322664260864,-0.001321558142080903
2023-01-02 08:40:52.803000,-0.45679542422294617,-0.0012753255432471633
2023-01-02 08:41:52.869000,-0.27264904975891113,-0.001171717420220375
2023-01-02 08:42:52.748000,-0.3573703467845917,-0.0013065652456134558
2023-01-02 08:43:52.696000,-0.9232072234153748,-0.001387065160088241
2023-01-02 08:44:52.770000,-0.37513071298599243,-0.0013614000054076314
2023-01-02 08:45:52.787000,-0.4151477515697479,-0.0012996363220736384
2023-01-02 08:46:53.094000,-0.6665580868721008,-0.0013502000365406275
2023-01-02 08:47:52.808000,-0.3767394423484802,-0.0012469565263018012
2023-01-02 08:48:53.190000,-0.40910419821739197,-0.0013957142364233732
2023-01-02 08:49:53.021000,-0.7052041888237,-0.0014179714489728212
2023-01-02 08:50:52.809000,-0.3684859871864319,-0.0013348408974707127
2023-01-02 08:51:52.738000,-0.38250142335891724,-0.0012361136032268405
2023-01-02 08:52:53.057000,-1.0012264251708984,-0.001308899954892695
2023-01-02 08:53:52.750000,-0.453060507774353,-0.0013455135049298406
2023-01-02 08:54:52.802000,-0.45990315079689026,-0.0014102222630754113
2023-01-02 08:56:52.775000,-0.5349777340888977,-0.0012702104868367314
2023-01-02 08:57:52.729000,-0.4739922285079956,-0.001378809567540884
2023-01-02 08:58:52.774000,-0.522406816482544,-0.0013272857759147882
2023-01-02 08:59:52.668000,-0.643065333366394,-0.0014290768885985017
2023-01-02 09:00:53.104000,-0.39003056287765503,-0.001354121952317655
2023-01-02 09:01:52.786000,-0.45708954334259033,-0.0013399318559095263
2023-01-02 09:02:52.996000,-1.0784704685211182,-0.001318166614510119
2023-01-02 09:03:52.774000,-0.3778279423713684,-0.0012837143149226904
2023-01-02 09:04:52.691000,-0.4153370261192322,-0.0013793528778478503
2023-01-02 09:05:52.747000,-0.5072838068008423,-0.0013160909293219447
2023-01-02 09:06:52.946000,-0.6252701878547668,-0.0013075454626232386
2023-01-02 09:07:53.251000,-0.4063948392868042,-0.0013619655510410666
2023-01-02 09:08:52.801000,-0.3967825770378113,-0.001323552569374442
2023-01-02 09:09:53.031000,-0.7609614133834839,-0.0012836667010560632
2023-01-02 09:11:52.664000,-0.6539897322654724,-0.0013603043043985963
2023-01-02 09:12:53.008000,-0.6622061133384705,-0.0013402750482782722
2023-01-02 09:13:52.753000,-0.6042822599411011,-0.0013904166407883167
2023-01-02 09:14:52.864000,-0.3744460642337799,-0.0013311064103618264
2023-01-02 09:15:52.801000,-0.3630030155181885,-0.0013452143175527453
2023-01-02 09:16:52.675000,-0.6387870907783508,-0.001330878003500402
2023-01-02 09:17:52.681000,-0.40845757722854614,-0.0013331555528566241
2023-01-02 09:18:52.719000,-0.3571961522102356,-0.0013372391695156693
2023-01-02 09:19:52.753000,-0.3527706265449524,-0.0013576666824519634
2023-01-02 09:20:52.964000,-0.6709891557693481,-0.0013339422876015306
2023-01-02 09:21:52.739000,-0.7609723806381226,-0.0013273555086925626
2023-01-02 09:22:52.635000,-0.3583752512931824,-0.0013257714454084635
2023-01-02 09:23:52.738000,-0.6231398582458496,-0.0013227894669398665
2023-01-02 09:24:53.210000,-0.4879935085773468,-0.0013396382564678788
2023-01-02 09:25:52.741000,-0.35266202688217163,-0.0013282059226185083
2023-01-02 09:26:52.782000,-0.30948135256767273,-0.0013822857290506363
2023-01-02 09:27:52.806000,-0.5535029768943787,-0.0013698249822482467
2023-01-02 09:28:52.746000,-0.23529061675071716,-0.0013928235275670886
2023-01-02 09:29:52.779000,-0.19944608211517334,-0.0013615833595395088
2023-01-02 09:30:53.139000,-0.6426390409469604,-0.0012985580833628774
2023-01-02 09:31:53.174000,-0.4973788559436798,-0.0013273846125230193
2023-01-02 09:32:52.668000,-0.2989477813243866,-0.001393625047057867
2023-01-02 09:33:53.075000,-0.3290872573852539,-0.001379600027576089
2023-01-02 09:34:52.718000,-0.6011165380477905,-0.0013406097423285246
2023-01-02 09:35:52.790000,-0.29558858275413513,-0.0013484230730682611
2023-01-02 09:36:53.157000,-0.2934491038322449,-0.0013482143403962255
2023-01-02 09:37:52.994000,-0.4375862777233124,-0.0013755105901509523
2023-01-02 09:38:53.213000,-0.42196962237358093,-0.001477255835197866
2023-01-02 09:39:52.741000,-0.4543774425983429,-0.0013380576856434345
2023-01-02 09:40:52.909000,-0.42684271931648254,-0.0013761818408966064
2023-01-02 09:41:53.270000,-0.538650631904602,-0.0013190200552344322
2023-01-02 09:42:52.705000,-0.35575199127197266,-0.001334977219812572
2023-01-02 09:43:52.652000,-0.3466838300228119,-0.001369692268781364
2023-01-02 09:44:52.705000,-0.5631143450737,-0.0014336135936900973
2023-01-02 09:45:52.965000,-0.43292340636253357,-0.0013107805280014873
2023-01-02 09:47:53.170000,-0.3902353346347809,-0.0013931621797382832
2023-01-02 09:48:52.713000,-0.7807689309120178,-0.0013548750430345535
2023-01-02 09:49:52.707000,-0.655942976474762,-0.0012801224365830421
2023-01-02 09:50:52.651000,-0.380796879529953,-0.001337431836873293
2023-01-02 09:51:52.690000,-0.5820070505142212,-0.0013939047930762172
2023-01-02 09:52:52.642000,-0.5126103758811951,-0.0013623414561152458
2023-01-02 09:53:52.709000,-0.35118260979652405,-0.0014025666750967503
2023-01-02 09:54:52.692000,-0.36657199263572693,-0.0013230238109827042
2023-01-02 09:55:52.668000,-0.6568028926849365,-0.0013880857732146978
2023-01-02 09:56:52.694000,-0.35433095693588257,-0.0013763110619038343
2023-01-02 09:57:52.814000,-0.3738219738006592,-0.001347589772194624
2023-01-02 09:58:52.669000,-0.6029832363128662,-0.0014231110690161586
2023-01-02 09:59:52.748000,-0.6429210901260376,-0.0013653888599947095
2023-01-02 10:00:52.929000,-0.3350680470466614,-0.0013446809025481343
2023-01-02 10:01:52.623000,-0.35511133074760437,-0.0013219231041148305
2023-01-02 10:02:52.721000,-0.338736891746521,-0.0013285143068060279
2023-01-02 10:03:52.605000,-0.6548417806625366,-0.001420527813024819
2023-01-02 10:04:52.648000,-0.32792508602142334,-0.0012988181551918387
2023-01-02 10:05:52.734000,-0.3517428934574127,-0.0013103478122502565
2023-01-02 10:06:53.152000,-0.3626329302787781,-0.0012962199980393052
2023-01-02 10:07:52.588000,-0.9927294850349426,-0.001377735286951065
2023-01-02 10:08:52.651000,-0.3297947645187378,-0.0013594545889645815
2023-01-02 10:09:52.596000,-0.35678258538246155,-0.0013631666079163551
2023-01-02 10:10:52.685000,-0.3730658292770386,-0.0013742856681346893
2023-01-02 10:11:52.690000,-0.688815176486969,-0.0013603478437289596
2023-01-02 10:12:52.725000,-0.3902205526828766,-0.0012517735594883561
2023-01-02 10:13:52.713000,-0.3556787073612213,-0.0013283808948472142
2023-01-02 10:14:52.600000,-0.3324284851551056,-0.0013513778103515506
2023-01-02 10:15:53.369000,-0.44639188051223755,-0.0013599999947473407
2023-01-02 10:16:52.641000,-0.9391741156578064,-0.0013782571768388152
2023-01-02 10:17:52.624000,-0.37026864290237427,-0.0013887272216379642
2023-01-02 10:18:52.631000,-0.3000144958496094,-0.0013925349339842796
2023-01-02 10:19:52.633000,-0.31109586358070374,-0.001299199997447431
2023-01-02 10:20:52.636000,-0.6006465554237366,-0.0014058704255148768
2023-01-02 10:21:53.194000,-0.2739405930042267,-0.0013589230366051197
2023-01-02 10:22:52.709000,-0.2966950535774231,-0.0012869375059381127
2023-01-02 10:23:52.655000,-0.32266965508461,-0.0013674221700057387
2023-01-02 10:24:52.986000,-0.2633976936340332,-0.0013185192365199327
2023-01-02 10:25:53.174000,-0.9039956331253052,-0.001307763159275055
2023-01-02 10:26:52.633000,-0.2511753439903259,-0.001448960043489933
2023-01-02 10:27:52.635000,-0.216379776597023,-0.0013500000350177288
2023-01-02 10:28:52.588000,-0.2155134379863739,-0.0012933191610500216
2023-01-02 10:29:52.666000,-0.5303871035575867,-0.00140185107011348
2023-01-02 10:30:52.888000,-0.2787138521671295,-0.001380730769596994
2023-01-02 10:31:52.936000,-0.27606889605522156,-0.0013715714449062943
2023-01-02 10:32:52.640000,-0.2586172819137573,-0.0013064347440376878
2023-01-02 10:33:52.591000,-0.2250439077615738,-0.0013843333581462502
2023-01-02 10:34:52.618000,-0.87444007396698,-0.0012312353355810046
2023-01-02 10:35:52.673000,-0.2838086485862732,-0.0013614000054076314
2023-01-02 10:36:52.616000,-0.2140716165304184,-0.001337227295152843
2023-01-02 10:37:52.597000,-0.22642728686332703,-0.0013584905536845326
2023-01-02 10:38:52.626000,-0.5323189496994019,-0.0013540980871766806
2023-01-02 10:39:52.581000,-0.36318498849868774,-0.0012959999730810523
2023-01-02 10:40:52.694000,-0.38914626836776733,-0.0013310612412169576
2023-01-02 10:41:52.651000,-0.3672958016395569,-0.0013746388722211123
2023-01-02 10:42:52.961000,-0.5439107418060303,-0.0013976595364511013
2023-01-02 10:43:52.608000,-0.7997267246246338,-0.001338075497187674
2023-01-02 10:44:52.908000,-0.5258762240409851,-0.0013703055446967483
2023-01-02 10:45:52.986000,-0.6069790720939636,-0.0013691538479179144
2023-01-02 10:46:52.881000,-0.8172776103019714,-0.0013686862075701356
2023-01-02 10:47:53.049000,-0.6832247376441956,-0.0013326499611139297
2023-01-02 10:48:53.028000,-0.6820327043533325,-0.0013522307854145765
2023-01-02 10:49:52.653000,-0.6841716766357422,-0.0014330500271171331
2023-01-02 10:50:52.657000,-0.9861764907836914,-0.0012871538056060672
2023-01-02 10:51:52.692000,-0.697898268699646,-0.001345978700555861
2023-01-02 10:52:52.594000,-0.8942599892616272,-0.0013546326663345098
2023-01-02 10:53:52.659000,-0.8546236753463745,-0.0014038918307051063
2023-01-02 10:54:52.650000,-0.9159314632415771,-0.0014124118024483323
2023-01-02 10:55:52.667000,-0.553604781627655,-0.001401350018568337
2023-01-02 10:56:52.649000,-0.5605645775794983,-0.0013158912770450115
2023-01-02 10:57:53.179000,-0.5784265995025635,-0.0013723213924095035
2023-01-02 10:58:52.610000,-0.8640133142471313,-0.001357652130536735
2023-01-02 10:59:52.618000,-0.5339296460151672,-0.0013811627868562937
2023-01-02 11:00:52.671000,-0.5525860786437988,-0.0013468461111187935
2023-01-02 11:01:52.719000,-0.6887302398681641,-0.0013786765048280358
2023-01-02 11:02:52.615000,-1.1635931730270386,-0.0013497777981683612
2023-01-02 11:03:52.715000,-0.5586466193199158,-0.0013575952034443617
2023-01-02 11:04:52.582000,-0.5419865846633911,-0.0013854762073606253
2023-01-02 11:05:52.615000,-0.575800895690918,-0.0013636000221595168
2023-01-02 11:06:52.631000,-0.8312399983406067,-0.0013823778135702014
2023-01-02 11:07:52.620000,-0.4973505437374115,-0.0015567272203043103
2023-01-02 11:08:52.508000,-0.5445302128791809,-0.0013607307337224483
2023-01-02 11:09:52.537000,-0.7096691727638245,-0.0014871818711981177
2023-01-02 11:10:52.555000,-0.6918483376502991,-0.001342466683126986
2023-01-02 11:11:52.804000,-0.8514920473098755,-0.001333181862719357
2023-01-02 11:12:52.516000,-0.5319923758506775,-0.0013542820233851671
2023-01-02 11:13:52.550000,-0.8066002130508423,-0.0013628718443214893
2023-01-02 11:14:52.663000,-0.5264198780059814,-0.0013635499635711312
2023-01-02 11:15:52.566000,-0.5552321076393127,-0.0013417567824944854
2023-01-02 11:16:52.552000,-0.5109751224517822,-0.0013844772474840283
2023-01-02 11:17:52.818000,-0.5566664338111877,-0.0013274389784783125
2023-01-02 11:18:52.532000,-0.2802733778953552,-0.0013567045098170638
2023-01-02 11:19:52.632000,-0.2581539750099182,-0.0014371667057275772
2023-01-02 11:20:52.572000,-0.9853187799453735,-0.0014044210547581315
2023-01-02 11:21:52.607000,-0.21575915813446045,-0.0014169090427458286
2023-01-02 11:22:52.550000,-0.20939604938030243,-0.0014710697578266263
2023-01-02 11:23:52.538000,-0.23637957870960236,-0.0013404054334387183
2023-01-02 11:24:52.855000,-0.5129440426826477,-0.0014360714703798294
2023-01-02 11:25:52.628000,-0.2761284112930298,-0.0012385909212753177
2023-01-02 11:26:52.533000,-0.31847235560417175,-0.0013460232876241207
2023-01-02 11:27:52.514000,-0.5559958815574646,-0.0013227546587586403
2023-01-02 11:28:52.597000,-0.5018224120140076,-0.001357999979518354
2023-01-02 11:29:52.640000,-0.7503416538238525,-0.0014124359004199505
2023-01-02 11:30:52.506000,-0.3467376232147217,-0.0013243413995951414
2023-01-02 11:31:52.890000,-0.6724985241889954,-0.001320824958384037
2023-01-02 11:32:52.563000,-0.3658003509044647,-0.001270093023777008
2023-01-02 11:33:52.495000,-0.2880338132381439,-0.0013487249379977584
2023-01-02 11:34:52.568000,-0.2292480617761612,-0.0012874705716967583
2023-01-02 11:35:52.493000,-0.5257304310798645,-0.0013436756562441587
2023-01-02 11:36:52.506000,-0.2918592393398285,-0.0013945652171969414
2023-01-02 11:37:52.462000,-0.4431936740875244,-0.0013426346704363823
2023-01-02 11:38:52.882000,-0.9593362212181091,-0.0013739687856286764
2023-01-02 11:39:52.570000,-0.48139822483062744,-0.0013757272390648723
2023-01-02 11:40:52.592000,-0.4013344347476959,-0.001303744618780911
2023-01-02 11:41:52.604000,-0.35828903317451477,-0.00140276737511158
2023-01-02 11:42:52.448000,-0.6806735396385193,-0.0013188085285946727
2023-01-02 11:43:52.522000,-0.394191712141037,-0.001389250042848289
2023-01-02 11:44:52.571000,-0.36372846364974976,-0.00125593482516706
2023-01-02 11:45:52.611000,-0.5246099233627319,-0.0014305576914921403
2023-01-02 11:46:52.501000,-0.6795290112495422,-0.001417893567122519
2023-01-02 11:47:52.492000,-0.6724584102630615,-0.0012283570831641555
2023-01-02 11:48:52.559000,-0.3040741980075836,-0.001340560964308679
2023-01-02 11:49:52.546000,-0.6209612488746643,-0.0011831000447273254
2023-01-02 11:50:52.600000,-0.2712918221950531,-0.0013821590691804886
2023-01-02 11:51:52.481000,-0.22288651764392853,-0.001321833347901702
2023-01-02 11:52:52.649000,-0.3255208134651184,-0.0012996136210858822
2023-01-02 11:53:52.568000,-0.43817752599716187,-0.0013756731059402227
2023-01-02 11:54:52.472000,-0.2643442749977112,-0.0013689714251086116
2023-01-02 11:55:52.698000,-0.5597907900810242,-0.001402040827088058
2023-01-02 11:56:52.454000,-0.7091274261474609,-0.0013745777541771531
2023-01-02 11:57:52.629000,-0.232015922665596,-0.0013774038525298238
2023-01-02 11:58:52.524000,-0.25281772017478943,-0.0013762592570856214
2023-01-02 11:59:52.540000,-0.29198184609413147,-0.001385799958370626
2023-01-02 12:00:52.532000,-0.5281338095664978,-0.001387622207403183
2023-01-02 12:01:52.552000,-0.24807463586330414,-0.0013869545655325055
2023-01-02 12:02:52.505000,-0.2501791715621948,-0.0013243845896795392
2023-01-02 12:03:52.543000,-0.5828260183334351,-0.0013706842437386513
2023-01-02 12:04:52.506000,-0.7600468397140503,-0.0013214231003075838
2023-01-02 12:05:52.493000,-0.3030170798301697,-0.0013503589434549212
2023-01-02 12:06:52.522000,-0.35908424854278564,-0.0013368333457037807
2023-01-02 12:07:52.563000,-0.5692868232727051,-0.0013768260832875967
2023-01-02 12:08:52.995000,-0.28519293665885925,-0.0014200666919350624
2023-01-02 12:09:52.509000,-0.3560790717601776,-0.0013405097415670753
2023-01-02 12:10:52.520000,-0.6032423377037048,-0.001334634143859148
2023-01-02 12:11:52.414000,-0.24296057224273682,-0.001331391278654337
2023-01-02 12:12:52.528000,-0.3744639754295349,-0.0014544791774824262
2023-01-02 12:13:52.556000,-0.5813425183296204,-0.0014449148438870907
2023-01-02 12:14:52.517000,-0.42490100860595703,-0.0013530832948163152
2023-01-02 12:15:52.525000,-0.18003565073013306,-0.0013763023307546973
2023-01-02 12:16:52.536000,-0.18171927332878113,-0.0013796585844829679
2023-01-02 12:17:52.771000,-0.5347899198532104,-0.0014111590571701527
2023-01-02 12:18:52.749000,-0.16230766475200653,-0.001368206925690174
2023-01-02 12:19:52.611000,-0.12707117199897766,-0.001389418146573007
2023-01-02 12:20:52.411000,-0.24139286577701569,-0.0014217166462913156
2023-01-02 12:21:52.461000,-0.6263493299484253,-0.0014163589803501964
2023-01-02 12:22:52.617000,-0.1930823028087616,-0.0013737254776060581
2023-01-02 12:23:52.573000,-0.14611157774925232,-0.001391720026731491
2023-01-02 12:24:52.512000,-0.4275363087654114,-0.0013584406115114689
2023-01-02 12:25:52.557000,-0.09151623398065567,-0.001356694963760674
2023-01-02 12:26:52.553000,-0.1090686023235321,-0.0014509069733321667
2023-01-02 12:27:52.510000,-0.3055543899536133,-0.0013383409241214395
2023-01-02 12:28:52.791000,-0.215453639626503,-0.0013792499667033553
2023-01-02 12:29:52.418000,-0.15530145168304443,-0.0014652954414486885
2023-01-02 12:30:52.576000,-0.47219541668891907,-0.001416980056092143
2023-01-02 12:31:52.540000,-0.4694320857524872,-0.0013803658075630665
2023-01-02 12:32:52.447000,-0.1766752153635025,-0.0013755952240899205
2023-01-02 12:33:52.524000,-0.21252529323101044,-0.0011080444091930985
2023-01-02 12:34:52.446000,-0.5539532899856567,-0.0014029332669451833
2023-01-02 12:35:52.559000,-0.3565182089805603,-0.0013764509931206703
2023-01-02 12:36:52.523000,-0.30117329955101013,-0.0014296808512881398
2023-01-02 12:37:52.488000,-0.33530327677726746,-0.0012674285098910332
2023-01-02 12:38:52.483000,-0.7751068472862244,-0.001265780534595251
2023-01-02 12:39:52.432000,-0.3998553454875946,-0.0012696052435785532
2023-01-02 12:40:52.508000,-0.2784901559352875,-0.001277868403121829
2023-01-02 12:41:52.418000,-0.689604640007019,-0.001428999938070774
2023-01-02 12:42:52.474000,-0.3695906400680542,-0.001381619949825108
2023-01-02 12:43:52.489000,-0.33552828431129456,-0.0013805454364046454
2023-01-02 12:44:52.442000,-0.5607913732528687,-0.001223847852088511
2023-01-02 12:45:52.383000,-0.5433142185211182,-0.001216679229401052
2023-01-02 12:46:52.488000,-0.36074915528297424,-0.0013346443884074688
2023-01-02 12:47:52.444000,-0.7424502968788147,-0.0013165581040084362
2023-01-02 12:48:52.447000,-0.569246232509613,-0.00115937739610672
2023-01-02 12:49:52.413000,-0.20568391680717468,-0.0012460857396945357
2023-01-02 12:50:52.430000,-0.27299535274505615,-0.0013156250352039933
2023-01-02 12:51:52.636000,-0.512697696685791,-0.0014198372373357415
2023-01-02 12:52:52.453000,-0.27776262164115906,-0.0013028000248596072
2023-01-02 12:53:52.850000,-0.19459043443202972,-0.0013055000454187393
2023-01-02 12:54:52.463000,-0.2355290800333023,-0.0010882121277973056
2023-01-02 12:55:52.473000,-0.6479515433311462,-0.0013418636517599225
2023-01-02 12:56:52.374000,-0.3370256721973419,-0.0013291087234392762
2023-01-02 12:57:52.385000,-0.17434506118297577,-0.0013481915229931474
2023-01-02 12:58:52.556000,-0.49692824482917786,-0.0013898666948080063
2023-01-02 12:59:52.717000,-0.18396009504795074,-0.0014371539000421762
2023-01-02 13:00:52.354000,-0.17305541038513184,-0.0013406738871708512
2023-01-02 13:01:52.371000,-0.2717818319797516,-0.0014047292061150074
2023-01-02 13:02:52.402000,-0.3745112419128418,-0.0013334545074030757
2023-01-02 13:03:52.390000,-0.17566455900669098,-0.0013506666291505098
2023-01-02 13:04:52.439000,-0.6036693453788757,-0.0013873721472918987
2023-01-02 13:05:52.924000,-0.6189416646957397,-0.001379083376377821
2023-01-02 13:06:52.774000,-0.2772861123085022,-0.0013791333185508847
2023-01-02 13:07:52.476000,-0.30772122740745544,-0.0013913190923631191
2023-01-02 13:08:52.452000,-0.5241671204566956,-0.0013960599899291992
2023-01-02 13:09:52.410000,-0.41982248425483704,-0.0013836579164490104
2023-01-02 13:10:52.396000,-0.2991567552089691,-0.001370814861729741
2023-01-02 13:11:52.398000,-0.3137681484222412,-0.0014412353048101068
2023-01-02 13:12:52.454000,-0.7758892774581909,-0.0013671538326889277
2023-01-02 13:13:52.362000,-0.5116986632347107,-0.001359307672828436
2023-01-02 13:14:52.447000,-0.3073740601539612,-0.0014026249991729856
2023-01-02 13:15:52.402000,-0.4219578802585602,-0.00135417387355119
2023-01-02 13:16:52.339000,-0.35193607211112976,-0.0013569999719038606
2023-01-02 13:17:52.444000,-0.24700015783309937,-0.001389833283610642
2023-01-02 13:18:52.460000,-0.3471148908138275,-0.0014037954388186336
2023-01-02 13:19:52.393000,-0.6328641772270203,-0.00139999995008111
2023-01-02 13:20:52.681000,-0.34404295682907104,-0.0013935681199654937
2023-01-02 13:21:52.436000,-0.6464890241622925,-0.0013684167061001062
2023-01-02 13:22:52.432000,-0.5293981432914734,-0.0013708750484511256
2023-01-02 13:23:52.625000,-0.4030996263027191,-0.0013622285332530737
2023-01-02 13:24:52.361000,-0.29972219467163086,-0.0013625416904687881
2023-01-02 13:25:52.472000,-0.27606016397476196,-0.0014168400084599853
2023-01-02 13:26:52.401000,-0.5816745162010193,-0.0013242142740637064
2023-01-02 13:27:52.318000,-0.19178104400634766,-0.0015264389803633094
2023-01-02 13:28:52.398000,-0.24360665678977966,-0.0013821750180795789
2023-01-02 13:29:52.321000,-0.6897358298301697,-0.001382547663524747
2023-01-02 13:30:52.361000,-0.5414857268333435,-0.001346255769021809
2023-01-02 13:31:52.394000,-0.3836253583431244,-0.0013044285587966442
2023-01-02 13:32:52.376000,-0.3339638411998749,-0.0013765714829787612
2023-01-02 13:33:52.436000,-0.6125636696815491,-0.0014337446773424745
2023-01-02 13:34:52.381000,-0.37872275710105896,-0.0013097436167299747
2023-01-02 13:35:52.400000,-0.3358600437641144,-0.0014833243330940604
2023-01-02 13:36:52.315000,-0.3538956046104431,-0.001339681795798242
2023-01-02 13:37:52.388000,-1.0383672714233398,-0.0013901162892580032
2023-01-02 13:38:52.461000,-0.35448217391967773,-0.0014251904794946313
2023-01-02 13:39:52.366000,-0.3567054867744446,-0.001420315820723772
2023-01-02 13:40:53.629000,-0.542726457118988,-0.001410020049661398
2023-01-02 13:41:52.369000,-0.4709421396255493,-0.0014400000218302011
2023-01-02 13:42:52.338000,-0.34946587681770325,-0.0013590363087132573
2023-01-02 13:43:53.347000,-0.3494480550289154,-0.0014511176850646734
2023-01-02 13:44:52.310000,-0.6629011631011963,-0.0014312888961285353
2023-01-02 13:45:52.431000,-0.6581776738166809,-0.0014857333153486252
2023-01-02 13:46:52.338000,-0.2522679269313812,-0.0013717805268242955
2023-01-02 13:47:52.424000,-0.33355897665023804,-0.001456139492802322
2023-01-02 13:48:52.330000,-0.5813316702842712,-0.0014222707832232118
2023-01-02 13:49:52.351000,-0.29887792468070984,-0.0014132173964753747
2023-01-02 13:50:52.423000,-0.3236759901046753,-0.001409267890267074
2023-01-02 13:51:52.338000,-0.536614716053009,-0.0014698205050081015
2023-01-02 13:52:52.329000,-0.4505772888660431,-0.0014791249996051192
2023-01-02 13:53:52.429000,-0.6920374631881714,-0.0014189999783411622
2023-01-02 13:54:52.632000,-0.22175855934619904,-0.0014873953768983483
2023-01-02 13:55:52.282000,-0.5330836176872253,-0.0013794390251860023
2023-01-02 13:56:52.376000,-0.2889338731765747,-0.0014216122217476368
2023-01-02 13:57:52.476000,-0.3228939175605774,-0.0014199322322383523
2023-01-02 13:58:52.349000,-0.37890660762786865,-0.0014248833758756518
2023-01-02 13:59:52.404000,-0.4749040901660919,-0.0014367358526214957
2023-01-02 14:00:52.355000,-0.34795886278152466,-0.0013978510396555066
2023-01-02 14:01:52.404000,-0.6409603953361511,-0.0014027805300429463
2023-01-02 14:02:53.345000,-0.586570680141449,-0.0014631428057327867
2023-01-02 14:03:52.318000,-0.28507643938064575,-0.0014429272850975394
2023-01-02 14:04:52.355000,-0.14886653423309326,-0.001474666642025113
2023-01-02 14:05:52.566000,-0.20687244832515717,-0.0013645237777382135
2023-01-02 14:06:52.305000,-0.4755892753601074,-0.0014356512110680342
2023-01-02 14:07:52.388000,-0.13769181072711945,-0.0014226731145754457
2023-01-02 14:08:52.300000,-0.17635002732276917,-0.0014150285860523582
2023-01-02 14:09:52.322000,-0.7436835765838623,-0.0015612058341503143
2023-01-02 14:10:52.348000,-0.26729655265808105,-0.0015155000146478415
2023-01-02 14:11:52.309000,-0.2002471536397934,-0.001536605996079743
2023-01-02 14:12:52.424000,-0.1310330629348755,-0.0013527307892218232
2023-01-02 14:13:52.339000,-0.4088608920574188,-0.0014912545448169112
2023-01-02 14:14:52.339000,-0.16214519739151,-0.0015232105506584048
2023-01-02 14:15:52.349000,-0.1550707370042801,-0.0014863488031551242
2023-01-02 14:16:52.254000,-0.23561106622219086,-0.0013840810861438513
2023-01-02 14:17:52.382000,-0.7324233055114746,-0.0014671162934973836
2023-01-02 14:18:52.224000,-0.1195797473192215,-0.0016063684597611427
2023-01-02 14:19:52.306000,-0.10708396881818771,-0.0015483235474675894
2023-01-02 14:20:52.331000,-0.4265903830528259,-0.0015160810435190797
2023-01-02 14:21:52.290000,-0.12352686375379562,-0.0015352333430200815
2023-01-02 14:22:52.325000,-0.10211386531591415,-0.0015448648482561111
2023-01-02 14:23:52.316000,-0.20692124962806702,-0.0014555490342900157
2023-01-02 14:24:52.316000,-0.3944317400455475,-0.0013577332720160484
2023-01-02 14:25:52.284000,-0.44737496972084045,-0.0014494250062853098
2023-01-02 14:26:52.512000,-0.19007878005504608,-0.00144256092607975
2023-01-02 14:27:52.286000,-0.5327886939048767,-0.0014965999871492386
2023-01-02 14:28:52.237000,-0.2623934745788574,-0.0015581190818920732
2023-01-02 14:29:52.365000,-0.26068323850631714,-0.0015376429073512554
2023-01-02 14:30:52.329000,-0.30739107728004456,-0.0013162432005628943
2023-01-02 14:31:52.318000,-0.5237060189247131,-0.001426829257979989
2023-01-02 14:32:52.337000,-0.2779734134674072,-0.0013985957484692335
2023-01-02 14:33:52.251000,-0.5351463556289673,-0.0012339999666437507
2023-01-02 14:34:52.398000,-0.7704660296440125,-0.0015622954815626144
2023-01-02 14:35:52.347000,-0.36346307396888733,-0.0014688000082969666
2023-01-02 14:36:52.340000,-0.33391156792640686,-0.0013424090575426817
2023-01-02 14:37:52.299000,-0.41880691051483154,-0.0014728723326697946
2023-01-02 14:38:52.344000,-0.634378969669342,-0.0013798888539895415
2023-01-02 14:39:52.342000,-0.31631746888160706,-0.0014615366235375404
2023-01-02 14:40:52.209000,-0.34626826643943787,-0.0015620909398421645
2023-01-02 14:41:52.264000,-0.8095676898956299,-0.0015309721929952502
2023-01-02 14:42:52.313000,-0.37424159049987793,-0.0014699811581522226
2023-01-02 14:43:52.247000,-0.20505057275295258,-0.0015493095852434635
2023-01-02 14:44:52.278000,-0.2723042368888855,-0.0013217778177931905
2023-01-02 14:45:52.347000,-0.4798062741756439,-0.001537461532279849
2023-01-02 14:46:52.305000,-0.21498095989227295,-0.001612275023944676
2023-01-02 14:47:52.295000,-0.19883993268013,-0.0014181304723024368
2023-01-02 14:48:52.221000,-0.482075959444046,-0.0015010203933343291
2023-01-02 14:49:52.311000,-0.39174535870552063,-0.0014869130682200193
2023-01-02 14:50:52.289000,-0.3981066644191742,-0.0015316136414185166
2023-01-02 14:51:52.230000,-0.2433285415172577,-0.0014591666404157877
2023-01-02 14:52:52.259000,-0.48280882835388184,-0.0015073477989062667
2023-01-02 14:53:52.297000,-0.20354846119880676,-0.0015220571076497436
2023-01-02 14:54:52.229000,-0.2212550789117813,-0.001557288458570838
2023-01-02 14:55:52.208000,-0.5376390218734741,-0.0014073725324124098
2023-01-02 14:56:52.276000,-0.22942091524600983,-0.0016100399661809206
2023-01-02 14:57:52.579000,-0.2747648358345032,-0.0014799332711845636
2023-01-02 14:58:52.297000,-0.5908616185188293,-0.0015153777785599232
2023-01-02 14:59:52.206000,-0.4045317769050598,-0.0014623478055000305
2023-01-02 15:00:52.264000,-0.18436966836452484,-0.0014262222684919834
2023-01-02 15:01:52.330000,-0.20207856595516205,-0.0014659999869763851
2023-01-02 15:02:52.296000,-0.49806612730026245,-0.0014504565624520183
2023-01-02 15:03:52.265000,-0.18053001165390015,-0.0016317999688908458
2023-01-02 15:04:52.314000,-0.20757904648780823,-0.0015557187143713236
2023-01-02 15:05:52.235000,-0.3961213231086731,-0.001573064480908215
2023-01-02 15:06:52.248000,-0.6882243156433105,-0.001627888879738748
2023-01-02 15:07:52.195000,-0.20779819786548615,-0.0015507407952100039
2023-01-02 15:08:52.308000,-0.17746996879577637,-0.0013778918655589223
2023-01-02 15:09:52.232000,-0.45572429895401,-0.0014942962443456054
2023-01-02 15:10:52.266000,-0.12764930725097656,-0.0014506999868899584
2023-01-02 15:11:52.210000,-0.1868274062871933,-0.0015064285835251212
2023-01-02 15:12:52.168000,-0.41056761145591736,-0.0014629117213189602
2023-01-02 15:13:52.199000,-0.34559252858161926,-0.0012957742437720299
2023-01-02 15:14:52.238000,-0.5927988290786743,-0.0014772308059036732
2023-01-02 15:15:52.246000,-0.17754262685775757,-0.0014423714019358158
2023-01-02 15:16:52.164000,-0.5420387387275696,-0.0014071795158088207
2023-01-02 15:17:52.310000,-0.19469431042671204,-0.0015293636824935675
2023-01-02 15:18:52.358000,-0.18600137531757355,-0.0014482894912362099
2023-01-02 15:19:52.145000,-0.355928897857666,-0.0014315600274130702
2023-01-02 15:20:52.288000,-0.17745162546634674,-0.0014760750345885754
2023-01-02 15:21:52.290000,-0.12106828391551971,-0.001470809569582343
2023-01-02 15:22:52.503000,-0.5417412519454956,-0.0014105000300332904
2023-01-02 15:23:52.213000,-0.44676831364631653,-0.0014430625597015023
2023-01-02 15:24:52.203000,-0.2610950767993927,-0.0014230967499315739
2023-01-02 15:25:52.718000,-0.25835949182510376,-0.0015333871124312282
2023-01-02 15:26:52.218000,-0.5296502709388733,-0.0013895882293581963
2023-01-02 15:27:52.234000,-0.22438690066337585,-0.0014546874444931746
2023-01-02 15:28:52.463000,-0.23913075029850006,-0.001443148939870298
2023-01-02 15:29:52.187000,-0.2713218331336975,-0.0014779999619349837
2023-01-02 15:30:52.299000,-0.89299476146698,-0.001447184244170785
2023-01-02 15:31:52.258000,-0.29621925950050354,-0.0014094524085521698
2023-01-02 15:32:52.148000,-0.25242382287979126,-0.0014335400192067027
2023-01-02 15:33:52.266000,-0.5882692337036133,-0.001427680836059153
2023-01-02 15:34:52.301000,-0.25734201073646545,-0.0014012790052220225
2023-01-02 15:35:52.214000,-0.23681144416332245,-0.0014804999809712172
2023-01-02 15:36:52.220000,-0.40782174468040466,-0.0014577291440218687
2023-01-02 15:37:52.242000,-0.4215354025363922,-0.001410365803167224
2023-01-02 15:38:52.177000,-0.61721271276474,-0.0015476278495043516
2023-01-02 15:39:52.203000,-0.1802382469177246,-0.0015310434391722083
2023-01-02 15:40:52.178000,-0.4895981550216675,-0.001279926858842373
2023-01-02 15:41:52.222000,-0.20599247515201569,-0.0013669499894604087
2023-01-02 15:42:52.193000,-0.21320603787899017,-0.0012546315556392074
2023-01-02 15:43:52.219000,-0.43246644735336304,-0.0015869189519435167
2023-01-02 15:44:52.107000,-0.3566010892391205,-0.001449656207114458
2023-01-02 15:45:52.131000,-0.24183598160743713,-0.0014628421049565077
2023-01-02 15:46:52.127000,-0.6052044630050659,-0.001574800000526011
2023-01-02 15:47:52.256000,-0.5535864233970642,-0.001509288907982409
2023-01-02 15:48:53.265000,-0.1831836849451065,-0.0015190000412985682
2023-01-02 15:49:52.181000,-0.2960972785949707,-0.0016183684347197413
2023-01-02 15:50:52.237000,-0.6080898642539978,-0.0014805952087044716
2023-01-02 15:51:52.269000,-0.3180176317691803,-0.0013947907136753201
2023-01-02 15:52:52.197000,-0.29878878593444824,-0.0014297778252512217
2023-01-02 15:53:52.407000,-0.3962174355983734,-0.0014473889023065567
2023-01-02 15:54:52.198000,-0.8952457308769226,-0.001390150049701333
2023-01-02 15:55:52.202000,-0.23854303359985352,-0.001462312531657517
2023-01-02 15:56:52.441000,-0.23003312945365906,-0.0014850612496957183
2023-01-02 15:57:52.674000,-0.5311364531517029,-0.0014974594814702868
2023-01-02 15:58:52.210000,-0.22332772612571716,-0.0014696739381179214
2023-01-02 15:59:52.112000,-0.22600899636745453,-0.0014314210275188088
2023-01-02 16:00:52.154000,-0.37490910291671753,-0.0013326279586181045
2023-01-02 16:01:52.197000,-0.39444974064826965,-0.001441018539480865
2023-01-02 16:02:52.136000,-0.5296579599380493,-0.001569844433106482
2023-01-02 16:03:52.234000,-0.14181356132030487,-0.001503562554717064
2023-01-02 16:04:52.144000,-0.48810094594955444,-0.001522216247394681
2023-01-02 16:05:52.170000,-0.10403665155172348,-0.0014779444318264723
2023-01-02 16:06:52.167000,-0.09074904769659042,-0.0014777692267671227
2023-01-02 16:07:52.103000,-0.3324292302131653,-0.0015245262766256928
2023-01-02 16:08:52.143000,-0.20306646823883057,-0.0015607292298227549
2023-01-02 16:09:52.211000,-0.11213035136461258,-0.001398488413542509
2023-01-02 16:10:52.214000,-0.4515804648399353,-0.0015624773222953081
2023-01-02 16:11:52.100000,-0.3825162649154663,-0.0016335882246494293
2023-01-02 16:12:52.096000,-0.10103739798069,-0.001345195691101253
2023-01-02 16:13:52.084000,-0.10758189857006073,-0.0015224242815747857
2023-01-02 16:14:52.196000,-0.4243157207965851,-0.0012930232333019376
2023-01-02 16:15:52.162000,-0.16840969026088715,-0.0013739286223426461
2023-01-02 16:16:52.162000,-0.1966318041086197,-0.001447804388590157
2023-01-02 16:17:52.243000,-0.23213279247283936,-0.0015963094774633646
2023-01-02 16:18:52.149000,-0.6680207252502441,-0.0013217499945312738
2023-01-02 16:19:52.201000,-0.12248273193836212,-0.0014946364099159837
2023-01-02 16:20:52.182000,-0.18892598152160645,-0.001463577733375132
2023-01-02 16:21:52.371000,-0.5376456379890442,-0.0013870811089873314
2023-01-02 16:22:52.119000,-0.2607111632823944,-0.0016124375397339463
2023-01-02 16:23:52.110000,-0.26424047350883484,-0.0013811750104650855
2023-01-02 16:24:52.174000,-0.3638579845428467,-0.0014757441822439432
2023-01-02 16:25:52.153000,-0.5242735743522644,-0.0014470811001956463
2023-01-02 16:26:52.057000,-0.5957657694816589,-0.0015244666719809175
2023-01-02 16:27:52.162000,-0.3234460949897766,-0.001551769208163023
2023-01-02 16:28:52.331000,-0.673492431640625,-0.001599536626599729
2023-01-02 16:29:52.613000,-0.34611889719963074,-0.0015465682372450829
2023-01-02 16:30:52.107000,-0.42071443796157837,-0.0014791333815082908
2023-01-02 16:31:52.151000,-0.5785416960716248,-0.0014911395264789462
2023-01-02 16:32:52.129000,-0.463304728269577,-0.0014341463102027774
2023-01-02 16:33:52.171000,-0.4857480227947235,-0.0014495294308289886
2023-01-02 16:34:52.535000,-0.5890014171600342,-0.0014878648798912764
2023-01-02 16:35:52.139000,-0.5047872066497803,-0.001523406244814396
2023-01-02 16:36:52.162000,-0.21937346458435059,-0.0014208478387445211
2023-01-02 16:37:52.327000,-0.2411992996931076,-0.001671076868660748
2023-01-02 16:38:52.168000,-0.49331897497177124,-0.0013697894755750895
2023-01-02 16:39:52.118000,-0.3079037666320801,-0.0013646000297740102
2023-01-02 16:40:52.039000,-0.21328800916671753,-0.001501346123404801
2023-01-02 16:41:52.174000,-0.3005247116088867,-0.0015283332904800773
2023-01-02 16:42:52.161000,-0.7792018055915833,-0.0015032499795779586
2023-01-02 16:43:52.154000,-0.1908702552318573,-0.0015226545510813594
2023-01-02 16:44:52.061000,-0.1825428605079651,-0.001471472205594182
2023-01-02 16:45:52.063000,-0.5015246868133545,-0.0015733207110315561
2023-01-02 16:46:52.020000,-0.1776653677225113,-0.0016439069295302033
2023-01-02 16:47:52.086000,-0.1717243641614914,-0.0015313617186620831
2023-01-02 16:48:52.137000,-0.26279187202453613,-0.0016889499966055155
2023-01-02 16:49:52.138000,-0.5170315504074097,-0.001592446817085147
2023-01-02 16:50:52.111000,-0.39662134647369385,-0.0016149772563949227
2023-01-02 16:51:52.076000,-0.2017243355512619,-0.0015175517182797194
2023-01-02 16:52:52.145000,-0.5469857454299927,-0.0016774090472608805
2023-01-02 16:53:52.024000,-0.1927107572555542,-0.001785270287655294
2023-01-02 16:54:52.431000,-0.21274057030677795,-0.0016809302615001798
2023-01-02 16:55:52.113000,-0.3017271161079407,-0.0016212444752454758
2023-01-02 16:56:52.153000,-0.3897017240524292,-0.001244948711246252
2023-01-02 16:57:51.987000,-0.3545106053352356,-0.0014612195082008839
2023-01-02 16:58:52.129000,-0.437471866607666,-0.001688187476247549
2023-01-02 16:59:52.216000,-0.5183133482933044,-0.0017889267764985561
2023-01-02 17:00:52.067000,-0.21383081376552582,-0.0018326222198083997
2023-01-02 17:01:52.058000,-0.20843306183815002,-0.0016345116309821606
2023-01-02 17:02:52.090000,-0.3087575137615204,-0.0013951739529147744
2023-01-02 17:03:52.142000,-0.2556031048297882,-0.0016449999529868364
2023-01-02 17:04:52.103000,-0.180887371301651,-0.0014250464737415314
2023-01-02 17:05:52.142000,-0.3530138432979584,-0.0013774634571745992
2023-01-02 17:06:52.037000,-0.8099126219749451,-0.0016950732097029686
2023-01-02 17:07:52.008000,-0.1981533169746399,-0.0015657726908102632
2023-01-02 17:08:52.099000,-0.20688864588737488,-0.0013937741750851274
2023-01-02 17:09:52.125000,-0.39440804719924927,-0.0014852352906018496
2023-01-02 17:10:52.025000,-0.290352463722229,-0.0014279565075412393
2023-01-02 17:11:51.992000,-0.22901690006256104,-0.0014845384284853935
2023-01-02 17:12:52.087000,-0.16360192000865936,-0.001536599942483008
2023-01-02 17:13:52.111000,-0.6110214591026306,-0.0014752000570297241
2023-01-02 17:14:52.087000,-0.44410982728004456,-0.0014335226733237505
2023-01-02 17:15:52.171000,-0.18882928788661957,-0.001541285659186542
2023-01-02 17:16:52.159000,-0.39555445313453674,-0.0014262726763263345
2023-01-02 17:17:52.141000,-0.29278483986854553,-0.0016340232687070966
2023-01-02 17:18:52.154000,-0.14568033814430237,-0.0015878139529377222
2023-01-02 17:19:52.290000,-0.20460575819015503,-0.0015114749548956752
2023-01-02 17:20:52.041000,-0.501760721206665,-0.0015121250180527568
2023-01-02 17:21:52.048000,-0.3531392216682434,-0.0015174000291153789
2023-01-02 17:22:52.007000,-0.3593975901603699,-0.001566156279295683
2023-01-02 17:23:52.019000,-0.4437313675880432,-0.0014146922621876001
2023-01-02 17:24:52.022000,-0.2459978461265564,-0.001502285711467266
2023-01-02 17:25:52.054000,-0.15762193500995636,-0.0015340714016929269
2023-01-02 17:26:51.995000,-0.16198652982711792,-0.0015616000164300203
2023-01-02 17:27:52.102000,-0.46591153740882874,-0.0016009736573323607
2023-01-02 17:28:51.984000,-0.16181296110153198,-0.001597066642716527
2023-01-02 17:29:52.285000,-0.35708922147750854,-0.0015312194591388106
2023-01-02 17:30:51.993000,-0.6125855445861816,-0.0015243043890222907
2023-01-02 17:31:51.987000,-0.2017546147108078,-0.0015119999879971147
2023-01-02 17:32:52.011000,-0.17865191400051117,-0.0014572045765817165
2023-01-02 17:33:52.045000,-0.19903060793876648,-0.0015342363622039557
2023-01-02 17:34:52.060000,-0.4223328232765198,-0.0015529999509453773
2023-01-02 17:35:52.184000,-0.17293097078800201,-0.0014808462001383305
2023-01-02 17:36:52.039000,-0.20037493109703064,-0.0013353778049349785
2023-01-02 17:37:52.094000,-0.7508813738822937,-0.001414976199157536
2023-01-02 17:38:51.960000,-0.3749307096004486,-0.0016116315964609385
2023-01-02 17:39:52.005000,-0.18467977643013,-0.0015555249992758036
2023-01-02 17:40:52.073000,-0.2704594135284424,-0.001510228612460196
2023-01-02 17:41:52.046000,-0.41654542088508606,-0.0015282727545127273
2023-01-02 17:42:52.077000,-0.2825356721878052,-0.0013740203576162457
2023-01-02 17:43:52.016000,-0.29568949341773987,-0.0014498108066618443
2023-01-02 17:44:52.053000,-0.6099408864974976,-0.0015269535360857844
2023-01-02 17:45:52.059000,-0.5402711033821106,-0.0015707999700680375
2023-01-02 17:46:52.067000,-0.6977146863937378,-0.0015633261064067483
2023-01-02 17:47:52.109000,-0.6475254893302917,-0.00153440423309803
2023-01-02 17:48:51.948000,-0.8326860666275024,-0.0015169020043686032
2023-01-02 17:49:52.051000,-0.5754498839378357,-0.0015185000374913216
2023-01-02 17:50:51.993000,-0.5078318119049072,-0.0015079999575391412
2023-01-02 17:51:52.027000,-0.819198489189148,-0.0015104489866644144
2023-01-02 17:52:51.960000,-0.5169223546981812,-0.0015158627647906542
2023-01-02 17:53:52.082000,-0.6757774353027344,-0.0015317954821512103
2023-01-02 17:54:52.013000,-0.718802809715271,-0.00151245656888932
2023-01-02 17:55:51.944000,-0.6867404580116272,-0.0015149791724979877
2023-01-02 17:56:52.029000,-0.45748043060302734,-0.00152932561468333
2023-01-02 17:57:52.042000,-0.4689321219921112,-0.0014924848219379783
2023-01-02 17:58:52.017000,-0.7455986738204956,-0.001505560940131545
2023-01-02 17:59:51.968000,-0.4811529219150543,-0.0014712653355672956
2023-01-02 18:00:52.274000,-0.47930708527565,-0.0014735000440850854
2023-01-02 18:01:51.968000,-0.5950084924697876,-0.0015208261320367455
2023-01-02 18:02:51.998000,-0.959657609462738,-0.0015163953648880124
2023-01-02 18:03:51.944000,-0.44228020310401917,-0.0014763913350179791
2023-01-02 18:04:52.030000,-0.4208344519138336,-0.0015249574789777398
2023-01-02 18:05:51.905000,-0.6777793169021606,-0.0014898863155394793
2023-01-02 18:06:52.019000,-0.42800143361091614,-0.0015852608485147357
2023-01-02 18:07:51.928000,-0.2927311360836029,-0.0014998571714386344
2023-01-02 18:08:51.929000,-0.3241574466228485,-0.0015654545277357101
2023-01-02 18:09:52.030000,-0.8131231069564819,-0.0015539024025201797
2023-01-02 18:10:51.975000,-0.5227391719818115,-0.0015148085076361895
2023-01-02 18:11:52.046000,-0.294596403837204,-0.001511822221800685
2023-01-02 18:12:51.916000,-0.5241072773933411,-0.0014620961155742407
2023-01-02 18:13:51.999000,-0.17717842757701874,-0.0015201136702671647
2023-01-02 18:14:51.985000,-0.1398354023694992,-0.0016637045191600919
2023-01-02 18:15:51.937000,-0.1505601555109024,-0.001507883775047958
2023-01-02 18:16:51.943000,-0.43567314743995667,-0.0015350425383076072
2023-01-02 18:17:51.967000,-0.23156380653381348,-0.0015624130610376596
2023-01-02 18:18:51.936000,-0.3829372525215149,-0.0015261904336512089
2023-01-02 18:19:51.942000,-0.37335464358329773,-0.0014702691696584225
2023-01-02 18:20:52.038000,-0.2819139361381531,-0.0015165116637945175
2023-01-02 18:21:51.968000,-0.21757198870182037,-0.0015031836228445172
2023-01-02 18:22:51.913000,-0.2683331072330475,-0.0015603922074660659
2023-01-02 18:23:52.022000,-0.6189653277397156,-0.0015659608179703355
2023-01-02 18:24:51.908000,-0.3189736604690552,-0.001489702146500349
2023-01-02 18:25:51.958000,-0.44575783610343933,-0.0015904047759249806
2023-01-02 18:26:51.944000,-0.8103846907615662,-0.001526522682979703
2023-01-02 18:27:51.967000,-0.41302838921546936,-0.0014662889298051596
2023-01-02 18:28:52.095000,-0.27335992455482483,-0.001575131551362574
2023-01-02 18:29:51.962000,-0.24520237743854523,-0.0016181458486244082
2023-01-02 18:30:51.998000,-0.5982587933540344,-0.001681951223872602
2023-01-02 18:31:51.984000,-0.29773199558258057,-0.0014957647072151303
2023-01-02 18:32:51.915000,-0.2531477212905884,-0.0014780256897211075
2023-01-02 18:33:51.924000,-0.5442391037940979,-0.0015251666773110628
2023-01-02 18:34:51.954000,-0.5382272601127625,-0.0015158936148509383
2023-01-02 18:35:51.884000,-0.13597051799297333,-0.0014680487802252173
2023-01-02 18:36:51.919000,-0.1478383094072342,-0.0014805999817326665
2023-01-02 18:37:52.093000,-0.484681099653244,-0.001512789516709745
2023-01-02 18:38:51.868000,-0.16003155708312988,-0.0015301599632948637
2023-01-02 18:39:51.973000,-0.1505575329065323,-0.0015302222454920411
2023-01-02 18:40:51.888000,-0.3860097825527191,-0.001495666685514152
2023-01-02 18:41:51.962000,-0.36772313714027405,-0.00153597560711205
2023-01-02 18:42:51.963000,-0.47735917568206787,-0.0015378936659544706
2023-01-02 18:43:52.038000,-0.1855364739894867,-0.001531854155473411
2023-01-02 18:44:51.938000,-0.5779496431350708,-0.0015492745442315936
2023-01-02 18:45:51.827000,-0.2753981947898865,-0.0015018038684502244
2023-01-02 18:46:51.982000,-0.27803876996040344,-0.0015910555375739932
2023-01-02 18:47:51.932000,-0.3442383110523224,-0.0015399523545056581
2023-01-02 18:48:52.006000,-0.3114217519760132,-0.0014855945482850075
2023-01-02 18:49:52.047000,-0.3076554238796234,-0.0015104893827810884
2023-01-02 18:50:51.939000,-0.4863964915275574,-0.0014541064156219363
2023-01-02 18:51:51.986000,-0.5426447987556458,-0.001578634139150381
2023-01-02 18:52:51.929000,-0.208248108625412,-0.001524236868135631
2023-01-02 18:53:51.927000,-0.22596488893032074,-0.0014039302477613091
2023-01-02 18:54:51.899000,-0.3128909766674042,-0.0014650392113253474
2023-01-02 18:55:51.915000,-0.4439419209957123,-0.001451042597182095
2023-01-02 18:56:51.935000,-0.17072109878063202,-0.0015256976475939155
2023-01-02 18:57:51.892000,-0.5148574113845825,-0.00151027028914541
2023-01-02 18:58:51.888000,-0.6057987809181213,-0.00152175675611943
2023-01-02 18:59:51.926000,-0.4518808126449585,-0.0015329614980146289
2023-01-02 19:00:51.970000,-0.3267492651939392,-0.0015062439488247037
2023-01-02 19:01:51.940000,-0.32532742619514465,-0.0014802683144807816
2023-01-02 19:02:51.868000,-0.44459155201911926,-0.0015406199963763356
2023-01-02 19:03:51.953000,-0.44401535391807556,-0.0015736666973680258
2023-01-02 19:04:51.844000,-0.3256979286670685,-0.001420333283022046
2023-01-02 19:05:51.856000,-0.5890544056892395,-0.0016709687188267708
2023-01-02 19:06:52.041000,-0.262797474861145,-0.001538681797683239
2023-01-02 19:07:51.909000,-0.4975166618824005,-0.0015269090654328465
2023-01-02 19:08:51.812000,-0.16035962104797363,-0.001539709628559649
2023-01-02 19:09:51.840000,-0.15868444740772247,-0.0014886154094710946
2023-01-02 19:10:51.945000,-0.13026683032512665,-0.0014692499535158277
2023-01-02 19:11:51.999000,-0.40420690178871155,-0.0014769400004297495
2023-01-02 19:12:51.949000,-0.13016769289970398,-0.0015182142378762364
2023-01-02 19:13:51.875000,-0.5122134685516357,-0.0014380754437297583
2023-01-02 19:14:52.014000,-0.09390923380851746,-0.0014683332992717624
2023-01-02 19:15:51.865000,-0.19299355149269104,-0.0015110999811440706
2023-01-02 19:16:51.797000,-0.36869651079177856,-0.0014458372024819255
2023-01-02 19:17:51.808000,-0.11036606878042221,-0.0014633863465860486
2023-01-02 19:18:51.835000,-0.12071406841278076,-0.0014373408630490303
2023-01-02 19:19:51.882000,-0.09329891949892044,-0.0014313478022813797
2023-01-02 19:20:51.912000,-0.3616411089897156,-0.00142727664206177
2023-01-02 19:21:51.881000,-0.5279120802879333,-0.0014933673664927483
2023-01-02 19:22:51.942000,-0.21810433268547058,-0.0014724737266078591
2023-01-02 19:23:51.843000,-0.22166387736797333,-0.0014986000023782253
2023-01-02 19:24:52.299000,-0.21309815347194672,-0.0015050980728119612
2023-01-02 19:25:51.891000,-0.5060825347900391,-0.0014799777418375015
2023-01-02 19:26:51.786000,-0.21894454956054688,-0.001490365364588797
2023-01-02 19:27:51.816000,-0.22286924719810486,-0.0014238250441849232
2023-01-02 19:28:51.844000,-0.2787681221961975,-0.0015146874357014894
2023-01-02 19:29:51.909000,-0.7480607032775879,-0.0015222608344629407
2023-01-02 19:30:51.827000,-0.3446204662322998,-0.001463589258491993
2023-01-02 19:31:51.934000,-0.227897047996521,-0.001483622589148581
2023-01-02 19:32:51.835000,-0.2579784691333771,-0.0014521707780659199
2023-01-02 19:33:51.959000,-0.4167247712612152,-0.0012802245328202844
2023-01-02 19:34:51.856000,-0.3937627077102661,-0.0014753249706700444
2023-01-02 19:35:51.820000,-0.3356976807117462,-0.0014593182131648064
2023-01-02 19:36:51.882000,-0.4737499952316284,-0.001386902411468327
2023-01-02 19:37:52.005000,-0.7342890501022339,-0.0014586739707738161
2023-01-02 19:38:51.777000,-0.3718961179256439,-0.0015141956973820925
2023-01-02 19:39:51.910000,-0.37079277634620667,-0.001471708295866847
2023-01-02 19:40:51.861000,-0.3458627760410309,-0.0014954146463423967
2023-01-02 19:41:51.864000,-0.6316827535629272,-0.0015060227597132325
2023-01-02 19:42:51.850000,-0.343044638633728,-0.0014648750657215714
2023-01-02 19:43:51.859000,-0.25292256474494934,-0.0014827073318883777
2023-01-02 19:44:51.886000,-0.5915669202804565,-0.001461324980482459
2023-01-02 19:45:51.816000,-0.631170928478241,-0.0014720666222274303
2023-01-02 19:46:51.847000,-0.23993289470672607,-0.0014884615084156394
2023-01-02 19:47:51.878000,-0.2550049126148224,-0.0015310000162571669
2023-01-02 19:48:51.741000,-0.5076107978820801,-0.0015156841836869717
2023-01-02 19:49:51.890000,-0.19525456428527832,-0.001480076927691698
2023-01-02 19:50:51.849000,-0.20305004715919495,-0.0014324389630928636
2023-01-02 19:51:51.861000,-0.22135114669799805,-0.0014701136387884617
2023-01-02 19:52:51.887000,-0.7961148619651794,-0.0014842452947050333
2023-01-02 19:53:51.784000,-0.2874767482280731,-0.0013839347520843148
2023-01-02 19:54:51.835000,-0.20368586480617523,-0.00144670729059726
2023-01-02 19:55:51.819000,-0.41637399792671204,-0.0015679129865020514
2023-01-02 19:56:51.777000,-0.20382525026798248,-0.0015267296694219112
2023-01-02 19:57:51.881000,-0.15624238550662994,-0.0014809189597144723
2023-01-02 19:58:51.766000,-0.17428135871887207,-0.0015866666799411178
2023-01-02 19:59:51.858000,-0.4594014585018158,-0.0014387272531166673
2023-01-02 20:00:51.889000,-0.539808988571167,-0.0014434000477194786
2023-01-02 20:01:51.875000,-0.16937148571014404,-0.0015093333786353469
2023-01-02 20:02:51.768000,-0.495322048664093,-0.0016284884186461568
2023-01-02 20:03:51.862000,-0.20097379386425018,-0.001462043495848775
2023-01-02 20:04:52.067000,-0.15538085997104645,-0.0014859791845083237
2023-01-02 20:05:51.826000,-0.19278165698051453,-0.0015251818113029003
2023-01-02 20:06:51.850000,-0.40746256709098816,-0.001487954519689083
2023-01-02 20:07:51.826000,-0.07868918031454086,-0.0014715000288560987
2023-01-02 20:08:51.831000,-0.472441703081131,-0.0016394666163250804
2023-01-02 20:09:51.806000,-0.3778042793273926,-0.0013838261365890503
2023-01-02 20:10:51.784000,-0.15820404887199402,-0.0014089149190112948
2023-01-02 20:11:51.883000,-0.13451406359672546,-0.0015307250432670116
2023-01-02 20:12:51.837000,-0.19151920080184937,-0.0014909999445080757
2023-01-02 20:13:51.837000,-0.46558842062950134,-0.0013344594044610858
2023-01-02 20:14:51.767000,-0.2282322496175766,-0.001449885661713779
2023-01-02 20:15:51.760000,-0.2980250120162964,-0.0015090833185240626
2023-01-02 20:16:51.767000,-0.9137996435165405,-0.0014343999791890383
2023-01-02 20:17:51.803000,-0.21643510460853577,-0.0014726410154253244
2023-01-02 20:18:51.807000,-0.21444588899612427,-0.0014494102215394378
2023-01-02 20:19:51.874000,-0.3476923406124115,-0.001477282028645277
2023-01-02 20:20:51.797000,-0.42584532499313354,-0.0014344615628942847
2023-01-02 20:21:51.748000,-0.18655537068843842,-0.0013846829533576965
2023-01-02 20:22:51.817000,-0.3052278459072113,-0.0013817045837640762
2023-01-02 20:23:51.795000,-0.7522468566894531,-0.0015244047390297055
2023-01-02 20:24:51.787000,-0.5201292634010315,-0.0015064727049320936
2023-01-02 20:25:51.752000,-0.2930850684642792,-0.0014618958812206984
2023-01-02 20:26:51.850000,-0.40623408555984497,-0.0014588541816920042
2023-01-02 20:27:51.700000,-0.3998609185218811,-0.00148038100451231
2023-01-02 20:28:51.751000,-0.2526523768901825,-0.0015665999380871654
2023-01-02 20:29:51.802000,-0.2169990837574005,-0.0013661842094734311
2023-01-02 20:30:51.805000,-0.5760684609413147,-0.001425333321094513
2023-01-02 20:31:51.778000,-0.5155651569366455,-0.001482948660850525
2023-01-02 20:32:51.780000,-0.3062693476676941,-0.0014952380442991853
2023-01-02 20:33:51.752000,-0.4500555992126465,-0.001461340463720262
2023-01-02 20:34:51.693000,-0.31787750124931335,-0.001428816351108253
2023-01-02 20:35:51.909000,-0.23835015296936035,-0.0013859772589057684
2023-01-02 20:36:51.770000,-0.25251442193984985,-0.0014027446741238236
2023-01-02 20:37:51.760000,-0.4155362844467163,-0.001470057643018663
2023-01-02 20:38:51.749000,-0.20038264989852905,-0.0015277924248948693
2023-01-02 20:39:51.758000,-0.5792468786239624,-0.0014069591416046023
2023-01-02 20:40:51.711000,-0.49568769335746765,-0.0014419795479625463
2023-01-02 20:41:51.820000,-0.20049570500850677,-0.0014460611855611205
2023-01-02 20:42:51.688000,-0.16923129558563232,-0.001527763670310378
2023-01-02 20:43:51.679000,-0.267547607421875,-0.0013972249580547214
2023-01-02 20:44:51.813000,-0.40744253993034363,-0.001511433976702392
2023-01-02 20:45:51.791000,-0.1883586049079895,-0.0015792903723195195
2023-01-02 20:46:51.689000,-0.23534421622753143,-0.0014861562522128224
2023-01-02 20:47:51.830000,-0.9478644728660583,-0.0014837333001196384
2023-01-02 20:48:51.841000,-0.20281286537647247,-0.0014881935203447938
2023-01-02 20:49:51.731000,-0.20471374690532684,-0.001616965513676405
2023-01-02 20:50:51.739000,-0.40826401114463806,-0.001525342813692987
2023-01-02 20:51:51.759000,-0.46571555733680725,-0.0014447750290855765
2023-01-02 20:52:51.735000,-0.32808342576026917,-0.0014655208215117455
2023-01-02 20:53:51.672000,-0.3147830665111542,-0.0014786486281082034
2023-01-02 20:54:51.795000,-0.6890738606452942,-0.0014821795048192143
2023-01-02 20:55:51.843000,-0.6168148517608643,-0.0014563333243131638
2023-01-02 20:56:51.801000,-0.2970947027206421,-0.0015254374593496323
2023-01-02 20:57:51.706000,-0.4458107352256775,-0.001357538509182632
2023-01-02 20:58:51.651000,-0.43352386355400085,-0.0014422241365537047
2023-01-02 20:59:51.777000,-0.25880852341651917,-0.0014480750542134047
2023-01-02 21:00:51.734000,-0.2279329001903534,-0.0014548437902703881
2023-01-02 21:01:51.758000,-0.5927491784095764,-0.0015171841951087117
2023-01-02 21:02:51.797000,-0.40440040826797485,-0.0014790238346904516
2023-01-02 21:03:51.769000,-0.4100412428379059,-0.0014673529658466578
2023-01-02 21:04:51.782000,-0.3533804714679718,-0.001326227211393416
2023-01-02 21:05:51.787000,-0.22551961243152618,-0.001673000049777329
2023-01-02 21:06:51.930000,-0.10419920086860657,-0.0014659999869763851
2023-01-02 21:07:51.802000,-0.11679446697235107,-0.0014837566995993257
2023-01-02 21:08:51.842000,-0.4056055545806885,-0.0015836216043680906
2023-01-02 21:09:51.667000,-0.12245526909828186,-0.0014282570919021964
2023-01-02 21:10:51.725000,-0.3995182514190674,-0.0014504848513752222
2023-01-02 21:11:51.656000,-0.47100186347961426,-0.0014233171241357923
2023-01-02 21:12:51.785000,-0.24695906043052673,-0.0014929500175639987
2023-01-02 21:13:51.726000,-0.1050800308585167,-0.0014897072687745094
2023-01-02 21:14:51.700000,-0.09219631552696228,-0.0014900204259902239
2023-01-02 21:15:51.682000,-0.43797439336776733,-0.0015198139008134604
2023-01-02 21:16:51.696000,-0.09258278459310532,-0.001461976207792759
2023-01-02 21:17:51.612000,-0.06217699870467186,-0.0014747381210327148
2023-01-02 21:18:51.701000,-0.6420748233795166,-0.001489404239691794
2023-01-02 21:19:51.691000,-0.3350192606449127,-0.0014406046830117702
2023-01-02 21:20:51.747000,-0.2144685983657837,-0.001443021697923541
2023-01-02 21:21:52.150000,-0.2446807622909546,-0.0014696938451379538
2023-01-02 21:22:51.669000,-0.5189535617828369,-0.0014691250398755074
2023-01-02 21:23:51.696000,-0.19295765459537506,-0.0014691837131977081
2023-01-02 21:24:51.644000,-0.29702049493789673,-0.0014704694040119648
2023-01-02 21:25:51.711000,-0.47697827219963074,-0.0014780525816604495
2023-01-02 21:26:51.742000,-0.6564765572547913,-0.0014816122129559517
2023-01-02 21:27:51.747000,-0.22662761807441711,-0.0014766734093427658
2023-01-02 21:28:51.614000,-0.30693045258522034,-0.00149642548058182
2023-01-02 21:29:51.665000,-0.5538970232009888,-0.0014893111074343324
2023-01-02 21:30:51.613000,-0.38292640447616577,-0.001493743620812893
2023-01-02 21:31:51.631000,-0.37610918283462524,-0.001478245249018073
2023-01-02 21:32:51.729000,-0.7123658657073975,-0.0015172978164628148
2023-01-02 21:33:52.060000,-0.41567087173461914,-0.0014679130399599671
2023-01-02 21:34:51.674000,-0.6721619367599487,-0.0014554893132299185
2023-01-02 21:35:51.625000,-0.37930551171302795,-0.0014486999716609716
2023-01-02 21:36:51.649000,-0.4883744418621063,-0.001418170752003789
2023-01-02 21:37:51.652000,-0.25684303045272827,-0.001495923032052815
2023-01-02 21:38:51.627000,-0.2573341131210327,-0.001475311117246747
2023-01-02 21:39:51.621000,-0.5604084134101868,-0.0014664374757558107
2023-01-02 21:40:51.884000,-0.2339598536491394,-0.0014472800539806485
2023-01-02 21:41:51.729000,-0.3641190230846405,-0.0014910249738022685
2023-01-02 21:42:51.708000,-0.6504342555999756,-0.0014712647534906864
2023-01-02 21:43:51.743000,-0.3666062653064728,-0.0014527499442920089
2023-01-02 21:44:51.647000,-0.2196977287530899,-0.0014212292153388262
2023-01-02 21:45:51.676000,-0.20737303793430328,-0.0014826363185420632
2023-01-02 21:46:51.648000,-0.5160905122756958,-0.0014358285116031766
2023-01-02 21:47:51.585000,-0.23116719722747803,-0.0014030784368515015
2023-01-02 21:48:51.717000,-0.18802253901958466,-0.0013224047143012285
2023-01-02 21:49:51.656000,-0.5647946000099182,-0.0012586511438712478
2023-01-02 21:50:51.608000,-0.5027222633361816,-0.0014587754849344492
2023-01-02 21:51:51.746000,-0.2024860680103302,-0.0015003207372501493
2023-01-02 21:52:51.640000,-0.1774432212114334,-0.0014155918033793569
2023-01-02 21:53:51.674000,-0.4795241057872772,-0.0015239999629557133
2023-01-02 21:54:51.717000,-0.14742909371852875,-0.00140071427449584
2023-01-02 21:55:51.628000,-0.1749807596206665,-0.001434083329513669
2023-01-02 21:56:51.681000,-0.5189162492752075,-0.0014074339997023344
2023-01-02 21:57:51.642000,-0.6278724074363708,-0.0013746486511081457
2023-01-02 21:58:51.679000,-0.3272041082382202,-0.0014254318084567785
2023-01-02 21:59:51.714000,-0.2565153241157532,-0.0015055142575874925
2023-01-02 22:00:51.638000,-0.5508614778518677,-0.001427487819455564
2023-01-02 22:01:51.823000,-0.1679842323064804,-0.001314727240242064
2023-01-02 22:02:51.706000,-0.18285852670669556,-0.0014597843401134014
2023-01-02 22:03:51.627000,-0.431188702583313,-0.0014542399439960718
2023-01-02 22:04:51.673000,-0.28198567032814026,-0.0014265499776229262
2023-01-02 22:05:51.655000,-0.5904947519302368,-0.0014618845889344811
2023-01-02 22:06:51.582000,-0.2805752158164978,-0.0014372940640896559
2023-01-02 22:07:51.651000,-0.6340327858924866,-0.0014956153463572264
2023-01-02 22:08:51.681000,-0.36749082803726196,-0.0013605476124212146
2023-01-02 22:09:51.583000,-0.3716579079627991,-0.0013937857002019882
2023-01-02 22:10:51.695000,-0.7094932794570923,-0.0015326888533309102
2023-01-02 22:11:51.642000,-0.36619019508361816,-0.0014672452816739678
2023-01-02 22:12:51.619000,-0.6069130301475525,-0.0014645116170868278
2023-01-02 22:13:51.643000,-0.5963472723960876,-0.001480416627600789
2023-01-02 22:14:51.758000,-0.4534660279750824,-0.0012995526194572449
2023-01-02 22:15:51.552000,-0.23443233966827393,-0.0013735111569985747
2023-01-02 22:16:51.669000,-0.3575979471206665,-0.0014120952691882849
2023-01-02 22:17:51.653000,-0.683302640914917,-0.001504675718024373
2023-01-02 22:18:51.690000,-0.47012239694595337,-0.0013871111441403627
2023-01-02 22:19:51.682000,-0.40141740441322327,-0.0015181777998805046
2023-01-02 22:20:51.662000,-0.7749320268630981,-0.0013479000190272927
2023-01-02 22:21:51.677000,-0.6541155576705933,-0.0015013260999694467
2023-01-02 22:22:51.629000,-0.36833176016807556,-0.0014578333357349038
2023-01-02 22:23:52.038000,-0.38681256771087646,-0.0014242682373151183
2023-01-02 22:24:51.572000,-0.36845555901527405,-0.0014111041091382504
2023-01-02 22:25:51.615000,-0.6710612177848816,-0.0013621276011690497
2023-01-02 22:26:51.536000,-0.3625120520591736,-0.0013662443961948156
2023-01-02 22:27:51.602000,-0.3610250651836395,-0.0015114146517589688
2023-01-02 22:28:51.594000,-0.7425594329833984,-0.001473545446060598
2023-01-02 22:29:51.658000,-0.6809037327766418,-0.001450729207135737
2023-01-02 22:30:51.544000,-0.3458556830883026,-0.0015200204215943813
2023-01-02 22:31:51.645000,-0.30567702651023865,-0.0014109110925346613
2023-01-02 22:32:51.597000,-0.48320499062538147,-0.0014489999739453197
2023-01-02 22:33:51.585000,-0.48154228925704956,-0.0014564750017598271
2023-01-02 22:34:51.544000,-0.311240017414093,-0.001475767814554274
2023-01-02 22:35:51.524000,-0.42752689123153687,-0.0014805581886321306
2023-01-02 22:36:51.662000,-0.9667176008224487,-0.0015747543657198548
2023-01-02 22:37:51.617000,-0.3881396949291229,-0.0013874151045456529
2023-01-02 22:38:51.555000,-0.3779750466346741,-0.001546659623272717
2023-01-02 22:39:51.579000,-0.39452168345451355,-0.001489441841840744
2023-01-02 22:40:51.574000,-0.6918219923973083,-0.0014142000582069159
2023-01-02 22:41:51.560000,-0.44537970423698425,-0.0014204146573320031
2023-01-02 22:42:51.583000,-0.4370385706424713,-0.0014738261234015226
2023-01-02 22:43:51.547000,-0.780722439289093,-0.0014373548328876495
2023-01-02 22:44:51.555000,-0.8312703967094421,-0.001509178546257317
2023-01-02 22:45:51.550000,-0.49115046858787537,-0.001456923084333539
2023-01-02 22:46:51.530000,-0.4844681918621063,-0.0015720416558906436
2023-01-02 22:47:51.512000,-0.7601730227470398,-0.0014434333425015211
2023-01-02 22:48:51.782000,-0.5427087545394897,-0.0015583260683342814
2023-01-02 22:49:51.588000,-0.47847044467926025,-0.0015275416662916541
2023-01-02 22:50:51.527000,-0.4926915764808655,-0.0015819375403225422
2023-01-02 22:51:51.594000,-1.1276848316192627,-0.0015474117826670408
2023-01-02 22:52:51.622000,-0.46525418758392334,-0.0014937714440748096
2023-01-02 22:53:51.590000,-0.42803385853767395,-0.0014027436263859272
2023-01-02 22:54:51.637000,-0.40477001667022705,-0.0014727272791787982
2023-01-02 22:55:51.642000,-0.7198155522346497,-0.0014213414397090673
2023-01-02 22:56:51.487000,-0.41782665252685547,-0.001523166662082076
2023-01-02 22:57:51.585000,-0.32224029302597046,-0.0015017857076600194
2023-01-02 22:58:51.488000,-0.27164381742477417,-0.0014523889403790236
2023-01-02 22:59:51.515000,-0.9724403619766235,-0.001479931059293449
2023-01-02 23:00:51.495000,-0.2992169260978699,-0.0014989629853516817
2023-01-02 23:01:51.573000,-0.2728307545185089,0.005933249834924936
2023-01-02 23:02:51.543000,-0.259547621011734,0.004456439986824989
2023-01-02 23:03:51.608000,-0.5161665678024292,0.0009873585077002645
2023-01-02 23:04:51.623000,-0.3395923376083374,0.0013185490388423204
2023-01-02 23:05:51.574000,-0.26623427867889404,0.0023534593638032675
2023-01-02 23:06:51.578000,-0.24605822563171387,0.0034523250069469213
2023-01-02 23:07:51.534000,-0.8128538727760315,0.004292025696486235
2023-01-02 23:08:51.515000,-0.3834003806114197,0.004352673888206482
2023-01-02 23:09:51.511000,-0.2587451934814453,0.004724371246993542
2023-01-02 23:10:51.499000,-0.28233492374420166,0.005309124942868948
2023-01-02 23:11:51.577000,-0.3477274477481842,0.006361950188875198
2023-01-02 23:12:51.519000,-0.5445865988731384,0.007578799966722727
2023-01-02 23:13:51.602000,-0.40121179819107056,0.00911211408674717
2023-01-02 23:14:51.566000,-0.454820841550827,0.00963546335697174
2023-01-02 23:15:51.615000,-0.7281036972999573,0.01294851303100586
2023-01-02 23:16:51.786000,-0.7051726579666138,0.015806999057531357
2023-01-02 23:17:51.488000,-0.3447057008743286,0.01629452593624592
2023-01-02 23:18:51.581000,-0.35633477568626404,0.01554575003683567
2023-01-02 23:19:51.482000,-0.33740177750587463,0.016259849071502686
2023-01-02 23:20:51.498000,-0.6191589832305908,0.018370334059000015
2023-01-02 23:21:51.455000,-0.404156357049942,0.021001119166612625
2023-01-02 23:22:51.527000,-0.4618464708328247,0.022112878039479256
2023-01-02 23:23:51.547000,-0.8242861032485962,0.02380567416548729
2023-01-02 23:24:51.554000,-0.5929738283157349,0.025130024179816246
2023-01-02 23:25:51.561000,-0.4572758376598358,0.02608500048518181
2023-01-02 23:26:51.459000,-0.4586139917373657,0.02686675637960434
2023-01-02 23:27:51.464000,-0.4577241837978363,0.027726374566555023
2023-01-02 23:28:51.538000,-0.3790282905101776,0.02842828258872032
2023-01-02 23:29:51.543000,-0.3409368693828583,0.02925865165889263
2023-01-02 23:30:51.549000,-0.45368364453315735,0.02983197756111622
2023-01-02 23:31:51.535000,-0.7198349237442017,0.0305543914437294
2023-01-02 23:32:51.565000,-0.41333189606666565,0.031329445540905
2023-01-02 23:33:51.500000,-0.4080805778503418,0.03207999840378761
2023-01-02 23:34:51.537000,-0.39958158135414124,0.03266650065779686
2023-01-02 23:35:51.542000,-0.35710975527763367,0.03342054784297943
2023-01-02 23:36:51.472000,-0.38588187098503113,0.034147605299949646
2023-01-02 23:37:51.529000,-0.3365369439125061,0.0347207710146904
2023-01-02 23:38:51.570000,-0.5578349232673645,0.03521813079714775
2023-01-02 23:39:51.533000,-0.5095270276069641,0.035695869475603104
2023-01-02 23:40:51.526000,-0.3450385332107544,0.036258500069379807
2023-01-02 23:41:51.565000,-0.30416935682296753,0.036792706698179245
2023-01-02 23:42:51.563000,-0.31193870306015015,0.037438347935676575
2023-01-02 23:43:51.479000,-0.2923348844051361,0.037972256541252136
2023-01-02 23:44:51.526000,-0.29549288749694824,0.03842877596616745
2023-01-02 23:45:51.593000,-0.28046128153800964,0.038858793675899506
2023-01-02 23:46:51.443000,-0.5679450035095215,0.03947777301073074
2023-01-02 23:47:51.749000,-0.42094945907592773,0.040169958025217056
2023-01-02 23:48:51.507000,-0.25642815232276917,0.04082145169377327
2023-01-02 23:49:51.582000,-0.2832525074481964,0.04133908450603485
2023-01-02 23:50:51.553000,-0.2508484721183777,0.041924554854631424
2023-01-02 23:51:51.542000,-0.2574065029621124,0.04244423657655716
2023-01-02 23:52:51.491000,-0.2617035210132599,0.043087974190711975
2023-01-02 23:53:51.471000,-0.2666739225387573,0.04392058774828911
2023-01-02 23:54:51.454000,-0.46019893884658813,0.04458916187286377
2023-01-02 23:55:51.459000,-0.30067768692970276,0.04534928500652313
2023-01-02 23:56:51.466000,-0.17594292759895325,0.046037618070840836
2023-01-02 23:57:51.510000,-0.17530937492847443,0.046643298119306564
2023-01-02 23:58:51.479000,-0.17814086377620697,0.04739343002438545
2023-01-02 23:59:51.482000,-0.24183307588100433,0.04809249937534332
2023-01-03 00:00:51.447000,-0.2571878731250763,0.04851330444216728
2023-01-03 00:01:51.459000,-0.29372963309288025,0.049212999641895294
2023-01-03 00:02:51.426000,-0.5061955451965332,0.04987915977835655
2023-01-03 00:03:51.392000,-0.44170382618904114,0.05064375698566437
2023-01-03 00:04:51.514000,-0.2911983132362366,0.05121568962931633
2023-01-03 00:05:51.458000,-0.2731380760669708,0.051685675978660583
2023-01-03 00:06:51.521000,-0.31061267852783203,0.05220390856266022
2023-01-03 00:07:51.443000,-0.257630318403244,0.05281338468194008
2023-01-03 00:08:51.467000,-0.19899126887321472,0.053385116159915924
2023-01-03 00:09:51.415000,-0.3411203622817993,0.05405273661017418
2023-01-03 00:10:51.479000,-0.5282126069068909,0.05453002080321312
2023-01-03 00:11:51.508000,-0.6425265073776245,0.055037617683410645
2023-01-03 00:12:51.498000,-0.4163788855075836,0.05554976314306259
2023-01-03 00:13:51.552000,-0.35699787735939026,0.05641993135213852
2023-01-03 00:14:51.445000,-0.318276584148407,0.057118386030197144
2023-01-03 00:15:51.490000,-0.3221991956233978,0.05778650939464569
2023-01-03 00:16:51.480000,-0.3126678764820099,0.05855700001120567
2023-01-03 00:17:51.505000,-0.3642010986804962,0.05924367904663086
2023-01-03 00:18:51.505000,-0.38884150981903076,0.0599958598613739
2023-01-03 00:19:51.476000,-0.6774656772613525,0.06052464246749878
2023-01-03 00:20:51.672000,-0.34842365980148315,0.06112280115485191
2023-01-03 00:21:51.415000,-0.33731216192245483,0.06141342222690582
2023-01-03 00:22:51.464000,-0.37763017416000366,0.0619470477104187
2023-01-03 00:23:51.392000,-0.3349152207374573,0.06219165399670601
2023-01-03 00:24:51.438000,-0.3244599401950836,0.062370263040065765
2023-01-03 00:25:51.404000,-0.27469125390052795,0.06259263306856155
2023-01-03 00:26:51.400000,-0.2905298173427582,0.06299519538879395
2023-01-03 00:27:51.450000,-0.6977676749229431,0.06328438967466354
2023-01-03 00:28:51.404000,-0.2879652678966522,0.06383877247571945
2023-01-03 00:29:51.344000,-0.31442326307296753,0.06436671316623688
2023-01-03 00:30:51.409000,-0.31691068410873413,0.06492207199335098
2023-01-03 00:31:51.431000,-0.29975372552871704,0.06580197811126709
2023-01-03 00:32:51.470000,-0.33758553862571716,0.06636840850114822
2023-01-03 00:33:51.442000,-0.32581204175949097,0.06719892472028732
2023-01-03 00:34:51.380000,-0.2799857258796692,0.06792415678501129
2023-01-03 00:35:51.422000,-0.5505528450012207,0.0688658058643341
2023-01-03 00:36:51.395000,-0.340318888425827,0.06970331817865372
2023-01-03 00:37:51.348000,-0.292551189661026,0.07066334784030914
2023-01-03 00:38:51.367000,-0.2719310224056244,0.0710398256778717
2023-01-03 00:39:51.363000,-0.2888070046901703,0.07190980762243271
2023-01-03 00:40:51.445000,-0.29020723700523376,0.07286176085472107
2023-01-03 00:41:51.479000,-0.26306313276290894,0.07453778386116028
2023-01-03 00:42:51.402000,-0.2784416675567627,0.07597821205854416
2023-01-03 00:43:51.537000,-0.3591083586215973,0.07757866382598877
2023-01-03 00:44:51.331000,-0.5619797110557556,0.07759225368499756
2023-01-03 00:45:51.337000,-0.2322092056274414,0.08011461794376373
2023-01-03 00:46:51.335000,-0.25308334827423096,0.08267948031425476
2023-01-03 00:47:51.499000,-0.2597314119338989,0.08471882343292236
2023-01-03 00:48:51.433000,-0.23851598799228668,0.08626828342676163
2023-01-03 00:49:51.668000,-0.21875561773777008,0.0970195010304451
2023-01-03 00:50:51.466000,-0.18969713151454926,0.1866556853055954
2023-01-03 00:51:51.809000,-0.1408129632472992,0.3446269929409027
2023-01-03 00:52:51.621000,-0.5042896866798401,0.5534862875938416
2023-01-03 00:53:51.364000,-0.12570950388908386,0.7177685499191284
2023-01-03 00:54:51.445000,-0.09610116481781006,0.9074743390083313
2023-01-03 00:55:51.411000,-0.1571214497089386,1.1801440715789795
2023-01-03 00:56:51.394000,-0.1220303326845169,1.3648712635040283
2023-01-03 00:57:51.461000,-0.1130576804280281,1.522027850151062
2023-01-03 00:58:51.462000,-0.09996561706066132,1.6363468170166016
2023-01-03 00:59:51.864000,-0.12090566754341125,1.649511456489563
2023-01-03 01:00:51.695000,-0.43886807560920715,1.6591615676879883
2023-01-03 01:01:51.355000,-0.20251841843128204,1.6659770011901855
2023-01-03 01:02:51.340000,-0.12123820185661316,1.6766947507858276
2023-01-03 01:03:51.363000,-0.11478881537914276,1.6976912021636963
2023-01-03 01:04:51.386000,-0.10744085162878036,1.7059104442596436
2023-01-03 01:05:51.379000,-0.17355377972126007,1.7183157205581665
2023-01-03 01:06:51.364000,-0.23943306505680084,1.7313437461853027
2023-01-03 01:07:51.338000,-0.26152363419532776,1.7441604137420654
2023-01-03 01:08:51.300000,-0.5216055512428284,1.7612948417663574
2023-01-03 01:09:51.887000,-0.3950856328010559,1.7658824920654297
2023-01-03 01:10:51.379000,-0.30911901593208313,1.766235113143921
2023-01-03 01:11:51.310000,-0.30049505829811096,1.7727456092834473
2023-01-03 01:12:51.401000,-0.2649853825569153,1.7896957397460938
2023-01-03 01:13:51.394000,-0.2764449119567871,1.7996865510940552
2023-01-03 01:14:51.389000,-0.31209179759025574,1.814168930053711
2023-01-03 01:15:51.340000,-0.37058138847351074,1.8240326642990112
2023-01-03 01:16:51.434000,-0.6713016033172607,1.8352735042572021
2023-01-03 01:17:51.334000,-0.4181087613105774,1.8447461128234863
2023-01-03 01:18:51.316000,-0.3336435556411743,1.8520691394805908
2023-01-03 01:19:51.367000,-0.31257501244544983,1.8577375411987305
2023-01-03 01:20:51.274000,-0.26433634757995605,1.8659220933914185
2023-01-03 01:21:51.369000,-0.22442714869976044,1.8793569803237915
2023-01-03 01:22:51.595000,-0.24588100612163544,1.8917808532714844
2023-01-03 01:23:51.591000,-0.2081371694803238,1.8988574743270874
2023-01-03 01:24:51.425000,-0.5877652764320374,1.9051421880722046
2023-01-03 01:25:51.264000,-0.21305137872695923,1.9121217727661133
2023-01-03 01:26:51.396000,-0.18467433750629425,1.9163243770599365
2023-01-03 01:27:51.808000,-0.16391833126544952,1.9179670810699463
2023-01-03 01:28:51.336000,-0.19437281787395477,1.92316472530365
2023-01-03 01:29:51.349000,-0.20402152836322784,1.9332163333892822
2023-01-03 01:30:51.349000,-0.23386989533901215,1.9383690357208252
2023-01-03 01:31:51.312000,-0.35076677799224854,1.950110912322998
2023-01-03 01:32:51.393000,-0.5885226726531982,1.9571306705474854
2023-01-03 01:33:51.299000,-0.2256518453359604,1.9686578512191772
2023-01-03 01:34:51.422000,-0.2201477587223053,1.9811861515045166
2023-01-03 01:35:51.522000,-0.19389714300632477,1.9918396472930908
2023-01-03 01:36:51.323000,-0.21819424629211426,2.002629280090332
2023-01-03 01:37:51.324000,-0.22624750435352325,2.0089111328125
2023-01-03 01:38:51.334000,-0.18578830361366272,2.0201950073242188
2023-01-03 01:39:51.636000,-0.3029469847679138,2.026585102081299
2023-01-03 01:40:51.331000,-0.5530408024787903,2.035930633544922
2023-01-03 01:41:51.278000,-0.2289988249540329,2.0404744148254395
2023-01-03 01:42:51.275000,-0.21393239498138428,2.047008752822876
2023-01-03 01:43:51.334000,-0.22813113033771515,2.053330421447754
2023-01-03 01:44:51.384000,-0.20959341526031494,2.0652151107788086
2023-01-03 01:45:51.288000,-0.1796358823776245,2.0755581855773926
2023-01-03 01:46:51.295000,-0.11214370280504227,2.0818352699279785
2023-01-03 01:47:51.311000,-0.2295333296060562,2.0935375690460205
2023-01-03 01:48:51.373000,-0.31967225670814514,2.10349440574646
2023-01-03 01:49:51.339000,-0.07640951871871948,2.1061742305755615
2023-01-03 01:50:51.281000,-0.07461641728878021,2.113908052444458
2023-01-03 01:51:51.484000,-0.10861673206090927,2.126835584640503
2023-01-03 01:52:51.299000,-0.09280311316251755,2.1362221240997314
2023-01-03 01:53:51.465000,-0.19293148815631866,2.1497747898101807
2023-01-03 01:54:51.295000,-0.16987168788909912,2.1591129302978516
2023-01-03 01:55:51.267000,-0.3749921917915344,2.1642866134643555
2023-01-03 01:56:51.361000,-0.3147546052932739,2.1709072589874268
2023-01-03 01:57:51.336000,-0.17319947481155396,2.1784374713897705
2023-01-03 01:58:51.248000,-0.18099305033683777,2.187952995300293
2023-01-03 01:59:51.326000,-0.16387620568275452,2.1986637115478516
2023-01-03 02:00:51.244000,-0.1702660173177719,2.2061212062835693
2023-01-03 02:01:51.353000,-0.18976761400699615,2.209484338760376
2023-01-03 02:02:51.361000,-0.25960302352905273,2.206752061843872
2023-01-03 02:03:51.255000,-0.6137126684188843,2.2080233097076416
2023-01-03 02:04:51.335000,-0.3674316108226776,2.214632272720337
2023-01-03 02:05:51.258000,-0.2394208461046219,2.225445508956909
2023-01-03 02:06:51.333000,-0.27561765909194946,2.231747627258301
2023-01-03 02:07:51.328000,-0.259566992521286,2.238687515258789
2023-01-03 02:08:51.228000,-0.2619461119174957,2.2400450706481934
2023-01-03 02:09:51.216000,-0.26316389441490173,2.239180088043213
2023-01-03 02:10:51.217000,-0.27018457651138306,2.245354652404785
2023-01-03 02:11:51.283000,-0.5753223896026611,2.2545127868652344
2023-01-03 02:12:51.268000,-0.3315550684928894,2.263145685195923
2023-01-03 02:13:51.397000,-0.2712903320789337,2.2653470039367676
2023-01-03 02:14:51.330000,-0.24261893332004547,2.273282766342163
2023-01-03 02:15:51.363000,-0.2594667971134186,2.284116744995117
2023-01-03 02:16:51.289000,-0.24159884452819824,2.291513442993164
2023-01-03 02:17:51.259000,-0.18279148638248444,2.295081853866577
2023-01-03 02:18:51.255000,-0.21097378432750702,2.296593189239502
2023-01-03 02:19:51.254000,-0.5805549025535583,2.3032097816467285
2023-01-03 02:20:51.280000,-0.2335430383682251,2.3045291900634766
2023-01-03 02:21:51.480000,-0.2453107386827469,2.3110766410827637
2023-01-03 02:22:51.236000,-0.20521856844425201,2.319959878921509
2023-01-03 02:23:51.267000,-0.20946259796619415,2.333770990371704
2023-01-03 02:24:51.346000,-0.25771623849868774,2.3431968688964844
2023-01-03 02:25:51.317000,-0.23159055411815643,2.353455066680908
2023-01-03 02:26:51.235000,-0.21300441026687622,2.349336862564087
2023-01-03 02:27:51.333000,-0.6250487565994263,2.3573148250579834
2023-01-03 02:28:51.196000,-0.1892860382795334,2.358428955078125
2023-01-03 02:29:51.274000,-0.18715576827526093,2.360647201538086
2023-01-03 02:30:51.287000,-0.23622570931911469,2.3709304332733154
2023-01-03 02:31:51.273000,-0.2931782901287079,2.376565933227539
2023-01-03 02:32:51.326000,-0.2732316553592682,2.3781325817108154
2023-01-03 02:33:51.321000,-0.2602529227733612,2.3820464611053467
2023-01-03 02:34:51.271000,-0.2407902181148529,2.379922389984131
2023-01-03 02:35:51.486000,-0.6338491439819336,2.3813891410827637
2023-01-03 02:36:51.507000,-0.24303852021694183,2.385359048843384
2023-01-03 02:37:51.184000,-0.23970185220241547,2.386861562728882
2023-01-03 02:38:51.293000,-0.2375112622976303,2.3966150283813477
2023-01-03 02:39:51.183000,-0.2263752520084381,2.409358501434326
2023-01-03 02:40:51.262000,-0.1633094847202301,2.418410301208496
2023-01-03 02:41:51.226000,-0.47607916593551636,2.419588088989258
2023-01-03 02:42:51.211000,-0.1943635195493698,2.433797597885132
2023-01-03 02:43:51.282000,-0.4870554804801941,2.4351069927215576
2023-01-03 02:44:51.274000,-0.11879686266183853,2.43894362449646
2023-01-03 02:45:51.266000,-0.1322096735239029,2.4373483657836914
2023-01-03 02:46:51.596000,-0.09427750110626221,2.4487693309783936
2023-01-03 02:47:51.275000,-0.1491430103778839,2.4530463218688965
2023-01-03 02:48:51.261000,-0.135080486536026,2.4519989490509033
2023-01-03 02:49:51.228000,-0.09220084547996521,2.460585594177246
2023-01-03 02:50:51.608000,-0.14233621954917908,2.450655460357666
2023-01-03 02:51:51.269000,-0.45374634861946106,2.459563732147217
2023-01-03 02:52:51.289000,-0.3302075266838074,2.4612479209899902
2023-01-03 02:53:51.277000,-0.3322194218635559,2.4386191368103027
2023-01-03 02:54:51.384000,-0.13132938742637634,2.4545483589172363
2023-01-03 02:55:51.259000,-0.07864173501729965,2.4544239044189453
2023-01-03 02:56:51.697000,-0.14306986331939697,2.4595062732696533
2023-01-03 02:57:51.214000,-0.20523196458816528,2.4716458320617676
2023-01-03 02:58:51.698000,-0.23367026448249817,2.4696643352508545
2023-01-03 02:59:51.626000,-0.5455478429794312,2.4755489826202393
2023-01-03 03:00:51.192000,-0.3544442355632782,2.469289779663086
2023-01-03 03:01:51.650000,-0.29450464248657227,2.4856085777282715
2023-01-03 03:02:51.214000,-0.29300180077552795,2.4886512756347656
2023-01-03 03:03:51.293000,-0.5464469194412231,2.4805257320404053
2023-01-03 03:04:51.234000,-0.33858823776245117,2.4750711917877197
2023-01-03 03:05:51.274000,-0.2715298533439636,2.5084612369537354
2023-01-03 03:06:51.223000,-0.2519429624080658,2.5205180644989014
2023-01-03 03:07:51.266000,-0.4145328402519226,2.5291900634765625
2023-01-03 03:08:51.294000,-0.4856056571006775,2.5219883918762207
2023-01-03 03:09:51.187000,-0.3168117105960846,2.522427797317505
2023-01-03 03:10:51.187000,-0.35725167393684387,2.517909526824951
2023-01-03 03:11:51.306000,-0.33001306653022766,2.5228888988494873
2023-01-03 03:12:51.284000,-0.2603570222854614,2.5383763313293457
2023-01-03 03:13:51.300000,-0.39389219880104065,2.55930495262146
2023-01-03 03:14:51.625000,-0.4994904100894928,2.5614888668060303
2023-01-03 03:15:51.243000,-0.5054922103881836,2.56416654586792
2023-01-03 03:16:51.206000,-0.3984008729457855,2.5605034828186035
2023-01-03 03:17:51.147000,-0.19295570254325867,2.55666446685791
2023-01-03 03:18:51.191000,-0.21653781831264496,2.573652744293213
2023-01-03 03:19:51.274000,-0.19798028469085693,2.5835678577423096
2023-01-03 03:20:51.235000,-0.22717070579528809,2.5680830478668213
2023-01-03 03:21:51.168000,-0.2493056058883667,2.5632338523864746
2023-01-03 03:22:51.238000,-0.29686200618743896,2.5665602684020996
2023-01-03 03:23:51.277000,-0.8260414600372314,2.5801188945770264
2023-01-03 03:24:51.194000,-0.6261827945709229,2.5687875747680664
2023-01-03 03:25:51.217000,-0.41524896025657654,2.5711770057678223
2023-01-03 03:26:51.148000,-0.3889860212802887,2.5879061222076416
2023-01-03 03:27:51.413000,-0.3898937702178955,2.568765640258789
2023-01-03 03:28:51.219000,-0.3532320559024811,2.5753602981567383
2023-01-03 03:29:51.258000,-0.36762768030166626,2.5550878047943115
2023-01-03 03:30:51.270000,-0.37801051139831543,2.5431931018829346
2023-01-03 03:31:51.249000,-0.744733989238739,2.5505106449127197
2023-01-03 03:32:51.245000,-0.38196641206741333,2.5807793140411377
2023-01-03 03:33:51.281000,-0.7533387541770935,2.588371992111206
2023-01-03 03:34:51.282000,-0.34733647108078003,2.5870072841644287
2023-01-03 03:35:51.174000,-0.3725610077381134,2.598098039627075
2023-01-03 03:36:51.208000,-0.36051690578460693,2.58804988861084
2023-01-03 03:37:51.230000,-0.3532525897026062,2.5856523513793945
2023-01-03 03:38:51.178000,-0.3437736928462982,2.5867984294891357
2023-01-03 03:39:51.246000,-0.5896185636520386,2.597405433654785
2023-01-03 03:40:51.234000,-0.16934102773666382,2.605921745300293
2023-01-03 03:41:51.279000,-0.1820492446422577,2.6008667945861816
2023-01-03 03:42:51.234000,-0.6790198087692261,2.593583345413208
2023-01-03 03:43:51.229000,-0.6668828129768372,2.595773220062256
2023-01-03 03:44:51.246000,-0.5050799250602722,2.6224660873413086
2023-01-03 03:45:51.237000,-0.47293880581855774,2.618276834487915
2023-01-03 03:46:51.201000,-0.6459767818450928,2.6363673210144043
2023-01-03 03:47:51.131000,-0.909845769405365,2.6369376182556152
2023-01-03 03:48:51.233000,-0.5675557255744934,2.5906357765197754
2023-01-03 03:49:51.123000,-0.60576993227005,2.6225812435150146
2023-01-03 03:50:51.255000,-0.6017473936080933,2.6110806465148926
2023-01-03 03:51:51.338000,-0.6036533713340759,2.5933563709259033
2023-01-03 03:52:51.253000,-0.9414692521095276,2.602705478668213
2023-01-03 03:53:51.139000,-0.5868658423423767,2.6205527782440186
2023-01-03 03:54:51.231000,-0.422095388174057,2.606940984725952
2023-01-03 03:55:51.206000,-0.5439299941062927,2.6157562732696533
2023-01-03 03:56:51.104000,-0.2672513723373413,2.615550994873047
2023-01-03 03:57:51.202000,-0.24566592276096344,2.6071040630340576
2023-01-03 03:58:51.234000,-0.2621540427207947,2.627378225326538
2023-01-03 03:59:51.403000,-0.2669438123703003,2.6287550926208496
2023-01-03 04:00:51.249000,-0.3070422410964966,2.5937647819519043
2023-01-03 04:01:51.120000,-0.5967575311660767,2.6020753383636475
2023-01-03 04:02:51.226000,-0.5667088627815247,2.574300765991211
2023-01-03 04:03:51.119000,-0.4737792909145355,2.538862705230713
2023-01-03 04:04:51.088000,-0.3000383973121643,2.5570473670959473
2023-01-03 04:05:51.258000,-0.26616203784942627,2.5918869972229004
2023-01-03 04:06:51.165000,-0.28137755393981934,2.5409226417541504
2023-01-03 04:07:51.087000,-0.2859337627887726,2.5272445678710938
2023-01-03 04:08:51.155000,-0.20713895559310913,2.592968702316284
2023-01-03 04:09:51.143000,-0.21004028618335724,2.6538734436035156
2023-01-03 04:10:51.177000,-0.6457784175872803,2.2676796913146973
2023-01-03 04:11:51.206000,-1.038283109664917,2.5447325706481934
2023-01-03 04:12:51.201000,-0.6488155722618103,2.65938138961792
2023-01-03 04:13:51.197000,-0.6498639583587646,2.6788549423217773
2023-01-03 04:14:51.079000,-0.6372792720794678,2.6630325317382812
2023-01-03 04:15:51.119000,-0.6291828155517578,2.6191751956939697
2023-01-03 04:16:51.209000,-0.6232415437698364,2.6392710208892822
2023-01-03 04:17:51.229000,-0.6047370433807373,2.689012289047241
2023-01-03 04:18:51.209000,-0.9477488398551941,2.686699628829956
2023-01-03 04:19:51.083000,-0.6763684749603271,2.659684658050537
2023-01-03 04:20:51.164000,-0.8969269394874573,2.5444183349609375
2023-01-03 04:21:51.119000,-0.6798852682113647,2.611037015914917
2023-01-03 04:22:51.071000,-0.6240583062171936,2.2548720836639404
2023-01-03 04:23:51.138000,-0.5993734002113342,2.5432558059692383
2023-01-03 04:24:51.140000,-0.6553829908370972,1.2948099374771118
2023-01-03 04:25:51.158000,-0.6024291515350342,0.6073867082595825
2023-01-03 04:26:51.205000,-0.9444293975830078,0.8355492949485779
2023-01-03 04:27:51.201000,-0.6595646739006042,2.1141881942749023
2023-01-03 04:28:51.177000,-0.61195969581604,2.0191047191619873
2023-01-03 04:29:51.312000,-0.7372734546661377,2.3211493492126465
2023-01-03 04:30:51.186000,-0.868454098701477,2.4204087257385254
2023-01-03 04:31:51.198000,-0.2859160900115967,1.8803670406341553
2023-01-03 04:32:51.205000,-0.20941923558712006,2.7161803245544434
2023-01-03 04:33:51.149000,-0.19662202894687653,2.697131633758545
2023-01-03 04:34:51.138000,-0.4990316927433014,2.6567556858062744
2023-01-03 04:35:51.139000,-0.0753915011882782,2.197610378265381
2023-01-03 04:36:51.169000,-0.09000608325004578,0.6603543162345886
2023-01-03 04:37:51.598000,-0.10634533315896988,1.0556468963623047
2023-01-03 04:38:51.388000,-0.12098156660795212,1.7618985176086426
2023-01-03 04:39:51.407000,-0.4801766872406006,1.2029331922531128
2023-01-03 04:40:51.137000,-0.1458335667848587,0.45630553364753723
2023-01-03 04:41:51.158000,-0.10405133664608002,1.466673493385315
2023-01-03 04:42:51.148000,-0.5191199779510498,2.455059051513672
2023-01-03 04:43:51.117000,-0.10139921307563782,1.9988948106765747
2023-01-03 04:44:51.104000,-0.13583630323410034,0.9308909773826599
2023-01-03 04:45:51.154000,-0.12402806431055069,2.217146635055542
2023-01-03 04:46:51.134000,-0.12802524864673615,2.5098443031311035
2023-01-03 04:47:51.177000,-0.12441573292016983,2.557859182357788
2023-01-03 04:48:51.103000,-0.3360751271247864,2.6774377822875977
2023-01-03 04:49:51.157000,-0.40687599778175354,2.6520519256591797
2023-01-03 04:50:51.178000,-0.6365830898284912,2.658712387084961
2023-01-03 04:51:51.159000,-0.2703333795070648,2.6542775630950928
2023-01-03 04:52:51.086000,-0.313679575920105,2.694697618484497
2023-01-03 04:53:51.162000,-0.37989965081214905,2.6875410079956055
2023-01-03 04:54:51.138000,-0.3501241207122803,2.635161876678467
2023-01-03 04:55:51.166000,-0.33005017042160034,2.601041555404663
2023-01-03 04:56:51.027000,-0.3269994556903839,2.5846681594848633
2023-01-03 04:57:51.576000,-0.36754247546195984,2.6007285118103027
2023-01-03 04:58:51.177000,-1.1580215692520142,2.58674693107605
2023-01-03 04:59:51.169000,-0.37336766719818115,2.5526785850524902
2023-01-03 05:00:51.070000,-0.37711039185523987,2.5262374877929688
2023-01-03 05:01:51.094000,-0.33738088607788086,2.325202703475952
2023-01-03 05:02:51.166000,-0.3914034962654114,2.3074352741241455
2023-01-03 05:03:51.114000,-0.40969547629356384,2.5214684009552
2023-01-03 05:04:51.053000,-0.3591502010822296,2.4895691871643066
2023-01-03 05:05:51.079000,-0.31057482957839966,2.4846174716949463
2023-01-03 05:06:51.123000,-0.7729284167289734,2.500284194946289
2023-01-03 05:07:51.075000,-0.37650802731513977,2.4862985610961914
2023-01-03 05:08:51.097000,-0.37085816264152527,2.5042243003845215
2023-01-03 05:09:51.116000,-0.7439529299736023,2.5296363830566406
2023-01-03 05:10:51.150000,-0.3215734362602234,2.526653289794922
2023-01-03 05:11:51.408000,-0.2966731786727905,2.504812002182007
2023-01-03 05:12:51.021000,-0.3147966265678406,2.500727415084839
2023-01-03 05:13:51.082000,-0.29643887281417847,2.499253511428833
2023-01-03 05:14:51.030000,-0.6408507823944092,2.4902169704437256
2023-01-03 05:15:51.082000,-0.2920056879520416,2.4463107585906982
2023-01-03 05:16:51.008000,-0.2672501802444458,2.3938302993774414
2023-01-03 05:17:51.047000,-0.2691165506839752,2.328787088394165
2023-01-03 05:18:51.125000,-0.32825106382369995,2.361337661743164
2023-01-03 05:19:51.137000,-0.3258753716945648,2.269064426422119
2023-01-03 05:20:51.178000,-0.3087364137172699,2.427013874053955
2023-01-03 05:21:51.101000,-0.7076892852783203,2.4150309562683105
2023-01-03 05:22:51.055000,-0.7569212913513184,2.4217607975006104
2023-01-03 05:23:51.060000,-0.352811723947525,2.431751012802124
2023-01-03 05:24:51.121000,-0.3475465774536133,2.4554240703582764
2023-01-03 05:25:50.992000,-0.3133985102176666,2.453164577484131
2023-01-03 05:26:51.289000,-0.32966530323028564,2.444136381149292
2023-01-03 05:27:51.060000,-0.35083672404289246,2.4144203662872314
2023-01-03 05:28:51,-0.31518787145614624,2.3904247283935547
2023-01-03 05:29:51.404000,-0.22176800668239594,2.3835244178771973
2023-01-03 05:30:51.086000,-0.5775958299636841,2.3829994201660156
2023-01-03 05:31:51.138000,-0.1691809445619583,2.3597679138183594
2023-01-03 05:32:51.067000,-0.1539011299610138,2.372912883758545
2023-01-03 05:33:51.027000,-0.5376037955284119,2.3927018642425537
2023-01-03 05:34:51.011000,-0.11748331785202026,2.3909008502960205
2023-01-03 05:35:51.074000,-0.14043734967708588,2.4095380306243896
2023-01-03 05:36:51.066000,-0.14027099311351776,2.3934412002563477
2023-01-03 05:37:51.101000,-0.12104679644107819,2.362165689468384
2023-01-03 05:38:51.085000,-0.5371697545051575,2.3583669662475586
2023-01-03 05:39:50.999000,-0.18383093178272247,2.35951566696167
2023-01-03 05:40:51.061000,-0.20710888504981995,2.369809627532959
2023-01-03 05:41:50.990000,-0.2445528507232666,2.348140001296997
2023-01-03 05:42:51.081000,-0.24325518310070038,2.3053178787231445
2023-01-03 05:43:51.088000,-0.2120857983827591,2.2826130390167236
2023-01-03 05:44:51.067000,-0.25935032963752747,2.2996938228607178
2023-01-03 05:45:51.053000,-0.5425629019737244,2.2985851764678955
2023-01-03 05:46:51.040000,-0.8367369771003723,2.2986981868743896
2023-01-03 05:47:50.976000,-0.37090080976486206,2.261331081390381
2023-01-03 05:48:51.114000,-0.2605005204677582,2.235572338104248
2023-01-03 05:49:50.986000,-0.2279054969549179,2.2355945110321045
2023-01-03 05:50:50.988000,-0.24232077598571777,2.2177116870880127
2023-01-03 05:51:50.981000,-0.22323361039161682,2.180453300476074
2023-01-03 05:52:51.069000,-0.21624863147735596,2.141244411468506
2023-01-03 05:53:51.041000,-0.25371384620666504,2.094919443130493
2023-01-03 05:54:51.045000,-0.5117121934890747,2.1845242977142334
2023-01-03 05:55:51.027000,-0.35962581634521484,2.1845288276672363
2023-01-03 05:56:51.331000,-0.25616055727005005,2.2267003059387207
2023-01-03 05:57:51.030000,-0.20426979660987854,2.212045669555664
2023-01-03 05:58:51.070000,-0.5985780954360962,2.196336507797241
2023-01-03 05:59:51.034000,-0.21429741382598877,2.2018861770629883
2023-01-03 06:00:51.203000,-0.167838454246521,2.1821000576019287
2023-01-03 06:01:51.049000,-0.1742481291294098,2.1860198974609375
2023-01-03 06:02:51.087000,-0.3591945171356201,2.172762632369995
2023-01-03 06:03:51.045000,-0.37785717844963074,2.1394636631011963
2023-01-03 06:04:51.343000,-0.2596641778945923,2.118386745452881
2023-01-03 06:05:51.039000,-0.21832309663295746,2.133955240249634
2023-01-03 06:06:51,-0.2155868113040924,2.126866579055786
2023-01-03 06:07:51.057000,-0.22127665579319,2.1268794536590576
2023-01-03 06:08:51.023000,-0.24474693834781647,2.106694221496582
2023-01-03 06:09:51.025000,-0.24070820212364197,2.0834734439849854
2023-01-03 06:10:51.014000,-0.6597864627838135,2.0780208110809326
2023-01-03 06:11:51.067000,-0.5429668426513672,2.0628576278686523
2023-01-03 06:12:51.033000,-0.2224324345588684,2.0535287857055664
2023-01-03 06:13:50.959000,-0.21529681980609894,2.0740485191345215
2023-01-03 06:14:51.018000,-0.17135317623615265,2.0506885051727295
2023-01-03 06:15:50.951000,-0.14544378221035004,2.0627360343933105
2023-01-03 06:16:51.226000,-0.1761290431022644,2.032886266708374
2023-01-03 06:17:51.006000,-0.26565390825271606,2.000019073486328
2023-01-03 06:18:50.978000,-0.2787051498889923,1.999373197555542
2023-01-03 06:19:51.042000,-0.7111701369285583,1.994410753250122
2023-01-03 06:20:51.025000,-0.26994070410728455,1.9750133752822876
2023-01-03 06:21:51.094000,-0.30304890871047974,1.9636616706848145
2023-01-03 06:22:51.056000,-0.6432927846908569,1.9537248611450195
2023-01-03 06:23:51.020000,-0.2931738495826721,1.9103676080703735
2023-01-03 06:24:51.018000,-0.29599589109420776,1.914364218711853
2023-01-03 06:25:50.947000,-0.3166888952255249,1.9266473054885864
2023-01-03 06:26:50.974000,-0.2489369809627533,1.9078012704849243
2023-01-03 06:27:51.012000,-0.5985850691795349,1.875656247138977
2023-01-03 06:28:51.040000,-0.27121320366859436,1.8196841478347778
2023-01-03 06:29:50.992000,-0.21383073925971985,1.7978355884552002
2023-01-03 06:30:51.116000,-0.20203083753585815,1.791764259338379
2023-01-03 06:31:50.947000,-0.2613653540611267,1.7672282457351685
2023-01-03 06:32:50.954000,-0.26538050174713135,1.7374056577682495
2023-01-03 06:33:51.050000,-0.23636338114738464,1.7921583652496338
2023-01-03 06:34:51.015000,-0.3971407115459442,1.7451316118240356
2023-01-03 06:35:50.893000,-0.6957125067710876,1.6875174045562744
2023-01-03 06:36:50.975000,-0.3327380120754242,1.7603405714035034
2023-01-03 06:37:51.049000,-0.21863798797130585,1.7486355304718018
2023-01-03 06:38:51.011000,-0.19738823175430298,1.7059526443481445
2023-01-03 06:39:50.936000,-0.21114663779735565,1.6555657386779785
2023-01-03 06:40:51.013000,-0.24131231009960175,1.6692231893539429
2023-01-03 06:41:51.027000,-0.23269805312156677,1.6358500719070435
2023-01-03 06:42:51.090000,-0.24734653532505035,1.666379451751709
2023-01-03 06:43:50.916000,-0.46238580346107483,1.687450647354126
2023-01-03 06:44:50.910000,-0.44157904386520386,1.6719106435775757
2023-01-03 06:45:50.986000,-0.13787305355072021,1.638269066810608
2023-01-03 06:46:50.979000,-0.353446900844574,1.6387989521026611
2023-01-03 06:47:51.261000,-0.312955766916275,1.6372095346450806
2023-01-03 06:48:51.006000,-0.12761326134204865,1.6057219505310059
2023-01-03 06:49:50.985000,-0.11693128198385239,1.5807424783706665
2023-01-03 06:50:50.884000,-0.11430753022432327,1.5793155431747437
2023-01-03 06:51:50.990000,-0.1893293559551239,1.5905933380126953
2023-01-03 06:52:50.996000,-0.49049603939056396,1.5897400379180908
2023-01-03 06:53:50.974000,-0.1065254807472229,1.5731343030929565
2023-01-03 06:54:50.953000,-0.11951936781406403,1.567918062210083
2023-01-03 06:55:50.993000,-0.20245416462421417,1.515213966369629
2023-01-03 06:56:50.997000,-0.20938511192798615,1.391544222831726
2023-01-03 06:57:51.057000,-0.19669581949710846,1.50325345993042
2023-01-03 06:58:51.187000,-0.3430282473564148,1.4888721704483032
2023-01-03 06:59:51.012000,-0.5076834559440613,1.5068144798278809
2023-01-03 07:00:50.977000,-0.6555227637290955,1.4931848049163818
2023-01-03 07:01:51.001000,-0.24674516916275024,1.5175107717514038
2023-01-03 07:02:50.993000,-0.2835080921649933,1.4529566764831543
2023-01-03 07:03:50.950000,-0.27389323711395264,1.3659487962722778
2023-01-03 07:04:51.042000,-0.21464616060256958,1.4070565700531006
2023-01-03 07:05:50.935000,-0.21255630254745483,1.4000961780548096
2023-01-03 07:06:50.867000,-0.2362753003835678,1.358005166053772
2023-01-03 07:07:50.993000,-0.2308821827173233,1.2011793851852417
2023-01-03 07:08:50.931000,-0.5587392449378967,1.0819330215454102
2023-01-03 07:09:50.954000,-0.3054841160774231,1.2545416355133057
2023-01-03 07:10:51.029000,-0.1997976452112198,0.7256576418876648
2023-01-03 07:11:50.993000,-0.590232253074646,0.2898595929145813
2023-01-03 07:12:50.989000,-0.228451669216156,1.1557217836380005
2023-01-03 07:13:51.017000,-0.14761582016944885,0.5651262402534485
2023-01-03 07:14:50.972000,-0.1833542436361313,0.2891637980937958
2023-01-03 07:15:50.993000,-0.16800594329833984,0.3113221824169159
2023-01-03 07:16:50.877000,-0.39365991950035095,0.6420533657073975
2023-01-03 07:17:50.989000,-0.3424434959888458,1.117850422859192
2023-01-03 07:18:51.006000,-0.1699649691581726,1.16706120967865
2023-01-03 07:19:50.982000,-0.16334731876850128,1.1747827529907227
2023-01-03 07:20:50.932000,-0.15979315340518951,1.1508874893188477
2023-01-03 07:21:50.992000,-0.19014598429203033,1.134081244468689
2023-01-03 07:22:51.022000,-0.1904226541519165,1.09750235080719
2023-01-03 07:23:50.867000,-0.5447503924369812,1.1116936206817627
2023-01-03 07:24:51.112000,-0.37324634194374084,1.0942344665527344
2023-01-03 07:25:50.968000,-0.4068140983581543,1.0712391138076782
2023-01-03 07:26:50.939000,-0.18768410384655,1.0367416143417358
2023-01-03 07:27:50.946000,-0.18530897796154022,1.0400737524032593
2023-01-03 07:28:51.144000,-0.1711878925561905,0.9802467226982117
2023-01-03 07:29:51.285000,-0.11460263282060623,0.8966313600540161
2023-01-03 07:30:51.259000,-0.13705752789974213,0.9142769575119019
2023-01-03 07:31:50.937000,-0.14266705513000488,0.8853830695152283
2023-01-03 07:32:50.839000,-0.2486947774887085,0.8756979703903198
2023-01-03 07:33:50.902000,-0.4740085303783417,0.872469961643219
2023-01-03 07:34:50.831000,-0.19639888405799866,0.8507105708122253
2023-01-03 07:35:50.870000,-0.7754242420196533,0.8510850667953491
2023-01-03 07:36:50.895000,-0.7838281393051147,0.8405671119689941
2023-01-03 07:37:50.859000,-0.7687628269195557,0.8010417819023132
2023-01-03 07:38:50.938000,-0.7988947033882141,0.7711154222488403
2023-01-03 07:39:50.926000,-0.7678890228271484,0.7534518837928772
2023-01-03 07:40:50.918000,-0.8701837658882141,0.7630916237831116
2023-01-03 07:41:50.840000,-1.0018796920776367,0.7695524096488953
2023-01-03 07:42:50.823000,-0.703224241733551,0.7568331956863403
2023-01-03 07:43:50.906000,-0.7216500043869019,0.732309877872467
2023-01-03 07:44:50.957000,-0.85906982421875,0.7092206478118896
2023-01-03 07:45:50.827000,-0.8397191166877747,0.6970248222351074
2023-01-03 07:46:50.961000,-0.8011921644210815,0.6196649074554443
2023-01-03 07:47:50.911000,-0.8183290362358093,0.4925768971443176
2023-01-03 07:48:50.875000,-0.5850475430488586,0.2677251696586609
2023-01-03 07:49:50.880000,-1.0616329908370972,0.21085196733474731
2023-01-03 07:50:50.881000,-0.6492143273353577,0.15411143004894257
2023-01-03 07:51:50.847000,-0.6005424857139587,0.12925995886325836
2023-01-03 07:52:51.086000,-0.685406506061554,0.07371823489665985
2023-01-03 07:53:50.897000,-0.5239939093589783,0.04302767291665077
2023-01-03 07:54:50.841000,-0.839378833770752,0.041474513709545135
2023-01-03 07:55:50.836000,-0.827178955078125,0.04011639952659607
2023-01-03 07:56:50.835000,-0.908502995967865,0.03880102187395096
2023-01-03 07:57:51.186000,-0.6827137470245361,0.03760834410786629
2023-01-03 07:58:50.996000,-0.6666240692138672,0.036223914474248886
2023-01-03 07:59:50.875000,-0.3235359787940979,0.034757982939481735
2023-01-03 08:00:50.921000,-0.6382412314414978,0.03328258544206619
2023-01-03 08:01:50.847000,-0.302756130695343,0.03184933215379715
2023-01-03 08:02:50.911000,-0.7414848208427429,0.030505020171403885
2023-01-03 08:03:50.894000,-0.3037956655025482,0.029024120420217514
2023-01-03 08:04:50.983000,-0.7910537719726562,0.027705907821655273
2023-01-03 08:05:50.899000,-0.6497983932495117,0.026268843561410904
2023-01-03 08:06:50.852000,-0.5819615721702576,0.02495669387280941
2023-01-03 08:07:50.823000,-0.42218610644340515,0.02357463166117668
2023-01-03 08:08:50.906000,-0.4586680829524994,0.022232064977288246
2023-01-03 08:09:50.805000,-0.6116095781326294,0.020753441378474236
2023-01-03 08:10:50.859000,-0.3351890742778778,0.01918359100818634
2023-01-03 08:11:50.835000,-0.7726384401321411,0.017834795638918877
2023-01-03 08:12:51.115000,-0.4012277126312256,0.0165402814745903
2023-01-03 08:13:51.138000,-0.8628953099250793,0.014982277527451515
2023-01-03 08:14:50.910000,-0.60401451587677,0.013572891242802143
2023-01-03 08:15:50.919000,-0.34630444645881653,0.012223312631249428
2023-01-03 08:16:50.934000,-0.6640983819961548,0.01072966679930687
2023-01-03 08:17:50.861000,-0.36835023760795593,0.00914900004863739
2023-01-03 08:18:50.815000,-0.3102210462093353,0.007937000133097172
2023-01-03 08:19:50.873000,-0.578283965587616,0.006414319854229689
2023-01-03 08:20:50.979000,-0.2782459557056427,0.005077434703707695
2023-01-03 08:21:50.827000,-0.6244299411773682,0.0035561819095164537
2023-01-03 08:22:50.898000,-0.5610567331314087,0.0018058421555906534
2023-01-03 08:23:50.848000,-0.2867603302001953,-0.00021058694983366877
2023-01-03 08:24:50.938000,-0.24008524417877197,-0.0026291999965906143
2023-01-03 08:25:50.868000,-0.5705730319023132,-0.0019484871299937367
2023-01-03 08:26:50.829000,-0.25898095965385437,-0.001280860509723425
2023-01-03 08:27:50.791000,-0.2843073606491089,-0.0013028683606535196
2023-01-03 08:28:50.869000,-0.6054427623748779,-0.0012410000199452043
2023-01-03 08:29:50.762000,-0.6447352766990662,-0.0012177618918940425
2023-01-03 08:30:50.768000,-0.3120148777961731,-0.001324533368460834
2023-01-03 08:31:50.876000,-0.5827365517616272,-0.0013024614891037345
2023-01-03 08:32:50.886000,-0.29317212104797363,-0.0012547567021101713
2023-01-03 08:33:51.139000,-0.28380125761032104,-0.0012701537925750017
2023-01-03 08:34:50.823000,-0.45200517773628235,-0.001302523771300912
2023-01-03 08:35:50.784000,-0.3378154933452606,-0.0013111666776239872
2023-01-03 08:36:50.857000,-0.3104340434074402,-0.0013176599750295281
2023-01-03 08:37:50.819000,-0.5774961709976196,-0.0013701212592422962
2023-01-03 08:38:50.873000,-0.5498558878898621,-0.0012787297600880265
2023-01-03 08:39:50.952000,-0.22092226147651672,-0.0012200322235003114
2023-01-03 08:40:50.857000,-0.24381068348884583,-0.0013327954802662134
2023-01-03 08:41:50.838000,-0.504548966884613,-0.0012907381169497967
2023-01-03 08:42:50.883000,-0.525714635848999,-0.0013287222245708108
2023-01-03 08:43:50.779000,-0.37579014897346497,-0.0013198205269873142
2023-01-03 08:44:50.894000,-0.5248622298240662,-0.0013444285141304135
2023-01-03 08:45:50.845000,-0.9508694410324097,-0.0014115652302280068
2023-01-03 08:46:50.840000,-0.4856368899345398,-0.001306000049225986
2023-01-03 08:47:50.830000,-0.40453681349754333,-0.001275822171010077
2023-01-03 08:48:50.861000,-0.4357607066631317,-0.001353574451059103
2023-01-03 08:49:50.799000,-0.8083721995353699,-0.001317568589001894
2023-01-03 08:50:51.039000,-0.49300286173820496,-0.0013218221720308065
2023-01-03 08:51:50.752000,-0.4917469322681427,-0.0013063913211226463
2023-01-03 08:52:50.818000,-0.6233764886856079,-0.0013358723372220993
2023-01-03 08:53:50.854000,-1.0767996311187744,-0.0013332926901057363
2023-01-03 08:54:50.868000,-0.4713970124721527,-0.0013556216144934297
2023-01-03 08:55:50.779000,-0.4861963391304016,-0.001315206871367991
2023-01-03 08:56:50.807000,-0.4001580774784088,-0.0013636976946145296
2023-01-03 08:57:50.829000,-0.6651586890220642,-0.001331962295807898
2023-01-03 08:58:50.804000,-0.4808880686759949,-0.0013665000442415476
2023-01-03 08:59:50.850000,-0.487091988325119,-0.0013377954019233584
2023-01-03 09:00:50.720000,-0.5257312059402466,-0.0013908297987654805
2023-01-03 09:01:50.923000,-1.1943554878234863,-0.0013368292711675167
2023-01-03 09:02:50.800000,-0.5054321885108948,-0.0012633947189897299
2023-01-03 09:03:50.818000,-0.4709324240684509,-0.0013168666046112776
2023-01-03 09:04:50.804000,-0.3951541483402252,-0.0013169047888368368
2023-01-03 09:05:50.740000,-0.6803038716316223,-0.0013360425364226103
2023-01-03 09:06:50.767000,-0.39916321635246277,-0.0013518936466425657
2023-01-03 09:07:50.825000,-0.39612480998039246,-0.0013131749583408237
2023-01-03 09:08:50.822000,-0.42039424180984497,-0.0013551086885854602
2023-01-03 09:09:50.740000,-0.8915902972221375,-0.0013931749854236841
2023-01-03 09:10:50.810000,-0.280304878950119,-0.0013112727319821715
2023-01-03 09:11:50.886000,-0.2871547043323517,-0.0013345957268029451
2023-01-03 09:12:50.821000,-0.3755534291267395,-0.0013712894869968295
2023-01-03 09:13:50.825000,-0.519135057926178,-0.001448486465960741
2023-01-03 09:14:50.988000,-0.3090421259403229,-0.0013932888396084309
2023-01-03 09:15:50.840000,-0.3356945216655731,-0.0012679090723395348
2023-01-03 09:16:50.770000,-0.6256881356239319,-0.0014071220066398382
2023-01-03 09:17:50.748000,-0.7183438539505005,-0.0014040475944057107
2023-01-03 09:18:50.744000,-0.3050246834754944,-0.0013776409905403852
2023-01-03 09:19:50.689000,-0.28957900404930115,-0.0013330000219866633
2023-01-03 09:20:50.759000,-0.5872163772583008,-0.001388378324918449
2023-01-03 09:21:51.030000,-0.3303375244140625,-0.0013396666618064046
2023-01-03 09:22:50.819000,-0.32248902320861816,-0.0013568749418482184
2023-01-03 09:23:50.786000,-0.24210378527641296,-0.001349925878457725
2023-01-03 09:24:51.067000,-0.6498240232467651,-0.0013714374508708715
2023-01-03 09:25:50.805000,-0.5628634691238403,-0.0013513214653357863
2023-01-03 09:26:50.786000,-0.3000829517841339,-0.0013556521153077483
2023-01-03 09:27:50.808000,-0.5585445165634155,-0.0013668261235579848
2023-01-03 09:28:50.818000,-0.47130492329597473,-0.0013180810492485762
2023-01-03 09:29:50.979000,-0.35348719358444214,-0.0013519772328436375
2023-01-03 09:30:50.746000,-0.403535932302475,-0.0013855384895578027
2023-01-03 09:31:50.803000,-0.662754237651825,-0.0013655945658683777
2023-01-03 09:32:50.755000,-0.3737415075302124,-0.0013717036927118897
2023-01-03 09:33:50.777000,-0.7195078730583191,-0.001380516099743545
2023-01-03 09:34:50.722000,-0.3121901750564575,-0.0013451875420287251
2023-01-03 09:35:50.743000,-0.5412229299545288,-0.0013993094908073545
2023-01-03 09:36:50.736000,-0.2503625750541687,-0.0012562790652737021
2023-01-03 09:37:50.728000,-0.281009316444397,-0.001385295414365828
2023-01-03 09:38:50.717000,-0.5963446497917175,-0.001380755566060543
2023-01-03 09:39:50.676000,-0.539095401763916,-0.0013241522246971726
2023-01-03 09:40:50.701000,-0.37761133909225464,-0.00132838636636734
2023-01-03 09:41:50.996000,-0.8127484917640686,-0.0013537999475374818
2023-01-03 09:42:50.774000,-0.7054536938667297,-0.00138025579508394
2023-01-03 09:43:50.774000,-0.3635759949684143,-0.0013433877611532807
2023-01-03 09:44:50.672000,-0.4430409371852875,-0.0013946304097771645
2023-01-03 09:45:50.960000,-0.42616772651672363,-0.001378305023536086
2023-01-03 09:46:50.700000,-0.6874997019767761,-0.0013413999695330858
2023-01-03 09:47:50.734000,-0.3795366585254669,-0.0013078448828309774
2023-01-03 09:48:50.922000,-0.4024750888347626,-0.0013478775508701801
2023-01-03 09:49:50.754000,-0.8089697360992432,-0.0013327142223715782
2023-01-03 09:50:50.696000,-0.65975421667099,-0.0012799117248505354
2023-01-03 09:51:50.742000,-0.402133047580719,-0.001363833318464458
2023-01-03 09:52:50.785000,-0.3738709092140198,-0.001342166680842638
2023-01-03 09:53:50.692000,-0.5332746505737305,-0.0013268889160826802
2023-01-03 09:54:50.782000,-0.42012766003608704,-0.0013756200205534697
2023-01-03 09:55:50.782000,-0.273526132106781,-0.0013727174373343587
2023-01-03 09:56:50.715000,-0.30834710597991943,-0.0013470810372382402
2023-01-03 09:57:50.776000,-0.8399257063865662,-0.0013769143261015415
2023-01-03 09:58:50.672000,-0.50975102186203,-0.0013849545503035188
2023-01-03 09:59:50.688000,-0.327562540769577,-0.0013462045462802052
2023-01-03 10:00:50.734000,-0.33674347400665283,-0.001371558173559606
2023-01-03 10:01:50.646000,-0.6106841564178467,-0.0013705769088119268
2023-01-03 10:02:50.783000,-0.33171477913856506,-0.001365108648315072
2023-01-03 10:03:50.656000,-0.31653356552124023,-0.0013645952567458153
2023-01-03 10:04:50.765000,-0.353573203086853,-0.0014073658967390656
2023-01-03 10:05:50.755000,-0.9887668490409851,-0.0013579361839219928
2023-01-03 10:06:50.738000,-0.599115788936615,-0.0013443902134895325
2023-01-03 10:07:50.732000,-0.4442107677459717,-0.0013763499446213245
2023-01-03 10:08:50.726000,-0.43077144026756287,-0.0012599375331774354
2023-01-03 10:09:50.709000,-0.7184849977493286,-0.0013667949242517352
2023-01-03 10:10:50.718000,-0.3959014415740967,-0.0013830000534653664
2023-01-03 10:11:50.671000,-0.4448293447494507,-0.001373999984934926
2023-01-03 10:12:50.715000,-0.3910398781299591,-0.0013537999475374818
2023-01-03 10:13:50.617000,-0.8147132992744446,-0.0014174871612340212
2023-01-03 10:14:50.699000,-0.5982295870780945,-0.0013575681950896978
2023-01-03 10:15:50.841000,-0.37740033864974976,-0.001276243245229125
2023-01-03 10:16:50.695000,-0.3409983813762665,-0.001354890875518322
2023-01-03 10:17:50.650000,-0.6448423862457275,-0.00137538299895823
2023-01-03 10:18:50.706000,-0.3234354257583618,-0.001355250016786158
2023-01-03 10:19:50.698000,-0.2937653362751007,-0.0013622916303575039
2023-01-03 10:20:50.777000,-0.33398476243019104,-0.0013806956121698022
2023-01-03 10:21:50.721000,-0.4989568293094635,-0.0013538048369809985
2023-01-03 10:22:50.675000,-0.5970796346664429,-0.0013781666057184339
2023-01-03 10:23:50.851000,-0.26196882128715515,-0.0012499444419518113
2023-01-03 10:24:50.667000,-0.5346131324768066,-0.0014071764890104532
2023-01-03 10:25:50.764000,-0.2681574821472168,-0.0014421219239011407
2023-01-03 10:26:50.697000,-0.26778706908226013,-0.001350533333607018
2023-01-03 10:27:50.612000,-0.19335216283798218,-0.0013243415160104632
2023-01-03 10:28:50.759000,-0.5346624255180359,-0.0013441891642287374
2023-01-03 10:29:50.718000,-0.2624348998069763,-0.0013653142377734184
2023-01-03 10:30:50.598000,-0.5994365811347961,-0.001351630431599915
2023-01-03 10:31:50.690000,-0.23689420521259308,-0.0013496000319719315
2023-01-03 10:32:50.635000,-0.532869815826416,-0.0013771000085398555
2023-01-03 10:33:50.625000,-0.2109798789024353,-0.0013770000077784061
2023-01-03 10:34:50.730000,-0.2611149847507477,-0.0014035404892638326
2023-01-03 10:35:50.721000,-0.37177127599716187,-0.0013453428400680423
2023-01-03 10:36:50.727000,-0.6517571210861206,-0.0013272564392536879
2023-01-03 10:37:50.724000,-0.38654831051826477,-0.0013416341971606016
2023-01-03 10:38:50.745000,-0.7340611815452576,-0.0013612195616587996
2023-01-03 10:39:50.651000,-0.40599480271339417,-0.0012758000520989299
2023-01-03 10:40:50.703000,-0.3655429184436798,-0.0014208387583494186
2023-01-03 10:41:50.848000,-0.6542198061943054,-0.0012922778259962797
2023-01-03 10:42:50.718000,-0.4157145023345947,-0.0012465500039979815
2023-01-03 10:43:50.843000,-0.49348968267440796,-0.0012566486839205027
2023-01-03 10:44:50.620000,-0.4925004243850708,-0.0013913590228185058
2023-01-03 10:45:50.596000,-0.49435901641845703,-0.0013829778181388974
2023-01-03 10:46:50.673000,-1.0589553117752075,-0.0014362703077495098
2023-01-03 10:47:50.626000,-0.6089915037155151,-0.0013289412017911673
2023-01-03 10:48:50.637000,-0.4652998745441437,-0.0013355000410228968
2023-01-03 10:49:50.789000,-0.4622112214565277,-0.0012658297782763839
2023-01-03 10:50:50.635000,-0.382057785987854,-0.0014056841609999537
2023-01-03 10:51:50.662000,-0.6841716766357422,-0.0014012500178068876
2023-01-03 10:52:50.689000,-0.43525293469429016,-0.0013629744062200189
2023-01-03 10:53:50.610000,-0.4009186923503876,-0.00132706668227911
2023-01-03 10:54:50.641000,-0.5229604840278625,-0.0013546071713790298
2023-01-03 10:55:50.568000,-0.5780099034309387,-0.0013275318779051304
2023-01-03 10:56:50.710000,-0.6639508008956909,-0.0013003095518797636
2023-01-03 10:57:50.693000,-0.35246962308883667,-0.0012963999761268497
2023-01-03 10:58:50.664000,-0.3631657063961029,-0.001265378319658339
2023-01-03 10:59:50.675000,-0.3542877435684204,-0.001396416686475277
2023-01-03 11:00:50.650000,-0.34934622049331665,-0.0012948163785040379
2023-01-03 11:01:50.683000,-0.6593243479728699,-0.0013083333615213633
2023-01-03 11:02:50.648000,-0.4278307259082794,-0.0012590681435540318
2023-01-03 11:03:50.658000,-0.6141622066497803,-0.001053999993018806
2023-01-03 11:04:50.567000,-0.3290734589099884,-0.0012749743182212114
2023-01-03 11:05:50.645000,-0.3267574906349182,-0.001215087017044425
2023-01-03 11:06:50.617000,-0.5858233571052551,-0.0012183061335235834
2023-01-03 11:07:50.577000,-0.4616571366786957,-0.0013984390534460545
2023-01-03 11:08:50.687000,-0.2882704436779022,-0.0013990189181640744
2023-01-03 11:09:50.733000,-0.3266891539096832,-0.001390276593156159
2023-01-03 11:10:50.715000,-0.3547206521034241,-0.0013594893971458077
2023-01-03 11:11:50.587000,-0.8838032484054565,-0.0013367499923333526
2023-01-03 11:12:50.651000,-0.4281643331050873,-0.0012244865065440536
2023-01-03 11:13:50.687000,-0.30407992005348206,-0.0014238947769626975
2023-01-03 11:14:50.570000,-0.2798652648925781,-0.0013677208917215466
2023-01-03 11:15:50.895000,-0.2950386106967926,-0.001355653046630323
2023-01-03 11:16:50.672000,-0.5381909608840942,-0.0011704883072525263
2023-01-03 11:17:50.621000,-0.20552963018417358,-0.0013500833883881569
2023-01-03 11:18:50.604000,-0.24541303515434265,-0.0012963333865627646
2023-01-03 11:19:51.674000,-0.6425648331642151,-0.0011816956102848053
2023-01-03 11:20:50.631000,-0.5424188375473022,-0.00120086211245507
2023-01-03 11:21:50.587000,-0.35690322518348694,-0.001339348847977817
2023-01-03 11:22:50.606000,-0.3041343688964844,-0.0012875122483819723
2023-01-03 11:23:50.736000,-0.30613887310028076,-0.0014413829194381833
2023-01-03 11:24:50.706000,-0.5267114043235779,-0.001321227289736271
2023-01-03 11:25:50.642000,-0.43383973836898804,-0.0012814999790862203
2023-01-03 11:26:50.561000,-0.3341926038265228,-0.001253210473805666
2023-01-03 11:27:50.613000,-0.7254565954208374,-0.001280109048821032
2023-01-03 11:28:50.621000,-0.552535355091095,-0.001336333341896534
2023-01-03 11:29:50.671000,-0.3469087779521942,-0.0013947857078164816
2023-01-03 11:30:50.518000,-0.2911105751991272,-0.0013436764711514115
2023-01-03 11:31:50.620000,-0.346809059381485,-0.001370369573123753
2023-01-03 11:32:50.586000,-0.7082568407058716,-0.0012008182238787413
2023-01-03 11:33:50.559000,-0.3928850591182709,-0.0013264400186017156
2023-01-03 11:34:50.549000,-0.36263179779052734,-0.0012440570862963796
2023-01-03 11:35:50.648000,-0.7263326048851013,-0.0013008048990741372
2023-01-03 11:36:50.665000,-0.6881456971168518,-0.0013672453351318836
2023-01-03 11:37:50.623000,-0.38170355558395386,-0.0012478199787437916
2023-01-03 11:38:50.593000,-0.3932172358036041,-0.0012349705211818218
2023-01-03 11:39:50.651000,-0.4917038679122925,-0.0012761778198182583
2023-01-03 11:40:50.526000,-0.6082691550254822,-0.001370395882986486
2023-01-03 11:41:50.655000,-0.3843907117843628,-0.0012564390199258924
2023-01-03 11:42:50.569000,-0.4425242245197296,-0.0016822631005197763
2023-01-03 11:43:50.503000,-0.8465180993080139,-0.0014248235384002328
2023-01-03 11:44:50.638000,-0.6076974868774414,-0.0013072981964796782
2023-01-03 11:45:50.644000,-0.3978506624698639,-0.0013183749979361892
2023-01-03 11:46:50.687000,-0.30712541937828064,-0.0014161249855533242
2023-01-03 11:47:50.640000,-0.4404257535934448,-0.0013179666129872203
2023-01-03 11:48:50.633000,-0.454710453748703,-0.0012609231052920222
2023-01-03 11:49:50.801000,-0.32413744926452637,-0.0013711489737033844
2023-01-03 11:50:50.597000,-0.3432461619377136,-0.0012589666293933988
2023-01-03 11:51:50.546000,-0.7813534140586853,-0.0013335848925635219
2023-01-03 11:52:50.562000,-0.5896878242492676,-0.0013229999458417296
2023-01-03 11:53:50.588000,-0.3513925075531006,-0.0013667221646755934
2023-01-03 11:54:50.592000,-0.3353334069252014,-0.0013739272253587842
2023-01-03 11:55:50.506000,-0.5360901355743408,-0.0013451281702145934
2023-01-03 11:56:50.610000,-0.4053671360015869,-0.0013513125013560057
2023-01-03 11:57:50.587000,-0.31470975279808044,-0.001326864818111062
2023-01-03 11:58:50.574000,-0.3695583641529083,-0.001425085705704987
2023-01-03 11:59:50.554000,-0.8735325932502747,-0.0015486904885619879
2023-01-03 12:00:50.591000,-0.601652979850769,-0.0013614629860967398
2023-01-03 12:01:50.550000,-0.38528043031692505,-0.0013293499359861016
2023-01-03 12:02:50.495000,-0.32373520731925964,-0.0015252444427460432
2023-01-03 12:03:50.867000,-0.5921090245246887,-0.0013437673915177584
2023-01-03 12:04:50.526000,-0.2806476056575775,-0.0014419268118217587
2023-01-03 12:05:50.585000,-0.341107577085495,-0.0013986388221383095
2023-01-03 12:06:50.551000,-0.2827110290527344,-0.001357940025627613
2023-01-03 12:07:50.491000,-0.5520683526992798,-0.001299716648645699
2023-01-03 12:08:50.600000,-0.6061156988143921,-0.0013464856892824173
2023-01-03 12:09:50.542000,-0.20882736146450043,-0.0013131904415786266
2023-01-03 12:10:50.631000,-0.3755032420158386,-0.001406541676260531
2023-01-03 12:11:50.522000,-0.36929479241371155,-0.0014444185653701425
2023-01-03 12:12:50.576000,-0.16323170065879822,-0.0013469000114127994
2023-01-03 12:13:50.549000,-0.1769595444202423,-0.0013329803477972746
2023-01-03 12:14:50.576000,-0.4831336736679077,-0.0013336666161194444
2023-01-03 12:15:50.582000,-0.11994686722755432,-0.0013729024212807417
2023-01-03 12:16:50.601000,-0.4897290766239166,-0.001384771429002285
2023-01-03 12:17:50.616000,-0.2818990647792816,-0.0014163333689793944
2023-01-03 12:18:50.565000,-0.3184846043586731,-0.0014019511872902513
2023-01-03 12:19:50.529000,-0.13688412308692932,-0.0014201455051079392
2023-01-03 12:20:50.827000,-0.13749779760837555,-0.001467076945118606
2023-01-03 12:21:50.591000,-0.43400487303733826,-0.001346639939583838
2023-01-03 12:22:50.503000,-0.13592183589935303,-0.001420693821273744
2023-01-03 12:23:50.443000,-0.1343434602022171,-0.0012888571945950389
2023-01-03 12:24:50.532000,-0.4534001052379608,-0.0013551142765209079
2023-01-03 12:25:50.526000,-0.49952706694602966,-0.0013885952066630125
2023-01-03 12:26:50.515000,-0.11825929582118988,-0.0014638095162808895
2023-01-03 12:27:50.552000,-0.15228725969791412,-0.0014581636060029268
2023-01-03 12:28:50.663000,-0.6223061680793762,-0.001301516080275178
2023-01-03 12:29:50.510000,-0.27415668964385986,-0.0013630526373162866
2023-01-03 12:30:50.565000,-0.25944408774375916,-0.001212976174429059
2023-01-03 12:31:50.584000,-0.556229293346405,-0.0013969209976494312
2023-01-03 12:32:50.499000,-0.2981097996234894,-0.0013194633647799492
2023-01-03 12:33:50.484000,-0.6325970888137817,-0.0013927894178777933
2023-01-03 12:34:50.839000,-0.3006719946861267,-0.0014324500225484371
2023-01-03 12:35:50.524000,-0.4985271692276001,-0.001325307646766305
2023-01-03 12:36:50.572000,-0.3203619718551636,-0.001345103490166366
2023-01-03 12:37:50.521000,-0.3697584867477417,-0.001211875001899898
2023-01-03 12:38:50.518000,-0.6578572392463684,-0.0014275870053097606
2023-01-03 12:39:50.477000,-0.3475029170513153,-0.0013173333136364818
2023-01-03 12:40:50.489000,-0.3306408226490021,-0.001410828554071486
2023-01-03 12:41:50.498000,-0.860040545463562,-0.0014736285666003823
2023-01-03 12:42:50.524000,-0.4567887783050537,-0.0013699210248887539
2023-01-03 12:43:50.520000,-0.22765253484249115,-0.0013965555699542165
2023-01-03 12:44:50.513000,-0.20324565470218658,-0.001310538500547409
2023-01-03 12:45:50.477000,-0.5442991852760315,-0.0014595333486795425
2023-01-03 12:46:50.458000,-0.25033697485923767,-0.0013546034460887313
2023-01-03 12:47:50.548000,-0.24419426918029785,-0.0013998484937474132
2023-01-03 12:48:50.506000,-0.5607243776321411,-0.001423361711204052
2023-01-03 12:49:50.577000,-0.46359312534332275,-0.0013894782168790698
2023-01-03 12:50:50.547000,-0.3905387818813324,-0.001425135531462729
2023-01-03 12:51:50.470000,-0.4601006507873535,-0.0013511666329577565
2023-01-03 12:52:50.544000,-0.37480440735816956,-0.0014205749612301588
2023-01-03 12:53:51.404000,-0.25749340653419495,-0.0013559554936364293
2023-01-03 12:54:50.564000,-0.2487725168466568,-0.0013413750566542149
2023-01-03 12:55:50.690000,-0.4881753921508789,-0.0013192885089665651
2023-01-03 12:56:50.511000,-0.20584386587142944,-0.0012796889059245586
2023-01-03 12:57:50.516000,-0.30528342723846436,-0.0013074444141238928
2023-01-03 12:58:50.548000,-0.8279737234115601,-0.0013585238484665751
2023-01-03 12:59:50.479000,-0.21398328244686127,-0.001401513465680182
2023-01-03 13:00:50.450000,-0.24329715967178345,-0.0012941041495651007
2023-01-03 13:01:50.442000,-0.3912411630153656,-0.0013366052880883217
2023-01-03 13:02:51.495000,-0.34605130553245544,-0.001442774198949337
2023-01-03 13:03:50.468000,-0.18636509776115417,-0.0012846363242715597
2023-01-03 13:04:50.413000,-0.20816974341869354,-0.0013291190844029188
2023-01-03 13:05:50.578000,-0.5201385021209717,-0.0014119782717898488
2023-01-03 13:06:50.455000,-0.6006983518600464,-0.0013900232734158635
2023-01-03 13:07:50.541000,-0.1736404150724411,-0.0014198260614648461
2023-01-03 13:08:50.470000,-0.48632627725601196,-0.0013576379278674722
2023-01-03 13:09:50.528000,-0.12138869613409042,-0.0014132036594673991
2023-01-03 13:10:50.496000,-0.07379236817359924,-0.001402078429237008
2023-01-03 13:11:50.403000,-0.2726203203201294,-0.0013711025239899755
2023-01-03 13:12:50.477000,-0.258026659488678,-0.0013360000448301435
2023-01-03 13:13:50.486000,-0.10771108418703079,-0.0014169999631121755
2023-01-03 13:14:50.508000,-0.5082238912582397,-0.001422883360646665
2023-01-03 13:15:50.451000,-0.6358798742294312,-0.0014651470119133592
2023-01-03 13:16:50.517000,-0.18699301779270172,-0.0013859302271157503
2023-01-03 13:17:50.462000,-0.20798693597316742,-0.0014317805180326104
2023-01-03 13:18:50.546000,-0.49555230140686035,-0.0013954000314697623
2023-01-03 13:19:50.557000,-0.18014158308506012,-0.0014091189950704575
2023-01-03 13:20:50.520000,-0.19016346335411072,-0.0013705624733120203
2023-01-03 13:21:50.469000,-0.34598684310913086,-0.001369295408949256
2023-01-03 13:22:50.791000,-0.4808900058269501,-0.0013611025642603636
2023-01-03 13:23:50.383000,-0.4239020347595215,-0.0013816111022606492
2023-01-03 13:24:50.515000,-0.22931402921676636,-0.0013938604388386011
2023-01-03 13:25:50.610000,-0.6136175990104675,-0.0013825121568515897
2023-01-03 13:26:50.418000,-0.28118592500686646,-0.0013658000389114022
2023-01-03 13:27:50.511000,-0.26159965991973877,-0.0014090464683249593
2023-01-03 13:28:50.496000,-0.5554103255271912,-0.0014214146649464965
2023-01-03 13:29:50.503000,-0.333562970161438,-0.0013895471347495914
2023-01-03 13:30:50.466000,-0.28080910444259644,-0.0013671499909833074
2023-01-03 13:31:51.010000,-0.7664555311203003,-0.0013795499689877033
2023-01-03 13:32:50.464000,-0.5005444884300232,-0.001341947354376316
2023-01-03 13:33:50.401000,-0.25048601627349854,-0.0013512272853404284
2023-01-03 13:34:50.451000,-0.28879067301750183,-0.0013849999522790313
2023-01-03 13:35:50.525000,-0.581513524055481,-0.0014082954730838537
2023-01-03 13:36:50.408000,-0.25066953897476196,-0.0014285366050899029
2023-01-03 13:37:50.353000,-0.2986224591732025,-0.0014128974871709943
2023-01-03 13:38:50.369000,-0.544631838798523,-0.0013752790400758386
2023-01-03 13:39:50.369000,-0.6417985558509827,-0.0013668888714164495
2023-01-03 13:40:50.432000,-0.25974324345588684,-0.0013342557940632105
2023-01-03 13:41:50.529000,-0.2568591237068176,-0.0014090270269662142
2023-01-03 13:42:50.482000,-0.4868980348110199,-0.001391387777402997
2023-01-03 13:43:50.400000,-0.24002964794635773,-0.0013921052450314164
2023-01-03 13:44:50.356000,-0.24375280737876892,-0.001398305525071919
2023-01-03 13:45:50.766000,-0.5413370728492737,-0.0013919000048190355
2023-01-03 13:46:50.449000,-0.27210715413093567,-0.0014057630905881524
2023-01-03 13:47:50.388000,-0.4269408583641052,-0.0014003333635628223
2023-01-03 13:48:50.445000,-0.5907659530639648,-0.0014017948415130377
2023-01-03 13:49:50.405000,-0.4015139937400818,-0.0013965227408334613
2023-01-03 13:50:50.346000,-0.22578582167625427,-0.0013643635902553797
2023-01-03 13:51:50.341000,-0.2168612778186798,-0.0013774444814771414
2023-01-03 13:52:50.409000,-0.6070662140846252,-0.0013947435654699802
2023-01-03 13:53:50.462000,-0.27772387862205505,-0.0014263276243582368
2023-01-03 13:54:50.414000,-0.2669699788093567,-0.0014458888908848166
2023-01-03 13:55:50.433000,-0.5573968887329102,-0.0013760587899014354
2023-01-03 13:56:50.663000,-0.6887082457542419,-0.0014299999456852674
2023-01-03 13:57:50.390000,-0.25309330224990845,-0.0013970666332170367
2023-01-03 13:58:50.459000,-0.3711422085762024,-0.0013441714690998197
2023-01-03 13:59:50.353000,-0.45513203740119934,-0.0013780754525214434
2023-01-03 14:00:50.466000,-0.20813241600990295,-0.0013466667151078582
2023-01-03 14:01:50.417000,-0.2423715740442276,-0.0013692353386431932
2023-01-03 14:02:50.517000,-0.493539959192276,-0.0013907838147133589
2023-01-03 14:03:50.375000,-0.1710156500339508,-0.0013717619003728032
2023-01-03 14:04:50.809000,-0.5464017391204834,-0.0013824102934449911
2023-01-03 14:05:50.401000,-0.48609697818756104,-0.0013747954508289695
2023-01-03 14:06:50.428000,-0.20694515109062195,-0.0014265216886997223
2023-01-03 14:07:50.418000,-0.13539977371692657,-0.001312866690568626
2023-01-03 14:08:50.441000,-0.17278404533863068,-0.001403594622388482
2023-01-03 14:09:50.449000,-0.41261276602745056,-0.0013857560697942972
2023-01-03 14:10:50.426000,-0.14663666486740112,-0.0013804390328004956
2023-01-03 14:11:50.339000,-0.11013666540384293,-0.0013802244793623686
2023-01-03 14:12:50.381000,-0.684492826461792,-0.0013933000154793262
2023-01-03 14:13:50.307000,-0.2955852150917053,-0.001393961487337947
2023-01-03 14:14:50.315000,-0.11539275199174881,-0.0014100250555202365
2023-01-03 14:15:50.402000,-0.35809004306793213,-0.0013529782881960273
2023-01-03 14:16:50.311000,-0.2227800041437149,-0.0013771667145192623
2023-01-03 14:17:50.352000,-0.11173614859580994,-0.0014184642350301147
2023-01-03 14:18:50.399000,-0.18001386523246765,-0.0013487037504091859
2023-01-03 14:19:50.382000,-0.4167785942554474,-0.0013960000360384583
2023-01-03 14:20:50.375000,-0.22136197984218597,-0.001330133294686675
2023-01-03 14:21:50.391000,-0.5921800136566162,-0.0014757142635062337
2023-01-03 14:22:50.335000,-0.5690991878509521,-0.0013792432146146894
2023-01-03 14:23:50.364000,-0.30015361309051514,-0.0014116511447355151
2023-01-03 14:24:50.289000,-0.279805988073349,-0.0014392380835488439
2023-01-03 14:25:50.358000,-0.40144670009613037,-0.0013968627899885178
2023-01-03 14:26:50.284000,-0.4109201431274414,-0.0013750930083915591
2023-01-03 14:27:50.355000,-0.2560780644416809,-0.0013357726857066154
2023-01-03 14:28:50.285000,-0.19732481241226196,-0.001394795486703515
2023-01-03 14:29:50.640000,-1.0086208581924438,-0.0013500000350177288
2023-01-03 14:30:50.353000,-0.33560502529144287,-0.001461499952711165
2023-01-03 14:31:50.323000,-0.3298438489437103,-0.0014031470054760575
2023-01-03 14:32:50.498000,-0.5903809666633606,-0.00140851060859859
2023-01-03 14:33:50.272000,-0.44771015644073486,-0.0013874249998480082
2023-01-03 14:34:50.352000,-0.33900585770606995,-0.001397488871589303
2023-01-03 14:35:50.377000,-0.30638277530670166,-0.001430265256203711
2023-01-03 14:36:50.402000,-0.5624744892120361,-0.0014259599847719073
2023-01-03 14:37:50.383000,-0.5805819034576416,-0.001374733285047114
2023-01-03 14:38:50.350000,-0.2520205080509186,-0.001595619018189609
2023-01-03 14:39:50.301000,-0.4362773299217224,-0.0014131333446130157
2023-01-03 14:40:50.270000,-0.3343450427055359,-0.0013773469254374504
2023-01-03 14:41:50.407000,-0.25064364075660706,-0.0013960417127236724
2023-01-03 14:42:50.360000,-0.2466423362493515,-0.0015138484304770827
2023-01-03 14:43:50.328000,-0.5582243204116821,-0.0014824444660916924
2023-01-03 14:44:50.376000,-0.24892698228359222,-0.0014152444200590253
2023-01-03 14:45:50.319000,-0.626943826675415,-0.0013472380815073848
2023-01-03 14:46:50.327000,-0.4508960247039795,-0.001468638889491558
2023-01-03 14:47:50.503000,-0.371343731880188,-0.0014290681574493647
2023-01-03 14:48:50.268000,-0.2215391844511032,-0.0013859582832083106
2023-01-03 14:49:50.264000,-0.2143336981534958,-0.001491333357989788
2023-01-03 14:50:50.384000,-0.519310474395752,-0.0014846904668956995
2023-01-03 14:51:50.294000,-0.19299456477165222,-0.0013868908863514662
2023-01-03 14:52:50.359000,-0.21817457675933838,-0.0013626170111820102
2023-01-03 14:53:50.357000,-0.6572684645652771,-0.0013361555757001042
2023-01-03 14:54:50.342000,-0.45983174443244934,-0.0014719038736075163
2023-01-03 14:55:50.287000,-0.22527413070201874,-0.0014882291434332728
2023-01-03 14:56:50.301000,-0.2402392476797104,-0.0013643695274367929
2023-01-03 14:57:50.294000,-0.2838081121444702,-0.0014137953985482454
2023-01-03 14:58:50.251000,-0.42672520875930786,-0.0013424762291833758
2023-01-03 14:59:50.344000,-0.23202760517597198,-0.0014054877683520317
2023-01-03 15:00:50.294000,-0.2019670009613037,-0.0013845853973180056
2023-01-03 15:01:50.341000,-0.6013925671577454,-0.0013802368193864822
2023-01-03 15:02:50.303000,-0.4588112533092499,-0.0014308510581031442
2023-01-03 15:03:50.450000,-0.11987759917974472,-0.0014568333281204104
2023-01-03 15:04:50.254000,-0.11953204870223999,-0.0014070000033825636
2023-01-03 15:05:50.328000,-0.138994038105011,-0.0014242291217669845
2023-01-03 15:06:50.364000,-0.4286821186542511,-0.0014249791856855154
2023-01-03 15:07:50.312000,-0.19365569949150085,-0.0014139091363176703
2023-01-03 15:08:50.297000,-0.2195260375738144,-0.0014333142898976803
2023-01-03 15:09:50.247000,-0.6089991331100464,-0.0013187550939619541
2023-01-03 15:10:50.281000,-0.5188150405883789,-0.0014208332868292928
2023-01-03 15:11:50.209000,-0.21356789767742157,-0.0014168035704642534
2023-01-03 15:12:50.247000,-0.18854005634784698,-0.001401913003064692
2023-01-03 15:13:50.402000,-0.19251896440982819,-0.0014225384220480919
2023-01-03 15:14:50.271000,-0.2987324297428131,-0.001432636403478682
2023-01-03 15:15:50.310000,-0.3068905174732208,-0.0014896666398271918
2023-01-03 15:16:50.342000,-0.19148023426532745,-0.0014349332777783275
2023-01-03 15:17:50.247000,-0.5123950242996216,-0.0013667391613125801
2023-01-03 15:18:50.319000,-0.2599823772907257,-0.0014603043673560023
2023-01-03 15:19:50.224000,-0.5859164595603943,-0.0014421904925256968
2023-01-03 15:20:50.226000,-0.23845824599266052,-0.0013934237649664283
2023-01-03 15:21:50.331000,-0.22263166308403015,-0.00155234697740525
2023-01-03 15:22:50.358000,-0.24288508296012878,-0.0013924047816544771
2023-01-03 15:23:50.263000,-0.4522068202495575,-0.0014663171023130417
2023-01-03 15:24:50.441000,-0.4582363963127136,-0.001422878005541861
2023-01-03 15:25:50.207000,-0.5493156313896179,-0.0014259230811148882
2023-01-03 15:26:50.301000,-0.2642826437950134,-0.001385499956086278
2023-01-03 15:27:50.212000,-0.4377351403236389,-0.001583815785124898
2023-01-03 15:28:50.239000,-0.38869017362594604,-0.0013292059302330017
2023-01-03 15:29:50.444000,-0.2769887149333954,-0.001451078918762505
2023-01-03 15:30:50.217000,-0.2669556438922882,-0.0014299999456852674
2023-01-03 15:31:50.314000,-0.47949057817459106,-0.0014594864333048463
2023-01-03 15:32:50.347000,-0.5247253775596619,-0.0014398928033187985
2023-01-03 15:33:50.411000,-0.4178033769130707,-0.0014374761376529932
2023-01-03 15:34:50.298000,-0.2575168013572693,-0.0014315750449895859
2023-01-03 15:35:50.204000,-0.5297764539718628,-0.0014847713755443692
2023-01-03 15:36:50.302000,-0.22672080993652344,-0.0014811555156484246
2023-01-03 15:37:50.203000,-0.24116626381874084,-0.0013996585039421916
2023-01-03 15:38:50.313000,-0.22418290376663208,-0.0015276551712304354
2023-01-03 15:39:50.235000,-0.5366113185882568,-0.0014125000452622771
2023-01-03 15:40:50.176000,-0.5414663553237915,-0.0013861538609489799
2023-01-03 15:41:50.180000,-0.3188591003417969,-0.0014019743539392948
2023-01-03 15:42:50.266000,-0.30743837356567383,-0.0013458285247907043
2023-01-03 15:43:50.303000,-0.45436930656433105,-0.0014489166205748916
2023-01-03 15:44:50.314000,-0.21584036946296692,-0.001495026284828782
2023-01-03 15:45:50.160000,-0.29705291986465454,-0.0014501707628369331
2023-01-03 15:46:50.285000,-0.5126627683639526,-0.0013305400498211384
2023-01-03 15:47:50.211000,-0.37496936321258545,-0.0013872608542442322
2023-01-03 15:48:50.305000,-0.6428528428077698,-0.00148643902502954
2023-01-03 15:49:50.251000,-0.30636733770370483,-0.0014924037968739867
2023-01-03 15:50:50.157000,-0.5432220697402954,-0.001288619008846581
2023-01-03 15:51:50.270000,-0.26399222016334534,-0.0013223725836724043
2023-01-03 15:52:50.255000,-0.25823819637298584,-0.0013684905134141445
2023-01-03 15:53:50.255000,-0.21285906434059143,-0.0014118723338469863
2023-01-03 15:54:50.278000,-0.539746880531311,-0.0014618627028539777
2023-01-03 15:55:50.181000,-0.17704801261425018,-0.001452837255783379
2023-01-03 15:56:50.223000,-0.5469461679458618,-0.0015036045806482434
2023-01-03 15:57:50.252000,-0.33847329020500183,-0.0015405999729409814
2023-01-03 15:58:50.348000,-0.33454611897468567,-0.0014151892391964793
2023-01-03 15:59:50.172000,-0.09725886583328247,-0.0014901874819770455
2023-01-03 16:00:50.275000,-0.14189565181732178,-0.0014251499669626355
2023-01-03 16:01:50.222000,-0.37130218744277954,-0.0015030476497486234
2023-01-03 16:02:50.255000,-0.19844655692577362,-0.0013989130966365337
2023-01-03 16:03:50.262000,-0.21523353457450867,-0.001530489418655634
2023-01-03 16:04:50.257000,-0.43464162945747375,-0.00143923528958112
2023-01-03 16:05:50.164000,-0.45062339305877686,-0.0013905609957873821
2023-01-03 16:06:50.321000,-0.14603470265865326,-0.001487612258642912
2023-01-03 16:07:50.239000,-0.12206029891967773,-0.001408561016432941
2023-01-03 16:08:50.250000,-0.15274851024150848,-0.0013861999614164233
2023-01-03 16:09:50.379000,-0.4709654748439789,-0.0014639697037637234
2023-01-03 16:10:50.236000,-0.1407342106103897,-0.0013312051305547357
2023-01-03 16:11:50.241000,-0.2725253403186798,-0.0013839772436767817
2023-01-03 16:12:50.132000,-0.6150651574134827,-0.0014372766017913818
2023-01-03 16:13:50.203000,-0.21048685908317566,-0.0014004259137436748
2023-01-03 16:14:50.214000,-0.2771334946155548,-0.0013963846722617745
2023-01-03 16:15:50.242000,-0.2849784791469574,-0.0013786189956590533
2023-01-03 16:16:50.247000,-0.5528427958488464,-0.0014389773132279515
2023-01-03 16:17:50.186000,-0.268943190574646,-0.0014167390763759613
2023-01-03 16:18:50.120000,-0.2985697090625763,-0.001462999964132905
2023-01-03 16:19:50.135000,-0.5842361450195312,-0.00143333338201046
2023-01-03 16:20:50.172000,-0.6373482346534729,-0.0014674717094749212
2023-01-03 16:21:50.241000,-0.29554039239883423,-0.001454128185287118
2023-01-03 16:22:50.167000,-0.2545222043991089,-0.0014248333172872663
2023-01-03 16:23:50.226000,-0.6742891669273376,-0.001497749937698245
2023-01-03 16:24:50.112000,-0.39262330532073975,-0.0014373749727383256
2023-01-03 16:25:50.132000,-0.3660382032394409,-0.0014492926420643926
2023-01-03 16:26:50.255000,-0.377631276845932,-0.0014273750130087137
2023-01-03 16:27:50.194000,-1.021333932876587,-0.0014530000044032931
2023-01-03 16:28:50.221000,-0.3349371552467346,-0.001430526259355247
2023-01-03 16:29:50.203000,-0.300077885389328,-0.0014282444026321173
2023-01-03 16:30:50.116000,-0.5254446268081665,-0.0014213696122169495
2023-01-03 16:31:50.206000,-0.2827989459037781,-0.001548204105347395
2023-01-03 16:32:50.222000,-0.2697671353816986,-0.001471366616897285
2023-01-03 16:33:50.101000,-0.24066922068595886,-0.0015019443817436695
2023-01-03 16:34:50.140000,-0.509828507900238,-0.0016554081812500954
2023-01-03 16:35:50.146000,-0.6175750494003296,-0.001428761868737638
2023-01-03 16:36:50.104000,-0.1727384775876999,-0.0013881041668355465
2023-01-03 16:37:50.376000,-0.4205470383167267,-0.0015531316166743636
2023-01-03 16:38:50.165000,-0.2998506426811218,-0.0013661052798852324
2023-01-03 16:39:50.193000,-0.19102124869823456,-0.0014670416712760925
2023-01-03 16:40:50.236000,-0.18897657096385956,-0.0014534894144162536
2023-01-03 16:41:50.229000,-0.51891028881073,-0.0012884772149845958
2023-01-03 16:42:50.170000,-0.2859044373035431,-0.0014737499877810478
2023-01-03 16:43:50.175000,-0.45746153593063354,-0.0014812549343332648
2023-01-03 16:44:50.190000,-0.35782235860824585,-0.0014669230440631509
2023-01-03 16:45:50.088000,-0.3165728747844696,-0.001465916633605957
2023-01-03 16:46:50.159000,-0.250002920627594,-0.0014422954991459846
2023-01-03 16:47:50.213000,-0.2220819592475891,-0.0013790740631520748
2023-01-03 16:48:50.146000,-0.5060436725616455,-0.0015113448025658727
2023-01-03 16:49:50.154000,-0.22302477061748505,-0.0015957843279466033
2023-01-03 16:50:50.147000,-0.37489891052246094,-0.0014505918370559812
2023-01-03 16:51:50.226000,-0.5900662541389465,-0.001490181777626276
2023-01-03 16:52:50.183000,-0.33865341544151306,-0.0014745000516995788
2023-01-03 16:53:50.210000,-0.22398270666599274,-0.0015742889372631907
2023-01-03 16:54:50.162000,-0.20445935428142548,-0.0013890217524021864
2023-01-03 16:55:50.179000,-0.5056757926940918,-0.0014534390065819025
2023-01-03 16:56:50.088000,-0.14045724272727966,-0.0014492826303467155
2023-01-03 16:57:50.084000,-0.11170840263366699,-0.0014537755632773042
2023-01-03 16:58:50.096000,-0.6128259301185608,-0.0014573094667866826
2023-01-03 16:59:50.138000,-0.38419869542121887,-0.0014305999502539635
2023-01-03 17:00:50.149000,-0.10797731578350067,-0.0014818297931924462
2023-01-03 17:01:50.119000,-0.25252285599708557,-0.0014318973990157247
2023-01-03 17:02:50.163000,-0.5358059406280518,-0.0014843902317807078
2023-01-03 17:03:50.085000,-0.21354307234287262,-0.0013489474076777697
2023-01-03 17:04:50.178000,-0.22887912392616272,-0.001410459983162582
2023-01-03 17:05:50.127000,-0.39102479815483093,-0.0014724633656442165
2023-01-03 17:06:50.071000,-0.7354389429092407,-0.0013935110764577985
2023-01-03 17:07:50.150000,-0.21587610244750977,-0.0014917353400960565
2023-01-03 17:08:50.346000,-0.15115968883037567,-0.0014813999878242612
2023-01-03 17:09:50.144000,-0.43316352367401123,-0.0014359545893967152
2023-01-03 17:10:50.135000,-0.23480194807052612,-0.0014516976661980152
2023-01-03 17:11:50.042000,-0.279178261756897,-0.0014665405033156276
2023-01-03 17:12:50.126000,-0.4041871130466461,-0.0013871707487851381
2023-01-03 17:13:50.037000,-0.4338736832141876,-0.0014507368905469775
2023-01-03 17:14:50.098000,-0.6774026155471802,-0.0014889772282913327
2023-01-03 17:15:50.117000,-0.24380743503570557,-0.0015429473714902997
2023-01-03 17:16:50.134000,-0.5710412859916687,-0.0015009137568995357
2023-01-03 17:17:50.050000,-0.23137371242046356,-0.0015203829389065504
2023-01-03 17:18:50.067000,-0.27105697989463806,-0.0014616530388593674
2023-01-03 17:19:50.214000,-0.4983830451965332,-0.0014445714186877012
2023-01-03 17:20:50.036000,-0.3247663080692291,-0.0013710196362808347
2023-01-03 17:21:50.060000,-0.35890522599220276,-0.0012738148216158152
2023-01-03 17:22:50.067000,-0.5865336656570435,-0.001294974354095757
2023-01-03 17:23:50.117000,-0.5703041553497314,-0.0014139999402686954
2023-01-03 17:24:50.056000,-0.2803545892238617,-0.0013778648572042584
2023-01-03 17:25:50.102000,-0.2325793355703354,-0.0014797105686739087
2023-01-03 17:26:50.091000,-0.39409175515174866,-0.0014187105698511004
2023-01-03 17:27:50.063000,-0.3309009373188019,-0.0014018749352544546
2023-01-03 17:28:50.136000,-0.2519904375076294,-0.0014199032448232174
2023-01-03 17:29:50.195000,-0.4149167239665985,-0.0013450400438159704
2023-01-03 17:30:50.076000,-0.7637284398078918,-0.0014584849122911692
2023-01-03 17:31:50.016000,-0.22995799779891968,-0.0014576060930266976
2023-01-03 17:32:50.044000,-0.25366276502609253,-0.0014123599976301193
2023-01-03 17:33:50.153000,-0.5209435820579529,-0.0013974651228636503
2023-01-03 17:34:50.068000,-0.3201364576816559,-0.0014096136437729
2023-01-03 17:35:50.086000,-0.23977471888065338,-0.001482156221754849
2023-01-03 17:36:50.032000,-0.2425713837146759,-0.0014343095244839787
2023-01-03 17:37:50.359000,-0.8438134789466858,-0.0014238499570637941
2023-01-03 17:38:50.128000,-0.3114384114742279,-0.0013732250081375241
2023-01-03 17:39:50.001000,-0.3235470950603485,-0.0014602221781387925
2023-01-03 17:40:50.051000,-0.5251474976539612,-0.0014765814412385225
2023-01-03 17:41:50.125000,-0.40182730555534363,-0.0014605405740439892
2023-01-03 17:42:50.107000,-0.333537220954895,-0.0014633823884651065
2023-01-03 17:43:50.036000,-0.27837786078453064,-0.0015079999575391412
2023-01-03 17:44:50.066000,-0.6016461253166199,-0.0014748199610039592
2023-01-03 17:45:50.036000,-0.6696622967720032,-0.0014698076993227005
2023-01-03 17:46:50.027000,-0.2622339725494385,-0.0014633721439167857
2023-01-03 17:47:50.079000,-0.466295450925827,-0.0014520625118166208
2023-01-03 17:48:50.106000,-0.31800487637519836,-0.0014427173882722855
2023-01-03 17:49:50.194000,-0.22732771933078766,-0.0014724750071763992
2023-01-03 17:50:50.069000,-0.2239297479391098,-0.0014648447977378964
2023-01-03 17:51:50.034000,-0.5512087345123291,-0.0014238604344427586
2023-01-03 17:52:50.131000,-0.14077185094356537,-0.001423404784873128
2023-01-03 17:53:50.085000,-0.4837184548377991,-0.0014760243939235806
2023-01-03 17:54:50.081000,-0.3194173574447632,-0.0014098974643275142
2023-01-03 17:55:50.127000,-0.18295301496982574,-0.0014994090888649225
2023-01-03 17:56:50.133000,-0.14342762529850006,-0.001436348888091743
2023-01-03 17:57:50.045000,-0.1100165992975235,-0.0016032104613259435
2023-01-03 17:58:49.984000,-0.39654460549354553,-0.0013040464837104082
2023-01-03 17:59:50.107000,-0.09435273706912994,-0.0016770937945693731
2023-01-03 18:00:50.094000,-0.2447657436132431,-0.0012535897549241781
2023-01-03 18:01:50.113000,-0.4757605195045471,-0.0012369807809591293
2023-01-03 18:02:50.043000,-0.29200470447540283,-0.0014307333622127771
2023-01-03 18:03:50.106000,-0.07501168549060822,-0.0015789499739184976
2023-01-03 18:04:50.079000,-0.11045921593904495,-0.001369066652841866
2023-01-03 18:05:50.023000,-0.4491405189037323,-0.0013489130651578307
2023-01-03 18:06:50.078000,-0.12248368561267853,-0.0014589795609936118
2023-01-03 18:07:49.960000,-0.24157632887363434,-0.0011667963117361069
2023-01-03 18:08:49.992000,-0.6003854274749756,-0.0015596667071804404
2023-01-03 18:09:50.189000,-0.6308695077896118,-0.0014835483161732554
2023-01-03 18:10:50.039000,-0.26125359535217285,-0.001097169821150601
2023-01-03 18:11:49.995000,-0.2594356834888458,-0.0014922600239515305
2023-01-03 18:12:50.018000,-0.5231815576553345,-0.0012547713704407215
2023-01-03 18:13:50.020000,-0.33112508058547974,-0.001587479142472148
2023-01-03 18:14:50.205000,-0.26721280813217163,-0.0013514489401131868
2023-01-03 18:15:49.967000,-0.27592021226882935,-0.0013020263286307454
2023-01-03 18:16:50.051000,-1.0214073657989502,-0.0012367741437628865
2023-01-03 18:17:49.972000,-0.3515874743461609,-0.001595705864019692
2023-01-03 18:18:49.990000,-0.3733330965042114,-0.0016072766156867146
2023-01-03 18:19:50.003000,-0.5471073985099792,-0.0014281600015237927
2023-01-03 18:20:50.030000,-0.5212115049362183,-0.0014218069845810533
2023-01-03 18:21:50.025000,-0.3594953119754791,-0.0013834185665473342
2023-01-03 18:22:50.026000,-0.2764665186405182,-0.001526413019746542
2023-01-03 18:23:50.089000,-0.7931931614875793,-0.0014331063721328974
2023-01-03 18:24:49.979000,-0.419001042842865,-0.00142715557012707
2023-01-03 18:25:50.077000,-0.25050589442253113,-0.0014404614921659231
2023-01-03 18:26:49.956000,-0.29793840646743774,-0.0013757143169641495
2023-01-03 18:27:49.960000,-0.5795838236808777,-0.0014634286053478718
2023-01-03 18:28:50.015000,-0.2693636119365692,-0.0014516077935695648
2023-01-03 18:29:50.038000,-0.21532006561756134,-0.0013570644659921527
2023-01-03 18:30:50.040000,-0.4140089750289917,-0.0013330407673493028
2023-01-03 18:31:50.014000,-0.6424506902694702,-0.0013599024387076497
2023-01-03 18:32:49.964000,-0.2537352740764618,-0.0015131277032196522
2023-01-03 18:33:50.026000,-0.2115144431591034,-0.0014424000401049852
2023-01-03 18:34:50.030000,-0.4858317971229553,-0.001390209305100143
2023-01-03 18:35:49.940000,-0.16411298513412476,-0.0014362666988745332
2023-01-03 18:36:50.009000,-0.1925160437822342,-0.0014352884609252214
2023-01-03 18:37:49.934000,-0.2684004604816437,-0.0014318536268547177
2023-01-03 18:38:49.908000,-0.37056079506874084,-0.001485185232013464
2023-01-03 18:39:50.316000,-0.5607028603553772,-0.0014406046830117702
2023-01-03 18:40:50.079000,-0.16581927239894867,-0.0014262702316045761
2023-01-03 18:41:50.136000,-0.4823608994483948,-0.0014813999878242612
2023-01-03 18:42:50.298000,-0.21817879378795624,-0.0013670488260686398
2023-01-03 18:43:50.202000,-0.2022598683834076,-0.0014364902162924409
2023-01-03 18:44:49.991000,-0.28229281306266785,-0.0014139473205432296
2023-01-03 18:45:49.960000,-0.4685054421424866,-0.001494622672908008
2023-01-03 18:46:49.994000,-0.38216060400009155,-0.0015001578722149134
2023-01-03 18:47:50.001000,-0.4225371778011322,-0.0015258181374520063
2023-01-03 18:48:49.943000,-0.4830016791820526,-0.0012633958831429482
2023-01-03 18:49:49.884000,-0.13546238839626312,-0.0012643636437132955
2023-01-03 18:50:49.923000,-0.14041157066822052,-0.0013695531524717808
2023-01-03 18:51:49.951000,-0.22424663603305817,-0.0013205499853938818
2023-01-03 18:52:49.961000,-0.39849045872688293,-0.001411024364642799
2023-01-03 18:53:49.993000,-0.17596185207366943,-0.001351027050986886
2023-01-03 18:54:50.006000,-0.5655401945114136,-0.001361666712909937
2023-01-03 18:55:50.009000,-0.5295255184173584,-0.0014525789301842451
2023-01-03 18:56:49.982000,-0.2684325575828552,-0.0014437027275562286
2023-01-03 18:57:50.149000,-0.2100987434387207,-0.0015275587793439627
2023-01-03 18:58:50.019000,-0.26665323972702026,-0.0013490000274032354
2023-01-03 18:59:49.904000,-0.4766293466091156,-0.001350791659206152
2023-01-03 19:00:49.932000,-0.1955689787864685,-0.0014728703536093235
2023-01-03 19:01:49.905000,-0.49563831090927124,-0.0013032041024416685
2023-01-03 19:02:50.006000,-1.143961787223816,-0.0014860888477414846
2023-01-03 19:03:50.006000,-0.48062098026275635,-0.0013589721638709307
2023-01-03 19:04:49.924000,-0.5115302205085754,-0.0012580689508467913
2023-01-03 19:05:49.966000,-0.6266875267028809,-0.0013673953944817185
2023-01-03 19:06:49.937000,-0.7212697863578796,-0.0015076888957992196
2023-01-03 19:07:49.904000,-0.5164474844932556,-0.0015862954314798117
2023-01-03 19:08:49.872000,-0.48578041791915894,-0.0013768000062555075
2023-01-03 19:09:49.936000,-1.032205581665039,-0.0014014047337695956
2023-01-03 19:10:49.927000,-0.6098774671554565,-0.0015225185779854655
2023-01-03 19:11:49.916000,-0.447995126247406,-0.0014544317964464426
2023-01-03 19:12:49.875000,-0.6706253290176392,-0.0011830407893285155
2023-01-03 19:13:49.942000,-0.6003431081771851,-0.001209487789310515
2023-01-03 19:14:49.985000,-0.4846208393573761,-0.0014599210117012262
2023-01-03 19:15:49.955000,-0.45504337549209595,-0.0014109149342402816
2023-01-03 19:16:50.097000,-0.7501384019851685,-0.0012084417976439
2023-01-03 19:17:49.939000,-0.8100592494010925,-0.0015863636508584023
2023-01-03 19:18:49.880000,-0.44233888387680054,-0.0013757755514234304
2023-01-03 19:19:50.026000,-0.7088738083839417,-0.0013796923449262977
2023-01-03 19:20:49.884000,-0.4719102680683136,-0.0014077096711844206
2023-01-03 19:21:49.955000,-0.3615052103996277,-0.0012250588042661548
2023-01-03 19:22:49.868000,-0.35972896218299866,-0.00161173683591187
2023-01-03 19:23:49.953000,-0.5371742844581604,-0.0015523703768849373
2023-01-03 19:24:50.007000,-0.4624471068382263,-0.0011265294160693884
2023-01-03 19:25:49.990000,-0.531571626663208,-0.001221761922352016
2023-01-03 19:26:49.942000,-0.6208465099334717,-0.0014000908704474568
2023-01-03 19:27:49.896000,-0.3065004348754883,-0.0014744722284376621
2023-01-03 19:28:49.904000,-0.14572764933109283,-0.0014120000414550304
2023-01-03 19:29:49.899000,-0.33568432927131653,-0.0016105263493955135
2023-01-03 19:30:49.871000,-0.28256285190582275,-0.0014837741618975997
2023-01-03 19:31:49.919000,-0.15164417028427124,-0.0015148536767810583
2023-01-03 19:32:49.942000,-0.5948901176452637,-0.0013235399965196848
2023-01-03 19:33:49.974000,-0.5836179256439209,-0.0014220000011846423
2023-01-03 19:34:49.913000,-0.2585090696811676,-0.0014220000011846423
2023-01-03 19:35:49.880000,-0.25292786955833435,-0.0012641999637708068
2023-01-03 19:36:49.939000,-0.5341702103614807,-0.0013795961858704686
2023-01-03 19:37:49.951000,-0.2549551725387573,-0.0014290869003161788
2023-01-03 19:38:49.908000,-0.3511864244937897,-0.0013554166071116924
2023-01-03 19:39:49.844000,-0.5184633135795593,-0.0014543695142492652
2023-01-03 19:40:49.983000,-0.7101461887359619,-0.001309106359258294
2023-01-03 19:41:49.939000,-0.28486892580986023,-0.0014201400335878134
2023-01-03 19:42:49.945000,-0.24742509424686432,-0.001405270304530859
2023-01-03 19:43:49.942000,-0.5784976482391357,-0.0015756315551698208
2023-01-03 19:44:49.824000,-0.27716314792633057,-0.0015715127810835838
2023-01-03 19:45:49.963000,-0.22712919116020203,-0.0015162758063524961
2023-01-03 19:46:50.143000,-0.4615723192691803,-0.0012430407805368304
2023-01-03 19:47:49.906000,-0.6279933452606201,-0.0015843019355088472
2023-01-03 19:48:49.871000,-0.31669217348098755,-0.0012622340582311153
2023-01-03 19:49:49.815000,-0.2591082751750946,-0.0012740249512717128
2023-01-03 19:50:49.941000,-0.4924107789993286,-0.0014155576936900616
2023-01-03 19:51:49.966000,-0.19233597815036774,-0.0015819023828953505
2023-01-03 19:52:49.943000,-0.2552449107170105,-0.0014226585626602173
2023-01-03 19:53:49.916000,-0.516096830368042,-0.0014022174291312695
2023-01-03 19:54:49.941000,-0.19787636399269104,-0.0013253333745524287
2023-01-03 19:55:49.873000,-0.600779116153717,-0.0012992250267416239
2023-01-03 19:56:49.850000,-0.2873800992965698,-0.0013949795393273234
2023-01-03 19:57:49.906000,-0.4026801884174347,-0.001577704562805593
2023-01-03 19:58:49.831000,-0.19031241536140442,-0.001483400003053248
2023-01-03 19:59:49.934000,-0.17534618079662323,-0.0015049318317323923
2023-01-03 20:00:49.886000,-0.5043692588806152,-0.001432276563718915
2023-01-03 20:01:49.874000,-0.24110646545886993,-0.0014319500187411904
2023-01-03 20:02:49.862000,-0.335959792137146,-0.0014259818708524108
2023-01-03 20:03:49.784000,-0.7135831117630005,-0.0015444490127265453
2023-01-03 20:04:49.807000,-0.446628600358963,-0.0013563529355451465
2023-01-03 20:05:49.891000,-0.2893293797969818,-0.0014118163380771875
2023-01-03 20:06:49.895000,-0.30091145634651184,-0.0013884467771276832
2023-01-03 20:07:49.808000,-0.5832661986351013,-0.001411347882822156
2023-01-03 20:08:49.792000,-0.2514401972293854,-0.0014231799868866801
2023-01-03 20:09:49.917000,-0.38889938592910767,-0.001365146366879344
2023-01-03 20:10:49.849000,-0.848778247833252,-0.0014044565614312887
2023-01-03 20:11:49.907000,-0.680687665939331,-0.0012791944900527596
2023-01-03 20:12:49.892000,-0.4394056797027588,-0.0014612727100029588
2023-01-03 20:13:49.886000,-0.4561225175857544,-0.0014334062580019236
2023-01-03 20:14:49.862000,-0.7404361963272095,-0.0014957045204937458
2023-01-03 20:15:49.839000,-0.4580118954181671,-0.0013702652649953961
2023-01-03 20:16:49.819000,-0.4462127983570099,-0.001528361113741994
2023-01-03 20:17:49.998000,-0.6540498733520508,-0.0014888484729453921
2023-01-03 20:18:49.865000,-0.7823361158370972,-0.0015439999988302588
2023-01-03 20:19:49.841000,-0.36184585094451904,-0.0015224324306473136
2023-01-03 20:20:49.816000,-0.3285285532474518,-0.0014449069276452065
2023-01-03 20:21:49.815000,-0.6421869397163391,-0.0013148392317816615
2023-01-03 20:22:49.845000,-0.32744768261909485,-0.0013370545348152518
2023-01-03 20:23:49.901000,-0.29728156328201294,-0.0015208888798952103
2023-01-03 20:24:49.906000,-0.4967001676559448,-0.001410885713994503
2023-01-03 20:25:49.822000,-0.799148678779602,-0.0015780555550009012
2023-01-03 20:26:49.784000,-0.2723591923713684,-0.0013663958525285125
2023-01-03 20:27:49.798000,-0.19648638367652893,-0.0012809286126866937
2023-01-03 20:28:49.811000,-0.5147393345832825,-0.0014090000186115503
2023-01-03 20:29:49.870000,-0.1817198544740677,-0.0013519399799406528
2023-01-03 20:30:49.857000,-0.1881016045808792,-0.0014418857172131538
2023-01-03 20:31:49.845000,-0.3877849578857422,-0.0013797599822282791
2023-01-03 20:32:49.850000,-0.705138087272644,-0.001552195055410266
2023-01-03 20:33:49.775000,-0.19847746193408966,-0.0017223750473931432
2023-01-03 20:34:49.858000,-0.2064405232667923,-0.001467690453864634
2023-01-03 20:35:49.832000,-0.46817633509635925,-0.0012653181329369545
2023-01-03 20:36:50.083000,-0.16250742971897125,-0.0015217778272926807
2023-01-03 20:37:49.826000,-0.1753673404455185,-0.001514500007033348
2023-01-03 20:38:49.870000,-0.3434954583644867,-0.0013479534536600113
2023-01-03 20:39:49.815000,-0.5864461660385132,-0.0013498333282768726
2023-01-03 20:40:49.747000,-0.43060076236724854,-0.0015397837851196527
2023-01-03 20:41:49.822000,-0.3213321566581726,-0.0015444200253114104
2023-01-03 20:42:49.860000,-0.694881796836853,-0.0011746743693947792
2023-01-03 20:43:49.729000,-0.3400774300098419,-0.00155021739192307
2023-01-03 20:44:49.771000,-0.32402172684669495,-0.0014201081357896328
2023-01-03 20:45:49.961000,-0.37201160192489624,-0.0016333255916833878
2023-01-03 20:46:50.073000,-0.6746817231178284,-0.0016325535252690315
2023-01-03 20:47:49.810000,-0.7518883347511292,-0.0016909767873585224
2023-01-03 20:48:49.858000,-0.4476870894432068,-0.001407973701134324
2023-01-03 20:49:49.830000,-0.5151446461677551,-0.001435931771993637
2023-01-03 20:50:49.841000,-0.7545998096466064,-0.0014824186218902469
2023-01-03 20:51:50.077000,-0.5205698013305664,-0.0015130526153370738
2023-01-03 20:52:49.755000,-0.4928604066371918,-0.0014992548385635018
2023-01-03 20:53:49.768000,-0.5936382412910461,-0.0014730000402778387
2023-01-03 20:54:50.019000,-1.0595742464065552,-0.001439883722923696
2023-01-03 20:55:49.715000,-0.41574761271476746,-0.001462902408093214
2023-01-03 20:56:49.783000,-0.36167800426483154,-0.0014571304200217128
2023-01-03 20:57:49.829000,-0.563407301902771,-0.001479090889915824
2023-01-03 20:58:49.841000,-0.4845139682292938,-0.0014645799528807402
2023-01-03 20:59:49.950000,-0.37314891815185547,-0.0014798823976889253
2023-01-03 21:00:49.701000,-0.3682500422000885,-0.0014623695751652122
2023-01-03 21:01:49.764000,-0.7493191957473755,-0.0014179999707266688
2023-01-03 21:02:49.845000,-0.624495804309845,-0.0014274209970608354
2023-01-03 21:03:49.822000,-0.33599069714546204,-0.0014555610250681639
2023-01-03 21:04:49.770000,-0.3215372860431671,-0.001422369503416121
2023-01-03 21:05:49.823000,-0.6937064528465271,-0.0015042982995510101
2023-01-03 21:06:49.859000,-0.3576093018054962,-0.0014712666161358356
2023-01-03 21:07:49.791000,-0.30415138602256775,-0.0014491818146780133
2023-01-03 21:08:49.835000,-0.5284448862075806,-0.001454825047403574
2023-01-03 21:09:49.725000,-0.804766058921814,-0.001482733292505145
2023-01-03 21:10:49.731000,-0.2672589123249054,-0.0014886222779750824
2023-01-03 21:11:49.684000,-0.28492677211761475,-0.0015187878161668777
2023-01-03 21:12:49.874000,-0.5913547873497009,-0.0014639374567195773
2023-01-03 21:13:49.785000,-0.28050747513771057,-0.0014602727023884654
2023-01-03 21:14:49.960000,-0.2991202771663666,-0.0014658999862149358
2023-01-03 21:15:49.774000,-0.4768695831298828,-0.0014739444013684988
2023-01-03 21:16:49.723000,-0.6185498237609863,-0.0014609687495976686
2023-01-03 21:17:49.732000,-0.4950889050960541,-0.00148313632234931
2023-01-03 21:18:49.809000,-0.2683357298374176,-0.0013730908976867795
2023-01-03 21:19:49.723000,-0.5796653032302856,-0.0014414865290746093
2023-01-03 21:20:49.805000,-0.3018614649772644,-0.0014858095673844218
2023-01-03 21:21:49.951000,-0.26511669158935547,-0.001456565223634243
2023-01-03 21:22:49.732000,-0.42171040177345276,-0.0015315499622374773
2023-01-03 21:23:49.700000,-0.452679306268692,-0.0014822121011093259
2023-01-03 21:24:49.851000,-0.6517337560653687,-0.0015650750137865543
2023-01-03 21:25:49.842000,-0.35969722270965576,-0.0014915555948391557
2023-01-03 21:26:49.680000,-0.7509816884994507,-0.0014321304624900222
2023-01-03 21:27:49.746000,-0.35386908054351807,-0.0015247308183461428
2023-01-03 21:28:49.684000,-0.34905120730400085,-0.0013649091124534607
2023-01-03 21:29:49.763000,-0.5412765145301819,-0.0015257673803716898
2023-01-03 21:30:49.727000,-0.5223912596702576,-0.0014316976303234696
2023-01-03 21:31:49.683000,-0.4670557975769043,-0.0015156250447034836
2023-01-03 21:32:49.825000,-0.6553592085838318,-0.0014062045374885201
2023-01-03 21:33:49.823000,-0.6029884219169617,-0.0015461707953363657
2023-01-03 21:34:49.737000,-0.3068898320198059,-0.0014519512187689543
2023-01-03 21:35:49.727000,-0.2964768409729004,-0.0014408571878448129
2023-01-03 21:36:49.815000,-0.33535704016685486,-0.0014498268719762564
2023-01-03 21:37:49.835000,-0.5064860582351685,-0.0014078667154535651
2023-01-03 21:38:49.639000,-0.29009947180747986,-0.0014387856936082244
2023-01-03 21:39:49.793000,-0.48970067501068115,-0.0014025199925526977
2023-01-03 21:40:49.719000,-0.6093518137931824,-0.0014680256135761738
2023-01-03 21:41:49.738000,-0.31488093733787537,-0.0013874444412067533
2023-01-03 21:42:49.680000,-0.35004791617393494,-0.0015079487347975373
2023-01-03 21:43:49.790000,-0.36747732758522034,-0.0014037296641618013
2023-01-03 21:44:49.715000,-0.6771120429039001,-0.0014884211122989655
2023-01-03 21:45:49.644000,-0.3669549226760864,-0.0014309999532997608
2023-01-03 21:46:49.679000,-0.373116672039032,-0.001503046485595405
2023-01-03 21:47:49.641000,-0.8374243378639221,-0.00140490906778723
2023-01-03 21:48:49.680000,-0.589582085609436,-0.0013955909525975585
2023-01-03 21:49:49.785000,-0.36956873536109924,-0.0015573095297440886
2023-01-03 21:50:49.692000,-0.36663106083869934,-0.0013875489821657538
2023-01-03 21:51:49.733000,-0.6752290725708008,-0.0014442941173911095
2023-01-03 21:52:49.754000,-0.41845688223838806,-0.0014509428292512894
2023-01-03 21:53:49.926000,-0.4116016924381256,-0.0015404062578454614
2023-01-03 21:54:49.694000,-0.5664665102958679,-0.0015596216544508934
2023-01-03 21:55:49.707000,-0.7659980654716492,-0.0015085121849551797
2023-01-03 21:56:49.869000,-0.44597724080085754,-0.0015009705675765872
2023-01-03 21:57:49.717000,-0.25298646092414856,-0.001531846122816205
2023-01-03 21:58:49.696000,-0.5874801874160767,-0.0014715121360495687
2023-01-03 21:59:49.622000,-0.29024770855903625,-0.0014612500090152025
2023-01-03 22:00:49.757000,-0.31171321868896484,-0.001481410232372582
2023-01-03 22:01:49.693000,-0.5770983099937439,-0.0014875869965180755
2023-01-03 22:02:49.647000,-0.41856899857521057,-0.0014515365473926067
2023-01-03 22:03:49.668000,-0.7260408401489258,-0.001489460002630949
2023-01-03 22:04:49.807000,-0.6507607698440552,-0.001443809480406344
2023-01-03 22:05:49.664000,-0.8190096020698547,-0.001490509370341897
2023-01-03 22:06:49.757000,-0.495143860578537,-0.001436568214558065
2023-01-03 22:07:49.651000,-0.4877315163612366,-0.0013753809034824371
2023-01-03 22:08:49.713000,-0.7860862016677856,-0.0015257500344887376
2023-01-03 22:09:49.627000,-0.4777602553367615,-0.0013497750042006373
2023-01-03 22:10:49.695000,-0.4901775121688843,-0.0013842500047758222
2023-01-03 22:11:49.654000,-0.9503755569458008,-0.0014132666401565075
2023-01-03 22:12:49.664000,-0.6225282549858093,-0.00145739468280226
2023-01-03 22:13:49.665000,-0.43161541223526,-0.0014606278855353594
2023-01-03 22:14:50.095000,-0.4307207763195038,-0.0014634783146902919
2023-01-03 22:15:49.682000,-0.7293481826782227,-0.0014426829293370247
2023-01-03 22:16:49.683000,-0.4322563409805298,-0.001495411735959351
2023-01-03 22:17:49.628000,-0.39714425802230835,-0.0015103125479072332
2023-01-03 22:18:49.635000,-0.5179650187492371,-0.0015298333019018173
2023-01-03 22:19:49.615000,-0.62566739320755,-0.0014677435392513871
2023-01-03 22:20:49.638000,-0.30079570412635803,-0.0014878823421895504
2023-01-03 22:21:49.717000,-0.299164742231369,-0.001510179485194385
2023-01-03 22:22:49.659000,-0.3151973783969879,-0.0015103684272617102
2023-01-03 22:23:49.680000,-0.30415040254592896,-0.0015124905621632934
2023-01-03 22:24:49.777000,-0.30653074383735657,-0.0015316904755309224
2023-01-03 22:25:49.622000,-0.23646298050880432,-0.0015172093408182263
2023-01-03 22:26:49.698000,-0.4466090500354767,-0.0015015777898952365
2023-01-03 22:27:49.739000,-0.348009318113327,-0.0014668666990473866
2023-01-03 22:28:49.606000,-0.18751443922519684,-0.0014542326098307967
2023-01-03 22:29:49.616000,-0.15742769837379456,-0.00150405359454453
2023-01-03 22:30:49.559000,-0.14838165044784546,-0.001539476215839386
2023-01-03 22:31:49.559000,-0.14798147976398468,-0.001446512877009809
2023-01-03 22:32:49.658000,-0.15736496448516846,-0.001507116248831153
2023-01-03 22:33:49.655000,-0.15824802219867706,-0.0014867110876366496
2023-01-03 22:34:49.677000,-0.4403558671474457,-0.001438800012692809
2023-01-03 22:35:49.701000,-0.25604313611984253,-0.0014533190988004208
2023-01-03 22:36:49.721000,-0.15414831042289734,-0.001465568202547729
2023-01-03 22:37:49.702000,-0.15414272248744965,-0.0015142703196033835
2023-01-03 22:38:49.647000,-0.16745208203792572,-0.0014567691832780838
2023-01-03 22:39:49.625000,-0.18209634721279144,-0.0014979721745476127
2023-01-03 22:40:49.584000,-0.3190675377845764,-0.001419756794348359
2023-01-03 22:41:49.584000,-0.415697306394577,-0.0014972222270444036
2023-01-03 22:42:49.595000,-0.7625174522399902,-0.0014111521886661649
2023-01-03 22:43:49.707000,-0.46742796897888184,-0.0014551904750987887
2023-01-03 22:44:49.639000,-0.4144088923931122,-0.001447466667741537
2023-01-03 22:45:49.553000,-0.4060255289077759,-0.0014535682275891304
2023-01-03 22:46:49.588000,-0.40189048647880554,-0.0014677660074084997
2023-01-03 22:47:49.584000,-0.46972236037254333,-0.0013716944959014654
2023-01-03 22:48:49.660000,-0.4814472198486328,-0.0014035869389772415
2023-01-03 22:49:49.693000,-0.41270968317985535,-0.0014766842359676957
2023-01-03 22:50:49.545000,-0.7802297472953796,0.0023813024163246155
2023-01-03 22:51:49.611000,-0.40634363889694214,0.0074072000570595264
2023-01-03 22:52:49.622000,-0.39820605516433716,0.0008312545251101255
2023-01-03 22:53:49.626000,-0.4010516107082367,0.002125369617715478
2023-01-03 22:54:49.575000,-0.390445351600647,0.002823959104716778
2023-01-03 22:55:49.647000,-0.3125174045562744,0.004200432449579239
2023-01-03 22:56:49.736000,-0.2895253896713257,0.0052410210482776165
2023-01-03 22:57:49.626000,-0.4268914759159088,0.006218383088707924
2023-01-03 22:58:49.596000,-0.5294209718704224,0.006783976219594479
2023-01-03 22:59:49.666000,-0.2802865505218506,0.007589410059154034
2023-01-03 23:00:49.587000,-0.28062570095062256,0.00840021949261427
2023-01-03 23:01:49.558000,-0.30686789751052856,0.00966914277523756
2023-01-03 23:02:49.576000,-0.30623623728752136,0.01089981198310852
2023-01-03 23:03:49.576000,-0.27696046233177185,0.011935943737626076
2023-01-03 23:04:49.685000,-0.27592507004737854,0.013004421256482601
2023-01-03 23:05:49.625000,-0.5504065752029419,0.01377882156521082
2023-01-03 23:06:49.686000,-0.37813887000083923,0.014796200208365917
2023-01-03 23:07:49.641000,-0.25602495670318604,0.01577807404100895
2023-01-03 23:08:49.544000,-0.2524678707122803,0.016933051869273186
2023-01-03 23:09:49.673000,-0.24731147289276123,0.01788623072206974
2023-01-03 23:10:49.666000,-0.27704405784606934,0.01925607956945896
2023-01-03 23:11:49.851000,-0.25932857394218445,0.02016756311058998
2023-01-03 23:12:49.687000,-0.22837261855602264,0.021459978073835373
2023-01-03 23:13:49.665000,-0.5368396639823914,0.022440230473876
2023-01-03 23:14:49.539000,-0.24774450063705444,0.023783084005117416
2023-01-03 23:15:49.621000,-0.2061227560043335,0.025060750544071198
2023-01-03 23:16:49.516000,-0.2087797224521637,0.026442188769578934
2023-01-03 23:17:49.653000,-0.2104656994342804,0.027400929480791092
2023-01-03 23:18:49.516000,-0.21072259545326233,0.028272541239857674
2023-01-03 23:19:49.538000,-0.2813722491264343,0.02925949916243553
2023-01-03 23:20:49.596000,-0.3153344690799713,0.030643880367279053
2023-01-03 23:21:49.578000,-0.6998596787452698,0.03204895928502083
2023-01-03 23:22:49.536000,-0.26764237880706787,0.03341694548726082
2023-01-03 23:23:49.633000,-0.23340430855751038,0.034698471426963806
2023-01-03 23:24:49.551000,-0.24757757782936096,0.035983942449092865
2023-01-03 23:25:49.551000,-0.2551698684692383,0.0372338704764843
2023-01-03 23:26:49.605000,-0.22587114572525024,0.03848807141184807
2023-01-03 23:27:49.531000,-0.17643414437770844,0.03985251486301422
2023-01-03 23:28:49.605000,-0.1626194715499878,0.04112417250871658
2023-01-03 23:29:49.523000,-0.5435425043106079,0.04215402156114578
2023-01-03 23:30:49.527000,-0.16592435538768768,0.04318208992481232
2023-01-03 23:31:49.785000,-0.1791432499885559,0.04413330927491188
2023-01-03 23:32:49.531000,-0.17455948889255524,0.04514205455780029
2023-01-03 23:33:49.622000,-0.1929648071527481,0.04621772840619087
2023-01-03 23:34:49.618000,-0.18038900196552277,0.04759306460618973
2023-01-03 23:35:49.598000,-0.1621713936328888,0.048787254840135574
2023-01-03 23:36:49.577000,-0.22663016617298126,0.050130750983953476
2023-01-03 23:37:49.605000,-0.5580191612243652,0.0512159988284111
2023-01-03 23:38:49.531000,-0.28969353437423706,0.05212642252445221
2023-01-03 23:39:49.557000,-0.2847338914871216,0.05319109186530113
2023-01-03 23:40:49.506000,-0.2844415605068207,0.05457892268896103
2023-01-03 23:41:49.690000,-0.28430312871932983,0.0559614859521389
2023-01-03 23:42:49.572000,-0.28418922424316406,0.057344455271959305
2023-01-03 23:43:49.546000,-0.2843935489654541,0.05876278132200241
2023-01-03 23:44:49.502000,-0.3952404856681824,0.059906501322984695
2023-01-03 23:45:49.478000,-0.5610059499740601,0.06090972200036049
2023-01-03 23:46:49.533000,-0.284490704536438,0.06182515621185303
2023-01-03 23:47:49.504000,-0.3026256561279297,0.06278776377439499
2023-01-03 23:48:49.515000,-0.3165004551410675,0.06394333392381668
2023-01-03 23:49:49.533000,-0.2892926335334778,0.06487549841403961
2023-01-03 23:50:49.440000,-0.28447917103767395,0.06552457064390182
2023-01-03 23:51:49.558000,-0.2837650775909424,0.06620262563228607
2023-01-03 23:52:49.802000,-0.27699512243270874,0.06684108078479767
2023-01-03 23:53:49.557000,-0.5313095450401306,0.06769665330648422
2023-01-03 23:54:49.598000,-0.2148313671350479,0.0686250552535057
2023-01-03 23:55:49.488000,-0.22704653441905975,0.06944534182548523
2023-01-03 23:56:49.525000,-0.2700575590133667,0.07057774811983109
2023-01-03 23:57:49.515000,-0.3399716019630432,0.07183945178985596
2023-01-03 23:58:49.472000,-0.31990617513656616,0.07274267822504044
2023-01-03 23:59:49.590000,-0.31774264574050903,0.07426662743091583
2023-01-04 00:00:49.574000,-0.32577088475227356,0.0756131187081337
2023-01-04 00:01:49.714000,-0.6857698559761047,0.07696595788002014
2023-01-04 00:02:49.499000,-0.3045782744884491,0.07838190346956253
2023-01-04 00:03:49.565000,-0.2961429953575134,0.07778987288475037
2023-01-04 00:04:49.534000,-0.27768227458000183,0.08093655109405518
2023-01-04 00:05:49.539000,-0.22003138065338135,0.082678884267807
2023-01-04 00:06:49.447000,-0.22216422855854034,0.08392299711704254
2023-01-04 00:07:49.424000,-0.2711537778377533,0.08529554307460785
2023-01-04 00:08:49.494000,-0.2528948187828064,0.08688262104988098
2023-01-04 00:09:49.582000,-0.6416434049606323,0.08850760012865067
2023-01-04 00:10:49.507000,-0.2435665875673294,0.09007862210273743
2023-01-04 00:11:49.511000,-0.26073145866394043,0.09152583032846451
2023-01-04 00:12:49.460000,-0.2482740432024002,0.187479630112648
2023-01-04 00:13:49.450000,-0.23670649528503418,0.23749203979969025
2023-01-04 00:14:49.464000,-0.23907247185707092,0.24024063348770142
2023-01-04 00:15:49.467000,-0.23429520428180695,0.24386362731456757
2023-01-04 00:16:49.530000,-0.233061745762825,0.24785202741622925
2023-01-04 00:17:49.475000,-0.6173461675643921,0.2516949474811554
2023-01-04 00:18:49.487000,-0.22999589145183563,0.25559329986572266
2023-01-04 00:19:49.548000,-0.1710166186094284,0.2604762017726898
2023-01-04 00:20:49.487000,-0.17926806211471558,0.2646056115627289
2023-01-04 00:21:49.403000,-0.14862218499183655,0.2684917449951172
2023-01-04 00:22:49.537000,-0.14871010184288025,0.2726563811302185
2023-01-04 00:23:49.455000,-0.14847734570503235,0.2772985100746155
2023-01-04 00:24:49.487000,-0.14907881617546082,0.2816983461380005
2023-01-04 00:25:49.408000,-0.5287179350852966,0.28494584560394287
2023-01-04 00:26:49.443000,-0.14851228892803192,0.28878286480903625
2023-01-04 00:27:49.518000,-0.14857827126979828,0.2926209568977356
2023-01-04 00:28:49.517000,-0.14863651990890503,0.29555851221084595
2023-01-04 00:29:49.546000,-0.14796054363250732,0.2988778054714203
2023-01-04 00:30:49.558000,-0.14812353253364563,0.3024337589740753
2023-01-04 00:31:49.452000,-0.1351982206106186,0.30718642473220825
2023-01-04 00:32:49.710000,-0.12550166249275208,0.3106265068054199
2023-01-04 00:33:49.533000,-0.515418291091919,0.31567540764808655
2023-01-04 00:34:49.533000,-0.3294239938259125,0.3196181058883667
2023-01-04 00:35:49.576000,-0.3849174380302429,0.3241463899612427
2023-01-04 00:36:49.570000,-0.3622681200504303,0.32822829484939575
2023-01-04 00:37:49.474000,-0.3562051057815552,0.33455178141593933
2023-01-04 00:38:49.425000,-0.27400869131088257,0.339090496301651
2023-01-04 00:39:49.509000,-0.2591211199760437,0.3440886437892914
2023-01-04 00:40:49.509000,-0.24861584603786469,0.34895017743110657
2023-01-04 00:41:49.383000,-0.6250674724578857,0.3531254827976227
2023-01-04 00:42:49.517000,-0.21841686964035034,0.3566514849662781
2023-01-04 00:43:49.431000,-0.18376342952251434,0.3613344430923462
2023-01-04 00:44:49.415000,-0.1920076459646225,0.36719197034835815
2023-01-04 00:45:49.816000,-0.20084775984287262,0.3734745979309082
2023-01-04 00:46:49.447000,-0.2247399091720581,0.38096120953559875
2023-01-04 00:47:49.510000,-0.23718979954719543,0.38985955715179443
2023-01-04 00:48:49.550000,-0.28279998898506165,0.3993185758590698
2023-01-04 00:49:49.481000,-0.6284608840942383,0.4104904234409332
2023-01-04 00:50:49.444000,-0.22549253702163696,0.4257791340351105
2023-01-04 00:51:49.368000,-0.2570072114467621,0.44261640310287476
2023-01-04 00:52:49.506000,-0.2709736227989197,0.46213698387145996
2023-01-04 00:54:49.515000,-0.2778039276599884,0.498830109834671
2023-01-04 00:56:49.493000,-0.3218782842159271,0.8561818599700928
2023-01-04 00:58:49.906000,-0.26116418838500977,1.2138336896896362
2023-01-04 00:59:49.408000,-0.2557942271232605,1.273285150527954
2023-01-04 01:00:49.694000,-0.24548351764678955,1.2809215784072876
2023-01-04 01:01:49.506000,-0.2674255967140198,1.2885335683822632
2023-01-04 01:03:49.629000,-0.2261953353881836,1.3012219667434692
2023-01-04 01:04:49.393000,-0.31202664971351624,1.3140544891357422
2023-01-04 01:05:49.568000,-0.524354100227356,1.3239808082580566
2023-01-04 01:06:49.345000,-0.2218131124973297,1.3250658512115479
2023-01-04 01:07:49.438000,-0.2216518670320511,1.326369285583496
2023-01-04 01:08:49.380000,-0.22285053133964539,1.3354572057724
2023-01-04 01:09:49.454000,-0.2244911938905716,1.3412699699401855
2023-01-04 01:10:49.367000,-0.2547469437122345,1.3445090055465698
2023-01-04 01:11:49.413000,-0.24995453655719757,1.3454256057739258
2023-01-04 01:12:49.375000,-0.3767547607421875,1.3569879531860352
2023-01-04 01:13:49.998000,-0.648354172706604,1.3680518865585327
2023-01-04 01:14:49.452000,-0.3313775956630707,1.3882031440734863
2023-01-04 01:15:49.418000,-0.29520222544670105,1.4045153856277466
2023-01-04 01:18:49.415000,-0.20231841504573822,1.44412362575531
2023-01-04 01:19:49.471000,-0.19716213643550873,1.457152009010315
2023-01-04 01:20:49.405000,-0.13564597070217133,1.4582715034484863
2023-01-04 01:21:49.445000,-0.523910641670227,1.468263030052185
2023-01-04 01:22:49.417000,-0.1310623735189438,1.4780330657958984
2023-01-04 01:23:49.477000,-0.11522969603538513,1.487329125404358
2023-01-04 01:24:49.322000,-0.1382501721382141,1.5158952474594116
2023-01-04 01:25:49.383000,-0.147220641374588,1.5306988954544067
2023-01-04 01:26:49.550000,-0.11759713292121887,1.5293861627578735
2023-01-04 01:27:49.355000,-0.11582490056753159,1.5242536067962646
2023-01-04 01:28:49.510000,-0.11600414663553238,1.5377439260482788
2023-01-04 01:29:49.355000,-0.3219691216945648,1.5541911125183105
2023-01-04 01:30:49.389000,-0.3593781590461731,1.5632058382034302
2023-01-04 01:31:49.643000,-0.2957198917865753,1.571122646331787
2023-01-04 01:32:49.458000,-0.300167053937912,1.5612488985061646
2023-01-04 01:33:49.332000,-0.33302775025367737,1.5779292583465576
2023-01-04 01:34:49.363000,-0.31625932455062866,1.596826195716858
2023-01-04 01:36:49.371000,-0.29119810461997986,1.6209467649459839
2023-01-04 01:37:49.351000,-0.29197609424591064,1.63069486618042
2023-01-04 01:38:49.412000,-0.6538884043693542,1.6272790431976318
2023-01-04 01:39:49.953000,-0.3109011948108673,1.6458101272583008
2023-01-04 01:40:49.627000,-0.28572142124176025,1.6495094299316406
2023-01-04 01:41:49.450000,-0.2855041027069092,1.6730103492736816
2023-01-04 01:42:49.787000,-0.28542837500572205,1.681595802307129
2023-01-04 01:43:49.360000,-0.6393031477928162,1.68107008934021
2023-01-04 01:44:49.351000,-0.31233343482017517,1.6806082725524902
2023-01-04 01:45:49.411000,-0.2477511167526245,1.694832444190979
2023-01-04 01:46:49.681000,-0.21329990029335022,1.695644497871399
2023-01-04 01:47:49.389000,-0.632939338684082,1.6953798532485962
2023-01-04 01:49:49.636000,-0.31436172127723694,1.680569052696228
2023-01-04 01:50:49.442000,-0.34491169452667236,1.6771783828735352
2023-01-04 01:51:49.372000,-0.3496960997581482,1.6851705312728882
2023-01-04 01:52:49.659000,-0.3514598608016968,1.6977273225784302
2023-01-04 01:53:49.602000,-0.3265519440174103,1.707019329071045
2023-01-04 01:54:49.382000,-0.692700207233429,1.7191499471664429
2023-01-04 01:56:49.786000,-0.583385169506073,1.7486170530319214
2023-01-04 01:57:49.431000,-0.2729697823524475,1.7499746084213257
2023-01-04 01:58:49.336000,-0.22549355030059814,1.7528332471847534
2023-01-04 01:59:49.405000,-0.2166612595319748,1.7612156867980957
2023-01-04 02:00:49.839000,-0.20228061079978943,1.758427381515503
2023-01-04 02:01:49.385000,-0.20721137523651123,1.7734700441360474
2023-01-04 02:02:49.526000,-0.22296665608882904,1.7921215295791626
2023-01-04 02:03:49.690000,-0.19441208243370056,1.8004528284072876
2023-01-04 02:04:49.379000,-0.4835726320743561,1.8298842906951904
2023-01-04 02:05:49.284000,-0.6701298952102661,1.8410007953643799
2023-01-04 02:06:49.315000,-0.19330406188964844,1.838976263999939
2023-01-04 02:07:49.308000,-0.1995735764503479,1.837782621383667
2023-01-04 02:08:49.453000,-0.2321280986070633,1.8515466451644897
2023-01-04 02:09:49.328000,-0.23019281029701233,1.8612135648727417
2023-01-04 02:11:49.311000,-0.20940867066383362,1.8778986930847168
2023-01-04 02:12:49.423000,-0.08433553576469421,1.88266122341156
2023-01-04 02:13:49.826000,-0.416240394115448,1.8824292421340942
2023-01-04 02:14:49.392000,-0.1680101752281189,1.9008452892303467
2023-01-04 02:15:49.268000,-0.33967289328575134,1.8943674564361572
2023-01-04 02:16:49.426000,-0.20404388010501862,1.8803645372390747
2023-01-04 02:17:49.275000,-0.07350078225135803,1.8925188779830933
2023-01-04 02:18:49.248000,-0.07233425229787827,1.9041175842285156
2023-01-04 02:19:49.357000,-0.06006620079278946,1.8831443786621094
2023-01-04 02:20:49.528000,-0.05879878252744675,1.8784751892089844
2023-01-04 02:21:49.426000,-0.05839758366346359,1.9078798294067383
2023-01-04 02:22:49.647000,-0.44724634289741516,1.924604892730713
2023-01-04 02:23:49.441000,-0.07956703007221222,1.9113599061965942
2023-01-04 02:24:49.357000,-0.08846806734800339,1.931167721748352
2023-01-04 02:26:49.393000,-0.08655881881713867,1.9605321884155273
2023-01-04 02:27:49.256000,-0.2621993124485016,1.9827250242233276
2023-01-04 02:28:49.329000,-0.6002346873283386,2.0033457279205322
2023-01-04 02:29:49.595000,-0.3593437373638153,2.0040700435638428
2023-01-04 02:30:49.400000,-0.3167804777622223,1.9954686164855957
2023-01-04 02:31:49.522000,-0.6595948934555054,2.01173734664917
2023-01-04 02:32:49.260000,-0.29496943950653076,2.022106409072876
2023-01-04 02:33:49.357000,-0.2927868366241455,2.0373075008392334
2023-01-04 02:34:49.381000,-0.2911284565925598,2.0355610847473145
2023-01-04 02:35:49.884000,-0.2554810047149658,2.0440735816955566
2023-01-04 02:36:49.743000,-0.22379018366336823,2.0553510189056396
2023-01-04 02:37:49.369000,-0.2476818710565567,2.0610244274139404
2023-01-04 02:38:49.591000,-0.2127014696598053,2.055943727493286
2023-01-04 02:39:49.306000,-0.28924795985221863,2.0648372173309326
2023-01-04 02:40:49.418000,-0.4377947151660919,2.067965030670166
2023-01-04 02:41:49.325000,-0.4995027482509613,2.082368850708008
2023-01-04 02:42:49.256000,-0.10736348479986191,2.0947821140289307
2023-01-04 02:43:49.307000,-0.09856816381216049,2.090846300125122
2023-01-04 02:44:49.314000,-0.13054683804512024,2.091799736022949
2023-01-04 02:45:49.303000,-0.1304713487625122,2.1017906665802
2023-01-04 02:46:49.298000,-0.16161155700683594,2.1133499145507812
2023-01-04 02:47:49.699000,-0.15668123960494995,2.120933771133423
2023-01-04 02:48:49.333000,-0.36682718992233276,2.111530065536499
2023-01-04 02:49:49.803000,-0.2924705445766449,2.092794418334961
2023-01-04 02:50:49.311000,-0.1320037841796875,2.1034719944000244
2023-01-04 02:51:49.627000,-0.14704343676567078,2.090996265411377
2023-01-04 02:52:49.390000,-0.17331555485725403,2.086312770843506
2023-01-04 02:54:49.271000,-0.5293453931808472,2.1053290367126465
2023-01-04 02:55:49.297000,-0.15049372613430023,2.079835891723633
2023-01-04 02:56:49.687000,-0.1423117071390152,2.072472333908081
2023-01-04 02:57:49.345000,-0.5053150653839111,2.083923816680908
2023-01-04 02:59:50.046000,-0.13478761911392212,2.1018733978271484
2023-01-04 03:00:49.255000,-0.14005796611309052,2.0835533142089844
2023-01-04 03:01:49.337000,-0.16775953769683838,2.04986834526062
2023-01-04 03:02:49.573000,-0.15018978714942932,2.036572217941284
2023-01-04 03:03:49.345000,-0.13602060079574585,2.022614002227783
2023-01-04 03:05:49.651000,-0.21785590052604675,2.0299196243286133
2023-01-04 03:06:49.784000,-0.9189232587814331,2.06431245803833
2023-01-04 03:07:49.303000,-0.308854877948761,2.0869028568267822
2023-01-04 03:08:49.382000,-0.1536366045475006,2.0812430381774902
2023-01-04 03:09:49.280000,-0.16791962087154388,2.074352264404297
2023-01-04 03:10:49.551000,-0.18185745179653168,2.0873241424560547
2023-01-04 03:11:49.235000,-0.13900867104530334,2.0758302211761475
2023-01-04 03:12:49.739000,-0.1455734372138977,2.062326431274414
2023-01-04 03:13:49.271000,-0.08073383569717407,2.0672361850738525
2023-01-04 03:14:49.260000,-0.10790171474218369,2.086576461791992
2023-01-04 03:15:49.242000,-0.3861561119556427,2.103806257247925
2023-01-04 03:16:49.214000,-0.030337532982230186,2.107290029525757
2023-01-04 03:17:49.199000,-0.030225032940506935,2.096842050552368
2023-01-04 03:18:49.215000,-0.1572834849357605,2.0986971855163574
2023-01-04 03:20:49.608000,-0.024708066135644913,2.1217663288116455
2023-01-04 03:21:49.405000,-0.024686899036169052,2.121011257171631
2023-01-04 03:22:49.326000,-0.024732550606131554,2.116800308227539
2023-01-04 03:23:49.285000,-0.3720688223838806,2.1258223056793213
2023-01-04 03:24:49.211000,-0.37854939699172974,2.1073391437530518
2023-01-04 03:25:49.307000,-0.19454656541347504,2.0891127586364746
2023-01-04 03:26:49.754000,-0.16203820705413818,2.0968141555786133
2023-01-04 03:27:49.273000,-0.16271540522575378,2.0970821380615234
2023-01-04 03:28:49.585000,-0.18759563565254211,2.0892484188079834
2023-01-04 03:29:49.580000,-0.19739699363708496,2.0957911014556885
2023-01-04 03:30:49.309000,-0.5467658042907715,2.057208299636841
2023-01-04 03:31:49.298000,-0.23448368906974792,2.048419952392578
2023-01-04 03:32:49.679000,-0.5914631485939026,2.0550928115844727
2023-01-04 03:33:49.318000,-0.215673565864563,2.07002592086792
2023-01-04 03:34:49.758000,-0.21647271513938904,2.0933868885040283
2023-01-04 03:35:49.542000,-0.2144688069820404,2.113280773162842
2023-01-04 03:36:49.254000,-0.2129381000995636,2.105806827545166
2023-01-04 03:37:49.269000,-0.23265422880649567,2.0839614868164062
2023-01-04 03:38:49.310000,-0.1650429219007492,2.076049566268921
2023-01-04 03:39:49.282000,-0.13207213580608368,2.061474561691284
2023-01-04 03:40:49.282000,-0.26198434829711914,2.060049533843994
2023-01-04 03:41:49.797000,-0.4540894031524658,2.067206859588623
2023-01-04 03:42:49.231000,-0.5669144988059998,2.066347360610962
2023-01-04 03:43:49.612000,-0.25633037090301514,2.05790638923645
2023-01-04 03:44:49.247000,-0.26093238592147827,2.0747807025909424
2023-01-04 03:45:49.232000,-0.260776162147522,2.063591957092285
2023-01-04 03:46:49.270000,-0.25772833824157715,2.04555344581604
2023-01-04 03:47:49.169000,-0.25273236632347107,2.0405349731445312
2023-01-04 03:48:49.249000,-0.24576130509376526,2.0487329959869385
2023-01-04 03:49:49.225000,-0.5538426041603088,2.054598569869995
2023-01-04 03:50:49.232000,-0.31086719036102295,2.0134165287017822
2023-01-04 03:51:49.203000,-0.19284981489181519,2.034074544906616
2023-01-04 03:52:49.257000,-0.16188354790210724,2.017279624938965
2023-01-04 03:53:49.186000,-0.3513040542602539,2.004006862640381
2023-01-04 03:54:49.303000,-0.33203908801078796,2.0552122592926025
2023-01-04 03:55:49.234000,-0.14098820090293884,2.0709218978881836
2023-01-04 03:56:49.672000,-0.1394699513912201,2.0840067863464355
2023-01-04 03:58:49.251000,-0.49128690361976624,2.02805757522583
2023-01-04 03:59:49.167000,-0.1455925703048706,2.0566766262054443
2023-01-04 04:00:49.197000,-0.1365537792444229,2.046628952026367
2023-01-04 04:01:49.156000,-0.10643353313207626,1.600031852722168
2023-01-04 04:02:49.270000,-0.10342086851596832,2.02976655960083
2023-01-04 04:03:49.284000,-0.10326896607875824,2.0725953578948975
2023-01-04 04:04:49.192000,-0.034364551305770874,2.0892276763916016
2023-01-04 04:05:49.163000,-0.4025402367115021,2.0091357231140137
2023-01-04 04:06:49.637000,-0.3243277072906494,2.2675650119781494
2023-01-04 04:08:49.457000,-0.024316515773534775,2.1191186904907227
2023-01-04 04:09:49.172000,-0.024854833260178566,2.2141010761260986
2023-01-04 04:10:49.231000,-0.024588333442807198,1.972802996635437
2023-01-04 04:11:49.451000,-0.024278350174427032,2.0981554985046387
2023-01-04 04:12:49.213000,-0.054973866790533066,1.5355830192565918
2023-01-04 04:13:49.128000,-0.08618911355733871,2.0735414028167725
2023-01-04 04:14:49.167000,-0.10395931452512741,2.1072824001312256
2023-01-04 04:15:49.682000,-0.44991812109947205,2.126436710357666
2023-01-04 04:16:49.779000,-0.32436081767082214,2.1905839443206787
2023-01-04 04:17:49.626000,-0.16787488758563995,2.160569429397583
2023-01-04 04:18:49.251000,-0.061587732285261154,2.034849166870117
2023-01-04 04:19:49.128000,-0.16351504623889923,1.665204644203186
2023-01-04 04:20:49.247000,-0.2291090488433838,1.5916227102279663
2023-01-04 04:21:49.567000,-0.2856256067752838,1.5075390338897705
2023-01-04 04:22:49.210000,-0.31862059235572815,1.715170979499817
2023-01-04 04:23:49.120000,-0.5008227229118347,1.934513807296753
2023-01-04 04:24:49.394000,-0.5633916854858398,2.0276472568511963
2023-01-04 04:25:49.290000,-0.37397274374961853,1.9445247650146484
2023-01-04 04:26:49.125000,-0.36515942215919495,1.9876489639282227
2023-01-04 04:27:49.567000,-0.4838935434818268,2.0376899242401123
2023-01-04 04:28:49.183000,-0.39330941438674927,1.8869484663009644
2023-01-04 04:29:49.163000,-0.21180707216262817,1.2791012525558472
2023-01-04 04:30:49.213000,-0.21225625276565552,1.523593783378601
2023-01-04 04:31:49.095000,-0.20386941730976105,1.9613473415374756
2023-01-04 04:32:49.242000,-0.5755757689476013,1.9386584758758545
2023-01-04 04:34:49.526000,-0.13381166756153107,1.7513176202774048
2023-01-04 04:36:49.222000,-0.157334104180336,1.8411080837249756
2023-01-04 04:37:49.120000,-0.14458046853542328,1.8031727075576782
2023-01-04 04:38:49.140000,-0.28173747658729553,1.7361059188842773
2023-01-04 04:39:49.863000,-0.36211130023002625,1.703848123550415
2023-01-04 04:41:49.581000,-0.3362950086593628,1.2219363451004028
2023-01-04 04:42:49.473000,-0.13252399861812592,1.4223843812942505
2023-01-04 04:44:49.603000,-0.14399196207523346,1.4156290292739868
2023-01-04 04:45:49.235000,-0.15530964732170105,1.613864541053772
2023-01-04 04:46:49.174000,-0.12195131927728653,1.6230456829071045
2023-01-04 04:47:49.305000,-0.11079533398151398,1.6170092821121216
2023-01-04 04:48:49.263000,-0.10521076619625092,1.5923337936401367
2023-01-04 04:49:49.088000,-0.5812375545501709,1.4219269752502441
2023-01-04 04:51:49.441000,-0.14066648483276367,1.2393512725830078
2023-01-04 04:52:49.616000,-0.14837238192558289,1.025154948234558
2023-01-04 04:53:49.196000,-0.1544995903968811,1.0686731338500977
2023-01-04 04:54:49.467000,-0.15594421327114105,1.007504940032959
2023-01-04 04:55:49.197000,-0.15411926805973053,1.1298967599868774
2023-01-04 04:56:49.638000,-0.15253394842147827,1.0949405431747437
2023-01-04 04:58:49.616000,-0.40603458881378174,1.4052770137786865
2023-01-04 04:59:49.186000,-0.2639852464199066,1.4082876443862915
2023-01-04 05:00:49.142000,-0.19907090067863464,1.2184250354766846
2023-01-04 05:02:49.189000,-0.14775486290454865,1.0943756103515625
2023-01-04 05:03:49.134000,-0.14103278517723083,0.8691838979721069
2023-01-04 05:04:49.151000,-0.13739429414272308,0.8608273267745972
2023-01-04 05:05:49.173000,-0.13765555620193481,0.8350058794021606
2023-01-04 05:06:49.138000,-0.4629519581794739,0.8597667217254639
2023-01-04 05:07:49.189000,-0.0940694659948349,0.8338491320610046
2023-01-04 05:08:49.569000,-0.10748503357172012,0.8093498349189758
2023-01-04 05:09:49.092000,-0.07172489911317825,0.7517564296722412
2023-01-04 05:10:49.202000,-0.05659213289618492,0.7704235315322876
2023-01-04 05:11:49.587000,-0.07111796736717224,0.8026212453842163
2023-01-04 05:12:49.131000,-0.4155641198158264,0.8090808391571045
2023-01-04 05:13:49.118000,-0.06672109663486481,0.7490546703338623
2023-01-04 05:14:49.193000,-0.17675326764583588,0.7055229544639587
2023-01-04 05:15:49.108000,-0.45257827639579773,0.6532606482505798
2023-01-04 05:16:49.080000,-0.1972838193178177,0.6343553066253662
2023-01-04 05:17:49.494000,-0.19744491577148438,0.6493183970451355
2023-01-04 05:18:49.193000,-0.19702936708927155,0.6272528767585754
2023-01-04 05:19:49.137000,-0.17253729701042175,0.625985860824585
2023-01-04 05:20:49.445000,-0.16002434492111206,0.6319444179534912
2023-01-04 05:21:49.487000,-0.16498489677906036,0.6533394455909729
2023-01-04 05:22:49.134000,-0.25544342398643494,0.7720661759376526
2023-01-04 05:23:49.139000,-0.8610740900039673,0.7821806073188782
2023-01-04 05:24:49.080000,-0.16764584183692932,0.743364155292511
2023-01-04 05:25:49.188000,-0.1598341166973114,0.7292988300323486
2023-01-04 05:26:49.052000,-0.15992724895477295,0.6875964999198914
2023-01-04 05:27:49.037000,-0.1597847044467926,0.6479500532150269
2023-01-04 05:28:49.119000,-0.1597335785627365,0.6523810029029846
2023-01-04 05:29:49.145000,-0.1597682535648346,0.6900956630706787
2023-01-04 05:30:49.111000,-0.09477341920137405,0.7424002885818481
2023-01-04 05:31:49.117000,-0.16604289412498474,0.8233080506324768
2023-01-04 05:32:49.061000,-0.47121793031692505,0.9409183263778687
2023-01-04 05:33:49.044000,-0.31483253836631775,1.050302267074585
2023-01-04 05:35:49.024000,-0.1959526240825653,0.9241896271705627
2023-01-04 05:36:49.431000,-0.25835245847702026,0.8278788924217224
2023-01-04 05:38:49.572000,-0.26183244585990906,0.7987934947013855
2023-01-04 05:39:49.529000,-0.2585929036140442,0.8085454702377319
2023-01-04 05:40:49.575000,-0.5905212163925171,0.7861549854278564
2023-01-04 05:41:49.178000,-0.2741190791130066,0.7388952970504761
2023-01-04 05:42:49.115000,-0.22408893704414368,0.6801646947860718
2023-01-04 05:43:49.109000,-0.21532009541988373,0.6272087097167969
2023-01-04 05:44:49.179000,-0.4539682865142822,0.6096583008766174
2023-01-04 05:45:49.091000,-0.24997317790985107,0.6031504273414612
2023-01-04 05:46:49.051000,-0.17618337273597717,0.641140878200531
2023-01-04 05:47:49.048000,-0.13351188600063324,0.568453848361969
2023-01-04 05:48:49.154000,-0.26483675837516785,0.5626581311225891
2023-01-04 05:49:49.119000,-0.3939191699028015,0.5595936179161072
2023-01-04 05:50:49.071000,-0.13516363501548767,0.5496182441711426
2023-01-04 05:51:49.113000,-0.13583508133888245,0.5570136308670044
2023-01-04 05:52:49.479000,-0.14023827016353607,0.6433932781219482
2023-01-04 05:53:49.561000,-0.1463935673236847,0.5786991119384766
2023-01-04 05:54:49.063000,-0.17566709220409393,0.6239168047904968
2023-01-04 05:55:49.157000,-0.4888933598995209,0.6128985285758972
2023-01-04 05:56:49.134000,-0.031503234058618546,0.7311775088310242
2023-01-04 05:57:49.104000,-0.41687527298927307,0.9058311581611633
2023-01-04 05:58:49.055000,-0.03129170089960098,1.030470371246338
2023-01-04 06:00:49.361000,-0.026466133072972298,1.0109561681747437
2023-01-04 06:01:49.113000,-0.02579125016927719,0.8912944793701172
2023-01-04 06:02:49.335000,-0.02587476745247841,0.7402570843696594
2023-01-04 06:03:49.138000,-0.02589651569724083,0.7762479782104492
2023-01-04 06:04:48.982000,-0.025790400803089142,0.7285965085029602
2023-01-04 06:05:49.329000,-0.27001953125,0.7314107418060303
2023-01-04 06:06:48.992000,-0.5376076698303223,0.757464587688446
2023-01-04 06:07:49.067000,-0.02454981580376625,0.7775633335113525
2023-01-04 06:08:49.310000,-0.04017273336648941,0.7570042610168457
2023-01-04 06:09:49.032000,-0.0904909297823906,0.7741672396659851
2023-01-04 06:11:49.474000,-0.19969287514686584,0.7479020953178406
2023-01-04 06:12:49.024000,-0.20594508945941925,0.6755603551864624
2023-01-04 06:13:49.181000,-0.25505027174949646,0.6200366616249084
2023-01-04 06:14:49.118000,-0.6827962398529053,0.603597104549408
2023-01-04 06:15:49.044000,-0.30416324734687805,0.5966622233390808
2023-01-04 06:16:49.473000,-0.4871332347393036,0.5935431718826294
2023-01-04 06:17:49.556000,-0.4857814908027649,0.585537850856781
2023-01-04 06:18:49.047000,-0.2895124852657318,0.5362134575843811
2023-01-04 06:19:49.371000,-0.2815172076225281,0.5045821666717529
2023-01-04 06:20:49.299000,-0.2756594717502594,0.49529004096984863
2023-01-04 06:21:49.012000,-0.22532951831817627,0.4892110824584961
2023-01-04 06:22:48.971000,-0.4149989187717438,0.5204342007637024
2023-01-04 06:23:49.078000,-0.4400893449783325,0.553961455821991
2023-01-04 06:24:49.050000,-0.19580698013305664,0.6654702425003052
2023-01-04 06:25:48.988000,-0.17459963262081146,0.7740712761878967
2023-01-04 06:26:49.461000,-0.12065420299768448,0.836316704750061
2023-01-04 06:27:49.550000,-0.4981174170970917,0.8397303819656372
2023-01-04 06:28:49.063000,-0.16299569606781006,0.8318163156509399
2023-01-04 06:29:49.109000,-0.16203850507736206,0.8397161960601807
2023-01-04 06:30:49.293000,-0.16330546140670776,0.7987961173057556
2023-01-04 06:31:49.101000,-0.5462268590927124,0.7743679285049438
2023-01-04 06:32:49.039000,-0.16733217239379883,0.7180083990097046
2023-01-04 06:34:49.173000,-0.17280155420303345,0.7623560428619385
2023-01-04 06:35:49.074000,-0.18913091719150543,0.7679237127304077
2023-01-04 06:36:49.019000,-0.1984483301639557,0.7602871656417847
2023-01-04 06:37:49.264000,-0.23865148425102234,0.7423956990242004
2023-01-04 06:38:49.038000,-0.4448697566986084,0.7129855155944824
2023-01-04 06:39:48.987000,-0.4028310477733612,0.6622552871704102
2023-01-04 06:40:49.033000,-0.21314573287963867,0.5828389525413513
2023-01-04 06:41:49.347000,-0.10340801626443863,0.6333150863647461
2023-01-04 06:42:49.283000,-0.10233606398105621,0.6405136585235596
2023-01-04 06:43:49.109000,-0.10257844626903534,0.5567034482955933
2023-01-04 06:44:48.999000,-0.1036224514245987,0.5722082853317261
2023-01-04 06:45:49.055000,-0.13718083500862122,0.4827514886856079
2023-01-04 06:46:49.382000,-0.1209057867527008,0.4707532227039337
2023-01-04 06:47:49.242000,-0.11349181830883026,0.4677678048610687
2023-01-04 06:48:49.074000,-0.6664255857467651,0.4622271955013275
2023-01-04 06:49:49.060000,-0.27566370368003845,0.46031317114830017
2023-01-04 06:50:49.430000,-0.11777614802122116,0.4501883387565613
2023-01-04 06:51:48.956000,-0.17629675567150116,0.4706435203552246
2023-01-04 06:52:48.928000,-0.12259060144424438,0.48244577646255493
2023-01-04 06:53:49.071000,-0.13138362765312195,0.4200540781021118
2023-01-04 06:54:48.988000,-0.16979774832725525,0.4087427854537964
2023-01-04 06:55:49.031000,-0.15761800110340118,0.40513232350349426
2023-01-04 06:57:49.014000,-0.24340103566646576,0.4135148823261261
2023-01-04 06:58:49.026000,-0.14135277271270752,0.4209834933280945
2023-01-04 06:59:48.987000,-0.481689453125,0.4203498363494873
2023-01-04 07:00:49.066000,-0.0975278690457344,0.41935795545578003
2023-01-04 07:01:48.923000,-0.072068952023983,0.4225858151912689
2023-01-04 07:03:49.068000,-0.0568561814725399,0.4505060613155365
2023-01-04 07:04:49.346000,-0.056914784014225006,0.4042311906814575
2023-01-04 07:05:49.395000,-0.43920212984085083,0.40802833437919617
2023-01-04 07:06:48.940000,-0.07440195232629776,0.3945745527744293
2023-01-04 07:07:49.296000,-0.20362414419651031,0.3819536566734314
2023-01-04 07:08:48.975000,-0.22612063586711884,0.3403816223144531
2023-01-04 07:09:49.194000,-0.37830400466918945,0.30804604291915894
2023-01-04 07:10:48.947000,-0.3886842727661133,0.304582417011261
2023-01-04 07:11:49.059000,-0.19272151589393616,0.3063996136188507
2023-01-04 07:12:48.960000,-0.19650499522686005,0.3116844594478607
2023-01-04 07:13:48.978000,-0.4187481999397278,0.3161003291606903
2023-01-04 07:14:49.049000,-0.3613116443157196,0.3094482719898224
2023-01-04 07:15:49.335000,-0.16773265600204468,0.31710803508758545
2023-01-04 07:16:48.951000,-0.16626064479351044,0.3311516344547272
2023-01-04 07:17:48.956000,-0.1663087159395218,0.3170638978481293
2023-01-04 07:18:48.931000,-0.16536231338977814,0.30456221103668213
2023-01-04 07:19:48.919000,-0.16569596529006958,0.2957949638366699
2023-01-04 07:20:48.950000,-0.5280894637107849,0.2874840497970581
2023-01-04 07:21:49.239000,-0.14773385226726532,0.2849728465080261
2023-01-04 07:22:48.943000,-0.4930025041103363,0.28938624262809753
2023-01-04 07:23:49.442000,-0.12611539661884308,0.29980120062828064
2023-01-04 07:24:48.943000,-0.15646272897720337,0.28667372465133667
2023-01-04 07:25:49.423000,-0.16648343205451965,0.27877140045166016
2023-01-04 07:26:48.931000,-0.17191484570503235,0.2719610631465912
2023-01-04 07:27:49.071000,-0.17232871055603027,0.2631113827228546
2023-01-04 07:28:48.937000,-0.20821410417556763,0.2563594877719879
2023-01-04 07:29:49.223000,-0.28673887252807617,0.2477394938468933
2023-01-04 07:30:48.912000,-0.8487061262130737,0.24086882174015045
2023-01-04 07:31:49.026000,-0.5212283730506897,0.23416976630687714
2023-01-04 07:32:48.951000,-0.4454328417778015,0.2299441695213318
2023-01-04 07:33:48.923000,-1.3270965814590454,0.22560502588748932
2023-01-04 07:34:49.009000,-1.2957037687301636,0.22245752811431885
2023-01-04 07:35:48.982000,-1.332414984703064,0.2184528112411499
2023-01-04 07:36:48.997000,-1.2727211713790894,0.21539424359798431
2023-01-04 07:37:48.973000,-1.5975146293640137,0.2115100771188736
2023-01-04 07:38:49.168000,-1.5747814178466797,0.2045787274837494
2023-01-04 07:39:48.932000,-1.9274358749389648,0.1986262947320938
2023-01-04 07:40:48.997000,-1.683486819267273,0.18871533870697021
2023-01-04 07:41:49.238000,-1.9025754928588867,0.17223522067070007
2023-01-04 07:42:48.998000,-1.6234281063079834,0.15503764152526855
2023-01-04 07:43:49.224000,-1.626341700553894,0.13912740349769592
2023-01-04 07:44:48.867000,-1.6259487867355347,0.14802902936935425
2023-01-04 07:46:48.971000,-1.3504751920700073,0.16090889275074005
2023-01-04 07:47:49.345000,-1.3212876319885254,0.1567208617925644
2023-01-04 07:48:48.876000,-1.3190861940383911,0.14729006588459015
2023-01-04 07:49:48.965000,-0.9891886115074158,0.13733303546905518
2023-01-04 07:50:49.345000,-0.5178565382957458,0.10006003826856613
2023-01-04 07:51:49.262000,-0.6913232803344727,0.03283604234457016
2023-01-04 07:52:49.586000,-0.3084840774536133,0.026462743058800697
2023-01-04 07:53:48.947000,-0.3101131021976471,0.02690161019563675
2023-01-04 07:54:49.519000,-0.31525734066963196,0.02158108353614807
2023-01-04 07:55:48.912000,-0.3106299042701721,0.013503853231668472
2023-01-04 07:56:48.944000,-0.6686367392539978,0.009674182161688805
2023-01-04 07:57:49.220000,-0.33069291710853577,0.010312428697943687
2023-01-04 07:58:48.966000,-0.3294845223426819,0.011845975182950497
2023-01-04 07:59:49.386000,-0.2748546004295349,0.010284416377544403
2023-01-04 08:00:49.002000,-0.13297949731349945,0.010516916401684284
2023-01-04 08:01:49.263000,-0.29646554589271545,0.011438414454460144
2023-01-04 08:02:48.897000,-0.35797879099845886,0.011373848654329777
2023-01-04 08:04:48.977000,-0.20057258009910583,0.012588463723659515
2023-01-04 08:05:48.897000,-0.42780378460884094,0.01406050007790327
2023-01-04 08:06:49.179000,-0.17509351670742035,0.014048772864043713
2023-01-04 08:07:49.180000,-0.1937464475631714,0.011013451032340527
2023-01-04 08:08:48.926000,-0.19370821118354797,0.008150533773005009
2023-01-04 08:09:48.955000,-0.20809489488601685,0.004874222446233034
2023-01-04 08:10:48.980000,-0.312353253364563,0.0017147741746157408
2023-01-04 08:11:48.935000,-0.3163408935070038,-0.0005763043300248682
2023-01-04 08:12:48.913000,-0.6440938115119934,-0.0013048864202573895
2023-01-04 08:13:48.899000,-0.641394317150116,0.0015876111574470997
2023-01-04 08:14:48.927000,-0.46175578236579895,0.0038647837936878204
2023-01-04 08:15:48.990000,-0.3493197560310364,0.004489542916417122
2023-01-04 08:16:48.927000,-0.3442862927913666,0.003989358898252249
2023-01-04 08:17:48.908000,-0.35908883810043335,0.0032645000610500574
2023-01-04 08:18:48.896000,-0.37779533863067627,0.002038288861513138
2023-01-04 08:19:48.876000,-0.38363736867904663,0.000554222206119448
2023-01-04 08:20:48.879000,-0.3942955732345581,-0.002424378413707018
2023-01-04 08:21:49.288000,-0.3956262767314911,-0.0015838221879675984
2023-01-04 08:22:49.406000,-0.8447306752204895,-0.0012649374548345804
2023-01-04 08:23:49.157000,-0.7206050157546997,-0.0013007307425141335
2023-01-04 08:24:48.934000,-0.35779261589050293,-0.0012380999978631735
2023-01-04 08:25:48.912000,-0.3517478406429291,-0.001286953454837203
2023-01-04 08:26:49.191000,-0.34215083718299866,-0.0012838332913815975
2023-01-04 08:27:48.942000,-0.3552936017513275,-0.0012783111305907369
2023-01-04 08:28:48.954000,-0.3690189719200134,-0.0012725957203656435
2023-01-04 08:29:48.902000,-0.3390862047672272,-0.0012864317977800965
2023-01-04 08:30:48.855000,-0.5089227557182312,-0.0012800208060070872
2023-01-04 08:31:48.927000,-0.5544028878211975,-0.0013004166539758444
2023-01-04 08:32:48.893000,-0.34538984298706055,-0.0013017833698540926
2023-01-04 08:33:48.900000,-0.7310781478881836,-0.0012883958406746387
2023-01-04 08:34:48.921000,-0.3411881625652313,-0.0012892162194475532
2023-01-04 08:35:48.880000,-0.3293008804321289,-0.0012975999852642417
2023-01-04 08:36:48.890000,-0.31034791469573975,-0.0012896273983642459
2023-01-04 08:38:49.202000,-0.32761555910110474,-0.0012855454115197062
2023-01-04 08:39:48.876000,-0.6454840898513794,-0.0012998000020161271
2023-01-04 08:40:48.870000,-0.43160927295684814,-0.0012891041114926338
2023-01-04 08:41:48.839000,-0.3376961052417755,-0.0012898249551653862
2023-01-04 08:42:48.919000,-0.29865768551826477,-0.0013088684063404799
2023-01-04 08:43:48.943000,-0.4096647799015045,-0.0013009188696742058
2023-01-04 08:44:48.875000,-0.6798693537712097,-0.00129428890068084
2023-01-04 08:45:48.910000,-0.3147543966770172,-0.0012476511765271425
2023-01-04 08:46:48.945000,-0.3392181396484375,-0.0013781915185973048
2023-01-04 08:47:48.804000,-0.3208567202091217,-0.0012735227355733514
2023-01-04 08:48:48.937000,-0.6985027194023132,-0.0012671538861468434
2023-01-04 08:49:49.162000,-0.34785667061805725,-0.0013093695743009448
2023-01-04 08:50:48.811000,-0.34331902861595154,-0.0013062646612524986
2023-01-04 08:51:48.898000,-0.34919750690460205,-0.0012656666804105043
2023-01-04 08:52:49.013000,-0.33564361929893494,-0.0013025399530306458
2023-01-04 08:53:48.789000,-0.3331824243068695,-0.0012439737329259515
2023-01-04 08:54:48.890000,-0.38361525535583496,-0.001337061170488596
2023-01-04 08:55:48.875000,-0.5985396504402161,-0.001318043447099626
2023-01-04 08:56:48.877000,-0.3193816840648651,-0.001363468123599887
2023-01-04 08:57:48.883000,-0.6352459788322449,-0.0013019607868045568
2023-01-04 08:58:48.934000,-0.468919038772583,-0.0012900499859824777
2023-01-04 08:59:48.820000,-0.7779070138931274,-0.0013370731612667441
2023-01-04 09:00:48.785000,-0.9414629936218262,-0.0013081851648166776
2023-01-04 09:01:48.921000,-1.0030702352523804,-0.0012997755547985435
2023-01-04 09:02:49.001000,-1.0020437240600586,-0.0013197907246649265
2023-01-04 09:03:49.365000,-1.0609679222106934,-0.0013212045887485147
2023-01-04 09:05:49.128000,-1.2298123836517334,-0.0013269387418404222
2023-01-04 09:06:48.913000,-1.241193175315857,-0.001332478248514235
2023-01-04 09:07:48.935000,-0.9023226499557495,-0.0012833414366468787
2023-01-04 09:08:48.816000,-0.908551037311554,-0.0013001521583646536
2023-01-04 09:09:48.842000,-0.9258062839508057,-0.0012630951823666692
2023-01-04 09:10:48.793000,-0.8971534967422485,-0.0012784762075170875
2023-01-04 09:11:48.917000,-0.6052091717720032,-0.0013049268163740635
2023-01-04 09:12:49.303000,-0.9129329323768616,-0.0012801859993487597
2023-01-04 09:13:48.941000,-0.7554970383644104,-0.0012629302218556404
2023-01-04 09:14:48.873000,-1.0878918170928955,-0.0013165319105610251
2023-01-04 09:15:48.823000,-0.7172093987464905,-0.0014509267639368773
2023-01-04 09:16:48.853000,-0.46358418464660645,-0.0013649024767801166
2023-01-04 09:17:48.898000,-0.7786287069320679,-0.0013414389686658978
2023-01-04 09:18:48.839000,-0.4805918037891388,-0.0012857948895543814
2023-01-04 09:19:49.365000,-0.7302887439727783,-0.0012916086707264185
2023-01-04 09:20:48.901000,-0.42624449729919434,-0.0012902955058962107
2023-01-04 09:21:49.057000,-0.7566291093826294,-0.0013235814403742552
2023-01-04 09:22:49.303000,-0.6608288288116455,-0.0012524222256615758
2023-01-04 09:23:48.826000,-1.0360240936279297,-0.001285066711716354
2023-01-04 09:24:48.868000,-0.4162532389163971,-0.001257039955817163
2023-01-04 09:25:48.796000,-0.8617193102836609,-0.001264097518287599
2023-01-04 09:27:48.817000,-0.7556464672088623,-0.0012848667101934552
2023-01-04 09:28:49.299000,-0.36491629481315613,-0.0013084167148917913
2023-01-04 09:29:49.031000,-0.6389936208724976,-0.0012714255135506392
2023-01-04 09:30:49.258000,-0.4214954376220703,-0.0013784791808575392
2023-01-04 09:31:49.068000,-0.8607115745544434,-0.0013165106065571308
2023-01-04 09:32:49.374000,-0.4841335713863373,-0.0013378571020439267
2023-01-04 09:33:49.187000,-0.3615188002586365,-0.0012972200056537986
2023-01-04 09:34:48.764000,-0.7311755418777466,-0.0013931739376857877
2023-01-04 09:35:48.716000,-0.3462804853916168,-0.0013321578735485673
2023-01-04 09:36:48.862000,-0.6517407298088074,-0.0013355952687561512
2023-01-04 09:37:48.782000,-0.38123819231987,-0.001296458300203085
2023-01-04 09:38:48.858000,-0.444048136472702,-0.001430261880159378
2023-01-04 09:39:48.854000,-0.9508602023124695,-0.0013078636256977916
2023-01-04 09:40:48.712000,-0.3391213119029999,-0.0013645957224071026
2023-01-04 09:41:48.726000,-0.6858454942703247,-0.0013194666244089603
2023-01-04 09:42:48.827000,-0.35012829303741455,-0.0013313200324773788
2023-01-04 09:43:48.830000,-0.3327327072620392,-0.001285687554627657
2023-01-04 09:44:48.855000,-0.5726260542869568,-0.0013494258746504784
2023-01-04 09:45:49.053000,-0.242291659116745,-0.0012871110811829567
2023-01-04 09:46:48.870000,-0.4509102404117584,-0.0013648000312969089
2023-01-04 09:47:48.748000,-0.6252481341362,-0.0013450311962515116
2023-01-04 09:48:48.730000,-0.3624033033847809,-0.0013443571515381336
2023-01-04 09:49:48.779000,-0.49246594309806824,-0.0013327368069440126
2023-01-04 09:50:48.763000,-0.24541877210140228,-0.0012890909565612674
2023-01-04 09:51:48.790000,-0.19361409544944763,-0.0013272438663989305
2023-01-04 09:52:48.782000,-0.5195263028144836,-0.0013231950579211116
2023-01-04 09:53:49.038000,-0.23136740922927856,-0.0013075999449938536
2023-01-04 09:54:48.801000,-0.23841732740402222,-0.0013044666266068816
2023-01-04 09:56:48.782000,-0.5071890354156494,-0.0012791914632543921
2023-01-04 09:57:48.708000,-0.24545690417289734,-0.0012929999502375722
2023-01-04 09:58:49.198000,-0.5619425773620605,-0.0012911282246932387
2023-01-04 09:59:48.776000,-0.4140370786190033,-0.0013450285186991096
2023-01-04 10:00:48.720000,-0.4311322867870331,-0.0012836046516895294
2023-01-04 10:01:48.831000,-0.6733320355415344,-0.0013161621754989028
2023-01-04 10:02:48.771000,-0.4487576186656952,-0.001282476237975061
2023-01-04 10:03:48.748000,-0.4876687228679657,-0.0013476666063070297
2023-01-04 10:04:48.853000,-1.1335424184799194,-0.0013563125394284725
2023-01-04 10:05:48.814000,-0.44873708486557007,-0.0013289786875247955
2023-01-04 10:06:48.739000,-0.4281221926212311,-0.0013503683730959892
2023-01-04 10:07:48.823000,-0.7225515246391296,-0.0013086410472169518
2023-01-04 10:08:48.712000,-0.4183439314365387,-0.0013032194692641497
2023-01-04 10:09:48.717000,-0.4055207371711731,-0.001289021223783493
2023-01-04 10:10:48.736000,-0.6652181148529053,-0.0013544651446864009
2023-01-04 10:11:48.818000,-0.39810916781425476,-0.001342394738458097
2023-01-04 10:12:48.724000,-0.734437882900238,-0.0013521622167900205
2023-01-04 10:13:48.766000,-0.7172466516494751,-0.00134320929646492
2023-01-04 10:14:48.732000,-0.32636895775794983,-0.0012477608397603035
2023-01-04 10:15:48.833000,-0.31148725748062134,-0.0014056585496291518
2023-01-04 10:16:48.731000,-0.7060765027999878,-0.001260761870071292
2023-01-04 10:17:48.715000,-0.40222790837287903,-0.0013433571439236403
2023-01-04 10:18:48.823000,-0.34270238876342773,-0.0013488723197951913
2023-01-04 10:19:48.831000,-0.5653279423713684,-0.0013084081001579762
2023-01-04 10:20:48.672000,-0.6326533555984497,-0.0013005384244024754
2023-01-04 10:21:49.014000,-0.5003218054771423,-0.0012961087049916387
2023-01-04 10:22:48.790000,-0.44521352648735046,-0.0012905581388622522
2023-01-04 10:23:48.763000,-0.5710791945457458,-0.0012952092802152038
2023-01-04 10:24:48.740000,-0.3187265992164612,-0.001273627858608961
2023-01-04 10:25:48.816000,-0.33422359824180603,-0.0012891578953713179
2023-01-04 10:26:48.782000,-0.6076642870903015,-0.0012869210913777351
2023-01-04 10:27:48.735000,-0.32407206296920776,-0.001327309524640441
2023-01-04 10:28:48.936000,-0.4049219787120819,-0.0012851706705987453
2023-01-04 10:29:48.720000,-0.7579546570777893,-0.0013156363274902105
2023-01-04 10:30:48.758000,-0.5151477456092834,-0.0014056841609999537
2023-01-04 10:31:48.766000,-0.3287990391254425,-0.0012918048305436969
2023-01-04 10:32:48.790000,-0.3143339157104492,-0.0013158461079001427
2023-01-04 10:33:48.756000,-0.6292836666107178,-0.0013675960944965482
2023-01-04 10:34:48.723000,-0.3363012373447418,-0.0013763171155005693
2023-01-04 10:35:48.736000,-0.31304001808166504,-0.0012696190970018506
2023-01-04 10:36:48.657000,-0.37517112493515015,-0.001337871770374477
2023-01-04 10:37:48.771000,-1.054670810699463,-0.001300833304412663
2023-01-04 10:38:48.719000,-0.3625989258289337,-0.0013380888849496841
2023-01-04 10:39:48.792000,-0.39391034841537476,-0.0013380611781030893
2023-01-04 10:40:48.770000,-0.6044912934303284,-0.0013701950665563345
2023-01-04 10:41:48.845000,-0.3589295744895935,-0.001343499985523522
2023-01-04 10:42:48.706000,-0.3130252957344055,-0.001322086900472641
2023-01-04 10:43:48.665000,-0.2909620404243469,-0.0014135238016024232
2023-01-04 10:44:49.069000,-0.5867016315460205,-0.001397228566929698
2023-01-04 10:45:48.792000,-0.5779324769973755,-0.001249217428267002
2023-01-04 10:46:48.753000,-0.26669082045555115,-0.001313770771957934
2023-01-04 10:47:49.087000,-0.4235026240348816,-0.0013650417095050216
2023-01-04 10:48:48.722000,-0.31726232171058655,-0.0013051086571067572
2023-01-04 10:49:48.695000,-0.2030746191740036,-0.0013074418529868126
2023-01-04 10:50:49.052000,-0.24612270295619965,-0.0012931458186358213
2023-01-04 10:51:48.994000,-0.6056116819381714,-0.0013798823347315192
2023-01-04 10:52:48.960000,-0.267581045627594,-0.001300594536587596
2023-01-04 10:53:48.981000,-0.44741091132164,-0.0013641428668051958
2023-01-04 10:54:48.791000,-0.6149608492851257,-0.0013358000433072448
2023-01-04 10:55:48.779000,-0.4170048236846924,-0.0013107332633808255
2023-01-04 10:56:48.754000,-0.3654036223888397,-0.0013322954764589667
2023-01-04 10:57:48.670000,-0.40442055463790894,-0.00130665791220963
2023-01-04 10:58:48.678000,-0.6934593915939331,-0.0013689810875803232
2023-01-04 10:59:48.741000,-0.35105571150779724,-0.0013777173589915037
2023-01-04 11:00:48.686000,-0.3756157457828522,-0.0013567805290222168
2023-01-04 11:01:48.691000,-0.5012857913970947,-0.0013807045761495829
2023-01-04 11:02:48.673000,-0.9427493214607239,-0.001341844443231821
2023-01-04 11:03:48.806000,-0.42663300037384033,-0.0013695121742784977
2023-01-04 11:04:48.645000,-0.4024946391582489,-0.0014034286141395569
2023-01-04 11:05:48.626000,-0.5128651857376099,-0.001284681842662394
2023-01-04 11:06:48.732000,-0.5545420050621033,-0.001356236869469285
2023-01-04 11:07:48.634000,-0.3545980453491211,-0.0013977941125631332
2023-01-04 11:08:48.661000,-0.3577058017253876,-0.0013654651120305061
2023-01-04 11:09:49.057000,-0.6896497011184692,-0.0013316087424755096
2023-01-04 11:10:48.649000,-0.7348330616950989,-0.0013205870054662228
2023-01-04 11:11:48.768000,-0.2929036617279053,-0.0014258000301197171
2023-01-04 11:12:48.719000,-0.3089543282985687,-0.001414418569765985
2023-01-04 11:13:48.666000,-0.624458372592926,-0.0013420889154076576
2023-01-04 11:14:48.662000,-0.3287142515182495,-0.0013494091108441353
2023-01-04 11:15:48.614000,-0.41339483857154846,-0.001319022267125547
2023-01-04 11:16:48.607000,-0.4002917408943176,-0.0013799499720335007
2023-01-04 11:17:48.615000,-0.7849677205085754,-0.0013973249588161707
2023-01-04 11:18:48.690000,-0.8088674545288086,-0.0013417755253612995
2023-01-04 11:19:48.638000,-0.36644503474235535,-0.0012400384293869138
2023-01-04 11:20:48.661000,-0.3604239225387573,-0.0014186743646860123
2023-01-04 11:21:48.866000,-0.66257244348526,-0.0013340800069272518
2023-01-04 11:22:48.680000,-0.3757944107055664,-0.0013236190425232053
2023-01-04 11:23:48.655000,-0.29482412338256836,-0.0012298541842028499
2023-01-04 11:24:48.594000,-0.34725144505500793,-0.0012949795927852392
2023-01-04 11:25:48.809000,-0.5437160730361938,-0.0013653043424710631
2023-01-04 11:26:48.637000,-0.6786732077598572,-0.0014332286082208157
2023-01-04 11:27:48.699000,-0.30780142545700073,-0.001252909074537456
2023-01-04 11:28:48.789000,-0.3398284316062927,-0.0014115110971033573
2023-01-04 11:29:48.705000,-0.6487818956375122,-0.0013766046613454819
2023-01-04 11:30:48.630000,-0.30933713912963867,-0.0012888094643130898
2023-01-04 11:31:48.629000,-0.305621474981308,-0.0015192553400993347
2023-01-04 11:32:48.777000,-0.3310984671115875,-0.0013636667281389236
2023-01-04 11:33:48.658000,-0.6322410702705383,-0.0013962432276457548
2023-01-04 11:34:48.729000,-0.6807388663291931,-0.0013869268586859107
2023-01-04 11:35:48.664000,-0.4112808108329773,-0.0013824047055095434
2023-01-04 11:36:48.677000,-0.37294697761535645,-0.0014035349013283849
2023-01-04 11:37:48.658000,-0.5821940898895264,-0.0012666585389524698
2023-01-04 11:38:48.617000,-0.29375094175338745,-0.0013564901892095804
2023-01-04 11:39:48.665000,-0.2120291292667389,-0.0013099565403535962
2023-01-04 11:40:48.660000,-0.41833850741386414,-0.0013128604041412473
2023-01-04 11:41:48.649000,-0.3849480450153351,-0.0014971052296459675
2023-01-04 11:42:48.575000,-0.473003625869751,-0.0014004893600940704
2023-01-04 11:43:48.858000,-0.35540279746055603,-0.001251557725481689
2023-01-04 11:44:48.614000,-0.5603489279747009,-0.0013467647368088365
2023-01-04 11:45:48.708000,-0.21857023239135742,-0.0014183076564222574
2023-01-04 11:46:48.566000,-0.22391065955162048,-0.001330800005234778
2023-01-04 11:47:48.717000,-0.3083263039588928,-0.0013464883668348193
2023-01-04 11:48:48.564000,-0.47370922565460205,-0.0014099811669439077
2023-01-04 11:49:48.933000,-0.2214704304933548,-0.0013274650555104017
2023-01-04 11:50:48.654000,-0.46081510186195374,-0.0013588292058557272
2023-01-04 11:51:48.605000,-0.7077142596244812,-0.0013482557842507958
2023-01-04 11:52:48.679000,-0.3797188997268677,-0.0013309387722983956
2023-01-04 11:53:48.555000,-0.4663906991481781,-0.001332525396719575
2023-01-04 11:54:48.607000,-0.49208322167396545,-0.0012886521872133017
2023-01-04 11:55:48.667000,-0.8080669641494751,-0.0013077567564323545
2023-01-04 11:56:48.688000,-0.46288245916366577,-0.0011600416619330645
2023-01-04 11:57:48.790000,-0.47861188650131226,-0.0015515881823375821
2023-01-04 11:58:48.673000,-0.7929450273513794,-0.0013549999566748738
2023-01-04 11:59:48.648000,-0.7610530257225037,-0.001336214249022305
2023-01-04 12:00:48.960000,-0.4293532073497772,-0.001473400043323636
2023-01-04 12:01:48.578000,-0.36273300647735596,-0.001311472267843783
2023-01-04 12:02:48.898000,-0.5960547924041748,-0.0013483414659276605
2023-01-04 12:03:48.610000,-0.21684065461158752,-0.001365214237011969
2023-01-04 12:04:48.606000,-0.3087691068649292,-0.0013297500554472208
2023-01-04 12:05:48.629000,-0.49002671241760254,-0.0013255957746878266
2023-01-04 12:06:49.169000,-0.5682470798492432,-0.0013090816792100668
2023-01-04 12:07:48.606000,-0.4248960614204407,-0.0013851081021130085
2023-01-04 12:08:48.878000,-0.1168375164270401,-0.0013230444164946675
2023-01-04 12:09:48.761000,-0.4897419214248657,-0.0013909285189583898
2023-01-04 12:10:48.845000,-0.18757349252700806,-0.001374610117636621
2023-01-04 12:11:48.625000,-0.20904292166233063,-0.001414132071658969
2023-01-04 12:12:48.592000,-0.2736431062221527,-0.001368179451674223
2023-01-04 12:13:48.631000,-0.5041804909706116,-0.0014058718224987388
2023-01-04 12:14:48.726000,-0.364969938993454,-0.0014031321043148637
2023-01-04 12:15:48.644000,-0.5026000738143921,-0.0013924000086262822
2023-01-04 12:16:48.543000,-0.42713966965675354,-0.0014244166668504477
2023-01-04 12:17:48.543000,-0.3510204553604126,-0.0013789250515401363
2023-01-04 12:18:48.763000,-0.25278782844543457,-0.0013963333331048489
2023-01-04 12:19:48.575000,-0.18644295632839203,-0.0013388610677793622
2023-01-04 12:20:48.664000,-0.5142965912818909,-0.001334775472059846
2023-01-04 12:21:48.678000,-0.22439885139465332,-0.0013045952655375004
2023-01-04 12:22:49.583000,-0.3011350929737091,-0.0013979130890220404
2023-01-04 12:23:48.581000,-0.5084986090660095,-0.0013434418942779303
2023-01-04 12:24:48.618000,-0.4305271804332733,-0.0013769473880529404
2023-01-04 12:25:48.739000,-0.19105762243270874,-0.0013381874887272716
2023-01-04 12:26:48.539000,-0.21883352100849152,-0.0013273555086925626
2023-01-04 12:27:48.639000,-0.47362929582595825,-0.0014108431059867144
2023-01-04 12:28:48.600000,-0.2131674885749817,-0.0013408043887466192
2023-01-04 12:29:48.578000,-0.18942610919475555,-0.0013554185861721635
2023-01-04 12:30:48.558000,-0.3903927803039551,-0.0013444348005577922
2023-01-04 12:31:48.567000,-0.8258051872253418,-0.001405459945090115
2023-01-04 12:32:48.890000,-0.30003687739372253,-0.0013571276795119047
2023-01-04 12:33:48.606000,-0.27817124128341675,-0.0013752250233665109
2023-01-04 12:34:48.744000,-0.41403788328170776,-0.0013776904670521617
2023-01-04 12:35:48.624000,-0.31965214014053345,-0.0013678979594260454
2023-01-04 12:36:48.610000,-0.15384487807750702,-0.001387183670885861
2023-01-04 12:37:48.555000,-0.17119485139846802,-0.0013654666254296899
2023-01-04 12:38:48.577000,-0.5481566786766052,-0.0014314634026959538
2023-01-04 12:39:48.558000,-0.4303293824195862,-0.001358530600555241
2023-01-04 12:40:48.591000,-0.1199936643242836,-0.0014208571519702673
2023-01-04 12:41:48.663000,-0.17845074832439423,-0.0014020369853824377
2023-01-04 12:42:48.646000,-0.31020262837409973,-0.00130542553961277
2023-01-04 12:43:48.852000,-0.06313498318195343,-0.0014465640997514129
2023-01-04 12:44:48.555000,-0.09703348577022552,-0.0013376428978517652
2023-01-04 12:45:48.574000,-0.3404124975204468,-0.001389886368997395
2023-01-04 12:46:48.544000,-0.15341447293758392,-0.0012700227089226246
2023-01-04 12:47:48.608000,-0.44631141424179077,-0.0013151250313967466
2023-01-04 12:48:48.819000,-0.109200119972229,-0.0014237727737054229
2023-01-04 12:49:48.566000,-0.47654056549072266,-0.00136567500885576
2023-01-04 12:50:48.726000,-0.2655494809150696,-0.0012237332994118333
2023-01-04 12:51:48.636000,-0.24606606364250183,-0.0013279285049065948
2023-01-04 12:52:48.558000,-0.41025444865226746,-0.0012943703914061189
2023-01-04 12:53:48.568000,-0.48406025767326355,-0.0013273658696562052
2023-01-04 12:54:48.602000,-0.29879236221313477,-0.0013225714210420847
2023-01-04 12:55:48.620000,-0.6526781916618347,-0.0013753590174019337
2023-01-04 12:56:48.459000,-0.5940841436386108,-0.0012292142491787672
2023-01-04 12:57:48.530000,-0.24564771354198456,-0.0013645000290125608
2023-01-04 12:58:48.608000,-0.2786945402622223,-0.0013778000138700008
2023-01-04 12:59:48.936000,-0.27709001302719116,-0.0013435555156320333
2023-01-04 13:00:48.910000,-0.5299633145332336,-0.001336416695266962
2023-01-04 13:01:48.511000,-0.25920215249061584,-0.0013623611303046346
2023-01-04 13:02:48.474000,-0.24744969606399536,-0.001279368414543569
2023-01-04 13:03:48.583000,-0.8212839961051941,-0.0012359069660305977
2023-01-04 13:04:48.714000,-0.3314482271671295,-0.001272600027732551
2023-01-04 13:05:48.544000,-0.21461951732635498,-0.0013472040882334113
2023-01-04 13:06:48.460000,-0.19463777542114258,-0.0013981956290081143
2023-01-04 13:07:48.581000,-0.5433744192123413,-0.0013578684302046895
2023-01-04 13:08:48.531000,-0.29182958602905273,-0.001371157937683165
2023-01-04 13:09:48.577000,-0.287275493144989,-0.001395438564941287
2023-01-04 13:10:48.635000,-0.39310601353645325,-0.0014100571861490607
2023-01-04 13:11:48.586000,-0.9649993777275085,-0.001463956548832357
2023-01-04 13:12:48.552000,-0.298759788274765,-0.0013414871646091342
2023-01-04 13:13:48.580000,-0.3219057023525238,-0.0013563877437263727
2023-01-04 13:14:48.529000,-0.5497248768806458,-0.0013025510124862194
2023-01-04 13:15:48.625000,-0.4441496729850769,-0.001402326044626534
2023-01-04 13:16:48.783000,-0.2562798857688904,-0.0013882926432415843
2023-01-04 13:17:48.571000,-0.21980874240398407,-0.0014148973859846592
2023-01-04 13:18:48.720000,-0.5267456769943237,-0.0013478371547535062
2023-01-04 13:19:48.479000,-0.555385410785675,-0.001366072683595121
2023-01-04 13:20:48.708000,-0.13894227147102356,-0.0013906904496252537
2023-01-04 13:21:48.494000,-0.1689503937959671,-0.0013585789129137993
2023-01-04 13:22:48.541000,-0.45241042971611023,-0.001391259953379631
2023-01-04 13:23:49.554000,-0.14900590479373932,-0.001426595263183117
2023-01-04 13:24:48.596000,-0.15232118964195251,-0.0014160833088681102
2023-01-04 13:25:48.564000,-0.340045303106308,-0.0014480750542134047
2023-01-04 13:26:48.573000,-0.29063114523887634,-0.0014181591104716063
2023-01-04 13:27:48.780000,-0.5543110370635986,-0.0014133148360997438
2023-01-04 13:28:48.496000,-0.19392076134681702,-0.0013368182117119431
2023-01-04 13:29:48.510000,-0.4658784568309784,-0.0013882978819310665
2023-01-04 13:30:48.459000,-0.15929687023162842,-0.0014248235384002328
2023-01-04 13:31:48.439000,-0.12532654404640198,-0.0014096595114097
2023-01-04 13:32:48.572000,-0.0479298010468483,-0.0014205262996256351
2023-01-04 13:33:48.502000,-0.46104732155799866,-0.0013552320888265967
2023-01-04 13:34:48.529000,-0.13003003597259521,-0.0013897999888285995
2023-01-04 13:35:48.488000,-0.4728681743144989,-0.0014501666883006692
2023-01-04 13:36:48.541000,-0.2872653007507324,-0.0013470217818394303
2023-01-04 13:37:48.529000,-0.37471333146095276,-0.0014745142543688416
2023-01-04 13:38:48.496000,-0.10734093189239502,-0.0013827674556523561
2023-01-04 13:39:48.474000,-0.12305639684200287,-0.001400750013999641
2023-01-04 13:40:48.483000,-0.35531988739967346,-0.0013789755757898092
2023-01-04 13:41:48.542000,-0.17412738502025604,-0.00133050000295043
2023-01-04 13:42:48.459000,-0.12406653165817261,-0.0013703571166843176
2023-01-04 13:43:48.479000,-0.43692225217819214,-0.0013403333723545074
2023-01-04 13:44:48.496000,-0.48287147283554077,-0.0013773958198726177
2023-01-04 13:45:48.562000,-0.13841678202152252,-0.0013946944382041693
2023-01-04 13:46:48.431000,-0.27279433608055115,-0.001375538413412869
2023-01-04 13:47:48.496000,-0.34107473492622375,-0.0014073137426748872
2023-01-04 13:48:48.483000,-0.6687629222869873,-0.0014343889197334647
2023-01-04 13:49:48.472000,-0.3510075509548187,-0.0013984761899337173
2023-01-04 13:50:48.411000,-0.36376717686653137,-0.001344763208180666
2023-01-04 13:51:48.536000,-0.795353889465332,-0.0014016969362273812
2023-01-04 13:52:48.446000,-0.633315920829773,-0.0014157142722979188
2023-01-04 13:53:48.538000,-0.3379500210285187,-0.0013286444591358304
2023-01-04 13:54:48.602000,-0.2929078936576843,-0.0014454680494964123
2023-01-04 13:55:48.453000,-0.4946129620075226,-0.0014230555389076471
2023-01-04 13:56:48.476000,-0.3005387485027313,-0.0014413191238418221
2023-01-04 13:57:48.458000,-0.2466779351234436,-0.00143264583311975
2023-01-04 13:58:48.417000,-0.21043993532657623,-0.001356520806439221
2023-01-04 13:59:48.542000,-0.8592529892921448,-0.0014289473183453083
2023-01-04 14:00:48.612000,-0.2733032703399658,-0.0014122249558568
2023-01-04 14:01:48.564000,-0.14210592210292816,-0.001488925889134407
2023-01-04 14:02:48.738000,-0.20245464146137238,-0.0014518749667331576
2023-01-04 14:03:48.464000,-0.45266014337539673,-0.00135323335416615
2023-01-04 14:04:48.698000,-0.18735936284065247,-0.00132706668227911
2023-01-04 14:05:48.430000,-0.213397815823555,-0.0013458000030368567
2023-01-04 14:06:48.473000,-0.3484160006046295,-0.0013172563631087542
2023-01-04 14:07:48.536000,-0.6581001877784729,-0.001416956540197134
2023-01-04 14:08:48.379000,-0.24258144199848175,-0.0013904871884733438
2023-01-04 14:09:48.427000,-0.1807958483695984,-0.0014059729874134064
2023-01-04 14:10:48.431000,-0.505847692489624,-0.001375913037918508
2023-01-04 14:11:48.555000,-0.25027996301651,-0.001408000010997057
2023-01-04 14:12:48.809000,-0.20753024518489838,-0.001406688941642642
2023-01-04 14:13:48.409000,-0.20977531373500824,-0.0013816904975101352
2023-01-04 14:14:48.441000,-0.5582558512687683,-0.0014519512187689543
2023-01-04 14:15:48.523000,-0.5901782512664795,-0.0014169302303344011
2023-01-04 14:16:48.489000,-0.23872466385364532,-0.0014253060799092054
2023-01-04 14:17:48.495000,-0.3082519769668579,-0.0013413589913398027
2023-01-04 14:18:48.585000,-0.46022817492485046,-0.0013818510342389345
2023-01-04 14:19:48.465000,-0.19102409482002258,-0.0014794489834457636
2023-01-04 14:20:48.477000,-0.2145543396472931,-0.0013975576730445027
2023-01-04 14:21:48.435000,-0.3561171591281891,-0.0013337804703041911
2023-01-04 14:22:48.470000,-0.318266898393631,-0.0013235814403742552
2023-01-04 14:23:48.421000,-0.6355992555618286,-0.0014834871981292963
2023-01-04 14:24:48.448000,-0.27230536937713623,-0.0013956944458186626
2023-01-04 14:25:48.500000,-0.621695876121521,-0.0014965749578550458
2023-01-04 14:26:48.462000,-0.32294222712516785,-0.0013528157724067569
2023-01-04 14:27:48.346000,-0.26912057399749756,-0.001461092964746058
2023-01-04 14:28:48.501000,-0.20205222070217133,-0.0014504999853670597
2023-01-04 14:29:48.403000,-0.5305772423744202,-0.0013898065080866218
2023-01-04 14:30:48.362000,-0.17470595240592957,-0.0013776874402537942
2023-01-04 14:31:48.605000,-0.5684420466423035,-0.0014351363060995936
2023-01-04 14:32:48.415000,-0.17265218496322632,-0.0014566410100087523
2023-01-04 14:33:48.417000,-0.4084986746311188,-0.0014493409544229507
2023-01-04 14:34:48.782000,-0.16740219295024872,-0.001419621636159718
2023-01-04 14:35:48.480000,-0.1178777813911438,-0.00142379489261657
2023-01-04 14:36:48.399000,-0.247056782245636,-0.0014260000316426158
2023-01-04 14:37:48.391000,-0.3202762305736542,-0.0014151509385555983
2023-01-04 14:38:48.385000,-0.11888151615858078,-0.0014373674057424068
2023-01-04 14:39:48.367000,-0.5178335905075073,-0.0014158444246277213
2023-01-04 14:40:48.330000,-0.4240108132362366,-0.0014519024407491088
2023-01-04 14:41:48.513000,-0.17365258932113647,-0.0014269000384956598
2023-01-04 14:42:48.424000,-0.08564331382513046,-0.0015216600149869919
2023-01-04 14:43:48.419000,-0.20487721264362335,-0.001402021269313991
2023-01-04 14:44:48.394000,-0.5348536968231201,-0.0014525000005960464
2023-01-04 14:45:48.370000,-0.20373891294002533,-0.0013903392245993018
2023-01-04 14:46:48.509000,-0.21164274215698242,-0.0013624499551951885
2023-01-04 14:47:48.404000,-0.6336922645568848,-0.00152506900485605
2023-01-04 14:48:48.816000,-0.5553874373435974,-0.001479709637351334
2023-01-04 14:49:48.356000,-0.23235686123371124,-0.0013492647558450699
2023-01-04 14:50:48.469000,-0.19631505012512207,-0.0014471730682998896
2023-01-04 14:51:48.375000,-0.36419299244880676,-0.0014482438564300537
2023-01-04 14:52:48.361000,-0.4075007736682892,-0.0014567916514351964
2023-01-04 14:53:48.426000,-0.2265845388174057,-0.0014024615520611405
2023-01-04 14:54:48.320000,-0.2739710807800293,-0.0014792075380682945
2023-01-04 14:55:48.336000,-0.8897152543067932,-0.0014848684659227729
2023-01-04 14:56:48.361000,-0.35442396998405457,-0.0015416486421599984
2023-01-04 14:57:48.435000,-0.2799282371997833,-0.001369195175357163
2023-01-04 14:58:48.346000,-0.20061860978603363,-0.001438450999557972
2023-01-04 15:00:48.511000,-0.21062329411506653,-0.001454074983485043
2023-01-04 15:01:48.350000,-0.26318395137786865,-0.0014414583565667272
2023-01-04 15:02:48.418000,-0.3279789984226227,-0.0014650392113253474
2023-01-04 15:03:48.519000,-0.9586933851242065,-0.0014835535548627377
2023-01-04 15:04:48.382000,-0.40006333589553833,-0.001423393958248198
2023-01-04 15:05:48.315000,-0.3106476366519928,-0.0014755207812413573
2023-01-04 15:06:48.335000,-0.3362399935722351,-0.0014606221811845899
2023-01-04 15:07:48.340000,-0.5209491848945618,-0.0014906215947121382
2023-01-04 15:08:48.462000,-0.3558892607688904,-0.0014218536671251059
2023-01-04 15:09:48.427000,-0.2696188986301422,-0.0014447272988036275
2023-01-04 15:10:48.413000,-0.2075304538011551,-0.0015449200291186571
2023-01-04 15:11:48.410000,-0.6802303791046143,-0.0014765526866540313
2023-01-04 15:12:48.342000,-0.4166482388973236,-0.0012801176635548472
2023-01-04 15:13:48.336000,-0.21856458485126495,-0.0014510555192828178
2023-01-04 15:14:48.363000,-0.17082518339157104,-0.0012193889124318957
2023-01-04 15:15:48.299000,-0.27599087357521057,-0.001260999939404428
2023-01-04 15:16:48.265000,-0.43774065375328064,-0.0015370952896773815
2023-01-04 15:17:48.407000,-0.16079305112361908,-0.0014464693376794457
2023-01-04 15:18:48.349000,-0.16926929354667664,-0.0014399499632418156
2023-01-04 15:19:48.409000,-0.5225350856781006,-0.0014289756072685122
2023-01-04 15:20:48.360000,-0.47726675868034363,-0.0014377692714333534
2023-01-04 15:21:48.334000,-0.16207455098628998,-0.001403431873768568
2023-01-04 15:22:48.396000,-0.1387835144996643,-0.0013962105149403214
2023-01-04 15:23:48.350000,-0.1549190878868103,-0.0014853635802865028
2023-01-04 15:24:48.418000,-0.17186963558197021,-0.0014248499646782875
2023-01-04 15:25:48.311000,-0.33144205808639526,-0.0014121750136837363
2023-01-04 15:26:48.412000,-0.10029646754264832,-0.0013932058354839683
2023-01-04 15:27:48.397000,-0.462444543838501,-0.0013622856931760907
2023-01-04 15:28:48.329000,-0.10461363196372986,-0.001400545472279191
2023-01-04 15:29:48.304000,-0.1465265154838562,-0.0014141080901026726
2023-01-04 15:30:48.341000,-0.36300888657569885,-0.0014003333635628223
2023-01-04 15:31:48.264000,-0.0972476676106453,-0.0013669778127223253
2023-01-04 15:32:48.249000,-0.12166786193847656,-0.001468166708946228
2023-01-04 15:33:48.288000,-0.12743714451789856,-0.0014338571345433593
2023-01-04 15:34:48.558000,-0.15411590039730072,-0.0014442321844398975
2023-01-04 15:35:48.329000,-0.8039397597312927,-0.0014731372939422727
2023-01-04 15:36:48.379000,-0.14644207060337067,-0.0014999333070591092
2023-01-04 15:37:48.378000,-0.1423790603876114,-0.0014458182267844677
2023-01-04 15:38:48.468000,-0.2419792264699936,-0.001402456546202302
2023-01-04 15:39:48.320000,-0.3276275098323822,-0.0013672570930793881
2023-01-04 15:40:48.344000,-0.7110773921012878,-0.0014732391573488712
2023-01-04 15:41:48.365000,-0.4493706226348877,-0.0012366578448563814
2023-01-04 15:42:48.274000,-0.5066166520118713,-0.0013767173513770103
2023-01-04 15:43:48.241000,-0.6174083948135376,-0.0014625475741922855
2023-01-04 15:44:48.224000,-0.34898167848587036,-0.0014576222747564316
2023-01-04 15:45:48.341000,-0.6176260113716125,-0.0013451521517708898
2023-01-04 15:46:48.362000,-0.32087647914886475,-0.0014081052504479885
2023-01-04 15:47:48.283000,-0.2750544846057892,-0.0014102726709097624
2023-01-04 15:48:48.282000,-0.2669389843940735,-0.0015216052997857332
2023-01-04 15:49:48.268000,-0.26795992255210876,-0.0014813999878242612
2023-01-04 15:50:48.292000,-0.8919041752815247,-0.001381578971631825
2023-01-04 15:51:48.375000,-0.3372480273246765,-0.0013782571768388152
2023-01-04 15:52:48.294000,-0.2796160578727722,-0.0014222630998119712
2023-01-04 15:53:48.272000,-0.2609056234359741,-0.001421323511749506
2023-01-04 15:54:48.313000,-0.23710986971855164,-0.0015330277383327484
2023-01-04 15:55:48.333000,-0.4651433229446411,-0.0014653255930170417
2023-01-04 15:56:48.347000,-0.23136740922927856,-0.0014901000540703535
2023-01-04 15:57:48.671000,-0.24396078288555145,-0.0015375800430774689
2023-01-04 15:58:48.252000,-0.5980057716369629,-0.0014724499778822064
2023-01-04 15:59:48.579000,-0.23413632810115814,-0.0015906562330201268
2023-01-04 16:00:48.334000,-0.42920413613319397,-0.0015199310146272182
2023-01-04 16:01:48.319000,-0.3794705867767334,-0.0013984848046675324
2023-01-04 16:02:48.263000,-0.18233714997768402,-0.0013918888289481401
2023-01-04 16:03:48.301000,-0.16645435988903046,-0.0013614665949717164
2023-01-04 16:04:48.409000,-0.1914222687482834,-0.0015549047384411097
2023-01-04 16:05:48.243000,-0.42226511240005493,-0.0014081071130931377
2023-01-04 16:06:48.205000,-0.6026661396026611,-0.001478633377701044
2023-01-04 16:07:48.294000,-0.15265049040317535,-0.0013670881744474173
2023-01-04 16:08:48.303000,-0.1597072035074234,-0.0014777291798964143
2023-01-04 16:09:48.355000,-0.1639123558998108,-0.001472857198677957
2023-01-04 16:10:48.265000,-0.1563311070203781,-0.0014964600559324026
2023-01-04 16:11:48.269000,-0.4464851915836334,-0.0014762195060029626
2023-01-04 16:12:48.204000,-0.16090475022792816,-0.0014909827150404453
2023-01-04 16:13:48.317000,-0.52751225233078,-0.0015224999515339732
2023-01-04 16:14:48.334000,-0.24280767142772675,-0.0014990587951615453
2023-01-04 16:15:48.331000,-0.2202501744031906,-0.0015579317696392536
2023-01-04 16:16:48.267000,-0.5522269606590271,-0.0015028666239231825
2023-01-04 16:17:48.228000,-0.2748192846775055,-0.0014064389979466796
2023-01-04 16:18:48.255000,-0.3062897026538849,-0.0013966764090582728
2023-01-04 16:19:48.273000,-0.29389074444770813,-0.0015176304150372744
2023-01-04 16:20:48.277000,-0.26012808084487915,-0.0013955000322312117
2023-01-04 16:21:48.329000,-0.9189271926879883,-0.001530659617856145
2023-01-04 16:22:48.303000,-0.21098493039608002,-0.0014871956082060933
2023-01-04 16:23:48.516000,-0.20032955706119537,-0.0015131818363443017
2023-01-04 16:24:48.252000,-0.1749473214149475,-0.0014026216231286526
2023-01-04 16:25:48.294000,-0.1027822196483612,-0.0013920000055804849
2023-01-04 16:26:48.297000,-0.42786866426467896,-0.0013991944724693894
2023-01-04 16:27:48.312000,-0.11928528547286987,-0.0013782040914520621
2023-01-04 16:28:48.243000,-0.16389435529708862,-0.0013754523824900389
2023-01-04 16:29:48.184000,-0.4350575804710388,-0.0014738979516550899
2023-01-04 16:30:48.309000,-0.12894713878631592,-0.0014847368001937866
2023-01-04 16:31:48.318000,-0.3825095295906067,-0.0014422641834244132
2023-01-04 16:32:48.515000,-0.1291441023349762,-0.0014810909051448107
2023-01-04 16:33:48.183000,-0.1305052787065506,-0.0014566590543836355
2023-01-04 16:34:48.199000,-0.11670350283384323,-0.0014094053767621517
2023-01-04 16:35:48.224000,-0.1703033298254013,-0.0014554390218108892
2023-01-04 16:36:48.269000,-0.6215065717697144,-0.0014716730220243335
2023-01-04 16:37:48.247000,-0.49721094965934753,-0.0014810789143666625
2023-01-04 16:38:48.242000,-0.251400887966156,-0.0014188889181241393
2023-01-04 16:39:48.226000,-0.20337776839733124,-0.0014619231224060059
2023-01-04 16:40:48.335000,-0.4866407811641693,-0.0014228771906346083
2023-01-04 16:41:48.270000,-0.18783007562160492,-0.0015535750426352024
2023-01-04 16:42:48.286000,-0.2208903431892395,-0.0015193333383649588
2023-01-04 16:43:48.157000,-0.21785061061382294,-0.0014285714132711291
2023-01-04 16:44:48.220000,-0.7256354093551636,-0.0014290789840742946
2023-01-04 16:45:48.211000,-0.40483927726745605,-0.0013520930660888553
2023-01-04 16:46:48.192000,-0.24729056656360626,-0.0014475744683295488
2023-01-04 16:47:48.148000,-0.20781971514225006,-0.0014054074417799711
2023-01-04 16:48:48.323000,-0.38495367765426636,-0.001446805545128882
2023-01-04 16:49:48.161000,-0.3390849828720093,-0.0013667045859619975
2023-01-04 16:50:48.215000,-0.23781397938728333,-0.001376543426886201
2023-01-04 16:51:48.243000,-0.22657054662704468,-0.001443224959075451
2023-01-04 16:52:48.221000,-0.7562405467033386,-0.0013988163555040956
2023-01-04 16:53:48.262000,-0.36455145478248596,-0.0013597954530268908
2023-01-04 16:54:48.209000,-0.3176782727241516,-0.0013433684362098575
2023-01-04 16:55:48.270000,-0.3319909870624542,-0.0016917857574298978
2023-01-04 16:56:48.309000,-0.4346160888671875,-0.0015649019042029977
2023-01-04 16:57:48.185000,-0.5450758934020996,-0.0014617429114878178
2023-01-04 16:58:48.418000,-0.3224489390850067,-0.0015316000208258629
2023-01-04 16:59:48.271000,-0.4041019678115845,-0.0014355555176734924
2023-01-04 17:00:48.126000,-0.6481775045394897,-0.0013427352532744408
2023-01-04 17:01:48.201000,-0.5363140106201172,-0.0014877441572025418
2023-01-04 17:02:48.230000,-0.23790431022644043,-0.0016259258845821023
2023-01-04 17:03:48.188000,-0.25094494223594666,-0.0015057111158967018
2023-01-04 17:04:48.229000,-0.26269152760505676,-0.0014937500236555934
2023-01-04 17:05:48.242000,-0.4489061236381531,-0.0013694814406335354
2023-01-04 17:06:48.255000,-0.17445024847984314,-0.0013234054204076529
2023-01-04 17:07:48.213000,-0.4257640242576599,-0.0014359999913722277
2023-01-04 17:08:48.613000,-0.3793719410896301,-0.0012710285373032093
2023-01-04 17:09:48.239000,-0.45659852027893066,-0.0011922128032892942
2023-01-04 17:10:48.182000,-0.17530857026576996,-0.0013983636163175106
2023-01-04 17:11:48.230000,-0.1769459843635559,-0.0014367442345246673
2023-01-04 17:12:48.211000,-0.3205937445163727,-0.0012186364037916064
2023-01-04 17:13:48.139000,-0.4370672106742859,-0.0015200416091829538
2023-01-04 17:14:48.270000,-0.19829913973808289,-0.0013602332910522819
2023-01-04 17:15:48.253000,-0.5658901929855347,-0.0013216579100117087
2023-01-04 17:16:48.147000,-0.3360121548175812,-0.001570079941302538
2023-01-04 17:17:48.135000,-0.3571229577064514,-0.001187444431707263
2023-01-04 17:18:48.222000,-0.14485226571559906,-0.0011411500163376331
2023-01-04 17:19:48.140000,-0.09145073592662811,-0.0014386604307219386
2023-01-04 17:20:48.233000,-0.28584587574005127,-0.0012979523744434118
2023-01-04 17:21:48.209000,-0.23756654560565948,-0.0014773181173950434
2023-01-04 17:22:48.132000,-0.047017015516757965,-0.0012067111674696207
2023-01-04 17:23:48.156000,-0.48870065808296204,-0.0014047636650502682
2023-01-04 17:24:48.325000,-0.2875461280345917,-0.0014994499506428838
2023-01-04 17:25:48.080000,-0.1460733264684677,-0.0013766667107120156
2023-01-04 17:26:48.164000,-0.11446201801300049,-0.0013981935335323215
2023-01-04 17:27:48.233000,-0.10757821798324585,-0.0014783823862671852
2023-01-04 17:28:48.226000,-0.3240004777908325,-0.0014048222219571471
2023-01-04 17:29:48.151000,-0.10658188164234161,-0.0014177708653733134
2023-01-04 17:30:48.204000,-0.18389511108398438,-0.001451736781746149
2023-01-04 17:31:48.185000,-0.43629100918769836,-0.0013511315919458866
2023-01-04 17:32:48.140000,-0.49106720089912415,-0.001261904719285667
2023-01-04 17:33:48.202000,-0.3386216163635254,-0.0013712092768400908
2023-01-04 17:34:48.142000,-0.35414841771125793,-0.0013329630019143224
2023-01-04 17:35:48.193000,-0.41055482625961304,-0.0013966136611998081
2023-01-04 17:36:48.266000,-0.6706618666648865,-0.0014599423157051206
2023-01-04 17:37:48.128000,-0.3278827369213104,-0.001443185145035386
2023-01-04 17:38:48.093000,-0.5595566630363464,-0.0014689655508846045
2023-01-04 17:39:48.189000,-0.4805682599544525,-0.001531431800685823
2023-01-04 17:40:48.221000,-0.569277286529541,-0.0012910908553749323
2023-01-04 17:41:48.174000,-0.27991044521331787,-0.0014516799710690975
2023-01-04 17:42:48.177000,-0.24297478795051575,-0.001380710513330996
2023-01-04 17:43:48.090000,-0.3414451479911804,-0.0014362161746248603
2023-01-04 17:44:48.085000,-0.47458672523498535,-0.0014612399972975254
2023-01-04 17:45:48.112000,-0.23226994276046753,-0.0014367499388754368
2023-01-04 17:46:48.173000,-0.5857760310173035,-0.001414263155311346
2023-01-04 17:47:48.185000,-0.5234449505805969,-0.0014512264169752598
2023-01-04 17:48:48.126000,-0.2630118131637573,-0.0016101860674098134
2023-01-04 17:49:48.135000,-0.21350912749767303,-0.001358555513434112
2023-01-04 17:50:48.175000,-0.23555947840213776,-0.001711893593892455
2023-01-04 17:51:48.147000,-0.5293830633163452,-0.001564115402288735
2023-01-04 17:52:48.099000,-0.21303483843803406,-0.0014607999473810196
2023-01-04 17:53:48.296000,-0.2319781333208084,-0.0017145106103271246
2023-01-04 17:54:48.100000,-0.6087493896484375,-0.0014096341328695416
2023-01-04 17:55:48.139000,-0.534224271774292,-0.0012155789881944656
2023-01-04 17:56:48.273000,-0.17949844896793365,-0.001579844392836094
2023-01-04 17:57:48.076000,-0.20313341915607452,-0.0014891874743625522
2023-01-04 17:58:48.096000,-0.28113478422164917,-0.0016337871784344316
2023-01-04 17:59:48.117000,-0.4489964246749878,-0.0014909999445080757
2023-01-04 18:00:48.070000,-0.14996127784252167,-0.0013937857002019882
2023-01-04 18:01:48.178000,-0.24582670629024506,-0.0014098038664087653
2023-01-04 18:02:48.139000,-0.6063546538352966,-0.0014136176323518157
2023-01-04 18:03:48.215000,-0.3233609199523926,-0.0014542825520038605
2023-01-04 18:04:48.122000,-0.1539159119129181,-0.0013831944670528173
2023-01-04 18:05:48.107000,-0.13517972826957703,-0.0013608846347779036
2023-01-04 18:06:48.117000,-0.42914092540740967,-0.0015819333493709564
2023-01-04 18:07:48.178000,-0.2019575834274292,-0.0013006499502807856
2023-01-04 18:08:48.102000,-0.13712741434574127,-0.0014748182147741318
2023-01-04 18:09:48.493000,-0.4718021750450134,-0.0015046285698190331
2023-01-04 18:10:48.138000,-0.8240517377853394,-0.0015295861521735787
2023-01-04 18:11:48.103000,-0.2727055251598358,-0.0014385952381417155
2023-01-04 18:12:48.088000,-0.3270261287689209,-0.0015286578563973308
2023-01-04 18:13:48.167000,-0.3238275945186615,-0.0014293513959273696
2023-01-04 18:14:48.076000,-0.5602884888648987,-0.0014303477946668863
2023-01-04 18:15:48.015000,-0.2161358892917633,-0.001420099986717105
2023-01-04 18:16:48.262000,-0.18763986229896545,-0.0014576315879821777
2023-01-04 18:17:48.491000,-0.44522589445114136,-0.001418977277353406
2023-01-04 18:19:48.392000,-0.10575618594884872,-0.0013311143266037107
2023-01-04 18:20:48.439000,-0.11137419939041138,-0.001337449997663498
2023-01-04 18:21:48.051000,-0.22311066091060638,-0.0013415318680927157
2023-01-04 18:22:48.350000,-0.37111711502075195,-0.0015064390609040856
2023-01-04 18:23:48.013000,-0.09588148444890976,-0.0014523799763992429
2023-01-04 18:24:48.008000,-0.11242765188217163,-0.0014025191776454449
2023-01-04 18:25:48.107000,-0.7299637794494629,-0.0014854090986773372
2023-01-04 18:26:48.009000,-0.20766839385032654,-0.0014555909438058734
2023-01-04 18:27:48.066000,-0.11853678524494171,-0.0014255581190809608
2023-01-04 18:28:48.078000,-0.09669216722249985,-0.001408840878866613
2023-01-04 18:29:48.142000,-0.5224157571792603,-0.0014088974567130208
2023-01-04 18:30:48.133000,-0.23696717619895935,-0.0014367499388754368
2023-01-04 18:31:48.036000,-0.23719145357608795,-0.001435071462765336
2023-01-04 18:32:48.022000,-0.31879889965057373,-0.0014219777658581734
2023-01-04 18:33:48.110000,-0.9292480945587158,-0.0014609643258154392
2023-01-04 18:34:48.138000,-0.23128719627857208,-0.0014035318745300174
2023-01-04 18:35:48.008000,-0.29678213596343994,-0.0015114418929442763
2023-01-04 18:36:48.122000,-0.2706892192363739,-0.0015255305916070938
2023-01-04 18:37:48.171000,-0.5288233757019043,-0.0014153111260384321
2023-01-04 18:38:48.105000,-0.23381265997886658,-0.0013301875442266464
2023-01-04 18:39:48.019000,-0.22667653858661652,-0.001514382311142981
2023-01-04 18:40:48.065000,-0.4300181567668915,-0.0014690789394080639
2023-01-04 18:41:48.102000,-0.70253586769104,-0.0014389309799298644
2023-01-04 18:42:48.476000,-0.22261996567249298,-0.0014566666213795543
2023-01-04 18:43:48.091000,-0.21490785479545593,-0.0014520453987643123
2023-01-04 18:44:48.066000,-0.21064530313014984,-0.001431567594408989
2023-01-04 18:45:48.113000,-0.4516533613204956,-0.001421594643034041
2023-01-04 18:46:48.083000,-0.20937809348106384,-0.0014260339085012674
2023-01-04 18:47:48.015000,-0.2818783223628998,-0.0014203243190422654
2023-01-04 18:48:48.093000,-0.6985649466514587,-0.0015312082832679152
2023-01-04 18:49:48.322000,-0.542212188243866,-0.0013638570671901107
2023-01-04 18:50:48.097000,-0.30038535594940186,-0.0012770196190103889
2023-01-04 18:51:48.028000,-0.31971803307533264,-0.001533232512883842
2023-01-04 18:52:48.008000,-0.3489011526107788,-0.0014906045980751514
2023-01-04 18:53:47.984000,-0.5824640989303589,-0.0014934905339032412
2023-01-04 18:54:47.986000,-0.28232309222221375,-0.0013394500128924847
2023-01-04 18:55:47.983000,-0.2518637776374817,-0.001426288508810103
2023-01-04 18:56:48.067000,-0.7138280272483826,-0.0014244067715480924
2023-01-04 18:57:48.046000,-0.46161624789237976,-0.0014828400453552604
2023-01-04 18:58:48.009000,-0.21996474266052246,-0.0014337917091324925
2023-01-04 18:59:48.035000,-0.23704159259796143,-0.001664743642322719
2023-01-04 19:00:48.037000,-0.18843193352222443,-0.0014802092919126153
2023-01-04 19:01:48.039000,-0.4703870415687561,-0.0013707600301131606
2023-01-04 19:02:48.093000,-0.2095034420490265,-0.0014906111173331738
2023-01-04 19:03:48.011000,-0.3027586042881012,-0.0015262856613844633
2023-01-04 19:04:48.070000,-0.42536649107933044,-0.0012464054161682725
2023-01-04 19:05:48.031000,-0.4981832206249237,-0.0014439555816352367
2023-01-04 19:06:48.081000,-0.1895996779203415,-0.0016076458850875497
2023-01-04 19:07:48.030000,-0.20900090038776398,-0.0015190666308626533
2023-01-04 19:08:48.007000,-0.20893706381320953,-0.0016914999578148127
2023-01-04 19:09:48.039000,-0.47750186920166016,-0.0015121153555810452
2023-01-04 19:10:47.952000,-0.16940593719482422,-0.0013491713907569647
2023-01-04 19:11:48.086000,-0.39627930521965027,-0.0013446500524878502
2023-01-04 19:12:48.037000,-0.22310255467891693,-0.001417719293385744
2023-01-04 19:13:47.986000,-0.4347069561481476,-0.0014151738723739982
2023-01-04 19:14:48.158000,-0.12575118243694305,-0.0013393182307481766
2023-01-04 19:15:47.968000,-0.11279081553220749,-0.0015042631421238184
2023-01-04 19:16:48.041000,-0.12806303799152374,-0.0013865937944501638
2023-01-04 19:17:48.206000,-0.13365943729877472,-0.0014324706280604005
2023-01-04 19:18:47.999000,-0.4170140027999878,-0.0014093124773353338
2023-01-04 19:19:47.942000,-0.5118440985679626,-0.0014289792161434889
2023-01-04 19:20:48.023000,-0.06552443653345108,-0.0014584666350856423
2023-01-04 19:21:48.069000,-0.0895904004573822,-0.0015520952874794602
2023-01-04 19:22:48.018000,-0.13869085907936096,-0.001442260923795402
2023-01-04 19:23:47.999000,-0.3522475063800812,-0.0014267347287386656
2023-01-04 19:24:47.959000,-0.14779287576675415,-0.001439130399376154
2023-01-04 19:25:47.912000,-0.20707182586193085,-0.0014540243428200483
2023-01-04 19:26:48.078000,-0.33765745162963867,-0.0014123809523880482
2023-01-04 19:27:48.023000,-0.6694936156272888,-0.0015271081356331706
2023-01-04 19:28:47.998000,-0.5991541147232056,-0.001410981174558401
2023-01-04 19:29:48.103000,-0.3260144889354706,-0.0016049285186454654
2023-01-04 19:30:48.050000,-0.3191726803779602,-0.0014116443926468492
2023-01-04 19:31:48.017000,-0.32023361325263977,-0.0012616774765774608
2023-01-04 19:32:48.007000,-0.2270263284444809,-0.0013270857743918896
2023-01-04 19:33:48.174000,-0.5850588083267212,-0.0012647646944969893
2023-01-04 19:34:47.993000,-0.4137703776359558,-0.0013896521413698792
2023-01-04 19:35:47.920000,-0.48431774973869324,-0.0013822999317198992
2023-01-04 19:36:47.944000,-0.27399104833602905,-0.001434057718142867
2023-01-04 19:37:48.006000,-0.2512834072113037,-0.0014307742239907384
2023-01-04 19:38:47.990000,-0.5353469848632812,-0.0013604332925751805
2023-01-04 19:39:47.987000,-0.2670655846595764,-0.001403666683472693
2023-01-04 19:40:48.018000,-0.21739616990089417,-0.0014898666413500905
2023-01-04 19:41:47.901000,-0.15634922683238983,-0.0014397143386304379
2023-01-04 19:42:47.997000,-0.6474301218986511,-0.0014467618893831968
2023-01-04 19:43:47.988000,-0.45906302332878113,-0.0014182999730110168
2023-01-04 19:44:48.009000,-0.20884516835212708,-0.0014873420586809516
2023-01-04 19:45:48.163000,-0.27366405725479126,-0.0014555660309270024
2023-01-04 19:46:47.928000,-0.20521150529384613,-0.0014585555763915181
2023-01-04 19:47:48.138000,-0.5160270929336548,-0.0014490262838080525
2023-01-04 19:48:47.907000,-0.2299685925245285,-0.001498613622970879
2023-01-04 19:49:47.897000,-0.20045526325702667,-0.001426864881068468
2023-01-04 19:50:48.013000,-0.5966639518737793,-0.0015259999781847
2023-01-04 19:51:47.875000,-0.22339192032814026,-0.0014931842451915145
2023-01-04 19:52:47.905000,-0.49896472692489624,-0.0014356052270159125
2023-01-04 19:53:47.879000,-0.2363261878490448,-0.0014754864387214184
2023-01-04 19:54:47.932000,-0.23723597824573517,-0.0015014499658718705
2023-01-04 19:55:47.936000,-0.18468336760997772,-0.0014386250404641032
2023-01-04 19:56:47.973000,-0.17886388301849365,-0.0014926136936992407
2023-01-04 19:57:48.106000,-0.5717321038246155,-0.0014056749641895294
2023-01-04 19:58:47.935000,-0.40892183780670166,-0.0014757872559130192
2023-01-04 19:59:47.975000,-0.17357487976551056,-0.0014035238418728113
2023-01-04 20:00:47.979000,-0.14888204634189606,-0.0015076316194608808
2023-01-04 20:01:47.915000,-0.17907367646694183,-0.0014841175870969892
2023-01-04 20:02:47.865000,-0.558620274066925,-0.0014586744364351034
2023-01-04 20:03:47.900000,-0.24272815883159637,-0.0014960255939513445
2023-01-04 20:04:47.951000,-0.24633319675922394,-0.0014827561099082232
2023-01-04 20:05:47.892000,-0.5628021359443665,-0.0014627500204369426
2023-01-04 20:06:47.938000,-0.3226703405380249,-0.001481125014834106
2023-01-04 20:07:47.992000,-0.44020751118659973,-0.0014103333232924342
2023-01-04 20:08:47.993000,-0.26092690229415894,-0.0013482380891218781
2023-01-04 20:09:47.898000,-0.13612644374370575,-0.0015376666560769081
2023-01-04 20:10:47.938000,-0.11557261645793915,-0.00119880645070225
2023-01-04 20:11:47.888000,-0.13233788311481476,-0.0013458260800689459
2023-01-04 20:12:47.931000,-0.20328791439533234,-0.0014712749980390072
2023-01-04 20:13:48.050000,-0.7371053695678711,-0.001631279126740992
2023-01-04 20:14:48.031000,-0.13492421805858612,-0.0013994722394272685
2023-01-04 20:15:47.871000,-0.11752243340015411,-0.001581238117069006
2023-01-04 20:16:48.157000,-0.1390613317489624,-0.001410930184647441
2023-01-04 20:17:47.891000,-0.1269158273935318,-0.0014936364023014903
2023-01-04 20:18:47.863000,-0.39984461665153503,-0.0014115952653810382
2023-01-04 20:19:47.876000,-0.12012317031621933,-0.0014011707389727235
2023-01-04 20:20:47.945000,-0.2845103442668915,-0.0014525651931762695
2023-01-04 20:21:47.978000,-0.36066505312919617,-0.0014482249971479177
2023-01-04 20:22:47.984000,-0.2622327506542206,-0.0014642500318586826
2023-01-04 20:23:47.875000,-0.3810701072216034,-0.0013848048401996493
2023-01-04 20:24:47.978000,-0.1841420978307724,-0.001435857149772346
2023-01-04 20:25:47.965000,-0.2058560699224472,-0.0014446511631831527
2023-01-04 20:26:47.942000,-0.17943836748600006,-0.0014547667233273387
2023-01-04 20:27:47.862000,-0.48188915848731995,-0.0014439444057643414
2023-01-04 20:28:47.887000,-0.5540230870246887,-0.0014360526110976934
2023-01-04 20:29:47.912000,-0.22590428590774536,-0.0013733142986893654
2023-01-04 20:30:47.973000,-0.17609471082687378,-0.0014084749855101109
2023-01-04 20:31:47.879000,-0.5128200054168701,-0.0014258292503654957
2023-01-04 20:32:47.940000,-0.18908095359802246,-0.0013785581104457378
2023-01-04 20:33:47.895000,-0.20151984691619873,-0.0014082040870562196
2023-01-04 20:34:47.898000,-0.26477673649787903,-0.001497113611549139
2023-01-04 20:35:47.945000,-0.509330153465271,-0.0014510732144117355
2023-01-04 20:36:47.823000,-0.5563616752624512,-0.0014026511926203966
2023-01-04 20:37:47.828000,-0.2053755819797516,-0.0014535625232383609
2023-01-04 20:38:47.905000,-0.19201940298080444,-0.0014544499572366476
2023-01-04 20:39:47.922000,-0.5370206236839294,-0.0014834412140771747
2023-01-04 20:40:47.863000,-0.2830820679664612,-0.0015343499835580587
2023-01-04 20:41:47.926000,-0.23740702867507935,-0.0014477894874289632
2023-01-04 20:42:47.839000,-0.42055943608283997,-0.00138944445643574
2023-01-04 20:43:47.864000,-0.7510576844215393,-0.0014563000295311213
2023-01-04 20:44:47.966000,-0.5241397023200989,-0.0013707948382943869
2023-01-04 20:45:47.949000,-0.3446422219276428,-0.0013817499857395887
2023-01-04 20:46:47.843000,-0.572949230670929,-0.001377486507408321
2023-01-04 20:47:47.902000,-0.3017592430114746,-0.0013929412234574556
2023-01-04 20:48:48.106000,-0.2735477089881897,-0.0014396279584616423
2023-01-04 20:49:47.867000,-0.2483770251274109,-0.001410078490152955
2023-01-04 20:50:47.867000,-0.5686097741127014,-0.0014055862557142973
2023-01-04 20:51:47.882000,-0.7318289875984192,-0.0014093243516981602
2023-01-04 20:52:47.863000,-0.5411468744277954,-0.0014094888465479016
2023-01-04 20:53:47.925000,-0.5424594283103943,-0.0014907708391547203
2023-01-04 20:54:47.917000,-0.8578340411186218,-0.001363828545436263
2023-01-04 20:55:47.796000,-0.5499754548072815,-0.001389424200169742
2023-01-04 20:56:47.925000,-0.6069856882095337,-0.0015226969262585044
2023-01-04 20:57:47.829000,-0.5916305780410767,-0.0014799523632973433
2023-01-04 20:58:47.844000,-0.8166472315788269,-0.0014914871426299214
2023-01-04 20:59:47.874000,-0.7468440532684326,-0.001432435936294496
2023-01-04 21:00:47.873000,-0.5868450999259949,-0.0014148979680612683
2023-01-04 21:01:47.943000,-0.565277099609375,-0.0013530768919736147
2023-01-04 21:02:47.929000,-0.5912142395973206,-0.0013874889118596911
2023-01-04 21:03:47.913000,-0.5798430442810059,-0.0015036666300147772
2023-01-04 21:04:47.822000,-0.5606420040130615,-0.001409261953085661
2023-01-04 21:05:47.879000,-0.6132930517196655,-0.0013547837734222412
2023-01-04 21:06:47.775000,-0.9272592663764954,-0.001360511058010161
2023-01-04 21:07:47.879000,-0.6016265153884888,-0.0014443888794630766
2023-01-04 21:08:47.906000,-0.5971222519874573,-0.0013745869509875774
2023-01-04 21:09:47.942000,-0.5664420127868652,-0.0014536326052621007
2023-01-04 21:10:47.839000,-0.5600709915161133,-0.0014027199940755963
2023-01-04 21:11:48.110000,-0.5265330076217651,-0.0014299347531050444
2023-01-04 21:12:48.078000,-0.43288734555244446,-0.0014245957136154175
2023-01-04 21:13:47.902000,-0.7547311782836914,-0.001394136343151331
2023-01-04 21:14:47.890000,-0.551585853099823,-0.0014487254666164517
2023-01-04 21:15:47.843000,-0.4170410931110382,-0.001381208305247128
2023-01-04 21:16:48.154000,-0.4845784604549408,-0.0014694681158289313
2023-01-04 21:17:47.785000,-0.5171240568161011,-0.0014952068449929357
2023-01-04 21:18:47.877000,-0.516234815120697,-0.0014600638533011079
2023-01-04 21:19:47.835000,-0.4896683990955353,-0.0013168846489861608
2023-01-04 21:20:47.890000,-0.4810450077056885,-0.001401719986461103
2023-01-04 21:21:47.882000,-0.6176612377166748,-0.0014016571221873164
2023-01-04 21:22:48.049000,-0.2885749936103821,-0.0014515946386381984
2023-01-04 21:23:47.889000,-0.27915945649147034,-0.0014168444322422147
2023-01-04 21:24:47.807000,-0.2335200160741806,-0.0014374166494235396
2023-01-04 21:25:47.853000,-0.22619739174842834,-0.001427931827493012
2023-01-04 21:26:47.843000,-0.20944032073020935,-0.0014092916389927268
2023-01-04 21:27:47.791000,-0.18504302203655243,-0.001431136392056942
2023-01-04 21:28:47.897000,-0.5083281993865967,-0.0014209130313247442
2023-01-04 21:29:47.850000,-0.41346028447151184,-0.001388354110531509
2023-01-04 21:30:47.874000,-0.3597717881202698,-0.0012809636536985636
2023-01-04 21:31:47.736000,-0.355509877204895,-0.0013664468424394727
2023-01-04 21:32:47.792000,-0.41180047392845154,-0.00136055878829211
2023-01-04 21:33:47.771000,-0.4439269006252289,-0.0015675999457016587
2023-01-04 21:34:47.840000,-0.43299195170402527,-0.0014155142707750201
2023-01-04 21:35:47.839000,-0.43573108315467834,-0.0015082500176504254
2023-01-04 21:36:47.818000,-0.7987396121025085,-0.0015109361847862601
2023-01-04 21:37:47.773000,-0.34173884987831116,-0.0014725789660587907
2023-01-04 21:38:47.865000,-0.3016101121902466,-0.0014712499687448144
2023-01-04 21:39:47.747000,-0.31628140807151794,-0.0014413888566195965
2023-01-04 21:40:47.774000,-0.2903185784816742,-0.0014152857474982738
2023-01-04 21:41:47.861000,-0.27408888936042786,-0.001402578898705542
2023-01-04 21:42:47.788000,-0.2906540036201477,-0.0013564242981374264
2023-01-04 21:43:47.768000,-0.48909640312194824,-0.0014552128268405795
2023-01-04 21:44:47.728000,-0.52287757396698,-0.0014498181408271194
2023-01-04 21:45:47.926000,-0.3309759795665741,-0.0014288510428741574
2023-01-04 21:46:48.051000,-0.31088685989379883,-0.0015092790126800537
2023-01-04 21:47:47.784000,-0.32156097888946533,-0.0014477608492597938
2023-01-04 21:48:47.787000,-0.3325921595096588,-0.001464282046072185
2023-01-04 21:49:47.817000,-0.30604344606399536,-0.0014298999449238181
2023-01-04 21:50:47.781000,-0.3162776529788971,-0.0014636829728260636
2023-01-04 21:51:47.786000,-0.6939309239387512,-0.0013835800345987082
2023-01-04 21:52:47.932000,-0.3346933424472809,-0.0014797692419961095
2023-01-04 21:53:47.831000,-0.3366629183292389,-0.0013896315358579159
2023-01-04 21:54:47.828000,-0.3925415575504303,-0.0013727708719670773
2023-01-04 21:55:47.788000,-0.40542933344841003,-0.0014554749941453338
2023-01-04 21:56:47.758000,-0.4509960412979126,-0.0014167297631502151
2023-01-04 21:57:47.708000,-0.4151775538921356,-0.0014358048792928457
2023-01-04 21:58:47.732000,-0.3983210623264313,-0.0014843713724985719
2023-01-04 21:59:47.842000,-0.7873508930206299,-0.0013733243104070425
2023-01-04 22:00:47.772000,-0.38434258103370667,-0.001401152228936553
2023-01-04 22:01:47.841000,-0.39693793654441833,-0.0013913571601733565
2023-01-04 22:02:47.711000,-0.34056276082992554,-0.001397839980199933
2023-01-04 22:03:47.817000,-0.31800782680511475,-0.0013768571661785245
2023-01-04 22:04:47.797000,-0.3248837888240814,-0.0013473589206114411
2023-01-04 22:05:47.688000,-0.3216441869735718,-0.001379410270601511
2023-01-04 22:06:47.935000,-0.4426761269569397,-0.0014071667101234198
2023-01-04 22:07:47.747000,-0.5321308374404907,-0.0013422142947092652
2023-01-04 22:08:47.799000,-0.28866782784461975,-0.0013651599874719977
2023-01-04 22:09:47.716000,-0.2919714152812958,-0.0013613225892186165
2023-01-04 22:10:47.808000,-0.2638483941555023,-0.0013357499847188592
2023-01-04 22:11:47.746000,-0.277833491563797,-0.0012580588227137923
2023-01-04 22:12:47.743000,-0.25899094343185425,-0.0014298750320449471
2023-01-04 22:13:47.672000,-0.29028084874153137,-0.001339523820206523
2023-01-04 22:14:47.795000,-0.5651609301567078,-0.001347100012935698
2023-01-04 22:15:47.872000,-0.31841540336608887,-0.0014099499676376581
2023-01-04 22:16:47.805000,-0.20872944593429565,-0.0014199130237102509
2023-01-04 22:17:47.834000,-0.218414306640625,-0.0014086829032748938
2023-01-04 22:18:47.750000,-0.192753404378891,-0.0013194249477237463
2023-01-04 22:19:47.675000,-0.20777808129787445,-0.001333526335656643
2023-01-04 22:20:47.797000,-0.2548863887786865,-0.0013846999499946833
2023-01-04 22:21:47.731000,-0.21912449598312378,-0.0013596363132819533
2023-01-04 22:22:47.777000,-0.6247775554656982,-0.0012740000383928418
2023-01-04 22:23:47.983000,-0.24302011728286743,-0.0013679565163329244
2023-01-04 22:24:47.797000,-0.21803486347198486,-0.0013614773051813245
2023-01-04 22:25:47.849000,-0.2393866628408432,-0.0013580565573647618
2023-01-04 22:26:47.684000,-0.24922290444374084,-0.001232227310538292
2023-01-04 22:27:47.777000,-0.23338891565799713,-0.0013674999354407191
2023-01-04 22:28:47.671000,-0.26330137252807617,-0.001337708323262632
2023-01-04 22:29:47.862000,-0.4258962571620941,-0.0013172647450119257
2023-01-04 22:30:47.664000,-0.6319230198860168,-0.0014333860017359257
2023-01-04 22:31:47.796000,-0.39235609769821167,-0.0013810256496071815
2023-01-04 22:32:47.769000,-0.45149511098861694,-0.001420586253516376
2023-01-04 22:33:47.762000,-0.4669850468635559,-0.001393236336298287
2023-01-04 22:34:48.006000,-0.4744524657726288,-0.001354877487756312
2023-01-04 22:35:47.770000,-0.46712440252304077,-0.001402820460498333
2023-01-04 22:36:47.771000,-0.4682079553604126,-0.0013147692661732435
2023-01-04 22:37:47.737000,-0.7202120423316956,-0.0013859167229384184
2023-01-04 22:38:47.751000,-0.668646514415741,-0.001356562483124435
2023-01-04 22:39:47.674000,-0.529047966003418,-0.0013660464901477098
2023-01-04 22:40:47.935000,-0.4785304069519043,-0.0013563333777710795
2023-01-04 22:41:47.712000,-0.4881203770637512,-0.0013367027277126908
2023-01-04 22:42:47.779000,-0.4645693600177765,-0.0013566561974585056
2023-01-04 22:43:47.713000,-0.4376578629016876,-0.0013505499809980392
2023-01-04 22:44:47.915000,-0.38082221150398254,-0.0013648094609379768
2023-01-04 22:45:47.648000,-0.6898905038833618,-0.001403871807269752
2023-01-04 22:46:47.754000,-0.3924507200717926,-0.0013504772214218974
2023-01-04 22:47:47.710000,-0.3852542042732239,-0.001344249933026731
2023-01-04 22:48:47.723000,-0.3321477472782135,-0.0013508946867659688
2023-01-04 22:49:47.699000,-0.34908878803253174,-0.0013452272396534681
2023-01-04 22:50:47.789000,-0.35867244005203247,-0.0013562142848968506
2023-01-04 22:51:47.951000,-0.3631518483161926,-0.0014016471104696393
2023-01-04 22:52:47.724000,-0.3913905918598175,-0.0013532399898394942
2023-01-04 22:53:47.713000,-0.697388231754303,-0.0014074250357225537
2023-01-04 22:54:47.720000,-0.3364056646823883,-0.0012456579133868217
2023-01-04 22:55:47.679000,-0.3558177947998047,-0.0014355455059558153
2023-01-04 22:56:47.730000,-0.32612547278404236,-0.001319000031799078
2023-01-04 22:57:47.643000,-0.3125744163990021,-0.001368869561702013
2023-01-04 22:58:47.659000,-0.3329583406448364,-0.001367093063890934
2023-01-04 22:59:47.773000,-0.33074039220809937,-0.0013402127660810947
2023-01-04 23:00:47.689000,-0.5255760550498962,-0.0013880269834771752
2023-01-04 23:01:47.702000,-0.5103962421417236,-0.0013513589510694146
2023-01-04 23:02:47.679000,-0.3002479076385498,0.002239687368273735
2023-01-04 23:03:47.723000,-0.29269224405288696,-1.293182504014112e-05
2023-01-04 23:04:47.699000,-0.3342682421207428,-0.001350326114334166
2023-01-04 23:05:47.647000,-0.362518310546875,-0.0013310769572854042
2023-01-04 23:06:47.829000,-0.3648664057254791,-0.0013128627324476838
2023-01-04 23:07:47.787000,-0.389398992061615,-0.001340750022791326
2023-01-04 23:08:47.682000,-0.6715565919876099,-0.0007476923055946827
2023-01-04 23:09:47.773000,-0.5591374039649963,0.025312358513474464
2023-01-04 23:10:47.714000,-0.5261799097061157,0.010812940075993538
2023-01-04 23:11:47.794000,-0.4855130910873413,0.01305006816983223
2023-01-04 23:12:47.701000,-0.43313825130462646,0.014786948449909687
2023-01-04 23:13:47.648000,-0.46021759510040283,0.016865981742739677
2023-01-04 23:14:47.707000,-0.41004854440689087,0.019695665687322617
2023-01-04 23:15:47.690000,-0.3522714078426361,0.022212447598576546
2023-01-04 23:16:47.615000,-0.7134299874305725,0.023070000112056732
2023-01-04 23:17:47.721000,-0.3401554226875305,0.02283729426562786
2023-01-04 23:18:47.670000,-0.2884209156036377,0.023443058133125305
2023-01-04 23:19:47.859000,-0.2646031975746155,0.025551941245794296
2023-01-04 23:20:47.632000,-0.25944390892982483,0.025902358815073967
2023-01-04 23:21:47.709000,-0.27749165892601013,0.023367056623101234
2023-01-04 23:22:47.672000,-0.27072206139564514,0.021740594878792763
2023-01-04 23:23:47.650000,-0.4141849875450134,0.0206722691655159
2023-01-04 23:24:48.098000,-0.4928346276283264,0.020056070759892464
2023-01-04 23:25:47.955000,-0.24177691340446472,0.01723504438996315
2023-01-04 23:26:47.682000,-0.2200520634651184,0.01227086316794157
2023-01-04 23:27:47.733000,-0.21689090132713318,0.009221939370036125
2023-01-04 23:29:47.718000,-0.22188691794872284,0.010142538696527481
2023-01-04 23:30:47.663000,-0.3048762083053589,0.011936173774302006
2023-01-04 23:31:47.710000,-0.6093741059303284,0.014562942087650299
2023-01-04 23:32:47.721000,-0.39728236198425293,0.01652081310749054
2023-01-04 23:33:47.721000,-0.295505166053772,0.01716521568596363
2023-01-04 23:34:47.651000,-0.3437983989715576,0.017183078452944756
2023-01-04 23:35:47.636000,-0.3139764070510864,0.016734609380364418
2023-01-04 23:36:47.645000,-0.33668217062950134,0.01743139512836933
2023-01-04 23:37:47.919000,-0.3378465175628662,0.020552262663841248
2023-01-04 23:38:47.686000,-0.31152087450027466,0.024371827021241188
2023-01-04 23:39:47.817000,-0.6814350485801697,0.026979465037584305
2023-01-04 23:40:47.674000,-0.30923160910606384,0.028476905077695847
2023-01-04 23:41:47.623000,-0.314311683177948,0.030283499509096146
2023-01-04 23:42:47.630000,-0.28330719470977783,0.03382835164666176
2023-01-04 23:43:47.635000,-0.3086714446544647,0.03547927364706993
2023-01-04 23:44:47.828000,-0.2787129878997803,0.03625207021832466
2023-01-04 23:45:47.646000,-0.24710804224014282,0.036773331463336945
2023-01-04 23:46:47.599000,-0.4349299967288971,0.0381653718650341
2023-01-04 23:47:47.629000,-0.6230905652046204,0.03803090751171112
2023-01-04 23:48:47.618000,-0.3875744640827179,0.037202149629592896
2023-01-04 23:49:47.820000,-0.4110852777957916,0.03801047056913376
2023-01-04 23:50:47.606000,-0.4353092908859253,0.038895342499017715
2023-01-04 23:51:47.727000,-0.3767798840999603,0.0378880500793457
2023-01-04 23:52:47.635000,-0.39687612652778625,0.03888462111353874
2023-01-04 23:53:48.032000,-0.4003456234931946,0.04372764006257057
2023-01-04 23:54:47.587000,-0.6759662628173828,0.05160302296280861
2023-01-04 23:55:47.605000,-0.4543994665145874,0.061761025339365005
2023-01-04 23:56:47.610000,-0.3487192690372467,0.07329373061656952
2023-01-04 23:57:48.036000,-0.3060881793498993,0.08197465538978577
2023-01-04 23:58:47.878000,-0.3071984052658081,0.08736347407102585
2023-01-04 23:59:47.623000,-0.3289426863193512,0.2034352421760559
2023-01-05 00:00:47.587000,-0.23929931223392487,0.23967310786247253
2023-01-05 00:01:47.610000,-0.22573381662368774,0.25002825260162354
2023-01-05 00:02:47.638000,-0.6644154191017151,0.2614803612232208
2023-01-05 00:03:47.570000,-0.29410216212272644,0.26700636744499207
2023-01-05 00:04:47.570000,-0.3111988604068756,0.2606516182422638
2023-01-05 00:05:47.662000,-0.3214847445487976,0.25530093908309937
2023-01-05 00:06:47.613000,-0.3117697238922119,0.25610795617103577
2023-01-05 00:07:47.556000,-0.35386204719543457,0.2653273344039917
2023-01-05 00:08:47.675000,-0.3222496807575226,0.27675607800483704
2023-01-05 00:09:47.539000,-0.31038573384284973,0.2862475514411926
2023-01-05 00:10:47.584000,-0.6608676910400391,0.290090411901474
2023-01-05 00:11:47.568000,-0.22758765518665314,0.2872958779335022
2023-01-05 00:12:47.589000,-0.19234660267829895,0.2806493639945984
2023-01-05 00:13:47.636000,-0.21521930396556854,0.275302916765213
2023-01-05 00:14:47.540000,-0.19359315931797028,0.2722519636154175
2023-01-05 00:15:47.974000,-0.20725665986537933,0.2655145525932312
2023-01-05 00:16:47.601000,-0.21602173149585724,0.2596243619918823
2023-01-05 00:17:47.572000,-0.2940172851085663,0.2628164291381836
2023-01-05 00:18:47.507000,-0.47063907980918884,0.273112416267395
2023-01-05 00:19:47.555000,-0.17487433552742004,0.28201040625572205
2023-01-05 00:20:47.847000,-0.11333746463060379,0.28653332591056824
2023-01-05 00:21:47.571000,-0.09964068233966827,0.29149141907691956
2023-01-05 00:22:47.594000,-0.07385481894016266,0.2922911047935486
2023-01-05 00:23:47.618000,-0.10667599737644196,0.2925119996070862
2023-01-05 00:24:47.697000,-0.14452776312828064,0.2950820028781891
2023-01-05 00:25:47.630000,-0.3490462899208069,0.30246302485466003
2023-01-05 00:26:47.569000,-0.47153234481811523,0.31776928901672363
2023-01-05 00:27:47.802000,-0.3798021078109741,0.34395551681518555
2023-01-05 00:28:47.493000,-0.3725897967815399,0.36857470870018005
2023-01-05 00:29:47.654000,-0.3751884698867798,0.37887096405029297
2023-01-05 00:30:47.591000,-0.39604300260543823,0.37351998686790466
2023-01-05 00:31:47.637000,-0.3180241882801056,0.36921292543411255
2023-01-05 00:32:47.635000,-0.3394108712673187,0.3867488205432892
2023-01-05 00:33:47.613000,-0.5499129295349121,0.42281991243362427
2023-01-05 00:34:47.667000,-0.4040578305721283,0.4597855806350708
2023-01-05 00:35:47.519000,-0.29377490282058716,0.46628764271736145
2023-01-05 00:36:47.552000,-0.2562231421470642,0.44374746084213257
2023-01-05 00:37:47.548000,-0.26010847091674805,0.4333507716655731
2023-01-05 00:38:47.575000,-0.2698482871055603,0.4348081052303314
2023-01-05 00:39:47.531000,-0.2618301212787628,0.4356582462787628
2023-01-05 00:40:47.531000,-0.2311336249113083,0.42220816016197205
2023-01-05 00:41:47.508000,-0.5796293616294861,0.4065043330192566
2023-01-05 00:42:47.605000,-0.20970577001571655,0.39252641797065735
2023-01-05 00:43:47.573000,-0.21821220219135284,0.38484808802604675
2023-01-05 00:44:47.514000,-0.22662007808685303,0.39877307415008545
2023-01-05 00:45:47.719000,-0.22167667746543884,0.4363046884536743
2023-01-05 00:46:47.495000,-0.2176036834716797,0.474515825510025
2023-01-05 00:47:47.503000,-0.23327961564064026,0.4962811768054962
2023-01-05 00:48:47.558000,-0.23230135440826416,0.5144503712654114
2023-01-05 00:49:47.702000,-0.5950883626937866,0.5439527034759521
2023-01-05 00:50:47.514000,-0.24063098430633545,0.5730354189872742
2023-01-05 00:51:47.624000,-0.23720653355121613,0.5946929454803467
2023-01-05 00:52:47.527000,-0.22469277679920197,0.6110703945159912
2023-01-05 00:53:47.633000,-0.20228439569473267,0.6348259449005127
2023-01-05 00:54:47.551000,-0.18669036030769348,0.7249613404273987
2023-01-05 00:55:47.539000,-0.15060916543006897,0.8082557916641235
2023-01-05 00:56:47.642000,-0.24401448667049408,0.8371791243553162
2023-01-05 00:57:47.527000,-0.4947109818458557,0.8092650175094604
2023-01-05 00:58:47.569000,-0.16615436971187592,0.7607105374336243
2023-01-05 00:59:47.512000,-0.17122697830200195,0.691921591758728
2023-01-05 01:00:47.562000,-0.14409926533699036,0.6633852124214172
2023-01-05 01:01:47.519000,-0.18101797997951508,0.6489951014518738
2023-01-05 01:02:47.614000,-0.16645249724388123,0.6219676733016968
2023-01-05 01:03:47.534000,-0.2492305189371109,0.5721437335014343
2023-01-05 01:04:47.565000,-0.3660954236984253,0.5248861312866211
2023-01-05 01:05:47.551000,-0.5360227823257446,0.4951462745666504
2023-01-05 01:06:47.465000,-0.29155105352401733,0.47179919481277466
2023-01-05 01:07:47.567000,-0.24671420454978943,0.4462294578552246
2023-01-05 01:08:47.528000,-0.21231038868427277,0.4552784860134125
2023-01-05 01:09:47.476000,-0.21378350257873535,0.4818379878997803
2023-01-05 01:10:47.557000,-0.19174592196941376,0.5190985798835754
2023-01-05 01:11:47.566000,-0.12983611226081848,0.5972493290901184
2023-01-05 01:12:47.518000,-0.3686826229095459,0.6527968645095825
2023-01-05 01:13:47.456000,-0.28259533643722534,0.70754075050354
2023-01-05 01:14:47.522000,-0.3147965967655182,0.7029184103012085
2023-01-05 01:15:47.671000,-0.378628134727478,0.6811875104904175
2023-01-05 01:16:47.505000,-0.1136503666639328,0.6915311217308044
2023-01-05 01:17:47.483000,-0.10914164781570435,0.6900807619094849
2023-01-05 01:18:47.564000,-0.1349247843027115,0.6630706787109375
2023-01-05 01:19:47.443000,-0.12646450102329254,0.659845232963562
2023-01-05 01:20:47.610000,-0.4210837781429291,0.6798869967460632
2023-01-05 01:21:47.499000,-0.19405269622802734,0.7031037211418152
2023-01-05 01:22:47.475000,-0.12458236515522003,0.7270262241363525
2023-01-05 01:23:47.577000,-0.24963290989398956,0.738579511642456
2023-01-05 01:24:47.436000,-0.2809135615825653,0.6968117356300354
2023-01-05 01:25:47.476000,-0.23062419891357422,0.6853254437446594
2023-01-05 01:26:47.532000,-0.24082039296627045,0.6747169494628906
2023-01-05 01:27:47.476000,-0.2784683406352997,0.6691272854804993
2023-01-05 01:28:47.506000,-1.0205644369125366,0.6794784069061279
2023-01-05 01:29:47.519000,-0.2825484573841095,0.7055370211601257
2023-01-05 01:30:47.552000,-0.24725408852100372,0.7240495681762695
2023-01-05 01:31:47.506000,-0.21220959722995758,0.749014139175415
2023-01-05 01:32:47.479000,-0.2363281548023224,0.713136613368988
2023-01-05 01:33:47.489000,-0.22372327744960785,0.7019996643066406
2023-01-05 01:34:47.497000,-0.20944996178150177,0.6538456082344055
2023-01-05 01:35:47.537000,-0.3136655390262604,0.5848333239555359
2023-01-05 01:36:47.412000,-0.5725520849227905,0.608566403388977
2023-01-05 01:37:47.455000,-0.21260769665241241,0.6406084299087524
2023-01-05 01:38:47.529000,-0.17917467653751373,0.6680816411972046
2023-01-05 01:39:47.562000,-0.15317469835281372,0.6470032334327698
2023-01-05 01:40:47.483000,-0.16140399873256683,0.6583552360534668
2023-01-05 01:41:47.550000,-0.619544506072998,0.7331328392028809
2023-01-05 01:42:47.601000,-0.30808255076408386,0.799772322177887
2023-01-05 01:43:47.518000,-0.4787300229072571,0.851810872554779
2023-01-05 01:44:47.525000,-0.45563220977783203,0.9856895208358765
2023-01-05 01:45:47.533000,-0.3452403247356415,0.9390965700149536
2023-01-05 01:46:47.491000,-0.2849010229110718,1.0193039178848267
2023-01-05 01:47:47.415000,-0.334320604801178,1.0434633493423462
2023-01-05 01:48:47.459000,-0.2695164084434509,1.0395680665969849
2023-01-05 01:49:47.498000,-0.2247687727212906,1.0380141735076904
2023-01-05 01:50:47.434000,-0.2635301351547241,1.0867924690246582
2023-01-05 01:51:47.407000,-0.5393462181091309,1.105726957321167
2023-01-05 01:52:47.502000,-0.31397154927253723,1.0851432085037231
2023-01-05 01:53:47.459000,-0.47600990533828735,1.0779304504394531
2023-01-05 01:54:47.543000,-0.5114026665687561,1.0535409450531006
2023-01-05 01:55:47.427000,-0.28233399987220764,1.0981065034866333
2023-01-05 01:56:47.396000,-0.30131539702415466,1.1174554824829102
2023-01-05 01:57:47.539000,-0.30128687620162964,1.093818187713623
2023-01-05 01:58:47.525000,-0.27490970492362976,1.154587984085083
2023-01-05 01:59:47.384000,-0.6984919905662537,1.1959948539733887
2023-01-05 02:00:47.505000,-0.2694532573223114,1.2125017642974854
2023-01-05 02:01:47.464000,-0.27232834696769714,1.2160778045654297
2023-01-05 02:02:47.427000,-0.2931917905807495,1.2212262153625488
2023-01-05 02:03:47.444000,-0.2747192680835724,1.184119701385498
2023-01-05 02:04:47.434000,-0.19103838503360748,1.1876271963119507
2023-01-05 02:05:47.426000,-0.3997875452041626,1.1982731819152832
2023-01-05 02:06:47.493000,-0.5439692735671997,1.2336087226867676
2023-01-05 02:07:47.529000,-0.48110276460647583,1.2578420639038086
2023-01-05 02:08:47.415000,-0.216102734208107,1.2747788429260254
2023-01-05 02:09:47.367000,-0.194287970662117,1.2880676984786987
2023-01-05 02:10:47.650000,-0.21570350229740143,1.282214879989624
2023-01-05 02:11:47.412000,-0.22256797552108765,1.2997068166732788
2023-01-05 02:12:47.446000,-0.18464000523090363,1.3286699056625366
2023-01-05 02:13:47.469000,-0.1952894777059555,1.3199056386947632
2023-01-05 02:14:47.464000,-0.5999400615692139,1.263856053352356
2023-01-05 02:15:47.637000,-0.19296452403068542,1.219288945198059
2023-01-05 02:16:47.407000,-0.1925199329853058,1.1369585990905762
2023-01-05 02:17:47.481000,-0.5697959065437317,1.0248619318008423
2023-01-05 02:18:47.426000,-0.31020745635032654,1.0662891864776611
2023-01-05 02:19:47.395000,-0.4163515567779541,1.1359435319900513
2023-01-05 02:20:47.460000,-0.40885046124458313,1.1864087581634521
2023-01-05 02:21:47.356000,-0.563383936882019,1.2180875539779663
2023-01-05 02:22:47.450000,-0.6367582082748413,1.1387680768966675
2023-01-05 02:23:47.477000,-0.3966086208820343,1.1244035959243774
2023-01-05 02:24:47.447000,-0.3877105414867401,1.1305932998657227
2023-01-05 02:25:47.456000,-0.380327045917511,1.2061176300048828
2023-01-05 02:26:47.553000,-0.38658323884010315,1.2633177042007446
2023-01-05 02:27:47.382000,-0.43798208236694336,1.3029371500015259
2023-01-05 02:28:47.383000,-0.7166624069213867,1.1799097061157227
2023-01-05 02:29:47.460000,-0.7392399311065674,1.2096563577651978
2023-01-05 02:30:47.497000,-0.34032607078552246,1.2525110244750977
2023-01-05 02:31:47.449000,-0.3582838177680969,1.2254507541656494
2023-01-05 02:32:47.460000,-0.33692213892936707,1.2521401643753052
2023-01-05 02:33:47.404000,-0.3117465078830719,1.16497802734375
2023-01-05 02:34:47.477000,-0.30442240834236145,1.0243667364120483
2023-01-05 02:35:47.368000,-0.28139299154281616,1.0316622257232666
2023-01-05 02:36:47.389000,-0.5196999311447144,1.1223334074020386
2023-01-05 02:37:47.386000,-0.8712131977081299,1.2200583219528198
2023-01-05 02:38:47.366000,-0.32479098439216614,1.0846565961837769
2023-01-05 02:39:47.441000,-0.3001309037208557,1.0441195964813232
2023-01-05 02:40:47.463000,-0.3815683126449585,0.954868495464325
2023-01-05 02:41:47.349000,-0.34822404384613037,0.926406741142273
2023-01-05 02:42:47.477000,-0.33731675148010254,1.0656194686889648
2023-01-05 02:43:47.417000,-0.39071500301361084,1.1915099620819092
2023-01-05 02:44:47.453000,-0.6105701327323914,1.3722574710845947
2023-01-05 02:45:47.520000,-0.3974561095237732,1.4630717039108276
2023-01-05 02:46:47.437000,-0.5816969871520996,1.5082108974456787
2023-01-05 02:47:47.417000,-0.2525050938129425,1.4997031688690186
2023-01-05 02:48:47.359000,-0.2872793674468994,1.4604918956756592
2023-01-05 02:49:47.347000,-0.28681930899620056,1.4809620380401611
2023-01-05 02:50:47.352000,-0.28237077593803406,1.4928932189941406
2023-01-05 02:51:47.378000,-0.6290959119796753,1.479575753211975
2023-01-05 02:52:47.501000,-0.26102691888809204,1.4546923637390137
2023-01-05 02:53:47.468000,-0.22621199488639832,1.4970542192459106
2023-01-05 02:54:47.571000,-0.5499303340911865,1.546136498451233
2023-01-05 02:55:47.376000,-0.37844201922416687,1.3609263896942139
2023-01-05 02:56:47.366000,-0.32047197222709656,1.3365395069122314
2023-01-05 02:57:47.448000,-0.28373315930366516,1.2790746688842773
2023-01-05 02:58:47.357000,-0.4715076684951782,1.1423572301864624
2023-01-05 02:59:47.358000,-0.44638994336128235,1.0422561168670654
2023-01-05 03:00:47.477000,-0.17565634846687317,0.9087615609169006
2023-01-05 03:01:47.351000,-0.15347374975681305,0.8175854682922363
2023-01-05 03:02:47.460000,-0.15152452886104584,0.7712758183479309
2023-01-05 03:03:47.367000,-0.3364356458187103,0.7642810344696045
2023-01-05 03:04:47.398000,-0.39896392822265625,0.7879661917686462
2023-01-05 03:05:47.404000,-0.16491855680942535,0.8088335394859314
2023-01-05 03:06:47.342000,-0.5104318857192993,0.8138518929481506
2023-01-05 03:07:47.372000,-0.11987918615341187,0.8181583285331726
2023-01-05 03:08:47.657000,-0.10853610187768936,0.8590084314346313
2023-01-05 03:09:47.566000,-0.15416163206100464,0.9174776673316956
2023-01-05 03:10:47.404000,-0.11726348102092743,0.936591386795044
2023-01-05 03:11:47.406000,-0.1402948945760727,0.9005416631698608
2023-01-05 03:12:47.358000,-0.15477587282657623,0.8389217257499695
2023-01-05 03:13:47.391000,-0.4063519239425659,0.7957072257995605
2023-01-05 03:14:47.295000,-0.21812544763088226,0.8403729200363159
2023-01-05 03:15:47.300000,-0.6131618022918701,0.9256518483161926
2023-01-05 03:16:47.330000,-0.2656128704547882,1.1903600692749023
2023-01-05 03:17:47.437000,-0.2874268591403961,1.3353896141052246
2023-01-05 03:18:47.443000,-0.2399207055568695,1.324830174446106
2023-01-05 03:19:47.407000,-0.2489982545375824,1.4240065813064575
2023-01-05 03:20:47.402000,-0.31866446137428284,1.4363747835159302
2023-01-05 03:21:47.409000,-0.5854198336601257,1.5352405309677124
2023-01-05 03:22:47.377000,-0.24847984313964844,1.58878755569458
2023-01-05 03:23:47.347000,-0.25720861554145813,1.6139429807662964
2023-01-05 03:24:47.389000,-0.23484846949577332,1.6160316467285156
2023-01-05 03:25:47.400000,-0.2809174358844757,1.677079439163208
2023-01-05 03:26:47.345000,-0.30530494451522827,1.6544406414031982
2023-01-05 03:27:47.330000,-0.6411060690879822,1.6709730625152588
2023-01-05 03:28:47.382000,-0.4985707402229309,1.6328436136245728
2023-01-05 03:29:47.385000,-0.4090847074985504,1.6750295162200928
2023-01-05 03:30:47.331000,-0.18091583251953125,1.696993112564087
2023-01-05 03:31:47.362000,-0.1775396168231964,1.6811808347702026
2023-01-05 03:32:47.361000,-0.2003909945487976,1.6766350269317627
2023-01-05 03:33:47.311000,-0.2782509922981262,1.6631784439086914
2023-01-05 03:34:47.293000,-0.2779856324195862,1.688129186630249
2023-01-05 03:35:47.279000,-0.3123839199542999,1.7655279636383057
2023-01-05 03:36:47.389000,-0.6687523722648621,1.709243893623352
2023-01-05 03:37:47.373000,-0.2860669195652008,1.7833282947540283
2023-01-05 03:38:47.346000,-0.286718487739563,1.771418809890747
2023-01-05 03:39:47.503000,-0.5155667066574097,1.7065857648849487
2023-01-05 03:40:47.527000,-0.4730924367904663,1.75182044506073
2023-01-05 03:41:47.334000,-0.2241153120994568,1.7234232425689697
2023-01-05 03:42:47.330000,-0.17301695048809052,1.7450850009918213
2023-01-05 03:43:47.357000,-0.3155909478664398,1.7592220306396484
2023-01-05 03:44:47.382000,-0.42699700593948364,1.740173101425171
2023-01-05 03:45:47.327000,-0.15601012110710144,1.7525168657302856
2023-01-05 03:46:47.329000,-0.1533934772014618,1.7373498678207397
2023-01-05 03:47:47.377000,-0.205630362033844,1.7417398691177368
2023-01-05 03:48:47.353000,-0.18354268372058868,1.747328281402588
2023-01-05 03:49:47.358000,-0.20476877689361572,1.7734389305114746
2023-01-05 03:50:47.344000,-0.2051618993282318,1.7920314073562622
2023-01-05 03:51:47.287000,-0.6198030114173889,1.8013508319854736
2023-01-05 03:52:47.316000,-0.565678596496582,1.7999522686004639
2023-01-05 03:53:47.388000,-0.20538994669914246,1.806071400642395
2023-01-05 03:54:47.522000,-0.19533632695674896,1.8127517700195312
2023-01-05 03:55:47.354000,-0.1831512451171875,1.7990200519561768
2023-01-05 03:56:47.347000,-0.15156963467597961,1.8091859817504883
2023-01-05 03:57:47.334000,-0.09942589700222015,1.807901382446289
2023-01-05 03:58:47.415000,-0.1234971135854721,1.7977170944213867
2023-01-05 03:59:47.336000,-0.5090758204460144,1.7947548627853394
2023-01-05 04:00:47.292000,-0.10848041623830795,1.8110374212265015
2023-01-05 04:01:47.283000,-0.16812486946582794,1.8054375648498535
2023-01-05 04:02:47.343000,-0.09824026376008987,1.801045536994934
2023-01-05 04:03:47.400000,-0.18055692315101624,1.796579360961914
2023-01-05 04:04:47.280000,-0.43120402097702026,1.8078466653823853
2023-01-05 04:05:47.366000,-0.09919958561658859,1.812312364578247
2023-01-05 04:06:47.331000,-0.25812339782714844,1.804215431213379
2023-01-05 04:07:47.380000,-0.36025944352149963,1.8029263019561768
2023-01-05 04:08:47.234000,-0.11817912012338638,1.7999616861343384
2023-01-05 04:09:47.363000,-0.10317806899547577,1.8089385032653809
2023-01-05 04:10:47.434000,-0.08978421986103058,1.8213603496551514
2023-01-05 04:11:47.260000,-0.27089980244636536,1.8246111869812012
2023-01-05 04:12:47.235000,-0.29930683970451355,1.8356252908706665
2023-01-05 04:13:47.231000,-0.314094603061676,1.8433799743652344
2023-01-05 04:14:47.399000,-0.706032395362854,1.8456203937530518
2023-01-05 04:15:47.237000,-0.37176522612571716,1.8338470458984375
2023-01-05 04:16:47.315000,-0.6841377019882202,1.8279792070388794
2023-01-05 04:17:47.333000,-0.289047509431839,1.8318612575531006
2023-01-05 04:18:47.316000,-0.3162975609302521,1.8348710536956787
2023-01-05 04:19:47.267000,-0.24103690683841705,1.8459441661834717
2023-01-05 04:20:47.300000,-0.19017629325389862,1.8345117568969727
2023-01-05 04:21:47.253000,-0.2716939151287079,1.830872654914856
2023-01-05 04:22:47.358000,-0.5249088406562805,1.8244574069976807
2023-01-05 04:23:47.351000,-0.26546284556388855,1.801527738571167
2023-01-05 04:24:47.287000,-0.3131861388683319,1.782711386680603
2023-01-05 04:25:47.274000,-0.2364797294139862,1.788888692855835
2023-01-05 04:26:47.243000,-0.18459241092205048,1.7890089750289917
2023-01-05 04:27:47.299000,-0.2175082117319107,1.781711459159851
2023-01-05 04:28:47.335000,-0.5868766903877258,1.769155740737915
2023-01-05 04:29:47.353000,-0.5197353363037109,1.772289514541626
2023-01-05 04:30:47.240000,-0.3381044864654541,1.7651935815811157
2023-01-05 04:31:47.224000,-0.23657532036304474,1.765756607055664
2023-01-05 04:32:47.239000,-0.22980165481567383,1.7614741325378418
2023-01-05 04:33:47.228000,-0.22995001077651978,1.7598488330841064
2023-01-05 04:34:47.291000,-0.22217032313346863,1.753987431526184
2023-01-05 04:35:47.316000,-0.23412954807281494,1.7507638931274414
2023-01-05 04:36:47.312000,-0.2533794045448303,1.7412697076797485
2023-01-05 04:37:47.273000,-0.6174882650375366,1.7375160455703735
2023-01-05 04:38:47.341000,-0.24339459836483002,1.7364583015441895
2023-01-05 04:39:47.384000,-0.20885401964187622,1.7332111597061157
2023-01-05 04:40:47.323000,-0.546155571937561,1.7483423948287964
2023-01-05 04:41:47.306000,-0.2149655520915985,1.7529325485229492
2023-01-05 04:42:47.308000,-0.1868690401315689,1.7481300830841064
2023-01-05 04:43:47.381000,-0.17471840977668762,1.7413291931152344
2023-01-05 04:44:47.280000,-0.4530707597732544,1.7334496974945068
2023-01-05 04:45:47.196000,-0.34482359886169434,1.726625680923462
2023-01-05 04:46:47.273000,-0.20091253519058228,1.7125763893127441
2023-01-05 04:47:47.411000,-0.19749732315540314,1.7053380012512207
2023-01-05 04:48:47.228000,-0.22667478024959564,1.7035608291625977
2023-01-05 04:49:47.215000,-0.280862420797348,1.6909761428833008
2023-01-05 04:50:47.196000,-0.29008105397224426,1.6655939817428589
2023-01-05 04:51:47.366000,-0.27796193957328796,1.6584700345993042
2023-01-05 04:52:47.291000,-0.9681758284568787,1.6467456817626953
2023-01-05 04:53:47.232000,-0.21621640026569366,1.652620792388916
2023-01-05 04:54:47.180000,-0.1742996871471405,1.6480804681777954
2023-01-05 04:55:47.204000,-0.1630912721157074,1.6523960828781128
2023-01-05 04:56:47.259000,-0.19800205528736115,1.6573162078857422
2023-01-05 04:57:47.282000,-0.07662635296583176,1.6479203701019287
2023-01-05 04:58:47.283000,-0.12311248481273651,1.639183521270752
2023-01-05 04:59:47.279000,-0.39453113079071045,1.6285630464553833
2023-01-05 05:00:47.243000,-0.22049038112163544,1.6083382368087769
2023-01-05 05:01:47.275000,-0.08415091782808304,1.6070406436920166
2023-01-05 05:02:47.311000,-0.10641396790742874,1.6147480010986328
2023-01-05 05:03:47.302000,-0.06504198163747787,1.6100963354110718
2023-01-05 05:04:47.214000,-0.4406907558441162,1.6099085807800293
2023-01-05 05:05:47.290000,-0.09615348279476166,1.6020615100860596
2023-01-05 05:06:47.307000,-0.1049267128109932,1.594994068145752
2023-01-05 05:07:47.198000,-0.633694589138031,1.593420386314392
2023-01-05 05:08:47.168000,-0.29149261116981506,1.5844095945358276
2023-01-05 05:09:47.306000,-0.3490354120731354,1.565079689025879
2023-01-05 05:10:47.303000,-0.3682486414909363,1.5409586429595947
2023-01-05 05:11:47.285000,-0.3358902931213379,1.5273993015289307
2023-01-05 05:12:47.314000,-0.34261348843574524,1.5279452800750732
2023-01-05 05:13:47.251000,-0.3424738347530365,1.529114007949829
2023-01-05 05:14:47.177000,-0.5551208257675171,1.5407962799072266
2023-01-05 05:15:47.220000,-0.6244654059410095,1.5550529956817627
2023-01-05 05:16:47.289000,-0.4533020257949829,1.554384469985962
2023-01-05 05:17:47.294000,-0.24828647077083588,1.5485663414001465
2023-01-05 05:18:47.212000,-0.2727614641189575,1.5369797945022583
2023-01-05 05:19:47.370000,-0.2745824158191681,1.5320682525634766
2023-01-05 05:20:47.216000,-0.2627938687801361,1.5113128423690796
2023-01-05 05:21:47.246000,-0.27461615204811096,1.492509126663208
2023-01-05 05:22:47.248000,-0.6285548210144043,1.4932116270065308
2023-01-05 05:23:47.200000,-0.18036922812461853,1.4972273111343384
2023-01-05 05:24:47.262000,-0.20384977757930756,1.4833556413650513
2023-01-05 05:25:47.199000,-0.5270580649375916,1.474502682685852
2023-01-05 05:26:47.192000,-0.2925686836242676,1.450254201889038
2023-01-05 05:27:47.286000,-0.31441089510917664,1.4422340393066406
2023-01-05 05:28:47.293000,-0.3075730800628662,1.4321293830871582
2023-01-05 05:29:47.175000,-0.5281516909599304,1.4257266521453857
2023-01-05 05:30:47.212000,-0.4266161620616913,1.4131333827972412
2023-01-05 05:31:47.175000,-0.30526936054229736,1.3562346696853638
2023-01-05 05:32:47.217000,-0.26960206031799316,1.1152726411819458
2023-01-05 05:33:47.261000,-0.25397560000419617,0.6114405989646912
2023-01-05 05:34:47.170000,-0.23780885338783264,0.5434174537658691
2023-01-05 05:35:47.231000,-0.5690263509750366,0.2796519100666046
2023-01-05 05:36:47.219000,-0.2801378667354584,0.298446923494339
2023-01-05 05:37:47.227000,-0.4724336266517639,0.44789886474609375
2023-01-05 05:38:47.171000,-0.15441147983074188,0.8668978214263916
2023-01-05 05:39:47.262000,-0.18961705267429352,1.3545300960540771
2023-01-05 05:40:47.192000,-0.14806805551052094,1.3807119131088257
2023-01-05 05:41:47.351000,-0.13770607113838196,1.3074028491973877
2023-01-05 05:42:47.254000,-0.1808055341243744,1.3802746534347534
2023-01-05 05:43:47.177000,-0.19889339804649353,1.3885924816131592
2023-01-05 05:44:47.231000,-0.5164604783058167,1.3686389923095703
2023-01-05 05:45:47.245000,-0.6829631924629211,1.344084620475769
2023-01-05 05:46:47.215000,-0.2095530480146408,1.3376364707946777
2023-01-05 05:47:47.399000,-0.19280199706554413,1.3290183544158936
2023-01-05 05:48:47.188000,-0.17028221487998962,1.3185253143310547
2023-01-05 05:49:47.195000,-0.11100248247385025,1.3140685558319092
2023-01-05 05:50:47.199000,-0.11893273144960403,1.3078086376190186
2023-01-05 05:51:47.194000,-0.28407546877861023,1.3157861232757568
2023-01-05 05:52:47.209000,-0.36264392733573914,1.3263466358184814
2023-01-05 05:53:47.271000,-0.10866991430521011,1.3013492822647095
2023-01-05 05:54:47.175000,-0.33834320306777954,1.3044850826263428
2023-01-05 05:55:47.155000,-0.27135229110717773,1.3227342367172241
2023-01-05 05:56:47.234000,-0.12268699705600739,1.277838945388794
2023-01-05 05:57:47.152000,-0.1251005381345749,1.2362803220748901
2023-01-05 05:58:47.259000,-0.15197674930095673,0.9143720865249634
2023-01-05 05:59:47.274000,-0.5167444944381714,1.0251206159591675
2023-01-05 06:00:47.330000,-0.11914374679327011,1.2247095108032227
2023-01-05 06:01:47.221000,-0.08821893483400345,1.1975417137145996
2023-01-05 06:02:47.169000,-0.13947319984436035,1.3026000261306763
2023-01-05 06:03:47.170000,-0.22636359930038452,1.3002269268035889
2023-01-05 06:04:47.099000,-0.6721105575561523,1.288738489151001
2023-01-05 06:05:47.144000,-0.3398568630218506,1.281306505203247
2023-01-05 06:06:47.128000,-0.6254909038543701,1.2688947916030884
2023-01-05 06:07:47.164000,-0.4412424564361572,1.2526823282241821
2023-01-05 06:08:47.214000,-0.34974902868270874,1.2265169620513916
2023-01-05 06:09:47.249000,-0.3396608233451843,1.2052969932556152
2023-01-05 06:10:47.238000,-0.3678659200668335,1.1969984769821167
2023-01-05 06:11:47.169000,-0.34259238839149475,1.1878447532653809
2023-01-05 06:12:47.205000,-0.28350308537483215,1.163386583328247
2023-01-05 06:13:47.360000,-0.5672510862350464,1.1356921195983887
2023-01-05 06:14:47.197000,-0.6924687027931213,1.1196637153625488
2023-01-05 06:15:47.167000,-0.21749378740787506,1.1116020679473877
2023-01-05 06:16:47.128000,-0.22453154623508453,1.0928854942321777
2023-01-05 06:17:47.203000,-0.2271900475025177,1.0793280601501465
2023-01-05 06:18:47.223000,-0.16228999197483063,1.0651204586029053
2023-01-05 06:19:47.142000,-0.1613362431526184,1.0681694746017456
2023-01-05 06:20:47.092000,-0.20850473642349243,1.0519988536834717
2023-01-05 06:21:47.135000,-0.5523033738136292,1.0411831140518188
2023-01-05 06:22:47.122000,-0.23920629918575287,1.0010950565338135
2023-01-05 06:23:47.116000,-0.5457180142402649,0.9771068692207336
2023-01-05 06:24:47.262000,-0.16791383922100067,0.9602082967758179
2023-01-05 06:25:47.131000,-0.2146672159433365,0.9473952054977417
2023-01-05 06:26:47.173000,-0.22235791385173798,0.9306879639625549
2023-01-05 06:27:47.166000,-0.21844801306724548,0.9089683294296265
2023-01-05 06:28:47.108000,-0.3650846481323242,0.8939475417137146
2023-01-05 06:29:47.092000,-0.46486660838127136,0.8879324793815613
2023-01-05 06:30:47.179000,-0.21365505456924438,0.876461923122406
2023-01-05 06:31:47.103000,-0.19183315336704254,0.8558335900306702
2023-01-05 06:32:47.198000,-0.4302886128425598,0.837098240852356
2023-01-05 06:33:47.151000,-0.3765309154987335,0.8263173699378967
2023-01-05 06:34:47.177000,-0.2241402268409729,0.7904183864593506
2023-01-05 06:35:47.268000,-0.19257321953773499,0.7252343893051147
2023-01-05 06:36:47.084000,-0.5594998598098755,0.6655848026275635
2023-01-05 06:37:47.104000,-0.21399590373039246,0.638735294342041
2023-01-05 06:38:47.120000,-0.2193557322025299,0.49937453866004944
2023-01-05 06:39:47.213000,-0.18526127934455872,0.5872176289558411
2023-01-05 06:40:47.178000,-0.1962285190820694,0.45784085988998413
2023-01-05 06:41:47.063000,-0.20808830857276917,0.4502949118614197
2023-01-05 06:42:47.095000,-0.6916373372077942,0.43969932198524475
2023-01-05 06:43:47.155000,-0.45799529552459717,0.4357782304286957
2023-01-05 06:44:47.385000,-0.4512861371040344,0.41005560755729675
2023-01-05 06:45:47.108000,-0.2016202211380005,0.4423266649246216
2023-01-05 06:46:47.139000,-0.20450331270694733,0.6849756836891174
2023-01-05 06:47:47.099000,-0.18116021156311035,0.8056249618530273
2023-01-05 06:48:47.142000,-0.17078818380832672,0.8152856230735779
2023-01-05 06:49:47.128000,-0.18468300998210907,0.7650081515312195
2023-01-05 06:50:47.169000,-0.09326338022947311,0.7046089768409729
2023-01-05 06:51:47.096000,-0.6000218391418457,0.664251446723938
2023-01-05 06:52:47.079000,-0.3544633686542511,0.6413810849189758
2023-01-05 06:53:47.151000,-0.0643882304430008,0.6255154013633728
2023-01-05 06:54:47.056000,-0.08662799745798111,0.6078656315803528
2023-01-05 06:55:47.077000,-0.15068846940994263,0.5856043100357056
2023-01-05 06:56:47.166000,-0.09225829690694809,0.563556432723999
2023-01-05 06:57:47.131000,-0.08064083009958267,0.5374596118927002
2023-01-05 06:58:47.182000,-0.33011481165885925,0.509183943271637
2023-01-05 06:59:47.100000,-0.31955233216285706,0.5081272125244141
2023-01-05 07:00:47.169000,-0.21122537553310394,0.5088860988616943
2023-01-05 07:01:47.113000,-0.6165062189102173,0.5109112858772278
2023-01-05 07:02:47.096000,-0.23549103736877441,0.507872462272644
2023-01-05 07:03:47.087000,-0.24115100502967834,0.49812033772468567
2023-01-05 07:04:47.187000,-0.3146652281284332,0.48336687684059143
2023-01-05 07:05:47.179000,-0.35983073711395264,0.46611854434013367
2023-01-05 07:06:47.067000,-0.5196068286895752,0.45362356305122375
2023-01-05 07:07:47.110000,-0.27612391114234924,0.4414246380329132
2023-01-05 07:08:47.135000,-0.26231423020362854,0.43203291296958923
2023-01-05 07:09:47.127000,-0.25735583901405334,0.4195690155029297
2023-01-05 07:10:47.075000,-0.6234627962112427,0.39840200543403625
2023-01-05 07:11:47.126000,-0.27816566824913025,0.3573960065841675
2023-01-05 07:12:47.193000,-0.2680094540119171,0.3532649278640747
2023-01-05 07:13:47.025000,-0.6382750868797302,0.3325355350971222
2023-01-05 07:14:47.261000,-0.17210669815540314,0.3220703899860382
2023-01-05 07:15:47.071000,-0.17968204617500305,0.324081689119339
2023-01-05 07:16:47.154000,-0.24042657017707825,0.317009299993515
2023-01-05 07:17:47.165000,-0.24890035390853882,0.31003522872924805
2023-01-05 07:18:47.072000,-0.2558877766132355,0.30507662892341614
2023-01-05 07:19:47.124000,-0.4724070429801941,0.29965898394584656
2023-01-05 07:20:47.040000,-0.7186195254325867,0.2966387867927551
2023-01-05 07:21:47.033000,-0.49001961946487427,0.28816911578178406
2023-01-05 07:22:47.072000,-0.3029688596725464,0.2925921678543091
2023-01-05 07:23:47.155000,-0.28661274909973145,0.29113173484802246
2023-01-05 07:24:47.073000,-0.33725878596305847,0.2825472950935364
2023-01-05 07:25:47.064000,-0.2942180633544922,0.26387619972229004
2023-01-05 07:26:47.057000,-0.2983892560005188,0.24997451901435852
2023-01-05 07:27:47.060000,-0.350492388010025,0.24320539832115173
2023-01-05 07:28:47.055000,-0.5454660058021545,0.23650038242340088
2023-01-05 07:29:47.075000,-0.5731090903282166,0.23278257250785828
2023-01-05 07:30:47.056000,-0.23454095423221588,0.2298748642206192
2023-01-05 07:31:47.122000,-0.18262772262096405,0.2236325442790985
2023-01-05 07:32:47.046000,-0.17837393283843994,0.1994268000125885
2023-01-05 07:33:47.102000,-0.17629924416542053,0.1579934060573578
2023-01-05 07:34:47.061000,-0.1668480783700943,0.12762649357318878
2023-01-05 07:35:47.041000,-0.5599042177200317,0.07229924947023392
2023-01-05 07:36:47.108000,-0.18728755414485931,0.05334646627306938
2023-01-05 07:37:47.103000,-0.1472506821155548,0.0727851614356041
2023-01-05 07:38:47,-0.5397173762321472,0.05942502245306969
2023-01-05 07:39:47.109000,-0.22538192570209503,0.036075834184885025
2023-01-05 07:40:47.175000,-0.16260066628456116,0.023815972730517387
2023-01-05 07:41:47.123000,-0.11809930205345154,0.01741059124469757
2023-01-05 07:42:47.111000,-0.2971973121166229,0.015242259949445724
2023-01-05 07:43:47.342000,-0.38926687836647034,0.018497837707400322
2023-01-05 07:44:47.101000,-0.3025839328765869,0.03383372351527214
2023-01-05 07:45:47.043000,-0.3054330348968506,0.05735235661268234
2023-01-05 07:46:47.114000,-0.2976042628288269,0.06164067983627319
2023-01-05 07:47:46.996000,-0.6486089825630188,0.059058524668216705
2023-01-05 07:48:47.105000,-0.3917701244354248,0.05740771442651749
2023-01-05 07:49:47.498000,-0.31880471110343933,0.05551603063941002
2023-01-05 07:50:47.016000,-0.7007911801338196,0.051436908543109894
2023-01-05 07:51:48.020000,-0.2879963517189026,0.04883085563778877
2023-01-05 07:52:47.073000,-0.30500277876853943,0.046730078756809235
2023-01-05 07:53:47.036000,-0.2940515875816345,0.04441884905099869
2023-01-05 07:54:47.097000,-0.28997907042503357,0.04203421622514725
2023-01-05 07:55:46.988000,-0.36917874217033386,0.040111396461725235
2023-01-05 07:56:47.093000,-0.5675607323646545,0.03825758397579193
2023-01-05 07:57:46.991000,-0.9707077145576477,0.0364239364862442
2023-01-05 07:58:47.035000,-0.6345064640045166,0.03470192849636078
2023-01-05 07:59:46.964000,-0.5138948559761047,0.032672978937625885
2023-01-05 08:00:47.015000,-0.49356818199157715,0.03127571940422058
2023-01-05 08:01:47.041000,-0.5385937690734863,0.02964705042541027
2023-01-05 08:02:47.123000,-0.5223900675773621,0.028217673301696777
2023-01-05 08:03:47.150000,-0.48137277364730835,0.026667488738894463
2023-01-05 08:04:47.069000,-0.5720546245574951,0.024940250441432
2023-01-05 08:05:47.225000,-0.7588772177696228,0.023136714473366737
2023-01-05 08:06:47.103000,-0.797231912612915,0.02110397443175316
2023-01-05 08:07:47.027000,-0.45174640417099,0.019179800525307655
2023-01-05 08:08:47.162000,-0.42153364419937134,0.017162850126624107
2023-01-05 08:09:46.991000,-0.4277884364128113,0.015784146264195442
2023-01-05 08:10:47.071000,-0.43123599886894226,0.014122438617050648
2023-01-05 08:11:47.035000,-0.35287222266197205,0.012445710599422455
2023-01-05 08:12:47.049000,-0.7427455186843872,0.011056332848966122
2023-01-05 08:13:47.695000,-0.3988141417503357,0.009734591469168663
2023-01-05 08:14:46.955000,-0.3889327347278595,0.008291571401059628
2023-01-05 08:15:47.054000,-0.6284328699111938,0.0068758269771933556
2023-01-05 08:16:47.082000,-0.5519818663597107,0.005430116318166256
2023-01-05 08:17:47.095000,-0.386005699634552,0.003854638896882534
2023-01-05 08:18:46.969000,-0.40279924869537354,0.002541092922911048
2023-01-05 08:19:47.008000,-0.6635698676109314,0.0009756176732480526
2023-01-05 08:20:47.111000,-0.4981589913368225,-0.0008473043562844396
2023-01-05 08:21:47.131000,-0.3765285611152649,-0.0032724877819418907
2023-01-05 08:22:47.299000,-0.35235142707824707,-0.002194872358813882
2023-01-05 08:23:47.066000,-0.36944764852523804,-0.0013362857280299067
2023-01-05 08:24:47.133000,-0.3603188991546631,-0.0013065238017588854
2023-01-05 08:25:47.034000,-0.7203808426856995,-0.0013265121961012483
2023-01-05 08:26:46.971000,-0.4336860179901123,-0.001259190496057272
2023-01-05 08:27:46.924000,-0.7505843043327332,-0.0012932162499055266
2023-01-05 08:28:47.041000,-0.4426283538341522,-0.0011215952690690756
2023-01-05 08:29:46.994000,-0.40411287546157837,-0.0012413191143423319
2023-01-05 08:30:46.928000,-0.3008430600166321,-0.0012407561298459768
2023-01-05 08:31:47.386000,-0.4606861174106598,-0.0011929499451071024
2023-01-05 08:32:47.018000,-0.7175880074501038,-0.0011861304519698024
2023-01-05 08:33:46.935000,-0.967190682888031,-0.0013403488555923104
2023-01-05 08:34:47.054000,-1.3581960201263428,-0.001302186050452292
2023-01-05 08:35:47.425000,-1.0616326332092285,-0.0012337948428466916
2023-01-05 08:36:47.038000,-1.106930136680603,-0.0012129767565056682
2023-01-05 08:37:46.972000,-1.0267174243927002,-0.001303066615946591
2023-01-05 08:38:46.950000,-1.0378865003585815,-0.0012684999965131283
2023-01-05 08:39:47.006000,-1.0210578441619873,-0.0012951500248163939
2023-01-05 08:40:47.054000,-1.0017070770263672,-0.0013298478443175554
2023-01-05 08:41:47.066000,-1.277654767036438,-0.0011427600402384996
2023-01-05 08:42:47.234000,-1.1277968883514404,-0.0011969524202868342
2023-01-05 08:43:46.963000,-0.9659767746925354,-0.0012964680790901184
2023-01-05 08:44:46.908000,-0.9382295608520508,-0.0012700208462774754
2023-01-05 08:45:47.009000,-0.9530494213104248,-0.001132444478571415
2023-01-05 08:46:46.896000,-0.6168869733810425,-0.0012469787616282701
2023-01-05 08:47:47.062000,-0.911342203617096,-0.0012876098044216633
2023-01-05 08:48:46.948000,-0.7459126710891724,-0.001243300037458539
2023-01-05 08:49:47.038000,-1.1336922645568848,-0.001302354852668941
2023-01-05 08:50:47.257000,-0.7581258416175842,-0.0013170833699405193
2023-01-05 08:51:47.083000,-0.693742573261261,-0.0013582580722868443
2023-01-05 08:52:47.014000,-0.9279642105102539,-0.0011717500165104866
2023-01-05 08:53:47.066000,-0.762471079826355,-0.001366666634567082
2023-01-05 08:54:46.993000,-0.9467729330062866,-0.0011731738923117518
2023-01-05 08:55:46.916000,-0.7188792824745178,-0.0012443333398550749
2023-01-05 08:56:46.978000,-1.1605569124221802,-0.0013081199722364545
2023-01-05 08:57:46.956000,-0.8325756788253784,-0.0012919696746394038
2023-01-05 08:58:46.948000,-0.9603223204612732,-0.0012383428402245045
2023-01-05 08:59:46.971000,-0.5853011608123779,-0.0012519762385636568
2023-01-05 09:00:46.991000,-0.959100067615509,-0.0012551428517326713
2023-01-05 09:01:46.940000,-0.5379204750061035,-0.0012463333550840616
2023-01-05 09:02:46.912000,-0.8799232840538025,-0.001338585396297276
2023-01-05 09:03:47.016000,-0.3805376887321472,-0.0013266046298667789
2023-01-05 09:04:46.966000,-1.0877588987350464,-0.0013216579100117087
2023-01-05 09:05:46.896000,-0.3938172459602356,-0.0013252777280285954
2023-01-05 09:06:47.035000,-0.5187774896621704,-0.0012341521214693785
2023-01-05 09:07:47.018000,-0.4695079028606415,-0.0013215868966653943
2023-01-05 09:08:47.666000,-0.33082833886146545,-0.001142023829743266
2023-01-05 09:09:46.897000,-0.6394428610801697,-0.0013213035417720675
2023-01-05 09:10:46.923000,-0.33513590693473816,-0.001251677400432527
2023-01-05 09:11:46.890000,-0.8400614261627197,-0.0013380908640101552
2023-01-05 09:12:46.969000,-0.4984525144100189,-0.0012654571328312159
2023-01-05 09:13:46.964000,-0.5094358921051025,-0.0013268367620185018
2023-01-05 09:14:46.965000,-0.7504357099533081,-0.001316114328801632
2023-01-05 09:15:46.873000,-0.48275989294052124,-0.0012896154075860977
2023-01-05 09:16:46.998000,-0.8128964900970459,-0.0013669268228113651
2023-01-05 09:17:46.892000,-0.5250852108001709,-0.0013188408920541406
2023-01-05 09:18:46.888000,-0.445573627948761,-0.0012956521240994334
2023-01-05 09:19:47.013000,-1.1493120193481445,-0.0013299749698489904
2023-01-05 09:20:46.990000,-0.40767425298690796,-0.0012707674177363515
2023-01-05 09:21:46.986000,-0.40269342064857483,-0.0012895952677354217
2023-01-05 09:22:46.904000,-0.5886886715888977,-0.0013131999876350164
2023-01-05 09:23:46.994000,-0.32308781147003174,-0.0013328599743545055
2023-01-05 09:24:47.030000,-0.5133711695671082,-0.0013118042843416333
2023-01-05 09:25:46.986000,-0.5358304381370544,-0.0012952444376423955
2023-01-05 09:26:46.945000,-0.491179496049881,-0.0012593420688062906
2023-01-05 09:27:46.899000,-0.7369310259819031,-0.0012939999578520656
2023-01-05 09:28:46.936000,-0.5144596099853516,-0.001249780529178679
2023-01-05 09:29:46.915000,-0.36530789732933044,-0.0013591087190434337
2023-01-05 09:30:46.839000,-0.5158159136772156,-0.0014177291886880994
2023-01-05 09:31:47.103000,-0.55364990234375,-0.001295488909818232
2023-01-05 09:32:46.900000,-0.38860884308815,-0.001275362097658217
2023-01-05 09:33:46.843000,-0.4646698832511902,-0.0012699444778263569
2023-01-05 09:34:46.965000,-1.0016552209854126,-0.001251205918379128
2023-01-05 09:35:48.102000,-0.44381609559059143,-0.001359499990940094
2023-01-05 09:36:46.856000,-0.43048790097236633,-0.0013454871950671077
2023-01-05 09:37:46.875000,-0.7165588140487671,-0.001316117588430643
2023-01-05 09:38:46.924000,-0.4341828227043152,-0.0012676948681473732
2023-01-05 09:39:46.902000,-0.42662563920021057,-0.0011854255571961403
2023-01-05 09:40:47.075000,-0.7339791655540466,-0.001178777776658535
2023-01-05 09:41:46.860000,-0.3713837265968323,-0.0012586730299517512
2023-01-05 09:42:46.883000,-0.785108208656311,-0.0012264250544831157
2023-01-05 09:43:46.918000,-0.6236803531646729,-0.0012853749794885516
2023-01-05 09:44:47.062000,-0.4689883589744568,-0.0012530697276815772
2023-01-05 09:45:46.936000,-0.41128674149513245,-0.0012149999383836985
2023-01-05 09:46:46.863000,-0.4824990928173065,-0.0012672916054725647
2023-01-05 09:47:46.974000,-0.6214374303817749,-0.0012532222317531705
2023-01-05 09:48:46.982000,-0.40635091066360474,-0.0012859555426985025
2023-01-05 09:49:46.957000,-0.5549361109733582,-0.0013193871127441525
2023-01-05 09:50:46.876000,-0.9597442746162415,-0.0013295675162225962
2023-01-05 09:51:46.934000,-0.4690283238887787,-0.001285170204937458
2023-01-05 09:52:46.880000,-0.38271233439445496,-0.0012287272838875651
2023-01-05 09:53:47.178000,-0.5797181129455566,-0.001289466628804803
2023-01-05 09:54:47.027000,-0.4649224281311035,-0.0012638750486075878
2023-01-05 09:55:46.925000,-0.34890827536582947,-0.0013088571140542626
2023-01-05 09:56:47.366000,-0.37773045897483826,-0.0012782640988007188
2023-01-05 09:57:46.941000,-0.934817373752594,-0.0012749189045280218
2023-01-05 09:58:46.899000,-0.3922693133354187,-0.0012285624397918582
2023-01-05 09:59:46.807000,-0.24826307594776154,-0.0012429130729287863
2023-01-05 10:00:46.828000,-0.5861119031906128,-0.0012719110818579793
2023-01-05 10:01:46.812000,-0.2804240584373474,-0.0012850526254624128
2023-01-05 10:02:46.890000,-0.21121883392333984,-0.0012956444406881928
2023-01-05 10:03:46.900000,-0.2832111418247223,-0.0013276279205456376
2023-01-05 10:04:46.832000,-0.47942522168159485,-0.0013003877829760313
2023-01-05 10:05:46.824000,-0.6347029805183411,-0.0013454146683216095
2023-01-05 10:06:46.899000,-0.24627263844013214,-0.0011954166693612933
2023-01-05 10:07:46.913000,-0.580019474029541,-0.0012607222888618708
2023-01-05 10:08:46.824000,-0.38116660714149475,-0.0012860250426456332
2023-01-05 10:09:46.852000,-0.32237645983695984,-0.0013060243800282478
2023-01-05 10:10:46.882000,-0.37056466937065125,-0.0013185652205720544
2023-01-05 10:11:46.803000,-0.6248574256896973,-0.0012640731874853373
2023-01-05 10:12:46.962000,-0.42592817544937134,-0.001344131538644433
2023-01-05 10:13:46.918000,-0.6767037510871887,-0.0012738864170387387
2023-01-05 10:14:46.784000,-0.6310753226280212,-0.001326312543824315
2023-01-05 10:15:46.953000,-0.466003954410553,-0.0012902443995699286
2023-01-05 10:16:46.876000,-0.3656349182128906,-0.001317755552008748
2023-01-05 10:17:48.214000,-0.37145930528640747,-0.0013692432548850775
2023-01-05 10:18:47.033000,-0.6414443850517273,-0.001337773515842855
2023-01-05 10:19:46.828000,-0.3671327531337738,-0.001314133289270103
2023-01-05 10:20:46.816000,-0.6213619112968445,-0.0012982444604858756
2023-01-05 10:21:47.398000,-0.4555128514766693,-0.0013046578969806433
2023-01-05 10:22:46.963000,-0.6870622038841248,-0.0013060832861810923
2023-01-05 10:23:46.847000,-0.36838021874427795,-0.0012973799603059888
2023-01-05 10:24:46.883000,-0.35229769349098206,-0.001293282606638968
2023-01-05 10:25:46.909000,-0.34138330817222595,-0.001341477269306779
2023-01-05 10:26:46.968000,-0.6518828272819519,-0.001299024443142116
2023-01-05 10:27:46.772000,-0.3334052860736847,-0.001362346112728119
2023-01-05 10:28:46.876000,-0.754607081413269,-0.0013545681722462177
2023-01-05 10:29:46.929000,-0.42729702591896057,-0.0012994285207241774
2023-01-05 10:30:46.895000,-0.7377180457115173,-0.0012933512916788459
2023-01-05 10:31:46.846000,-0.4255240261554718,-0.0012969736708328128
2023-01-05 10:32:46.838000,-0.4190327823162079,-0.0012926041381433606
2023-01-05 10:33:46.865000,-0.4034419655799866,-0.0012925686314702034
2023-01-05 10:34:46.762000,-0.7440964579582214,-0.00126334885135293
2023-01-05 10:35:46.890000,-0.45234426856040955,-0.0012915434781461954
2023-01-05 10:36:46.864000,-0.6911889314651489,-0.00128372001927346
2023-01-05 10:37:46.806000,-0.31818631291389465,-0.0012846599565818906
2023-01-05 10:38:46.806000,-0.600317120552063,-0.0012776817893609405
2023-01-05 10:39:46.878000,-0.2628709673881531,-0.001297586946748197
2023-01-05 10:40:46.930000,-0.27655738592147827,-0.001345954486168921
2023-01-05 10:41:47.414000,-0.26243120431900024,-0.0013269729679450393
2023-01-05 10:42:46.828000,-0.5472325682640076,-0.0013080999488011003
2023-01-05 10:43:46.904000,-0.4601859450340271,-0.0013057754840701818
2023-01-05 10:44:46.926000,-0.4511977732181549,-0.001306000049225986
2023-01-05 10:45:46.904000,-0.27470555901527405,-0.0012787551386281848
2023-01-05 10:46:46.857000,-0.5679175853729248,-0.0012991591356694698
2023-01-05 10:47:46.858000,-0.20721176266670227,-0.0012956410646438599
2023-01-05 10:48:46.859000,-0.22352856397628784,-0.0012976923026144505
2023-01-05 10:49:46.785000,-0.23152673244476318,-0.0013378043659031391
2023-01-05 10:50:46.951000,-0.527995228767395,-0.0013472926802933216
2023-01-05 10:51:46.847000,-0.7032708525657654,-0.0012959148734807968
2023-01-05 10:52:46.800000,-0.4498947858810425,-0.0013022352941334248
2023-01-05 10:53:46.816000,-0.35740384459495544,-0.0014385294634848833
2023-01-05 10:54:46.882000,-0.6693598031997681,-0.001200348837301135
2023-01-05 10:55:46.804000,-0.40157875418663025,-0.0012723077088594437
2023-01-05 10:56:46.788000,-0.3808019459247589,-0.0013105238322168589
2023-01-05 10:57:46.773000,-0.3655698895454407,-0.0012569412356242537
2023-01-05 10:58:46.789000,-0.7223185896873474,-0.0011935789370909333
2023-01-05 10:59:46.850000,-0.8053943514823914,-0.0013566471170634031
2023-01-05 11:00:46.795000,-0.4176401197910309,-0.0013391388347372413
2023-01-05 11:01:46.783000,-0.4304519593715668,-0.0012620588531717658
2023-01-05 11:02:46.891000,-0.6692034602165222,-0.0013630667235702276
2023-01-05 11:03:46.756000,-0.40190649032592773,-0.0013512499863281846
2023-01-05 11:04:46.962000,-0.4146268665790558,-0.0011513888603076339
2023-01-05 11:05:46.792000,-0.5316442847251892,-0.0013630652101710439
2023-01-05 11:06:46.749000,-0.5279507040977478,-0.0012728888541460037
2023-01-05 11:07:46.807000,-0.786508321762085,-0.0012029374483972788
2023-01-05 11:08:47.024000,-0.48970675468444824,-0.0012864499585703015
2023-01-05 11:09:46.846000,-0.7781821489334106,-0.0012612558202818036
2023-01-05 11:10:46.763000,-0.4328421652317047,-0.0014786591054871678
2023-01-05 11:11:46.761000,-0.45004794001579285,-0.0012647678377106786
2023-01-05 11:12:46.841000,-0.46200552582740784,-0.0012991332914680243
2023-01-05 11:13:46.843000,-0.6891436576843262,-0.001259061275050044
2023-01-05 11:14:46.841000,-0.5073252320289612,-0.0012619600165635347
2023-01-05 11:15:46.860000,-0.6017175316810608,-0.001109421020373702
2023-01-05 11:16:46.785000,-0.47420966625213623,-0.001324543496593833
2023-01-05 11:17:46.861000,-0.45475783944129944,-0.0012297674547880888
2023-01-05 11:18:46.792000,-0.2957681119441986,-0.0012025191681459546
2023-01-05 11:19:46.756000,-0.28202730417251587,-0.0012402557767927647
2023-01-05 11:20:46.749000,-0.5789497494697571,-0.0013773809187114239
2023-01-05 11:21:46.786000,-0.3591797649860382,-0.001204625004902482
2023-01-05 11:22:46.826000,-0.5617300271987915,-0.0012756666401401162
2023-01-05 11:23:46.808000,-0.48240047693252563,-0.001399571425281465
2023-01-05 11:24:46.832000,-0.6591607332229614,-0.001309617655351758
2023-01-05 11:25:47.060000,-0.3178996741771698,-0.001263358979485929
2023-01-05 11:26:46.791000,-0.34076815843582153,-0.0011731961276382208
2023-01-05 11:27:46.804000,-0.3059183955192566,-0.0014318571193143725
2023-01-05 11:28:46.798000,-0.6355894804000854,-0.0015640952624380589
2023-01-05 11:29:46.795000,-0.3270615041255951,-0.0011112926295027137
2023-01-05 11:30:46.782000,-0.6415622234344482,-0.0013908856781199574
2023-01-05 11:31:46.850000,-0.45910340547561646,-0.0013708076439797878
2023-01-05 11:32:46.729000,-0.6409831047058105,-0.0011761250207200646
2023-01-05 11:33:46.783000,-0.2264469712972641,-0.0012756274081766605
2023-01-05 11:34:46.704000,-0.2532733380794525,-0.00133115379139781
2023-01-05 11:35:46.798000,-0.34109026193618774,-0.0013799630105495453
2023-01-05 11:36:46.843000,-0.4467058777809143,-0.001310886349529028
2023-01-05 11:37:46.727000,-0.2728101909160614,-0.0013240526895970106
2023-01-05 11:38:46.740000,-0.6703650951385498,-0.0013323158491402864
2023-01-05 11:39:46.721000,-0.43577492237091064,-0.001328571466729045
2023-01-05 11:40:46.784000,-0.3608236610889435,-0.0013016326120123267
2023-01-05 11:41:46.830000,-0.25336068868637085,-0.0013258333783596754
2023-01-05 11:42:46.786000,-0.2344367951154709,-0.0013295476092025638
2023-01-05 11:43:46.854000,-0.5088086724281311,-0.0013429394457489252
2023-01-05 11:44:46.798000,-0.36824360489845276,-0.0012213541194796562
2023-01-05 11:45:46.760000,-0.3839237689971924,-0.0013686976162716746
2023-01-05 11:46:46.738000,-0.758670449256897,-0.0013031372800469398
2023-01-05 11:47:46.785000,-0.599398136138916,-0.0013620000099763274
2023-01-05 11:48:46.796000,-0.5316609740257263,-0.001247919979505241
2023-01-05 11:49:46.718000,-0.4581805169582367,-0.0013121621450409293
2023-01-05 11:50:46.805000,-0.4382367730140686,-0.0013369444059208035
2023-01-05 11:51:46.751000,-0.48871052265167236,-0.0013134905602782965
2023-01-05 11:52:46.780000,-0.6566243767738342,-0.001320500043220818
2023-01-05 11:53:47.974000,-0.5005367994308472,-0.0013195365900173783
2023-01-05 11:54:46.726000,-0.6306055784225464,-0.00129181076772511
2023-01-05 11:55:46.726000,-0.37883296608924866,-0.0012589070247486234
2023-01-05 11:56:46.791000,-0.6690700054168701,-0.001284574973396957
2023-01-05 11:57:46.707000,-0.3611064553260803,-0.00129227084107697
2023-01-05 11:58:46.746000,-0.41199612617492676,-0.0012929511722177267
2023-01-05 11:59:46.733000,-0.3956880569458008,-0.001333200023509562
2023-01-05 12:00:46.730000,-0.5249496102333069,-0.0013203182024881244
2023-01-05 12:01:48.192000,-0.8036315441131592,-0.001302816323004663
2023-01-05 12:02:46.738000,-0.4483307898044586,-0.001395097584463656
2023-01-05 12:03:46.778000,-0.29239872097969055,-0.0012758636148646474
2023-01-05 12:04:46.689000,-0.33876869082450867,-0.0012533636763691902
2023-01-05 12:05:46.834000,-0.613926112651825,-0.0013735262909904122
2023-01-05 12:06:46.800000,-0.35494285821914673,-0.0013654102804139256
2023-01-05 12:07:46.766000,-0.32777565717697144,-0.0013432973064482212
2023-01-05 12:08:46.711000,-0.3412739634513855,-0.0013059999328106642
2023-01-05 12:09:46.714000,-0.7062574028968811,-0.0013054615119472146
2023-01-05 12:10:46.646000,-0.6602210402488708,-0.0013423749478533864
2023-01-05 12:11:46.672000,-0.3600732088088989,-0.0013537872582674026
2023-01-05 12:12:46.654000,-0.3581143319606781,-0.001335657900199294
2023-01-05 12:13:46.779000,-0.322566956281662,-0.0013343170285224915
2023-01-05 12:14:46.647000,-0.42349982261657715,-0.0014113414799794555
2023-01-05 12:15:46.720000,-0.5387972593307495,-0.0013134615728631616
2023-01-05 12:16:46.898000,-0.3135087490081787,-0.0013406382640823722
2023-01-05 12:17:46.908000,-0.7137068510055542,-0.0013751701917499304
2023-01-05 12:18:46.695000,-0.3271903693675995,-0.0012681162916123867
2023-01-05 12:19:46.667000,-0.6402913928031921,-0.0013431372353807092
2023-01-05 12:20:46.713000,-0.3337611258029938,-0.0012866153847426176
2023-01-05 12:21:46.768000,-0.32324934005737305,-0.0013237750390544534
2023-01-05 12:22:46.724000,-0.36982572078704834,-0.0013909999979659915
2023-01-05 12:23:46.724000,-0.5979822278022766,-0.0014219117583706975
2023-01-05 12:24:46.821000,-0.6052588820457458,-0.0012667895061895251
2023-01-05 12:25:46.690000,-0.7166295647621155,-0.0014752941206097603
2023-01-05 12:26:46.706000,-0.39816170930862427,-0.0013481935020536184
2023-01-05 12:27:46.795000,-0.5673739910125732,-0.001342558185569942
2023-01-05 12:28:46.797000,-0.5124920606613159,-0.0012514516711235046
2023-01-05 12:29:46.750000,-0.3439442217350006,-0.0013085121754556894
2023-01-05 12:30:46.638000,-0.29546865820884705,-0.001391972997225821
2023-01-05 12:31:46.809000,-0.41114506125450134,-0.001299757626838982
2023-01-05 12:32:46.757000,-0.5454589128494263,-0.001080833375453949
2023-01-05 12:33:46.643000,-0.4559982120990753,-0.0013268181355670094
2023-01-05 12:34:46.749000,-0.24772526323795319,-0.0013388717779889703
2023-01-05 12:35:46.745000,-0.4723116457462311,-0.0013862092746421695
2023-01-05 12:36:46.839000,-0.33942195773124695,-0.00133050000295043
2023-01-05 12:37:46.691000,-0.23030224442481995,-0.0013787222560495138
2023-01-05 12:38:46.595000,-0.26892977952957153,-0.0014076136285439134
2023-01-05 12:39:46.646000,-0.4136495888233185,-0.0013239565305411816
2023-01-05 12:40:46.642000,-0.5774194002151489,-0.001369204488582909
2023-01-05 12:41:46.622000,-0.39417263865470886,-0.0013726738980039954
2023-01-05 12:42:46.642000,-0.22576268017292023,-0.001259282580576837
2023-01-05 12:43:46.717000,-0.36771395802497864,-0.0014588043559342623
2023-01-05 12:44:46.769000,-0.4597718417644501,-0.0012711458839476109
2023-01-05 12:45:46.744000,-0.3233219087123871,-0.0012455475516617298
2023-01-05 12:46:46.752000,-0.3417721688747406,-0.0012449792120605707
2023-01-05 12:47:46.662000,-0.36346569657325745,-0.001476184232160449
2023-01-05 12:48:46.693000,-0.8762392997741699,-0.0013875588774681091
2023-01-05 12:49:46.692000,-0.47314754128456116,-0.0011788461124524474
2023-01-05 12:50:46.623000,-0.3428845703601837,-0.0013982499949634075
2023-01-05 12:51:46.673000,-0.35565996170043945,-0.0013484323862940073
2023-01-05 12:52:46.651000,-0.6906025409698486,-0.0013954375172033906
2023-01-05 12:53:46.680000,-0.37498924136161804,-0.0014251176035031676
2023-01-05 12:54:46.591000,-0.38279053568840027,-0.0012668250128626823
2023-01-05 12:55:46.638000,-0.39961308240890503,-0.0012745599960908294
2023-01-05 12:56:46.616000,-0.8965777158737183,-0.0009635832975618541
2023-01-05 12:57:46.659000,-0.614050030708313,-0.0007890238193795085
2023-01-05 12:58:46.712000,-0.3943761885166168,-0.0014487948501482606
2023-01-05 12:59:46.665000,-0.33543819189071655,-0.0011708285892382264
2023-01-05 13:00:46.971000,-0.3946060240268707,-0.001106589799746871
2023-01-05 13:01:46.630000,-0.6857719421386719,-0.00148423807695508
2023-01-05 13:02:46.639000,-0.44923603534698486,-0.0010415000142529607
2023-01-05 13:03:46.614000,-0.4556892216205597,-0.0012519749579951167
2023-01-05 13:04:46.721000,-0.8305818438529968,-0.0013287143083289266
2023-01-05 13:05:46.612000,-0.7623273134231567,-0.0013831219403073192
2023-01-05 13:06:46.680000,-0.46176016330718994,-0.001604874967597425
2023-01-05 13:07:46.958000,-0.37337103486061096,-0.001292108092457056
2023-01-05 13:08:46.809000,-0.35826244950294495,-0.0014955172082409263
2023-01-05 13:09:46.582000,-0.4402768313884735,-0.0013490000274032354
2023-01-05 13:10:46.952000,-0.49296510219573975,-0.0013854062417522073
2023-01-05 13:11:46.699000,-0.3434031307697296,-0.0013220454566180706
2023-01-05 13:12:46.644000,-0.6500796675682068,-0.0012950369855389
2023-01-05 13:13:46.802000,-0.27227872610092163,-0.0015612258575856686
2023-01-05 13:14:46.758000,-0.6060736179351807,-0.0014074615901336074
2023-01-05 13:15:47.748000,-0.2864772379398346,-0.0012665428221225739
2023-01-05 13:16:46.708000,-0.2677246630191803,-0.0012947273207828403
2023-01-05 13:17:46.654000,-0.29662230610847473,-0.0013985609402880073
2023-01-05 13:18:46.793000,-0.37400346994400024,-0.0012783488491550088
2023-01-05 13:19:46.549000,-0.623073399066925,-0.0013572187162935734
2023-01-05 13:20:46.649000,-0.6030794382095337,-0.0013077297480776906
2023-01-05 13:21:47.652000,-0.3009842038154602,-0.001455125049687922
2023-01-05 13:22:46.673000,-0.283413827419281,-0.0013535881880670786
2023-01-05 13:23:46.706000,-0.588856041431427,-0.0012881874572485685
2023-01-05 13:24:47.014000,-0.29620376229286194,-0.0013292341027408838
2023-01-05 13:25:46.614000,-0.27017122507095337,-0.0013751621590927243
2023-01-05 13:26:46.660000,-0.2281230092048645,-0.0013659230899065733
2023-01-05 13:27:46.574000,-0.4470698833465576,-0.001283437479287386
2023-01-05 13:28:46.696000,-0.634520411491394,-0.0013263170840218663
2023-01-05 13:29:46.636000,-0.21303774416446686,-0.0013753777602687478
2023-01-05 13:30:46.688000,-0.18706727027893066,-0.001366904703900218
2023-01-05 13:31:46.566000,-0.19093534350395203,-0.0012943469919264317
2023-01-05 13:32:46.648000,-0.5030587315559387,-0.001356090884655714
2023-01-05 13:33:46.545000,-0.23260407149791718,-0.0013712500222027302
2023-01-05 13:34:46.762000,-0.24075154960155487,-0.0013335185358300805
2023-01-05 13:35:46.875000,-0.4648594856262207,-0.0013715806417167187
2023-01-05 13:36:46.609000,-0.39556294679641724,-0.0014379721833392978
2023-01-05 13:37:46.586000,-0.43581315875053406,-0.0014641395537182689
2023-01-05 13:38:46.891000,-0.2841488718986511,-0.0014129772316664457
2023-01-05 13:39:46.783000,-0.24230681359767914,-0.0013047000393271446
2023-01-05 13:40:46.779000,-0.28976020216941833,-0.001347069744952023
2023-01-05 13:41:46.627000,-0.6846451163291931,-0.0013385500060394406
2023-01-05 13:42:46.522000,-0.36352965235710144,-0.0013401081087067723
2023-01-05 13:43:46.935000,-0.7255489230155945,-0.0012991891708225012
2023-01-05 13:44:46.811000,-0.4747063219547272,-0.0013283999869599938
2023-01-05 13:45:46.613000,-0.687401294708252,-0.0014358139596879482
2023-01-05 13:46:46.598000,-0.41353267431259155,-0.0013237353414297104
2023-01-05 13:47:46.590000,-0.38480308651924133,-0.0012634634040296078
2023-01-05 13:48:46.506000,-0.3565358817577362,-0.0013500285567715764
2023-01-05 13:49:46.565000,-0.6786056756973267,-0.001357382396236062
2023-01-05 13:50:46.664000,-0.35425394773483276,-0.001269749947823584
2023-01-05 13:51:46.574000,-0.7051376104354858,-0.0012864333111792803
2023-01-05 13:52:46.537000,-0.3869028389453888,-0.001163358916528523
2023-01-05 13:53:46.698000,-0.667778491973877,-0.001296823495067656
2023-01-05 13:54:46.616000,-0.35518553853034973,-0.0013824792113155127
2023-01-05 13:55:46.627000,-0.41122299432754517,-0.0014364332892000675
2023-01-05 13:56:46.653000,-0.2847591042518616,-0.0010493125300854445
2023-01-05 13:57:46.588000,-0.48007693886756897,-0.0013588846195489168
2023-01-05 13:58:46.541000,-0.22512811422348022,-0.0013487567193806171
2023-01-05 13:59:46.515000,-0.619210958480835,-0.0014127742033451796
2023-01-05 14:00:46.852000,-0.253100723028183,-0.0013141219969838858
2023-01-05 14:01:46.621000,-0.5558780431747437,-0.0014175428077578545
2023-01-05 14:02:46.487000,-0.25870221853256226,-0.001378147047944367
2023-01-05 14:03:46.571000,-0.1844349503517151,-0.0013867142843082547
2023-01-05 14:04:46.623000,-0.35474953055381775,-0.0013566060224547982
2023-01-05 14:05:46.572000,-0.4263015687465668,-0.0013640888500958681
2023-01-05 14:06:46.643000,-0.18580502271652222,-0.001376725034788251
2023-01-05 14:07:46.763000,-0.5963424444198608,-0.0013872917043045163
2023-01-05 14:08:46.523000,-0.4242912232875824,-0.0014282285701483488
2023-01-05 14:09:46.591000,-0.3305070102214813,-0.0012857193360105157
2023-01-05 14:10:46.502000,-0.20970912277698517,-0.0014248181832954288
2023-01-05 14:11:46.635000,-0.18747945129871368,-0.0013640000252053142
2023-01-05 14:12:46.680000,-0.5007584095001221,-0.0013467352837324142
2023-01-05 14:13:46.569000,-0.1866951286792755,-0.0013776046689599752
2023-01-05 14:14:46.661000,-0.19113315641880035,-0.001432486460544169
2023-01-05 14:15:46.584000,-0.642863392829895,-0.0013978261267766356
2023-01-05 14:16:46.572000,-0.5736481547355652,-0.0013154544867575169
2023-01-05 14:17:46.521000,-0.2745114266872406,-0.0013593158219009638
2023-01-05 14:18:46.587000,-0.3327000141143799,-0.0014023265102878213
2023-01-05 14:19:46.469000,-0.561087965965271,-0.0013834999408572912
2023-01-05 14:20:46.576000,-0.34338900446891785,-0.00132943585049361
2023-01-05 14:21:46.543000,-0.2820265591144562,-0.00134270207490772
2023-01-05 14:22:46.550000,-0.292339950799942,-0.0013986511621624231
2023-01-05 14:23:46.611000,-0.8560320734977722,-0.0013945208629593253
2023-01-05 14:24:46.598000,-0.11128271371126175,-0.0014102790737524629
2023-01-05 14:25:46.551000,-0.16385528445243835,-0.0013830851530656219
2023-01-05 14:26:46.473000,-0.2991437613964081,-0.0013940243516117334
2023-01-05 14:27:46.591000,-0.22587653994560242,-0.0013874571304768324
2023-01-05 14:28:46.607000,-0.0782124474644661,-0.001379384659230709
2023-01-05 14:29:46.579000,-0.060564782470464706,-0.0013691579224541783
2023-01-05 14:30:46.535000,-0.43119552731513977,-0.0014506562147289515
2023-01-05 14:31:46.491000,-0.44208893179893494,-0.0013978249626234174
2023-01-05 14:32:46.519000,-0.09657568484544754,-0.0013815853744745255
2023-01-05 14:33:46.456000,-0.2608273923397064,-0.0013370555825531483
2023-01-05 14:34:46.529000,-0.2575591802597046,-0.001462108688428998
2023-01-05 14:35:46.879000,-0.06800273060798645,-0.0013599047670140862
2023-01-05 14:36:46.627000,-0.13229551911354065,-0.001376679982058704
2023-01-05 14:37:46.508000,-0.43546733260154724,-0.0013235833030194044
2023-01-05 14:38:46.507000,-0.31881284713745117,-0.0013946841936558485
2023-01-05 14:39:46.499000,-0.5971949100494385,-0.0013979534851387143
2023-01-05 14:40:46.480000,-0.3895694613456726,-0.0013500000350177288
2023-01-05 14:41:46.499000,-0.3940681219100952,-0.001416750019416213
2023-01-05 14:42:46.448000,-0.2616761326789856,-0.00137702701613307
2023-01-05 14:43:46.548000,-0.24353136122226715,-0.0014342142967507243
2023-01-05 14:44:46.542000,-0.5908408164978027,-0.001211952418088913
2023-01-05 14:45:46.471000,-0.2812156677246094,-0.0013700244016945362
2023-01-05 14:46:46.504000,-0.35921376943588257,-0.0013867446687072515
2023-01-05 14:47:46.550000,-0.700867772102356,-0.0013234054204076529
2023-01-05 14:48:46.541000,-0.41978198289871216,-0.0013511463766917586
2023-01-05 14:49:46.503000,-0.24313603341579437,-0.001420973683707416
2023-01-05 14:50:46.518000,-0.2504122257232666,-0.0013949268031865358
2023-01-05 14:51:46.433000,-0.5951945781707764,-0.001442600041627884
2023-01-05 14:52:46.427000,-0.23958660662174225,-0.0014270237879827619
2023-01-05 14:53:46.548000,-0.2212015688419342,-0.0016541394870728254
2023-01-05 14:54:46.464000,-0.6191835403442383,-0.0013815172715112567
2023-01-05 14:55:46.575000,-0.7047451734542847,-0.0012944074114784598
2023-01-05 14:56:46.432000,-0.3376532196998596,-0.001389509765431285
2023-01-05 14:57:46.475000,-0.34662124514579773,-0.0013851458206772804
2023-01-05 14:58:46.535000,-0.6019399166107178,-0.001334466622211039
2023-01-05 14:59:46.526000,-0.29313671588897705,-0.0013758749701082706
2023-01-05 15:00:46.416000,-0.3329862356185913,-0.0013377111172303557
2023-01-05 15:01:46.432000,-0.5352441668510437,-0.001361871836706996
2023-01-05 15:02:46.455000,-0.43437445163726807,-0.0012710810406133533
2023-01-05 15:03:46.718000,-0.4380509555339813,-0.0013482448412105441
2023-01-05 15:04:46.603000,-0.32352808117866516,-0.0013058570912107825
2023-01-05 15:05:46.574000,-0.38895896077156067,-0.001491378410719335
2023-01-05 15:06:46.547000,-0.16584685444831848,-0.0013821666361764073
2023-01-05 15:07:46.487000,-0.13405902683734894,-0.0013183256378397346
2023-01-05 15:08:46.456000,-0.4900915026664734,-0.0013267567846924067
2023-01-05 15:09:46.687000,-0.13693848252296448,-0.0013643823331221938
2023-01-05 15:10:46.420000,-0.4317058324813843,-0.0013742222217842937
2023-01-05 15:11:46.447000,-0.47303593158721924,-0.001386393909342587
2023-01-05 15:12:46.487000,-0.2559587359428406,-0.0013461915077641606
2023-01-05 15:13:46.543000,-0.1433829367160797,-0.0013156591448932886
2023-01-05 15:14:46.510000,-0.18254856765270233,-0.0013138387585058808
2023-01-05 15:15:46.404000,-0.4555579721927643,-0.0014054615749046206
2023-01-05 15:16:46.396000,-0.159936785697937,-0.0013291110517457128
2023-01-05 15:17:46.436000,-0.22276148200035095,-0.0014577142428606749
2023-01-05 15:18:46.533000,-0.8816171288490295,-0.0012501851888373494
2023-01-05 15:19:46.428000,-0.2254561185836792,-0.00138631253503263
2023-01-05 15:20:46.510000,-0.15406104922294617,-0.0013242941349744797
2023-01-05 15:21:46.987000,-0.13903068006038666,-0.001386659569106996
2023-01-05 15:22:46.401000,-0.3884658217430115,-0.0012454800307750702
2023-01-05 15:23:46.429000,-0.147417813539505,-0.0013271186035126448
2023-01-05 15:24:46.560000,-0.09329645335674286,-0.0013899999903514981
2023-01-05 15:25:46.435000,-0.5214259028434753,-0.0013963946839794517
2023-01-05 15:26:46.473000,-0.4423010051250458,-0.0014603800373151898
2023-01-05 15:27:46.471000,-0.14302141964435577,-0.0013117999769747257
2023-01-05 15:28:46.445000,-0.23431459069252014,-0.0012896666303277016
2023-01-05 15:29:46.485000,-0.3418136537075043,-0.0013901860220357776
2023-01-05 15:30:46.501000,-0.1023193970322609,-0.0014736122684553266
2023-01-05 15:31:46.714000,-0.2001871019601822,-0.001309499959461391
2023-01-05 15:32:46.489000,-0.5283945798873901,-0.0012468333588913083
2023-01-05 15:33:46.443000,-0.40751707553863525,-0.0014693414559587836
2023-01-05 15:34:46.522000,-0.40742313861846924,-0.0014122894499450922
2023-01-05 15:35:46.486000,-0.40470170974731445,-0.0013450434198603034
2023-01-05 15:36:46.501000,-0.5979881882667542,-0.0014453055337071419
2023-01-05 15:37:46.353000,-0.3449691832065582,-0.001380795962177217
2023-01-05 15:38:46.366000,-0.3116355240345001,-0.0014476221986114979
2023-01-05 15:39:46.494000,-0.5245535373687744,-0.0012657941551879048
2023-01-05 15:40:46.561000,-0.35706955194473267,-0.0013429814716801047
2023-01-05 15:41:46.404000,-0.5962753295898438,-0.001518320757895708
2023-01-05 15:42:46.469000,-0.31824466586112976,-0.0014413913013413548
2023-01-05 15:43:46.463000,-0.578628420829773,-0.001325742807239294
2023-01-05 15:44:46.498000,-0.2566889822483063,-0.0013912307331338525
2023-01-05 15:45:46.354000,-0.24275290966033936,-0.001595500041730702
2023-01-05 15:46:46.348000,-0.43166375160217285,-0.0013849565293639898
2023-01-05 15:47:46.487000,-0.37575528025627136,-0.0014363256050273776
2023-01-05 15:48:46.471000,-0.26316529512405396,-0.0015015200478956103
2023-01-05 15:49:46.425000,-0.615205705165863,-0.0014096874510869384
2023-01-05 15:50:46.401000,-0.5072445869445801,-0.0013228636234998703
2023-01-05 15:51:46.416000,-0.18995743989944458,-0.0014014651533216238
2023-01-05 15:52:46.411000,-0.23220214247703552,-0.0014951219782233238
2023-01-05 15:53:46.389000,-0.24691712856292725,-0.0013809545198455453
2023-01-05 15:54:46.388000,-0.48417773842811584,-0.001415250007994473
2023-01-05 15:55:46.493000,-0.19605772197246552,-0.0012688421411439776
2023-01-05 15:56:46.479000,-0.22042115032672882,-0.0013032499700784683
2023-01-05 15:57:46.548000,-0.7711825370788574,-0.0012930833036080003
2023-01-05 15:58:46.386000,-0.29109644889831543,-0.001362843788228929
2023-01-05 15:59:46.421000,-0.17398014664649963,-0.0013661000411957502
2023-01-05 16:00:46.486000,-0.19971266388893127,-0.0014232438988983631
2023-01-05 16:01:46.442000,-0.48409903049468994,-0.0015123332850635052
2023-01-05 16:02:46.490000,-0.15643277764320374,-0.0013297948753461242
2023-01-05 16:03:46.450000,-0.16995635628700256,-0.0013889591209590435
2023-01-05 16:04:46.454000,-0.4200451076030731,-0.0014355853199958801
2023-01-05 16:05:46.352000,-0.7105057239532471,-0.0013064333470538259
2023-01-05 16:06:46.457000,-0.21279177069664001,-0.001393078942783177
2023-01-05 16:07:46.431000,-0.16893859207630157,-0.001398000051267445
2023-01-05 16:08:46.384000,-0.4577972888946533,-0.0013691515196114779
2023-01-05 16:09:46.469000,-0.36969393491744995,-0.0014166181208565831
2023-01-05 16:10:46.392000,-0.26964619755744934,-0.0014110476477071643
2023-01-05 16:11:46.380000,-0.2831037938594818,-0.0013901799684390426
2023-01-05 16:12:46.491000,-0.869830846786499,-0.0013928749831393361
2023-01-05 16:13:46.418000,-0.4102221727371216,-0.0013965192483738065
2023-01-05 16:14:46.360000,-0.29473739862442017,-0.001438076957128942
2023-01-05 16:15:46.324000,-0.3401767909526825,-0.0014202325837686658
2023-01-05 16:16:46.351000,-0.41686129570007324,-0.0013577567879110575
2023-01-05 16:17:46.439000,-0.15019501745700836,-0.0013793902471661568
2023-01-05 16:18:46.750000,-0.15367397665977478,-0.0014082581037655473
2023-01-05 16:19:46.379000,-0.2676790654659271,-0.0014590600039809942
2023-01-05 16:20:46.414000,-0.6161066293716431,-0.0013131707673892379
2023-01-05 16:21:46.454000,-0.1373404711484909,-0.0013816874707117677
2023-01-05 16:22:46.428000,-0.10289984941482544,-0.0014173428062349558
2023-01-05 16:23:46.331000,-0.4022774398326874,-0.0013780540321022272
2023-01-05 16:24:46.355000,-0.12997746467590332,-0.0013794073602184653
2023-01-05 16:25:46.616000,-0.10530109703540802,-0.0013405749341472983
2023-01-05 16:26:46.510000,-0.14383423328399658,-0.001415425562299788
2023-01-05 16:27:46.368000,-0.42315128445625305,-0.0013525370741263032
2023-01-05 16:28:46.829000,-0.5215879678726196,-0.0013884358340874314
2023-01-05 16:29:46.320000,-0.09921063482761383,-0.0014801578363403678
2023-01-05 16:30:46.418000,-0.08408371359109879,-0.0014581282157450914
2023-01-05 16:31:46.391000,-0.48100775480270386,-0.001362311071716249
2023-01-05 16:32:46.447000,-0.22746138274669647,-0.0013420269824564457
2023-01-05 16:33:46.450000,-0.1968151479959488,-0.0013510000426322222
2023-01-05 16:34:46.368000,-0.24548962712287903,-0.001308796345256269
2023-01-05 16:35:46.325000,-0.5237928628921509,-0.001318539958447218
2023-01-05 16:36:46.296000,-0.6212827563285828,-0.0014196470146998763
2023-01-05 16:37:46.355000,-0.2560555934906006,-0.0013323333114385605
2023-01-05 16:38:46.757000,-0.3444261848926544,-0.0014105853624641895
2023-01-05 16:39:46.371000,-0.4067060649394989,-0.001513550989329815
2023-01-05 16:40:46.439000,-0.25715911388397217,-0.001339999958872795
2023-01-05 16:41:46.358000,-0.25275251269340515,-0.0014232499524950981
2023-01-05 16:42:46.421000,-0.42533180117607117,-0.0014071345794945955
2023-01-05 16:43:46.381000,-0.4619568884372711,-0.0013831350952386856
2023-01-05 16:44:46.292000,-0.5876060128211975,-0.0014123264700174332
2023-01-05 16:45:46.371000,-0.22859176993370056,-0.0013602380640804768
2023-01-05 16:46:46.374000,-0.5008134245872498,-0.0013722702860832214
2023-01-05 16:47:46.335000,-0.4078122675418854,-0.0014656364219263196
2023-01-05 16:48:46.300000,-0.2769564390182495,-0.0013698780676349998
2023-01-05 16:49:46.389000,-0.3284687399864197,-0.0014680195599794388
2023-01-05 16:50:46.349000,-0.585869312286377,-0.0013583255931735039
2023-01-05 16:51:46.361000,-0.5244379043579102,-0.0014408683637157083
2023-01-05 16:52:46.311000,-0.5981593728065491,-0.0014921316178515553
2023-01-05 16:53:46.351000,-0.31147506833076477,-0.0014786341926082969
2023-01-05 16:54:46.634000,-0.528891921043396,-0.0014643260510638356
2023-01-05 16:55:46.836000,-0.28988248109817505,-0.001454410725273192
2023-01-05 16:56:46.272000,-0.24411682784557343,-0.0013591304887086153
2023-01-05 16:57:46.359000,-0.20814810693264008,-0.001411600038409233
2023-01-05 16:58:46.377000,-0.5286489129066467,-0.001415958278812468
2023-01-05 16:59:46.296000,-0.38675400614738464,-0.001414733356796205
2023-01-05 17:00:46.248000,-0.362231969833374,-0.0014348444528877735
2023-01-05 17:01:46.668000,-0.14677411317825317,-0.001382000045850873
2023-01-05 17:02:46.334000,-0.5011147260665894,-0.0015875849639996886
2023-01-05 17:03:46.347000,-0.19499436020851135,-0.0014617500128224492
2023-01-05 17:04:46.373000,-0.20569153130054474,-0.0015699999639764428
2023-01-05 17:05:46.719000,-0.2358061820268631,-0.0014533571666106582
2023-01-05 17:06:46.358000,-0.5171135663986206,-0.001376871019601822
2023-01-05 17:07:46.252000,-0.4508420526981354,-0.0014376110630109906
2023-01-05 17:08:46.279000,-0.3196903467178345,-0.0014079230604693294
2023-01-05 17:09:46.318000,-0.18760016560554504,-0.0013953137677162886
2023-01-05 17:10:46.268000,-0.492266446352005,-0.0013960464857518673
2023-01-05 17:11:46.310000,-0.1814097762107849,-0.001452804310247302
2023-01-05 17:12:46.483000,-0.1750357449054718,-0.0013956603361293674
2023-01-05 17:13:46.382000,-0.0806586816906929,-0.0014034255873411894
2023-01-05 17:14:46.237000,-0.3843015432357788,-0.0014127884060144424
2023-01-05 17:15:46.275000,-0.4167158305644989,-0.0014258545124903321
2023-01-05 17:16:46.345000,-0.13216443359851837,-0.0013145961565896869
2023-01-05 17:17:46.375000,-0.08855633437633514,-0.0013916200259700418
2023-01-05 17:18:46.402000,-0.4506778419017792,-0.0013912187423557043
2023-01-05 17:19:46.331000,-0.07618725299835205,-0.0013937561307102442
2023-01-05 17:20:46.327000,-0.11863230168819427,-0.001398733351379633
2023-01-05 17:21:46.295000,-0.11400196701288223,-0.0014096874510869384
2023-01-05 17:22:46.371000,-0.4056608974933624,-0.0012265000259503722
2023-01-05 17:23:46.317000,-0.5175513625144958,-0.0013767894124612212
2023-01-05 17:24:46.465000,-0.20786122977733612,-0.001450545503757894
2023-01-05 17:25:46.620000,-0.19139467179775238,-0.001381187466904521
2023-01-05 17:26:46.237000,-0.5266831517219543,-0.0014107777969911695
2023-01-05 17:27:46.219000,-0.2621881067752838,-0.0014816856710240245
2023-01-05 17:28:46.248000,-0.33805760741233826,-0.0014440681552514434
2023-01-05 17:29:46.731000,-0.33460667729377747,-0.0014490749454125762
2023-01-05 17:30:46.228000,-0.639861524105072,-0.0013200488174334168
2023-01-05 17:31:46.268000,-0.6825814843177795,-0.0012713000178337097
2023-01-05 17:32:46.331000,-0.2771818935871124,-0.00122265110258013
2023-01-05 17:33:46.267000,-0.26928672194480896,-0.0013422652846202254
2023-01-05 17:34:46.251000,-0.5541456937789917,-0.0013131481828168035
2023-01-05 17:35:46.326000,-0.2671792507171631,-0.0014220208395272493
2023-01-05 17:36:46.298000,-0.25592100620269775,-0.0017021489329636097
2023-01-05 17:37:46.307000,-0.26494675874710083,-0.0016461351187899709
2023-01-05 17:38:46.318000,-0.5432298183441162,-0.0014331219717860222
2023-01-05 17:39:46.239000,-0.6698495745658875,-0.0012988974340260029
2023-01-05 17:40:46.192000,-0.2520325779914856,-0.001445624977350235
2023-01-05 17:41:46.237000,-0.2912483215332031,-0.0014659444568678737
2023-01-05 17:42:46.196000,-0.5235646367073059,-0.001397400046698749
2023-01-05 17:43:46.338000,-0.16636112332344055,-0.0014371363213285804
2023-01-05 17:44:46.422000,-0.19567079842090607,-0.001431540586054325
2023-01-05 17:45:46.231000,-0.21020159125328064,-0.0014714468270540237
2023-01-05 17:46:46.210000,-0.5196868777275085,-0.00140941864810884
2023-01-05 17:47:46.205000,-0.5384826064109802,-0.0014824693789705634
2023-01-05 17:48:46.216000,-0.17023411393165588,-0.001417021732777357
2023-01-05 17:49:46.304000,-0.2144746631383896,-0.0014121219282969832
2023-01-05 17:50:46.288000,-0.5292762517929077,-0.0014566383324563503
2023-01-05 17:51:46.201000,-0.17817668616771698,-0.0012814130168408155
2023-01-05 17:52:46.269000,-0.1808921843767166,-0.0014071667101234198
2023-01-05 17:53:46.267000,-0.1887638121843338,-0.0013695152010768652
2023-01-05 17:54:46.255000,-0.5632064342498779,-0.0014373260783031583
2023-01-05 17:55:46.277000,-0.4799514710903168,-0.0014465262647718191
2023-01-05 17:56:46.197000,-0.1585642695426941,-0.00141036172863096
2023-01-05 17:57:46.468000,-0.16644753515720367,-0.0014118958497419953
2023-01-05 17:58:46.294000,-0.529390275478363,-0.0014551955973729491
2023-01-05 17:59:46.243000,-0.17511416971683502,-0.0014003264950588346
2023-01-05 18:00:46.306000,-0.20218321681022644,-0.0013951272703707218
2023-01-05 18:01:46.366000,-0.2991580069065094,-0.0014129772316664457
2023-01-05 18:02:46.296000,-0.7202332019805908,-0.0014290407998487353
2023-01-05 18:03:46.160000,-0.5577718019485474,-0.0013886976521462202
2023-01-05 18:04:46.170000,-0.3443457782268524,-0.0014447435969486833
2023-01-05 18:05:46.275000,-0.3519169092178345,-0.00138807890471071
2023-01-05 18:06:46.728000,-0.5577778220176697,-0.0013663399731740355
2023-01-05 18:07:46.754000,-0.2718525230884552,-0.001377325621433556
2023-01-05 18:08:46.251000,-0.27577391266822815,-0.0013580850791186094
2023-01-05 18:09:46.192000,-0.32975083589553833,-0.0015179512556642294
2023-01-05 18:10:46.212000,-0.44778314232826233,-0.0016999791841953993
2023-01-05 18:11:46.228000,-0.3520261347293854,-0.0014335134765133262
2023-01-05 18:12:46.698000,-0.13895942270755768,-0.001397829269990325
2023-01-05 18:13:46.403000,-0.4032841920852661,-0.0014639511937275529
2023-01-05 18:14:46.693000,-0.16987255215644836,-0.001255885697901249
2023-01-05 18:15:46.245000,-0.11651703715324402,-0.0013082500081509352
2023-01-05 18:16:46.282000,-0.12322258204221725,-0.0014765262603759766
2023-01-05 18:17:46.246000,-0.4399767518043518,-0.0015130701940506697
2023-01-05 18:18:46.203000,-0.30410122871398926,-0.001402607886120677
2023-01-05 18:19:46.222000,-0.3281693458557129,-0.001402166672050953
2023-01-05 18:20:46.141000,-0.10387130081653595,-0.0014317750465124846
2023-01-05 18:21:46.156000,-0.41420167684555054,-0.0013642682461068034
2023-01-05 18:22:46.231000,-0.18086093664169312,-0.0013696199748665094
2023-01-05 18:23:46.414000,-0.183962881565094,-0.0014684773050248623
2023-01-05 18:24:46.194000,-0.38505443930625916,-0.0014419188955798745
2023-01-05 18:25:46.214000,-0.5607526898384094,-0.0014883695403113961
2023-01-05 18:26:46.144000,-0.5860936045646667,-0.0013484468217939138
2023-01-05 18:27:46.871000,-0.5353812575340271,-0.0014291515108197927
2023-01-05 18:28:46.460000,-0.5025312900543213,-0.0014236667193472385
2023-01-05 18:29:46.132000,-0.33016934990882874,-0.001293687499128282
2023-01-05 18:30:46.189000,-0.22330185770988464,-0.0015240750508382916
2023-01-05 18:31:46.327000,-0.21190865337848663,-0.0014107073657214642
2023-01-05 18:32:46.255000,-0.5017447471618652,-0.001415047561749816
2023-01-05 18:33:46.238000,-0.24442799389362335,-0.0014873333275318146
2023-01-05 18:34:46.559000,-0.5823051929473877,-0.0013553823810070753
2023-01-05 18:35:46.197000,-0.22864122688770294,-0.0014375116443261504
2023-01-05 18:36:46.159000,-0.554576575756073,-0.0014119750121608377
2023-01-05 18:37:46.187000,-0.2171715348958969,-0.001349627855233848
2023-01-05 18:38:46.187000,-0.23351286351680756,-0.0014497333904728293
2023-01-05 18:39:46.140000,-0.3060401976108551,-0.0015092812245711684
2023-01-05 18:40:46.235000,-0.48693594336509705,-0.0014411199372261763
2023-01-05 18:41:46.233000,-0.41088050603866577,-0.0014629361685365438
2023-01-05 18:42:46.187000,-0.6705452799797058,-0.0014797250041738153
2023-01-05 18:43:46.133000,-0.4104647934436798,-0.001410129014402628
2023-01-05 18:44:46.249000,-0.5025753378868103,-0.0014004706172272563
2023-01-05 18:45:46.192000,-0.3170265257358551,-0.0014439166989177465
2023-01-05 18:46:46.511000,-0.2891583740711212,-0.001442595268599689
2023-01-05 18:47:46.159000,-0.42527490854263306,-0.0014425121480599046
2023-01-05 18:48:46.160000,-0.37845876812934875,-0.0014475854113698006
2023-01-05 18:49:46.309000,-0.3940370976924896,-0.0014298780588433146
2023-01-05 18:50:46.148000,-0.43533480167388916,-0.0014432142488658428
2023-01-05 18:51:46.218000,-0.4667240381240845,-0.0014190789079293609
2023-01-05 18:52:46.153000,-0.22709326446056366,-0.0014133023796603084
2023-01-05 18:53:46.229000,-0.21368728578090668,-0.0014403043314814568
2023-01-05 18:54:46.167000,-0.23343415558338165,-0.0014697173610329628
2023-01-05 18:55:46.163000,-0.4949896037578583,-0.0014856428606435657
2023-01-05 18:56:46.297000,-0.20559613406658173,-0.0014290204271674156
2023-01-05 18:57:46.941000,-0.40094438195228577,-0.0014796922914683819
2023-01-05 18:58:46.227000,-0.499990850687027,-0.0014574145898222923
2023-01-05 18:59:46.194000,-0.5788271427154541,-0.001429651165381074
2023-01-05 19:00:46.199000,-0.2715855538845062,-0.0014225580962374806
2023-01-05 19:01:46.112000,-0.28122735023498535,-0.0014533333014696836
2023-01-05 19:02:46.167000,-0.448467493057251,-0.0014097962994128466
2023-01-05 19:03:46.568000,-0.4078856110572815,-0.0014609756181016564
2023-01-05 19:04:46.158000,-0.2744913101196289,-0.0014585135504603386
2023-01-05 19:05:46.115000,-0.4473586976528168,-0.0014821395743638277
2023-01-05 19:06:46.076000,-0.31563109159469604,-0.0013642432168126106
2023-01-05 19:07:46.226000,-0.2262212187051773,-0.0013731749495491385
2023-01-05 19:08:46.170000,-0.09763836860656738,-0.0014835813781246543
2023-01-05 19:09:46.156000,-0.0635119155049324,-0.0013306904584169388
2023-01-05 19:10:46.349000,-0.2494475543498993,-0.001335059991106391
2023-01-05 19:11:46.072000,-0.22718225419521332,-0.0015386875020340085
2023-01-05 19:12:46.174000,-0.06178008392453194,-0.0015546889044344425
2023-01-05 19:13:46.093000,-0.4637584388256073,-0.0014141697902232409
2023-01-05 19:14:46.079000,-0.2931975722312927,-0.0014812187291681767
2023-01-05 19:15:46.154000,-0.1986999660730362,-0.0013134772889316082
2023-01-05 19:16:46.124000,-0.14684990048408508,-0.0013472820864990354
2023-01-05 19:17:46.131000,-0.23897577822208405,-0.0014175624819472432
2023-01-05 19:18:46.231000,-0.5703121423721313,-0.001407794887199998
2023-01-05 19:19:46.112000,-0.20559179782867432,-0.0014896744396537542
2023-01-05 19:20:46.464000,-0.3792666792869568,-0.0014557000249624252
2023-01-05 19:21:46.178000,-0.5118310451507568,-0.0014081739354878664
2023-01-05 19:22:46.423000,-0.6328237652778625,-0.0014314999571070075
2023-01-05 19:23:46.072000,-0.3648752272129059,-0.0014111142372712493
2023-01-05 19:24:46.111000,-0.31469377875328064,-0.0013654815265908837
2023-01-05 19:25:46.486000,-0.3728303909301758,-0.0013940000208094716
2023-01-05 19:26:46.641000,-0.5667022466659546,-0.0014657368883490562
2023-01-05 19:27:46.107000,-0.27005302906036377,-0.0015765789430588484
2023-01-05 19:28:46.295000,-0.6225833892822266,-0.0014354090671986341
2023-01-05 19:29:46.099000,-0.49986734986305237,-0.0013971817679703236
2023-01-05 19:30:46.049000,-0.3315986096858978,-0.0013162352843210101
2023-01-05 19:31:46.049000,-0.2476760447025299,-0.001419446780346334
2023-01-05 19:32:46.071000,-0.2559979557991028,-0.001604454591870308
2023-01-05 19:33:46.552000,-0.5552308559417725,-0.001310342107899487
2023-01-05 19:34:46.183000,-0.24736179411411285,-0.0014465093845501542
2023-01-05 19:35:46.118000,-0.27010148763656616,-0.0013801190070807934
2023-01-05 19:36:46.109000,-0.5723376274108887,-0.0013702857540920377
2023-01-05 19:37:46.118000,-0.4560219645500183,-0.0014298999449238181
2023-01-05 19:38:46.088000,-0.22458133101463318,-0.0014195526018738747
2023-01-05 19:39:46.148000,-0.2272891104221344,-0.0013743023155257106
2023-01-05 19:40:46.192000,-0.41803738474845886,-0.0014666400384157896
2023-01-05 19:41:46.183000,-0.380741685628891,-0.0014096341328695416
2023-01-05 19:42:46.153000,-0.22037795186042786,-0.0014831250300630927
2023-01-05 19:43:46.123000,-0.3991895914077759,-0.0014692380791530013
2023-01-05 19:44:46.634000,-0.7283222079277039,-0.0014455897035077214
2023-01-05 19:45:46.010000,-0.20670758187770844,-0.0014682244509458542
2023-01-05 19:46:46.533000,-0.214536651968956,-0.0014193095266819
2023-01-05 19:47:46.062000,-0.195575550198555,-0.0015509024960920215
2023-01-05 19:48:46.040000,-0.4580115079879761,-0.0014766136882826686
2023-01-05 19:49:46.171000,-0.17106479406356812,-0.0014663999900221825
2023-01-05 19:50:46.145000,-0.17401406168937683,-0.0014291219413280487
2023-01-05 19:51:46.449000,-0.7180542349815369,-0.001504311105236411
2023-01-05 19:52:46.121000,-0.28671562671661377,-0.0013529268326237798
2023-01-05 19:53:46.146000,-0.15489977598190308,-0.0014198378194123507
2023-01-05 19:54:46.078000,-0.21428973972797394,-0.0014210178051143885
2023-01-05 19:55:46.292000,-0.5626587867736816,-0.001385309500619769
2023-01-05 19:56:46.012000,-0.27607911825180054,-0.0014306249795481563
2023-01-05 19:57:46.134000,-0.3084700107574463,-0.0014007072895765305
2023-01-05 19:58:46.471000,-0.40067002177238464,-0.0014735384611412883
2023-01-05 19:59:46.280000,-0.8486495018005371,-0.0013958666240796447
2023-01-05 20:00:46.075000,-0.31447574496269226,-0.0014764999505132437
2023-01-05 20:01:46.178000,-0.2499980628490448,-0.0014380185166373849
2023-01-05 20:02:46.060000,-0.4336179494857788,-0.0014263428747653961
2023-01-05 20:03:46.453000,-0.18338076770305634,-0.001340861083008349
2023-01-05 20:04:46.016000,-0.1713102161884308,-0.0014448182191699743
2023-01-05 20:05:46.217000,-0.1299077719449997,-0.0013270732015371323
2023-01-05 20:06:46.126000,-0.6638255715370178,-0.0014402857050299644
2023-01-05 20:07:46.036000,-0.23887397348880768,-0.0015092954272404313
2023-01-05 20:08:46.121000,-0.13844197988510132,-0.001430847798474133
2023-01-05 20:09:46.018000,-0.23625443875789642,-0.0014154680538922548
2023-01-05 20:10:46.047000,-0.26995301246643066,-0.001471282565034926
2023-01-05 20:11:45.988000,-0.10893139988183975,-0.0014791999710723758
2023-01-05 20:12:46.090000,-0.14785858988761902,-0.0014129031915217638
2023-01-05 20:13:46.342000,-0.42840713262557983,-0.0014694782439619303
2023-01-05 20:14:46.319000,-0.501123309135437,-0.0014063103590160608
2023-01-05 20:15:46.315000,-0.1281971037387848,-0.0014601395232602954
2023-01-05 20:16:46.047000,-0.10335128009319305,-0.0013947924599051476
2023-01-05 20:17:46.067000,-0.5087896585464478,-0.0012370526092126966
2023-01-05 20:18:46.080000,-0.23293966054916382,-0.001424463465809822
2023-01-05 20:19:46.093000,-0.21925516426563263,-0.0014470444293692708
2023-01-05 20:20:46.123000,-0.37014615535736084,-0.001448684255592525
2023-01-05 20:21:46.027000,-0.4457066059112549,-0.0013960652286186814
2023-01-05 20:22:46.098000,-0.5287825465202332,-0.0013601395767182112
2023-01-05 20:23:46.081000,-0.22222991287708282,-0.0014338836772367358
2023-01-05 20:24:46.512000,-0.48000773787498474,-0.0014670244418084621
2023-01-05 20:25:46.008000,-0.25555214285850525,-0.0014219782315194607
2023-01-05 20:26:46.117000,-0.23309411108493805,-0.0013336060801520944
2023-01-05 20:27:46.364000,-0.2184421718120575,-0.0013726274482905865
2023-01-05 20:28:46.346000,-0.5601840615272522,-0.0015218461630865932
2023-01-05 20:29:46.095000,-0.46346116065979004,-0.0013873125426471233
2023-01-05 20:30:46.067000,-0.35811686515808105,-0.0011100269621238112
2023-01-05 20:31:46.081000,-0.33690720796585083,-0.0014861250529065728
2023-01-05 20:32:45.954000,-0.5057312250137329,-0.0015089024091139436
2023-01-05 20:33:46.586000,-0.25792306661605835,-0.0013970599975436926
2023-01-05 20:34:46.313000,-0.30238935351371765,-0.001440793159417808
2023-01-05 20:35:46.015000,-0.5808581709861755,-0.0014599787537008524
2023-01-05 20:36:46.411000,-0.37784698605537415,-0.0014425087720155716
2023-01-05 20:37:45.979000,-0.686169445514679,-0.0013455332955345511
2023-01-05 20:38:46.035000,-0.3194272220134735,-0.001436934806406498
2023-01-05 20:39:46.248000,-0.5931634306907654,-0.0014230237575247884
2023-01-05 20:40:45.954000,-0.2792205214500427,-0.0014311944833025336
2023-01-05 20:41:46.028000,-0.22772696614265442,-0.0014367999974638224
2023-01-05 20:42:46.070000,-0.3619885742664337,-0.0013525454560294747
2023-01-05 20:43:46.045000,-0.43611785769462585,-0.0013277826365083456
2023-01-05 20:44:46.062000,-0.24452686309814453,-0.0014398269122466445
2023-01-05 20:45:46.288000,-0.5389606356620789,-0.0014296922599896789
2023-01-05 20:46:46.054000,-0.49431294202804565,-0.0014745000516995788
2023-01-05 20:47:46.095000,-0.19289261102676392,-0.001381576876156032
2023-01-05 20:48:46.010000,-0.18936097621917725,-0.0014494186034426093
2023-01-05 20:49:45.980000,-0.20032088458538055,-0.0013990221777930856
2023-01-05 20:50:46.476000,-0.4752251207828522,-0.0014866457786411047
2023-01-05 20:51:46.395000,-0.18950563669204712,-0.001494268304668367
2023-01-05 20:52:45.979000,-0.4086381196975708,-0.0014520587865263224
2023-01-05 20:53:45.987000,-0.5419162511825562,-0.001425928552635014
2023-01-05 20:54:45.995000,-0.3154260516166687,-0.0014284411445260048
2023-01-05 20:55:46.263000,-0.22890233993530273,-0.001444404711946845
2023-01-05 20:56:46.067000,-0.1937088668346405,-0.001424162182956934
2023-01-05 20:57:45.959000,-0.5134968161582947,-0.0013231794582679868
2023-01-05 20:58:46.017000,-0.1741148978471756,-0.0013925428502261639
2023-01-05 20:59:45.952000,-0.10744129866361618,-0.0012139473110437393
2023-01-05 21:00:46.406000,-0.6337074041366577,-0.0014488297747448087
2023-01-05 21:01:46.059000,-0.25352734327316284,-0.0013697826070711017
2023-01-05 21:02:45.942000,-0.07289323210716248,-0.0013582195388153195
2023-01-05 21:03:46.489000,-0.08419551700353622,-0.0014474651543423533
2023-01-05 21:04:46.370000,-0.40171265602111816,-0.0014388529816642404
2023-01-05 21:05:46.050000,-0.13097186386585236,-0.0013736889231950045
2023-01-05 21:06:45.936000,-0.07144681364297867,-0.0013615651987493038
2023-01-05 21:07:46.014000,-0.15182781219482422,-0.0012740270467475057
2023-01-05 21:08:46.391000,-0.7218542098999023,-0.00145002081990242
2023-01-05 21:09:45.991000,-0.10914906859397888,-0.0015071950620040298
2023-01-05 21:10:45.999000,-0.14182411134243011,-0.0013913889415562153
2023-01-05 21:11:46.025000,-0.4042973518371582,-0.0012740816455334425
2023-01-05 21:12:46.048000,-0.2707997262477875,-0.001388975651934743
2023-01-05 21:13:45.892000,-0.17813560366630554,-0.0014453921467065811
2023-01-05 21:14:46.434000,-0.3527911901473999,-0.0013135848566889763
2023-01-05 21:15:46.491000,-0.8849499225616455,-0.001338269212283194
2023-01-05 21:16:45.987000,-0.4727696478366852,-0.0014623901806771755
2023-01-05 21:17:46.286000,-0.3272903561592102,-0.001418977277353406
2023-01-05 21:18:45.974000,-0.35647982358932495,-0.0013671800261363387
2023-01-05 21:19:45.884000,-0.5438615083694458,-0.0013443541247397661
2023-01-05 21:20:46.437000,-0.3025006949901581,-0.0014742800267413259
2023-01-05 21:21:46.003000,-0.23501166701316833,-0.0015689387219026685
2023-01-05 21:22:45.956000,-0.514037549495697,-0.0014790697023272514
2023-01-05 21:23:46.229000,-0.6805161237716675,-0.0014797390904277563
2023-01-05 21:24:45.935000,-0.21302451193332672,-0.0013490555575117469
2023-01-05 21:25:46.423000,-0.27910155057907104,-0.0013549629366025329
2023-01-05 21:26:45.915000,-0.5633978843688965,-0.0012913913233205676
2023-01-05 21:27:46.297000,-0.22000627219676971,-0.0013208823511376977
2023-01-05 21:28:46.005000,-0.28993839025497437,-0.001366233336739242
2023-01-05 21:29:45.892000,-0.31771624088287354,-0.0013710400089621544
2023-01-05 21:30:46.278000,-0.4157707989215851,-0.0014962500426918268
2023-01-05 21:31:45.895000,-0.5319915413856506,-0.001398945925757289
2023-01-05 21:32:45.927000,-0.202340766787529,-0.0013922619400545955
2023-01-05 21:33:46.275000,-0.5248860716819763,-0.0014002765528857708
2023-01-05 21:34:45.908000,-0.23233474791049957,-0.001423352980054915
2023-01-05 21:35:46.425000,-0.21219104528427124,-0.001408488373272121
2023-01-05 21:36:45.932000,-0.24028104543685913,-0.0014161111321300268
2023-01-05 21:37:45.997000,-0.5365217328071594,-0.001497891265898943
2023-01-05 21:38:46.146000,-0.40142500400543213,-0.0014123528962954879
2023-01-05 21:39:45.920000,-0.4052119851112366,-0.0014548571780323982
2023-01-05 21:40:45.949000,-0.4296848475933075,-0.0013859318569302559
2023-01-05 21:41:46.023000,-0.25532272458076477,-0.001345392200164497
2023-01-05 21:42:45.980000,-0.20765241980552673,-0.0014828837011009455
2023-01-05 21:43:46.506000,-0.2253044843673706,-0.0014892894541844726
2023-01-05 21:44:46.395000,-0.5387799143791199,-0.001383911119773984
2023-01-05 21:45:46.317000,-0.24023422598838806,-0.001324547571130097
2023-01-05 21:46:45.951000,-0.6206105947494507,-0.001401905668899417
2023-01-05 21:47:45.897000,-0.34554246068000793,-0.0014246279606595635
2023-01-05 21:48:45.868000,-0.6232373118400574,-0.0013966499827802181
2023-01-05 21:49:46.399000,-0.329256534576416,-0.0014088856987655163
2023-01-05 21:50:45.904000,-0.3270913064479828,-0.001384145813062787
2023-01-05 21:51:45.857000,-0.4213380813598633,-0.0014006730634719133
2023-01-05 21:52:45.950000,-0.5871671438217163,-0.0013968648854643106
2023-01-05 21:53:46.333000,-0.4755428433418274,-0.001370999962091446
2023-01-05 21:54:45.913000,-0.6275627017021179,-0.001407789415679872
2023-01-05 21:55:46.128000,-0.3144698143005371,-0.0013668297324329615
2023-01-05 21:56:46.328000,-0.5781753063201904,-0.0013605105923488736
2023-01-05 21:57:45.903000,-0.28438258171081543,-0.0013771874364465475
2023-01-05 21:58:46.211000,-0.25767529010772705,-0.0013809091178700328
2023-01-05 21:59:46.184000,-0.27346959710121155,-0.0013817072613164783
2023-01-05 22:00:46.282000,-0.49084579944610596,-0.0013678157702088356
2023-01-05 22:01:45.950000,-0.7128741145133972,-0.0013660943368449807
2023-01-05 22:02:45.998000,-0.26580047607421875,-0.0014003714313730597
2023-01-05 22:03:45.865000,-0.33204638957977295,-0.001404844457283616
2023-01-05 22:04:46.135000,-0.3364308178424835,-0.0013914473820477724
2023-01-05 22:05:45.945000,-0.6486055850982666,-0.001395113649778068
2023-01-05 22:06:45.828000,-0.3551062047481537,-0.0013925581006333232
2023-01-05 22:07:46.630000,-0.3482564389705658,-0.0013983658282086253
2023-01-05 22:08:46.292000,-1.0218404531478882,-0.0013789038639515638
2023-01-05 22:09:45.881000,-0.9850718379020691,-0.0014384705573320389
2023-01-05 22:10:46.285000,-0.6281786561012268,-0.0014118298422545195
2023-01-05 22:11:45.929000,-0.6240425705909729,-0.001404272741638124
2023-01-05 22:12:45.855000,-0.5945674777030945,-0.0014904666459187865
2023-01-05 22:13:46.371000,-0.9471614956855774,-0.001529034459963441
2023-01-05 22:14:45.864000,-0.6065207719802856,-0.0013345106272026896
2023-01-05 22:15:45.919000,-0.8549134731292725,-0.0014053428312763572
2023-01-05 22:16:46.160000,-0.8428484201431274,-0.0014119166880846024
2023-01-05 22:17:46.335000,-0.9441261291503906,-0.001428999938070774
2023-01-05 22:18:45.824000,-0.655061662197113,-0.0016471176641061902
2023-01-05 22:19:45.891000,-0.6685438752174377,-0.0015558636514469981
2023-01-05 22:20:45.878000,-0.647532045841217,-0.0014193792594596744
2023-01-05 22:21:45.847000,-0.955679178237915,-0.0015659999335184693
2023-01-05 22:22:45.860000,-0.6963847279548645,-0.0015077500138431787
2023-01-05 22:23:46.220000,-1.0072228908538818,-0.001463299966417253
2023-01-05 22:24:45.868000,-0.6690781712532043,-0.0014298571040853858
2023-01-05 22:25:46.082000,-1.0189353227615356,-0.0014667209470644593
2023-01-05 22:26:46.168000,-0.7327839732170105,-0.0014468333683907986
2023-01-05 22:27:46.087000,-0.7582793235778809,-0.001413047662936151
2023-01-05 22:28:46.164000,-0.6254360675811768,-0.0013749069767072797
2023-01-05 22:29:45.913000,-0.9100797772407532,-0.0013940302887931466
2023-01-05 22:30:46.262000,-0.9511297345161438,-0.0014071555342525244
2023-01-05 22:31:46.286000,-0.5769956111907959,-0.0014033999759703875
2023-01-05 22:32:46.311000,-0.5545927286148071,-0.0014402352971956134
2023-01-05 22:33:45.936000,-0.8306268453598022,-0.0013925160747021437
2023-01-05 22:34:45.844000,-0.48226088285446167,-0.001366000040434301
2023-01-05 22:35:46.348000,-0.28692010045051575,-0.0013791481032967567
2023-01-05 22:36:46.495000,-0.31926289200782776,-0.0012631219578906894
2023-01-05 22:37:45.898000,-0.8222164511680603,-0.0013330000219866633
2023-01-05 22:38:46.057000,-0.5214170217514038,-0.001407702686265111
2023-01-05 22:39:46.176000,-0.31599047780036926,-0.0013702050782740116
2023-01-05 22:40:45.938000,-0.2949419319629669,-0.0015212857397273183
2023-01-05 22:41:45.897000,-0.3957740366458893,-0.0014097619568929076
2023-01-05 22:42:45.932000,-0.45326757431030273,-0.0014106666203588247
2023-01-05 22:43:45.869000,-0.25390735268592834,-0.0014196500414982438
2023-01-05 22:44:45.857000,-0.4108479619026184,-0.0014216486597433686
2023-01-05 22:45:45.846000,-0.606779158115387,-0.00141429272480309
2023-01-05 22:46:45.831000,-0.6662874221801758,-0.0013641794212162495
2023-01-05 22:47:45.943000,-0.42496246099472046,-0.0014204721665009856
2023-01-05 22:48:45.849000,-0.369540274143219,-0.0013986086705699563
2023-01-05 22:49:45.847000,-0.28404316306114197,-0.00142466661054641
2023-01-05 22:50:45.794000,-0.6072568297386169,-0.0014135416131466627
2023-01-05 22:51:45.881000,-0.2908385694026947,-0.0013760000001639128
2023-01-05 22:52:46.322000,-0.7166818976402283,-0.0015164510114118457
2023-01-05 22:53:45.894000,-0.321750283241272,-0.0013631521724164486
2023-01-05 22:54:45.890000,-0.5770055651664734,-0.0014675365528091788
2023-01-05 22:55:46.118000,-0.5507117509841919,0.0007828378584235907
2023-01-05 22:56:46.115000,-0.6118078827857971,0.0013127647107467055
2023-01-05 22:57:46.336000,-0.6103882789611816,-0.001422914327122271
2023-01-05 22:58:45.935000,-0.7209202647209167,-0.0016013889107853174
2023-01-05 22:59:46.341000,-0.68575519323349,-0.00154530955478549
2023-01-05 23:00:45.776000,-0.2453438639640808,-0.0013463408686220646
2023-01-05 23:01:46.148000,-0.28290387988090515,-0.0014509267639368773
2023-01-05 23:02:45.788000,-0.371272474527359,0.01559223048388958
2023-01-05 23:03:46.226000,-0.505029559135437,0.012030829675495625
2023-01-05 23:04:45.799000,-0.3434780538082123,0.007508262060582638
2023-01-05 23:05:46.215000,-0.6892422437667847,0.009115944616496563
2023-01-05 23:06:46.144000,-0.9495697021484375,0.008441444486379623
2023-01-05 23:07:46.125000,-1.091740608215332,0.007518312428146601
2023-01-05 23:08:46.231000,-0.6606060266494751,0.00717951450496912
2023-01-05 23:09:45.791000,-0.6125376224517822,0.006759311072528362
2023-01-05 23:10:46.126000,-0.3065742552280426,0.006789184175431728
2023-01-05 23:11:46.293000,-0.41373834013938904,0.006757719907909632
2023-01-05 23:12:45.901000,-0.25517570972442627,0.006522487848997116
2023-01-05 23:13:45.785000,-0.23385721445083618,0.006839163135737181
2023-01-05 23:14:46.271000,-0.4786422848701477,0.006651617120951414
2023-01-05 23:15:46.282000,-0.21396814286708832,0.007140150759369135
2023-01-05 23:16:45.885000,-0.5192313194274902,0.007073000073432922
2023-01-05 23:17:46.147000,-0.19715271890163422,0.0068983044475317
2023-01-05 23:18:46.199000,-0.14531508088111877,0.0071022892370820045
2023-01-05 23:19:46.287000,-0.2005128115415573,0.007347638253122568
2023-01-05 23:20:45.768000,-0.34619030356407166,0.007404666859656572
2023-01-05 23:21:45.712000,-0.5332194566726685,0.007345549762248993
2023-01-05 23:22:45.814000,-0.23467488586902618,0.00769082922488451
2023-01-05 23:23:45.856000,-0.15081651508808136,0.008425727486610413
2023-01-05 23:24:45.817000,-0.4970261752605438,0.009349452331662178
2023-01-05 23:25:45.821000,-0.8790166974067688,0.010720212012529373
2023-01-05 23:26:45.721000,-0.5810849070549011,0.012257000431418419
2023-01-05 23:27:45.831000,-0.5685309171676636,0.014254110865294933
2023-01-05 23:28:45.747000,-0.7127571105957031,0.015331760048866272
2023-01-05 23:29:45.837000,-0.9026548266410828,0.01526182796806097
2023-01-05 23:30:45.867000,-0.8444927334785461,0.014874899759888649
2023-01-05 23:31:45.793000,-0.5891909599304199,0.015402342192828655
2023-01-05 23:32:45.748000,-0.5478243827819824,0.01643737033009529
2023-01-05 23:33:45.839000,-0.5138422846794128,0.017003554850816727
2023-01-05 23:34:45.785000,-0.6676039695739746,0.01696263626217842
2023-01-05 23:35:45.861000,-0.5932936668395996,0.017778510227799416
2023-01-05 23:36:45.794000,-0.8513429760932922,0.019799308851361275
2023-01-05 23:37:45.789000,-0.538703441619873,0.021796097978949547
2023-01-05 23:38:45.959000,-0.47642138600349426,0.02281946875154972
2023-01-05 23:39:46.006000,-0.7881080508232117,0.025974363088607788
2023-01-05 23:40:45.751000,-0.497661828994751,0.028284722939133644
2023-01-05 23:41:45.787000,-0.38349679112434387,0.03117528185248375
2023-01-05 23:42:45.700000,-0.24971935153007507,0.03574575111269951
2023-01-05 23:43:45.789000,-0.3042275607585907,0.03939887508749962
2023-01-05 23:44:45.798000,-0.853063702583313,0.04364795610308647
2023-01-05 23:45:45.817000,-0.21055972576141357,0.04926764592528343
2023-01-05 23:46:45.813000,-0.19025063514709473,0.05473097041249275
2023-01-05 23:47:45.708000,-0.21277432143688202,0.06173636019229889
2023-01-05 23:48:45.696000,-0.2965746521949768,0.06921651214361191
2023-01-05 23:49:45.794000,-0.6130887866020203,0.07452026009559631
2023-01-05 23:50:45.763000,-0.6473145484924316,0.07611015439033508
2023-01-05 23:51:45.805000,-0.8929924964904785,0.07705420255661011
2023-01-05 23:52:45.767000,-0.822761595249176,0.07832413911819458
2023-01-05 23:53:45.761000,-0.6776272058486938,0.0821235403418541
2023-01-05 23:54:45.774000,-0.49851372838020325,0.08345724642276764
2023-01-05 23:55:45.791000,-0.26318469643592834,0.08380456268787384
2023-01-05 23:56:45.801000,-0.2394152581691742,0.0813545435667038
2023-01-05 23:57:45.754000,-0.25492987036705017,0.0774419754743576
2023-01-05 23:58:45.729000,-0.36823853850364685,0.07754252851009369
2023-01-05 23:59:45.676000,-0.8152254819869995,0.07736891508102417
2023-01-06 00:00:45.712000,-0.25959059596061707,0.07751485705375671
2023-01-06 00:01:45.719000,-0.31377705931663513,0.07831745594739914
2023-01-06 00:02:45.691000,-0.29697179794311523,0.07860535383224487
2023-01-06 00:03:45.697000,-0.2893972098827362,0.0845675989985466
2023-01-06 00:04:45.664000,-0.2682749927043915,0.0923561379313469
2023-01-06 00:05:45.753000,-0.29747962951660156,0.11414025723934174
2023-01-06 00:06:45.748000,-0.38801977038383484,0.25126203894615173
2023-01-06 00:07:45.843000,-0.6766413450241089,0.2802107632160187
2023-01-06 00:08:45.902000,-0.3559768497943878,0.2908730208873749
2023-01-06 00:09:45.714000,-0.3161168396472931,0.29679161310195923
2023-01-06 00:10:45.719000,-0.3143540620803833,0.3041817545890808
2023-01-06 00:11:45.735000,-0.3446851968765259,0.314666211605072
2023-01-06 00:12:45.726000,-0.29894742369651794,0.3290155231952667
2023-01-06 00:13:45.716000,-0.3039582669734955,0.3431661128997803
2023-01-06 00:14:45.785000,-0.48751407861709595,0.3590472340583801
2023-01-06 00:15:45.802000,-0.5116137266159058,0.37109318375587463
2023-01-06 00:16:45.788000,-0.3491435945034027,0.3812220096588135
2023-01-06 00:17:45.730000,-0.29455819725990295,0.3848365247249603
2023-01-06 00:18:45.774000,-0.35333025455474854,0.3871998190879822
2023-01-06 00:19:45.742000,-0.3756019175052643,0.3900107741355896
2023-01-06 00:20:45.664000,-0.4312620162963867,0.39471957087516785
2023-01-06 00:21:45.687000,-0.4025678038597107,0.399514764547348
2023-01-06 00:22:46.018000,-0.7419607043266296,0.4037054777145386
2023-01-06 00:23:45.672000,-0.42570552229881287,0.4080296754837036
2023-01-06 00:24:45.773000,-0.3687526285648346,0.41305577754974365
2023-01-06 00:25:45.700000,-0.3582729697227478,0.4211125373840332
2023-01-06 00:26:45.703000,-0.34593287110328674,0.4300119876861572
2023-01-06 00:27:45.741000,-0.2819385528564453,0.4386950433254242
2023-01-06 00:28:45.772000,-0.3059161901473999,0.4470561444759369
2023-01-06 00:29:45.787000,-0.40467751026153564,0.45598605275154114
2023-01-06 00:30:45.718000,-0.5640703439712524,0.46201053261756897
2023-01-06 00:31:45.807000,-0.32984158396720886,0.4689417779445648
2023-01-06 00:32:45.779000,-0.2833555340766907,0.4789341986179352
2023-01-06 00:33:45.690000,-0.20575487613677979,0.48804226517677307
2023-01-06 00:34:45.698000,-0.19217996299266815,0.4991030991077423
2023-01-06 00:35:45.703000,-0.1719115972518921,0.5082733035087585
2023-01-06 00:36:45.730000,-0.17693689465522766,0.5132672786712646
2023-01-06 00:37:45.794000,-0.5018607974052429,0.5146125555038452
2023-01-06 00:38:45.959000,-0.2378387600183487,0.5144923329353333
2023-01-06 00:39:45.658000,-0.12077801674604416,0.5149312019348145
2023-01-06 00:40:45.719000,-0.12293525040149689,0.5154484510421753
2023-01-06 00:41:45.672000,-0.08714989572763443,0.5181025266647339
2023-01-06 00:42:45.745000,-0.0936836302280426,0.5246549844741821
2023-01-06 00:43:45.619000,-0.09300170093774796,0.535656750202179
2023-01-06 00:44:45.724000,-0.10408011823892593,0.5526720881462097
2023-01-06 00:45:45.725000,-0.428974986076355,0.5664255023002625
2023-01-06 00:46:45.701000,-0.11719211935997009,0.5796354413032532
2023-01-06 00:47:45.722000,-0.11082889884710312,0.590556263923645
2023-01-06 00:48:45.662000,-0.15561352670192719,0.6007691025733948
2023-01-06 00:49:45.640000,-0.25733301043510437,0.6091702580451965
2023-01-06 00:50:45.782000,-0.24601340293884277,0.6216319799423218
2023-01-06 00:51:45.670000,-0.2698826193809509,0.6348974108695984
2023-01-06 00:52:45.617000,-0.44717350602149963,0.6484085917472839
2023-01-06 00:53:45.635000,-0.4238230288028717,0.6664621829986572
2023-01-06 00:54:45.704000,-0.28441888093948364,0.6848029494285583
2023-01-06 00:55:45.682000,-0.30668193101882935,0.7029494047164917
2023-01-06 00:56:45.638000,-0.30402541160583496,0.7228706479072571
2023-01-06 00:57:45.640000,-0.3453061580657959,0.7521204948425293
2023-01-06 00:58:45.674000,-0.3599671721458435,0.7884987592697144
2023-01-06 00:59:45.601000,-0.35243484377861023,0.8210180997848511
2023-01-06 01:00:45.743000,-0.7309114336967468,0.8411986231803894
2023-01-06 01:01:45.728000,-0.34729763865470886,0.8482472896575928
2023-01-06 01:02:45.677000,-0.33486104011535645,0.8423962593078613
2023-01-06 01:03:45.591000,-0.29976895451545715,0.838887095451355
2023-01-06 01:04:45.634000,-0.21527217328548431,0.8389595746994019
2023-01-06 01:05:45.629000,-0.20323365926742554,0.8301907181739807
2023-01-06 01:06:45.658000,-0.2516852915287018,0.8214535117149353
2023-01-06 01:07:45.678000,-0.29136309027671814,0.8166836500167847
2023-01-06 01:08:45.632000,-0.5263598561286926,0.8207545876502991
2023-01-06 01:09:45.693000,-0.2521503269672394,0.8202648162841797
2023-01-06 01:10:45.670000,-0.22945144772529602,0.8192515969276428
2023-01-06 01:11:45.585000,-0.19810132682323456,0.8450945019721985
2023-01-06 01:12:45.862000,-0.24370922148227692,0.8688845634460449
2023-01-06 01:13:45.570000,-0.2071872502565384,0.9188209772109985
2023-01-06 01:14:45.638000,-0.19353465735912323,0.9730075001716614
2023-01-06 01:15:45.626000,-0.48912766575813293,1.0367802381515503
2023-01-06 01:16:45.579000,-0.29080796241760254,0.997140109539032
2023-01-06 01:17:45.670000,-0.15674328804016113,0.977922797203064
2023-01-06 01:18:45.620000,-0.17239509522914886,1.0005416870117188
2023-01-06 01:19:45.563000,-0.1703534871339798,1.0107556581497192
2023-01-06 01:20:45.673000,-0.1191195473074913,1.0230437517166138
2023-01-06 01:21:45.667000,-0.15803569555282593,1.0145727396011353
2023-01-06 01:22:45.665000,-0.2023671716451645,1.0051524639129639
2023-01-06 01:23:45.609000,-0.5348485112190247,0.9887444972991943
2023-01-06 01:24:45.682000,-0.18613144755363464,0.9678148031234741
2023-01-06 01:25:45.667000,-0.14642608165740967,0.9657590389251709
2023-01-06 01:26:45.658000,-0.16376277804374695,0.9902227520942688
2023-01-06 01:27:45.615000,-0.16888676583766937,1.0079950094223022
2023-01-06 01:28:45.564000,-0.15637923777103424,1.0351736545562744
2023-01-06 01:29:45.587000,-0.1928822547197342,1.0770593881607056
2023-01-06 01:30:45.689000,-0.3150152862071991,1.0949031114578247
2023-01-06 01:31:45.641000,-0.4404565691947937,1.068165898323059
2023-01-06 01:32:45.674000,-0.14716969430446625,1.1030244827270508
2023-01-06 01:33:45.547000,-0.120093934237957,1.1610459089279175
2023-01-06 01:34:45.697000,-0.2082124948501587,1.1853405237197876
2023-01-06 01:35:45.668000,-0.2272697389125824,1.183903694152832
2023-01-06 01:36:45.665000,-0.22860240936279297,1.1886260509490967
2023-01-06 01:37:45.576000,-0.21504513919353485,1.1972628831863403
2023-01-06 01:38:45.621000,-0.5142450332641602,1.2001436948776245
2023-01-06 01:39:45.588000,-0.28008177876472473,1.214939832687378
2023-01-06 01:40:45.574000,-0.20090068876743317,1.2271345853805542
2023-01-06 01:41:45.548000,-0.1976059526205063,1.223880410194397
2023-01-06 01:42:45.620000,-0.13791505992412567,1.227778673171997
2023-01-06 01:43:45.775000,-0.1418810784816742,1.235815405845642
2023-01-06 01:44:45.630000,-0.13254933059215546,1.2430318593978882
2023-01-06 01:45:45.576000,-0.12718909978866577,1.239516258239746
2023-01-06 01:46:45.657000,-0.5919511318206787,1.2536009550094604
2023-01-06 01:47:45.701000,-0.258407860994339,1.2615138292312622
2023-01-06 01:48:45.641000,-0.24851177632808685,1.3261574506759644
2023-01-06 01:49:45.658000,-0.2462736964225769,1.350000262260437
2023-01-06 01:50:45.582000,-0.26076817512512207,1.3436540365219116
2023-01-06 01:51:45.609000,-0.2287513017654419,1.3673460483551025
2023-01-06 01:52:45.673000,-0.2425425797700882,1.3784466981887817
2023-01-06 01:53:45.591000,-0.43867063522338867,1.3951282501220703
2023-01-06 01:54:45.665000,-0.481488972902298,1.4326728582382202
2023-01-06 01:55:45.637000,-0.2677304744720459,1.4472702741622925
2023-01-06 01:56:45.588000,-0.25992274284362793,1.4592649936676025
2023-01-06 01:57:45.890000,-0.2514343559741974,1.4641139507293701
2023-01-06 01:58:45.657000,-0.2736299932003021,1.4584842920303345
2023-01-06 01:59:45.559000,-0.2248954474925995,1.4609736204147339
2023-01-06 02:00:45.572000,-0.22354179620742798,1.4826475381851196
2023-01-06 02:01:45.605000,-0.5366083979606628,1.4981801509857178
2023-01-06 02:02:45.921000,-0.1644296646118164,1.4971611499786377
2023-01-06 02:03:45.617000,-0.16817320883274078,1.4947564601898193
2023-01-06 02:04:45.579000,-0.21104645729064941,1.4937742948532104
2023-01-06 02:05:45.507000,-0.17336337268352509,1.4961514472961426
2023-01-06 02:06:45.661000,-0.1637522131204605,1.4876395463943481
2023-01-06 02:07:45.652000,-0.2119731605052948,1.5185699462890625
2023-01-06 02:08:45.613000,-0.24701295793056488,1.5340921878814697
2023-01-06 02:09:45.542000,-0.5374556183815002,1.553432822227478
2023-01-06 02:10:45.580000,-0.19148503243923187,1.5465306043624878
2023-01-06 02:11:45.621000,-0.24186329543590546,1.557929515838623
2023-01-06 02:12:45.492000,-0.2831404507160187,1.572744607925415
2023-01-06 02:13:45.555000,-0.3215123116970062,1.578863501548767
2023-01-06 02:14:45.617000,-0.2769361138343811,1.5940722227096558
2023-01-06 02:15:45.621000,-0.31182441115379333,1.602701187133789
2023-01-06 02:16:45.510000,-0.5188090205192566,1.6165648698806763
2023-01-06 02:17:45.548000,-0.4693603515625,1.6223450899124146
2023-01-06 02:18:45.670000,-0.2985430359840393,1.6452213525772095
2023-01-06 02:19:45.564000,-0.2527369558811188,1.6531320810317993
2023-01-06 02:20:45.688000,-0.21639761328697205,1.6480151414871216
2023-01-06 02:21:45.546000,-0.21456633508205414,1.6563913822174072
2023-01-06 02:22:45.511000,-0.21479380130767822,1.6691406965255737
2023-01-06 02:23:45.480000,-0.20008280873298645,1.6699681282043457
2023-01-06 02:24:45.546000,-0.582237184047699,1.6791528463363647
2023-01-06 02:25:45.519000,-0.18176908791065216,1.6882392168045044
2023-01-06 02:26:45.519000,-0.18346039950847626,1.6960184574127197
2023-01-06 02:27:45.519000,-0.22082547843456268,1.7161837816238403
2023-01-06 02:28:45.480000,-0.13850714266300201,1.7276209592819214
2023-01-06 02:29:45.467000,-0.09393230080604553,1.7311756610870361
2023-01-06 02:30:45.585000,-0.13090738654136658,1.731813669204712
2023-01-06 02:31:45.807000,-0.20241154730319977,1.7376559972763062
2023-01-06 02:32:45.557000,-0.4371674656867981,1.7475703954696655
2023-01-06 02:33:45.503000,-0.1308753341436386,1.7661480903625488
2023-01-06 02:34:45.578000,-0.11474975198507309,1.7698405981063843
2023-01-06 02:35:45.558000,-0.10865416377782822,1.8013497591018677
2023-01-06 02:36:45.565000,-0.12599189579486847,1.800377368927002
2023-01-06 02:37:45.550000,-0.10917049646377563,1.8096909523010254
2023-01-06 02:38:45.523000,-0.101914182305336,1.817992091178894
2023-01-06 02:39:45.467000,-0.3341269791126251,1.832321047782898
2023-01-06 02:40:45.533000,-0.25705263018608093,1.837735652923584
2023-01-06 02:41:45.665000,-0.10892584919929504,1.8389127254486084
2023-01-06 02:42:45.581000,-0.10765790194272995,1.8454232215881348
2023-01-06 02:43:45.560000,-0.14104732871055603,1.8647621870040894
2023-01-06 02:44:45.589000,-0.21637605130672455,1.8614946603775024
2023-01-06 02:45:45.508000,-0.2345859557390213,1.8666002750396729
2023-01-06 02:46:45.546000,-0.1998666226863861,1.8623483180999756
2023-01-06 02:47:45.439000,-0.5672732591629028,1.8671181201934814
2023-01-06 02:48:45.593000,-0.2790950536727905,1.8671764135360718
2023-01-06 02:49:45.495000,-0.273818701505661,1.8727432489395142
2023-01-06 02:50:45.465000,-0.305925577878952,1.8766647577285767
2023-01-06 02:51:45.602000,-0.33229801058769226,1.8910871744155884
2023-01-06 02:52:45.552000,-0.35361048579216003,1.9107998609542847
2023-01-06 02:53:45.478000,-0.3585347533226013,1.9118163585662842
2023-01-06 02:54:45.592000,-0.34075742959976196,1.9108755588531494
2023-01-06 02:55:45.541000,-0.7409732341766357,1.9149811267852783
2023-01-06 02:56:45.463000,-0.4027562141418457,1.9196624755859375
2023-01-06 02:57:45.513000,-0.2955619692802429,1.9215431213378906
2023-01-06 02:58:45.491000,-0.24259230494499207,1.9209890365600586
2023-01-06 02:59:45.581000,-0.22355584800243378,1.9345521926879883
2023-01-06 03:00:45.519000,-0.19343192875385284,1.9408146142959595
2023-01-06 03:01:45.462000,-0.24481257796287537,1.953291893005371
2023-01-06 03:02:45.547000,-0.2936113476753235,1.9638813734054565
2023-01-06 03:03:45.736000,-0.5363362431526184,1.9620177745819092
2023-01-06 03:04:45.513000,-0.24239148199558258,1.9749643802642822
2023-01-06 03:05:45.464000,-0.1968628168106079,1.9680589437484741
2023-01-06 03:06:45.498000,-0.22797808051109314,1.9755749702453613
2023-01-06 03:07:45.477000,-0.22080650925636292,1.9672890901565552
2023-01-06 03:08:45.528000,-0.2092069834470749,1.9532197713851929
2023-01-06 03:09:45.448000,-0.222316712141037,1.9535828828811646
2023-01-06 03:10:45.501000,-0.4100720286369324,1.9562863111495972
2023-01-06 03:11:45.540000,-0.41008543968200684,1.948462724685669
2023-01-06 03:12:45.479000,-0.19141966104507446,1.9497919082641602
2023-01-06 03:13:45.497000,-0.19625571370124817,1.9413217306137085
2023-01-06 03:14:45.603000,-0.17632408440113068,1.939243197441101
2023-01-06 03:15:45.447000,-0.18715721368789673,1.9590879678726196
2023-01-06 03:16:45.542000,-0.22159729897975922,1.9644383192062378
2023-01-06 03:17:45.649000,-0.17050586640834808,1.9759058952331543
2023-01-06 03:18:45.415000,-0.45048293471336365,1.9752427339553833
2023-01-06 03:19:45.456000,-0.3632095158100128,1.9841970205307007
2023-01-06 03:20:45.535000,-0.1850474774837494,1.986600399017334
2023-01-06 03:21:45.486000,-0.20633277297019958,1.9942388534545898
2023-01-06 03:22:45.533000,-0.21780230104923248,2.002169132232666
2023-01-06 03:23:45.489000,-0.17925962805747986,2.0075228214263916
2023-01-06 03:24:45.648000,-0.14789287745952606,2.0152409076690674
2023-01-06 03:25:45.406000,-0.1119270995259285,2.018535614013672
2023-01-06 03:26:45.539000,-0.4272210896015167,2.0343379974365234
2023-01-06 03:27:45.592000,-0.23051902651786804,2.0308988094329834
2023-01-06 03:28:45.501000,-0.18309582769870758,2.018293619155884
2023-01-06 03:29:45.451000,-0.1644570231437683,2.0260403156280518
2023-01-06 03:30:45.578000,-0.1854623258113861,2.004201889038086
2023-01-06 03:31:45.522000,-0.21172691881656647,2.0091238021850586
2023-01-06 03:32:45.614000,-0.1641456037759781,2.004976749420166
2023-01-06 03:33:45.598000,-0.15790240466594696,1.9980124235153198
2023-01-06 03:34:45.392000,-0.5231528282165527,1.964024543762207
2023-01-06 03:35:45.567000,-0.0970597192645073,1.9588887691497803
2023-01-06 03:36:45.456000,-0.14439846575260162,1.9459855556488037
2023-01-06 03:37:45.535000,-0.15689553320407867,1.9295270442962646
2023-01-06 03:38:45.502000,-0.11497984826564789,1.9215158224105835
2023-01-06 03:39:45.427000,-0.12654703855514526,1.9441077709197998
2023-01-06 03:40:45.482000,-0.21866832673549652,1.9672147035598755
2023-01-06 03:41:45.390000,-0.25418558716773987,1.9886060953140259
2023-01-06 03:42:45.591000,-0.63788902759552,1.975947380065918
2023-01-06 03:43:45.396000,-0.25786787271499634,1.9584503173828125
2023-01-06 03:44:45.547000,-0.2553510367870331,1.946074366569519
2023-01-06 03:45:45.510000,-0.2787778079509735,1.9608033895492554
2023-01-06 03:46:45.490000,-0.2822510898113251,1.9698193073272705
2023-01-06 03:47:45.519000,-0.2618720829486847,1.9785960912704468
2023-01-06 03:48:45.482000,-0.23422953486442566,1.970815658569336
2023-01-06 03:49:45.368000,-0.26947352290153503,1.9358254671096802
2023-01-06 03:50:45.497000,-0.6047425270080566,1.9379055500030518
2023-01-06 03:51:45.479000,-0.269565224647522,1.9584981203079224
2023-01-06 03:52:45.492000,-0.24698133766651154,1.9623461961746216
2023-01-06 03:53:45.490000,-0.2498205453157425,1.9505500793457031
2023-01-06 03:54:45.554000,-0.2675902247428894,1.9682233333587646
2023-01-06 03:55:45.614000,-0.22140902280807495,1.975249171257019
2023-01-06 03:56:45.447000,-0.17386753857135773,1.9757739305496216
2023-01-06 03:57:45.509000,-0.3171123266220093,1.9543766975402832
2023-01-06 03:58:45.424000,-0.5407406091690063,1.9267526865005493
2023-01-06 03:59:45.429000,-0.18354512751102448,1.9155824184417725
2023-01-06 04:00:45.455000,-0.2213204950094223,1.8775615692138672
2023-01-06 04:01:45.471000,-0.18245869874954224,1.8121038675308228
2023-01-06 04:02:45.602000,-0.23975564539432526,1.8986274003982544
2023-01-06 04:03:45.671000,-0.33385273814201355,1.8775135278701782
2023-01-06 04:04:45.447000,-0.2905252277851105,1.8384884595870972
2023-01-06 04:05:45.452000,-0.47630470991134644,1.9063465595245361
2023-01-06 04:06:45.451000,-0.5089970231056213,1.9054028987884521
2023-01-06 04:07:45.684000,-0.24469202756881714,1.8807744979858398
2023-01-06 04:08:45.474000,-0.2656194269657135,1.8542670011520386
2023-01-06 04:09:45.535000,-0.28129684925079346,1.829937219619751
2023-01-06 04:10:45.411000,-0.23574554920196533,1.810174822807312
2023-01-06 04:11:45.447000,-0.2344602793455124,1.810024380683899
2023-01-06 04:12:45.422000,-0.2987161874771118,1.8515108823776245
2023-01-06 04:13:45.431000,-0.643015444278717,1.8726450204849243
2023-01-06 04:14:45.445000,-0.2859300374984741,1.8292241096496582
2023-01-06 04:15:45.471000,-0.28761026263237,1.8139746189117432
2023-01-06 04:16:45.407000,-0.27108266949653625,1.8207334280014038
2023-01-06 04:17:45.356000,-0.31999510526657104,1.825210452079773
2023-01-06 04:18:45.449000,-0.2673278748989105,1.811671495437622
2023-01-06 04:19:45.492000,-0.6054062247276306,1.8320590257644653
2023-01-06 04:20:45.966000,-0.3075210154056549,1.8109136819839478
2023-01-06 04:21:45.339000,-0.517033576965332,1.782317042350769
2023-01-06 04:22:45.391000,-0.18821418285369873,1.808412790298462
2023-01-06 04:23:45.332000,-0.21960891783237457,1.8143424987792969
2023-01-06 04:24:45.435000,-0.25919780135154724,1.8213402032852173
2023-01-06 04:25:45.473000,-0.24615740776062012,1.787170171737671
2023-01-06 04:26:45.419000,-0.20486614108085632,1.8072729110717773
2023-01-06 04:27:45.344000,-0.1972954273223877,1.8234654664993286
2023-01-06 04:28:45.473000,-0.4882115423679352,1.77667236328125
2023-01-06 04:29:45.372000,-0.6024983525276184,1.7980279922485352
2023-01-06 04:30:45.493000,-0.28222036361694336,1.8038769960403442
2023-01-06 04:31:45.417000,-0.20259356498718262,1.8121176958084106
2023-01-06 04:32:45.344000,-0.2460005283355713,1.8299039602279663
2023-01-06 04:33:45.422000,-0.21030840277671814,1.8483211994171143
2023-01-06 04:34:45.615000,-0.18414360284805298,1.8308446407318115
2023-01-06 04:35:45.359000,-0.2325354814529419,1.8406448364257812
2023-01-06 04:36:45.403000,-0.6062251925468445,1.8634885549545288
2023-01-06 04:37:45.478000,-0.32750532031059265,1.8591644763946533
2023-01-06 04:38:45.415000,-0.3557138741016388,1.8387553691864014
2023-01-06 04:39:45.469000,-0.5858474969863892,1.8407338857650757
2023-01-06 04:40:45.465000,-0.5297203063964844,1.8456553220748901
2023-01-06 04:41:45.351000,-0.3829304277896881,1.8667246103286743
2023-01-06 04:42:45.428000,-0.3124273419380188,1.854805827140808
2023-01-06 04:43:45.378000,-0.3708447515964508,1.8563690185546875
2023-01-06 04:44:45.462000,-0.65132737159729,1.8636878728866577
2023-01-06 04:45:45.327000,-0.30580174922943115,1.8727723360061646
2023-01-06 04:46:45.380000,-0.300346702337265,1.885599136352539
2023-01-06 04:47:45.355000,-0.3489498496055603,1.9060218334197998
2023-01-06 04:48:45.458000,-0.728699803352356,1.9026507139205933
2023-01-06 04:49:45.419000,-0.438910573720932,1.89569091796875
2023-01-06 04:50:45.367000,-0.40512827038764954,1.9036415815353394
2023-01-06 04:51:45.363000,-0.5398874282836914,1.913826584815979
2023-01-06 04:52:45.312000,-0.5566511154174805,1.9163423776626587
2023-01-06 04:53:45.474000,-0.32730066776275635,1.9017131328582764
2023-01-06 04:54:45.342000,-0.3984449803829193,1.874455451965332
2023-01-06 04:55:45.446000,-0.4091493785381317,1.8383811712265015
2023-01-06 04:56:45.328000,-0.3511471152305603,1.8201847076416016
2023-01-06 04:57:45.366000,-0.6896592974662781,1.8021914958953857
2023-01-06 04:58:45.377000,-0.3262276351451874,1.8011131286621094
2023-01-06 04:59:45.446000,-0.5871397852897644,1.8322768211364746
2023-01-06 05:00:45.481000,-0.46242228150367737,1.858854055404663
2023-01-06 05:01:45.403000,-0.35251477360725403,1.8294569253921509
2023-01-06 05:02:45.408000,-0.34691116213798523,1.8086113929748535
2023-01-06 05:03:45.339000,-0.3030933141708374,1.790608286857605
2023-01-06 05:04:45.352000,-0.336814820766449,1.7745863199234009
2023-01-06 05:05:45.611000,-0.28747308254241943,1.7775927782058716
2023-01-06 05:06:45.419000,-0.43234536051750183,1.7647582292556763
2023-01-06 05:07:45.417000,-0.8358774781227112,1.740512490272522
2023-01-06 05:08:45.401000,-0.32801347970962524,1.7296169996261597
2023-01-06 05:09:45.432000,-0.2672291696071625,1.7310469150543213
2023-01-06 05:10:45.376000,-0.295870840549469,1.7054857015609741
2023-01-06 05:11:45.398000,-0.2636469900608063,1.676904320716858
2023-01-06 05:12:45.348000,-0.288343608379364,1.6451969146728516
2023-01-06 05:13:45.343000,-0.29018351435661316,1.5848032236099243
2023-01-06 05:14:45.374000,-0.28899240493774414,1.5565991401672363
2023-01-06 05:15:45.345000,-0.7817951440811157,1.575498342514038
2023-01-06 05:16:45.367000,-0.4480234384536743,1.6017366647720337
2023-01-06 05:17:45.357000,-0.26523318886756897,1.6120195388793945
2023-01-06 05:18:45.280000,-0.22602485120296478,1.6043806076049805
2023-01-06 05:19:45.378000,-0.1922803372144699,1.595628261566162
2023-01-06 05:20:45.359000,-0.1635831594467163,1.5498101711273193
2023-01-06 05:21:45.391000,-0.18622463941574097,1.522540807723999
2023-01-06 05:22:45.311000,-0.3806917667388916,1.4983704090118408
2023-01-06 05:23:45.348000,-0.33502721786499023,1.4978327751159668
2023-01-06 05:24:45.386000,-0.23939719796180725,1.5088415145874023
2023-01-06 05:25:45.410000,-0.5799354910850525,1.5065159797668457
2023-01-06 05:26:45.374000,-0.27619773149490356,1.5401830673217773
2023-01-06 05:27:45.292000,-0.30147430300712585,1.5350779294967651
2023-01-06 05:28:45.295000,-0.30641883611679077,1.5231119394302368
2023-01-06 05:29:45.324000,-0.29661500453948975,1.4943645000457764
2023-01-06 05:30:45.380000,-0.6257648468017578,1.4885647296905518
2023-01-06 05:31:45.409000,-0.34898725152015686,1.4885051250457764
2023-01-06 05:32:45.333000,-0.27830174565315247,1.4600505828857422
2023-01-06 05:33:45.349000,-0.3371809422969818,1.4549387693405151
2023-01-06 05:34:45.323000,-0.5645698308944702,1.4442325830459595
2023-01-06 05:35:45.467000,-0.538776695728302,1.4325790405273438
2023-01-06 05:36:45.536000,-0.3609953820705414,1.4299468994140625
2023-01-06 05:37:45.268000,-0.3638646602630615,1.4139111042022705
2023-01-06 05:38:45.363000,-0.7183618545532227,1.4132534265518188
2023-01-06 05:39:45.369000,-0.36505377292633057,1.4276708364486694
2023-01-06 05:40:45.298000,-0.37458565831184387,1.4382860660552979
2023-01-06 05:41:45.259000,-0.37220829725265503,1.4126136302947998
2023-01-06 05:42:45.305000,-0.34255775809288025,1.3747766017913818
2023-01-06 05:43:45.299000,-0.34011489152908325,1.3730909824371338
2023-01-06 05:44:45.327000,-0.728695809841156,1.392529010772705
2023-01-06 05:45:45.373000,-0.9262732267379761,1.3934941291809082
2023-01-06 05:46:45.321000,-1.11639404296875,1.342122197151184
2023-01-06 05:47:45.312000,-0.8314113616943359,1.2814100980758667
2023-01-06 05:48:45.251000,-0.7249926328659058,1.2193611860275269
2023-01-06 05:49:45.396000,-0.7050125002861023,1.2078834772109985
2023-01-06 05:50:45.385000,-0.6892048716545105,1.242821216583252
2023-01-06 05:51:45.329000,-0.7135689854621887,1.2793545722961426
2023-01-06 05:52:45.284000,-0.7136386036872864,1.2995970249176025
2023-01-06 05:53:45.344000,-0.9407148361206055,1.3479056358337402
2023-01-06 05:54:45.354000,-0.8632773160934448,1.325337529182434
2023-01-06 05:55:45.394000,-0.6985369324684143,1.2961968183517456
2023-01-06 05:56:45.302000,-0.7064788341522217,1.2998026609420776
2023-01-06 05:57:45.357000,-0.5366857051849365,1.3156737089157104
2023-01-06 05:58:45.260000,-0.5390737652778625,1.2650481462478638
2023-01-06 05:59:45.260000,-0.6149551272392273,1.1696816682815552
2023-01-06 06:00:45.322000,-0.35459670424461365,1.152590274810791
2023-01-06 06:01:45.315000,-0.9634676575660706,1.13930344581604
2023-01-06 06:02:45.353000,-0.31582748889923096,1.2061116695404053
2023-01-06 06:03:45.342000,-0.7815606594085693,1.2039601802825928
2023-01-06 06:04:45.236000,-0.3187448978424072,1.2226907014846802
2023-01-06 06:05:45.335000,-0.7143232226371765,1.2282549142837524
2023-01-06 06:06:45.220000,-0.256315141916275,1.2394989728927612
2023-01-06 06:07:45.224000,-0.7127665281295776,1.2341067790985107
2023-01-06 06:08:45.416000,-0.2383837103843689,1.286520004272461
2023-01-06 06:09:45.527000,-1.0775978565216064,1.2479630708694458
2023-01-06 06:10:45.321000,-0.2583792507648468,1.3120521306991577
2023-01-06 06:11:45.239000,-0.621931254863739,1.3050744533538818
2023-01-06 06:12:45.387000,-0.27826300263404846,1.271756887435913
2023-01-06 06:13:45.322000,-0.5044057965278625,1.2320189476013184
2023-01-06 06:14:45.341000,-0.2703361511230469,1.2051665782928467
2023-01-06 06:15:45.260000,-0.2881615459918976,1.192588448524475
2023-01-06 06:16:45.357000,-0.34215056896209717,1.1989171504974365
2023-01-06 06:17:45.351000,-0.4945390224456787,1.2143369913101196
2023-01-06 06:18:45.294000,-0.49205952882766724,1.1933751106262207
2023-01-06 06:19:45.441000,-0.08804718405008316,1.1768192052841187
2023-01-06 06:20:45.353000,-0.40431392192840576,1.159592628479004
2023-01-06 06:21:45.245000,-0.19985350966453552,1.133490800857544
2023-01-06 06:22:45.310000,-0.10262910276651382,1.1026147603988647
2023-01-06 06:23:45.243000,-0.45415762066841125,1.071874737739563
2023-01-06 06:24:45.330000,-0.2239476889371872,1.0347033739089966
2023-01-06 06:25:45.200000,-0.5190600156784058,1.0263299942016602
2023-01-06 06:26:45.261000,-0.3567991256713867,1.0207109451293945
2023-01-06 06:27:45.297000,-0.12363629788160324,1.026254415512085
2023-01-06 06:28:45.322000,-0.3000600039958954,1.0187616348266602
2023-01-06 06:29:45.267000,-0.27155178785324097,1.0070843696594238
2023-01-06 06:30:45.289000,-0.24529463052749634,1.0042259693145752
2023-01-06 06:31:45.301000,-0.38231590390205383,0.9992660880088806
2023-01-06 06:32:45.341000,-0.49710288643836975,0.9902008175849915
2023-01-06 06:33:45.278000,-0.4782266616821289,0.9846513271331787
2023-01-06 06:34:45.302000,-0.2959209382534027,0.9782607555389404
2023-01-06 06:35:45.329000,-0.5054101347923279,0.9648594856262207
2023-01-06 06:36:45.314000,-0.21379265189170837,0.9466078877449036
2023-01-06 06:37:45.306000,-0.22729599475860596,0.9343141317367554
2023-01-06 06:38:45.296000,-0.5377399921417236,0.9237039089202881
2023-01-06 06:39:45.220000,-0.23116086423397064,0.92416912317276
2023-01-06 06:40:45.337000,-0.4173640310764313,0.9234756231307983
2023-01-06 06:41:45.290000,-0.6562238931655884,0.9127739667892456
2023-01-06 06:42:45.372000,-0.49164092540740967,0.8995897173881531
2023-01-06 06:43:45.297000,-0.30593711137771606,0.8960579037666321
2023-01-06 06:44:45.310000,-0.35800597071647644,0.8844776153564453
2023-01-06 06:45:45.469000,-0.562118411064148,0.88697749376297
2023-01-06 06:46:45.324000,-0.25493794679641724,0.8788381218910217
2023-01-06 06:47:45.224000,-0.31536373496055603,0.8694261312484741
2023-01-06 06:48:45.239000,-0.5766839385032654,0.8665428161621094
2023-01-06 06:49:45.335000,-0.7043914198875427,0.8711941242218018
2023-01-06 06:50:45.235000,-0.24972297251224518,0.8707003593444824
2023-01-06 06:51:45.217000,-0.21876657009124756,0.8425668478012085
2023-01-06 06:52:45.232000,-0.2559869587421417,0.8136874437332153
2023-01-06 06:53:45.291000,-0.5366268157958984,0.7922943234443665
2023-01-06 06:54:45.289000,-0.20317822694778442,0.7749000191688538
2023-01-06 06:55:45.339000,-0.2159004807472229,0.7475863695144653
2023-01-06 06:56:45.275000,-0.570356011390686,0.7048624157905579
2023-01-06 06:57:45.254000,-0.6021198630332947,0.6704443693161011
2023-01-06 06:58:45.309000,-0.21682003140449524,0.6459682583808899
2023-01-06 06:59:45.239000,-0.20345300436019897,0.6336469650268555
2023-01-06 07:00:45.321000,-0.14878632128238678,0.617493212223053
2023-01-06 07:01:45.298000,-0.47060340642929077,0.6141655445098877
2023-01-06 07:02:45.195000,-0.2162327617406845,0.612738847732544
2023-01-06 07:03:45.184000,-0.19286227226257324,0.6100081205368042
2023-01-06 07:04:45.318000,-0.5250883102416992,0.6019905805587769
2023-01-06 07:05:45.327000,-0.5724195241928101,0.6001705527305603
2023-01-06 07:06:45.260000,-0.18007923662662506,0.5829732418060303
2023-01-06 07:07:45.247000,-0.21577894687652588,0.5645113587379456
2023-01-06 07:08:45.211000,-0.17562289535999298,0.5570828318595886
2023-01-06 07:09:45.241000,-0.48273056745529175,0.5624213218688965
2023-01-06 07:10:45.185000,-0.22344917058944702,0.5829895734786987
2023-01-06 07:11:45.278000,-0.16750890016555786,0.605858564376831
2023-01-06 07:12:45.184000,-0.4711570739746094,0.6025919914245605
2023-01-06 07:13:45.199000,-0.40934962034225464,0.5858737230300903
2023-01-06 07:14:45.230000,-0.12755437195301056,0.5666421055793762
2023-01-06 07:15:45.255000,-0.07552418112754822,0.544423520565033
2023-01-06 07:16:45.200000,-0.09351574629545212,0.5255037546157837
2023-01-06 07:17:45.428000,-0.241715669631958,0.5103188753128052
2023-01-06 07:18:45.233000,-0.30854883790016174,0.4591674208641052
2023-01-06 07:19:45.172000,-0.21062158048152924,0.37233513593673706
2023-01-06 07:20:45.187000,-0.5644123554229736,0.3119475841522217
2023-01-06 07:21:45.298000,-0.2355220764875412,0.20781445503234863
2023-01-06 07:22:45.160000,-0.46361854672431946,0.15889865159988403
2023-01-06 07:23:45.191000,-0.15307803452014923,0.1352202296257019
2023-01-06 07:24:45.201000,-0.16922838985919952,0.11272361874580383
2023-01-06 07:25:45.168000,-0.17712263762950897,0.05255600064992905
2023-01-06 07:26:45.156000,-0.5274527072906494,0.04700979217886925
2023-01-06 07:27:45.148000,-0.2777392268180847,0.04470353201031685
2023-01-06 07:28:45.176000,-0.5623818635940552,0.039550479501485825
2023-01-06 07:29:45.179000,-0.34534916281700134,0.03726736456155777
2023-01-06 07:30:45.221000,-0.5219440460205078,0.03741893917322159
2023-01-06 07:31:45.183000,-0.27186089754104614,0.033449847251176834
2023-01-06 07:32:45.213000,-0.2582494616508484,0.02869196981191635
2023-01-06 07:33:45.291000,-0.28483882546424866,0.025983717292547226
2023-01-06 07:34:45.227000,-0.37101179361343384,0.023043489083647728
2023-01-06 07:35:45.230000,-0.38752177357673645,0.020624058321118355
2023-01-06 07:36:45.253000,-0.4295864999294281,0.01899535022675991
2023-01-06 07:37:45.123000,-0.4563610851764679,0.01850162260234356
2023-01-06 07:38:45.457000,-0.33704325556755066,0.018021976575255394
2023-01-06 07:39:45.165000,-0.6284289360046387,0.016256561502814293
2023-01-06 07:40:45.245000,-0.6266028881072998,0.014584291726350784
2023-01-06 07:41:45.237000,-0.6410582065582275,0.013863944448530674
2023-01-06 07:42:45.250000,-0.485742449760437,0.01404352393001318
2023-01-06 07:43:45.171000,-0.5743865966796875,0.01381343137472868
2023-01-06 07:44:45.193000,-0.4055202603340149,0.013091230764985085
2023-01-06 07:45:45.258000,-0.48815810680389404,0.012706391513347626
2023-01-06 07:46:45.182000,-0.2436211109161377,0.012407563626766205
2023-01-06 07:47:45.200000,-0.44833964109420776,0.013290622271597385
2023-01-06 07:48:45.230000,-0.3559810221195221,0.01448490284383297
2023-01-06 07:49:45.210000,-0.24478581547737122,0.015518583357334137
2023-01-06 07:50:45.202000,-0.20747491717338562,0.0160279031842947
2023-01-06 07:51:45.557000,-0.2606602609157562,0.015460658818483353
2023-01-06 07:52:45.571000,-0.5964937210083008,0.014142363332211971
2023-01-06 07:53:45.308000,-0.48870646953582764,0.011207086965441704
2023-01-06 07:54:45.203000,-0.26254895329475403,0.008032404817640781
2023-01-06 07:55:45.127000,-0.27890846133232117,0.0042375908233225346
2023-01-06 07:56:45.186000,-0.6435592174530029,-0.0005237499717622995
2023-01-06 07:57:45.143000,-0.3960658609867096,-0.0011699729366227984
2023-01-06 07:58:45.154000,-0.3986518085002899,-0.001170024974271655
2023-01-06 07:59:45.159000,-0.4544197916984558,-0.001283499994315207
2023-01-06 08:00:45.166000,-0.8541792631149292,-0.0011548148468136787
2023-01-06 08:01:45.148000,-0.7460829019546509,-0.0013022857019677758
2023-01-06 08:02:45.171000,-0.4642317295074463,0.011606940999627113
2023-01-06 08:03:45.393000,-0.44937846064567566,-0.0013667105231434107
2023-01-06 08:04:45.127000,-0.5667123198509216,-0.001154914265498519
2023-01-06 08:05:45.165000,-0.550619900226593,-0.0012026410549879074
2023-01-06 08:06:45.128000,-0.3911792039871216,-0.0011952068889513612
2023-01-06 08:07:45.202000,-0.3901682198047638,-0.0011884138220921159
2023-01-06 08:08:45.217000,-0.40082263946533203,-0.0011999999405816197
2023-01-06 08:09:45.123000,-0.9496750235557556,0.004149851854890585
2023-01-06 08:10:45.165000,-0.3202689290046692,-0.0013520312495529652
2023-01-06 08:11:45.091000,-0.3136805295944214,-0.0011857381323352456
2023-01-06 08:12:45.299000,-0.2773657739162445,-0.0012124375207349658
2023-01-06 08:13:45.143000,-0.5746405720710754,-0.0012686969712376595
2023-01-06 08:14:45.139000,-0.2593042552471161,-0.001223928527906537
2023-01-06 08:15:45.111000,-0.25054144859313965,-0.0012170698028057814
2023-01-06 08:16:45.126000,-0.2805534899234772,-0.0012227073311805725
2023-01-06 08:17:45.123000,-0.7768703103065491,-0.0011261211475357413
2023-01-06 08:18:45.069000,-0.4600510001182556,-0.001131500001065433
2023-01-06 08:19:45.137000,-0.27561432123184204,-0.0011734359432011843
2023-01-06 08:20:45.063000,-0.2564069926738739,-0.0011340000201016665
2023-01-06 08:21:45.160000,-0.2817589044570923,-0.001201826031319797
2023-01-06 08:22:45.071000,-0.6066449880599976,-0.0012214877642691135
2023-01-06 08:23:45.179000,-0.41966286301612854,-0.0012162765488028526
2023-01-06 08:24:45.153000,-0.425595760345459,-0.001179173937998712
2023-01-06 08:25:45.111000,-0.7890451550483704,-0.0011770217679440975
2023-01-06 08:26:45.147000,-0.6692445874214172,-0.0012389755574986339
2023-01-06 08:27:45.255000,-0.5361404418945312,-0.0011955000227317214
2023-01-06 08:28:45.179000,-0.423285573720932,-0.0011932499473914504
2023-01-06 08:29:45.124000,-0.4039233922958374,-0.0012864222517237067
2023-01-06 08:30:45.135000,-0.4706733226776123,-0.0012707450659945607
2023-01-06 08:31:45.064000,-0.6892365217208862,-0.0012145348591729999
2023-01-06 08:32:45.173000,-0.42892444133758545,-0.0012337872758507729
2023-01-06 08:33:45.145000,-0.6962912678718567,-0.0011824615066871047
2023-01-06 08:34:45.098000,-0.5600043535232544,-0.0012483269674703479
2023-01-06 08:35:45.162000,-0.7836042642593384,-0.0011942825512960553
2023-01-06 08:36:45.156000,-0.4762575030326843,-0.0012085000053048134
2023-01-06 08:37:45.115000,-0.49236199259757996,-0.0012184762163087726
2023-01-06 08:38:45.103000,-0.41204196214675903,-0.001204039203003049
2023-01-06 08:39:45.137000,-0.677939236164093,-0.0012143499916419387
2023-01-06 08:40:45.024000,-0.4162539541721344,-0.001237187534570694
2023-01-06 08:41:45.114000,-0.5499985814094543,-0.0011919302633032203
2023-01-06 08:42:45.198000,-0.5241332054138184,-0.0012440216960385442
2023-01-06 08:43:45.075000,-0.6489327549934387,-0.0011917045339941978
2023-01-06 08:44:45.129000,-0.3348710536956787,-0.001204897416755557
2023-01-06 08:45:45.118000,-0.33517807722091675,-0.0012262045638635755
2023-01-06 08:46:45.137000,-0.35921144485473633,-0.0012401394778862596
2023-01-06 08:47:45.052000,-0.30776533484458923,-0.0012076999992132187
2023-01-06 08:48:45.053000,-0.5691044330596924,-0.0012931914534419775
2023-01-06 08:49:45.146000,-0.32355308532714844,-0.001269000000320375
2023-01-06 08:50:45.118000,-0.6398313641548157,-0.001217785757035017
2023-01-06 08:51:45.145000,-0.28442782163619995,-0.001241150894202292
2023-01-06 08:52:45.162000,-0.48007428646087646,-0.0012398571707308292
2023-01-06 08:53:45.091000,-0.3924596905708313,-0.0012289091246202588
2023-01-06 08:54:45.157000,-0.31892287731170654,-0.0012167837703600526
2023-01-06 08:55:45.092000,-0.3110068738460541,-0.0012495714472606778
2023-01-06 08:56:45.102000,-0.4118177890777588,-0.0012176738819107413
2023-01-06 08:57:45.129000,-0.5376911759376526,-0.0012279499787837267
2023-01-06 08:58:45.146000,-0.5213168859481812,-0.0012441162252798676
2023-01-06 08:59:45.169000,-0.539630651473999,-0.0012638055486604571
2023-01-06 09:00:45.309000,-0.41282832622528076,-0.0012511428212746978
2023-01-06 09:01:45.051000,-0.4571404755115509,-0.0012609210098162293
2023-01-06 09:02:45.142000,-0.2974810004234314,-0.0012690203730016947
2023-01-06 09:03:45.110000,-0.3417275846004486,-0.0012757659424096346
2023-01-06 09:04:45.107000,-0.4671911895275116,-0.0012577954912558198
2023-01-06 09:05:45.194000,-0.3255786597728729,-0.0012635666644200683
2023-01-06 09:06:45.055000,-0.2632544934749603,-0.0012826666934415698
2023-01-06 09:07:45.128000,-0.4189026355743408,-0.0012621500063687563
2023-01-06 09:08:45.082000,-0.7192624807357788,-0.001261813915334642
2023-01-06 09:09:45.091000,-0.25180697441101074,-0.001260540564544499
2023-01-06 09:10:45.133000,-0.2437470704317093,-0.0012631176505237818
2023-01-06 09:11:45.084000,-0.30526891350746155,-0.0012545135105028749
2023-01-06 09:12:45.072000,-0.6270895600318909,-0.0012537895236164331
2023-01-06 09:13:45.238000,-0.3136500418186188,-0.0012621707282960415
2023-01-06 09:14:45.004000,-0.3023848533630371,-0.0012860425049439073
2023-01-06 09:15:45.110000,-0.3293550908565521,-0.0012374500511214137
2023-01-06 09:16:45.142000,-0.8180151581764221,-0.0012505349004641175
2023-01-06 09:17:45.042000,-0.4945138692855835,-0.0012328139273449779
2023-01-06 09:18:45.026000,-0.28779226541519165,-0.0012843611184507608
2023-01-06 09:19:45.136000,-0.44227492809295654,-0.0012390000047162175
2023-01-06 09:20:45.104000,-0.5599445104598999,-0.0012610465055331588
2023-01-06 09:21:45.089000,-0.3318040072917938,-0.0012505134800449014
2023-01-06 09:22:45.098000,-0.3491414487361908,-0.0013025370426476002
2023-01-06 09:23:45.102000,-0.5828659534454346,-0.0012193500297144055
2023-01-06 09:24:45.027000,-0.42075031995773315,-0.001259960001334548
2023-01-06 09:25:45.036000,-0.4949522018432617,-0.00122856255620718
2023-01-06 09:26:45.030000,-0.5807992219924927,-0.0012361860135570168
2023-01-06 09:27:45.019000,-0.656930148601532,-0.0012244749814271927
2023-01-06 09:28:44.987000,-0.3910062313079834,-0.0012729486916214228
2023-01-06 09:29:45.053000,-0.3682636022567749,-0.001231824979186058
2023-01-06 09:30:45.070000,-0.48006799817085266,-0.001226652180776
2023-01-06 09:31:45.069000,-0.5813117027282715,-0.0012528510997071862
2023-01-06 09:32:45.031000,-0.40905505418777466,-0.0012876000255346298
2023-01-06 09:33:45.141000,-0.41602352261543274,-0.001260969671420753
2023-01-06 09:34:45.308000,-0.7595424056053162,-0.001274897949770093
2023-01-06 09:35:45.060000,-0.5755583643913269,-0.001180195133201778
2023-01-06 09:36:45.085000,-0.3319537937641144,-0.0012612092541530728
2023-01-06 09:37:45.057000,-0.3915691077709198,-0.0012644489761441946
2023-01-06 09:38:45.042000,-0.6031948328018188,-0.0012402045540511608
2023-01-06 09:39:45.100000,-0.356665700674057,-0.0012159388279542327
2023-01-06 09:40:45.057000,-0.3553321361541748,-0.0012407272588461637
2023-01-06 09:41:45.117000,-0.6791895031929016,-0.0011561489664018154
2023-01-06 09:42:45.053000,-0.36606284976005554,-0.0012586363591253757
2023-01-06 09:43:45.019000,-0.41531819105148315,-0.0012579122558236122
2023-01-06 09:44:45.013000,-0.6666334271430969,-0.0012541428441181779
2023-01-06 09:45:45.050000,-0.6499276161193848,-0.0012469722423702478
2023-01-06 09:46:45.014000,-0.3119424879550934,-0.0012748043518513441
2023-01-06 09:47:44.978000,-0.3324630558490753,-0.0012602221686393023
2023-01-06 09:48:45.015000,-0.5354940891265869,-0.0012536667054519057
2023-01-06 09:49:45.015000,-0.48272043466567993,-0.001263260841369629
2023-01-06 09:50:45.073000,-0.403471440076828,-0.0012637142790481448
2023-01-06 09:51:45.058000,-0.37263721227645874,-0.0012615814339369535
2023-01-06 09:52:44.971000,-0.7776138186454773,-0.0012693636817857623
2023-01-06 09:53:45.035000,-0.7401630282402039,-0.0012308221776038408
2023-01-06 09:54:45.045000,-0.44213709235191345,-0.001259487820789218
2023-01-06 09:55:45.030000,-0.6515985727310181,-0.001244272687472403
2023-01-06 09:56:44.973000,-0.5253572463989258,-0.0012585277436301112
2023-01-06 09:57:45.019000,-0.2824341952800751,-0.0011918139643967152
2023-01-06 09:58:45.073000,-0.33464255928993225,-0.0012837749673053622
2023-01-06 09:59:44.987000,-0.6079479455947876,-0.0012818718096241355
2023-01-06 10:00:45.016000,-0.2677631378173828,-0.0012550909304991364
2023-01-06 10:01:45.041000,-0.2480420470237732,-0.001258100033737719
2023-01-06 10:02:45.013000,-0.6412198543548584,-0.001269673928618431
2023-01-06 10:03:44.968000,-0.4698917269706726,-0.001257913070730865
2023-01-06 10:04:45.086000,-0.24254654347896576,-0.0011783181689679623
2023-01-06 10:05:45.030000,-0.18595166504383087,-0.0012109210947528481
2023-01-06 10:06:45.018000,-0.414092093706131,-0.0012101739412173629
2023-01-06 10:07:45.001000,-0.28859415650367737,-0.001221999991685152
2023-01-06 10:08:45.022000,-0.19232666492462158,-0.0012655833270400763
2023-01-06 10:09:44.992000,-0.19491325318813324,-0.0012528372462838888
2023-01-06 10:10:44.996000,-0.5790875554084778,-0.0012863654410466552
2023-01-06 10:11:45.008000,-0.5767595767974854,-0.001278824987821281
2023-01-06 10:12:44.941000,-0.2215830534696579,-0.001264666672796011
2023-01-06 10:13:45.011000,-0.25598588585853577,-0.001300937496125698
2023-01-06 10:14:45.003000,-0.5436357259750366,-0.0012926500057801604
2023-01-06 10:15:44.975000,-0.2329176664352417,-0.0012974523706361651
2023-01-06 10:16:45.050000,-0.3507409691810608,-0.001348826102912426
2023-01-06 10:17:44.990000,-0.4701476991176605,-0.0013533333549275994
2023-01-06 10:18:45.068000,-0.6399857401847839,-0.0013000302715227008
2023-01-06 10:19:45.107000,-0.4239424765110016,-0.0012841332936659455
2023-01-06 10:20:44.995000,-0.7422338128089905,-0.0013085937825962901
2023-01-06 10:21:45.086000,-0.5786736607551575,-0.0012216400355100632
2023-01-06 10:22:44.915000,-0.47258931398391724,-0.0012709524016827345
2023-01-06 10:23:45.030000,-0.36147138476371765,-0.001229620655067265
2023-01-06 10:24:44.967000,-0.4046423137187958,-0.00126864283811301
2023-01-06 10:25:44.989000,-0.7250515818595886,-0.0012946666684001684
2023-01-06 10:26:44.915000,-0.4438815712928772,-0.0011103333672508597
2023-01-06 10:27:45.026000,-0.4684751033782959,-0.001251956564374268
2023-01-06 10:28:44.958000,-0.5103965401649475,-0.001268888940103352
2023-01-06 10:29:45.046000,-1.1149921417236328,-0.0012851081555709243
2023-01-06 10:30:45.014000,-0.46607986092567444,-0.0012730000307783484
2023-01-06 10:31:44.960000,-0.4094131290912628,-0.0012459023855626583
2023-01-06 10:32:44.988000,-0.5920975804328918,-0.001267409068532288
2023-01-06 10:33:45.038000,-0.517568051815033,-0.001287761959247291
2023-01-06 10:34:44.914000,-0.39825841784477234,-0.0012626744573935866
2023-01-06 10:35:45.017000,-0.3583545982837677,-0.0012552104890346527
2023-01-06 10:36:44.992000,-0.6889216303825378,-0.0012218510964885354
2023-01-06 10:37:44.907000,-0.38988348841667175,-0.0012640435015782714
2023-01-06 10:38:44.918000,-0.7146994471549988,-0.001282073208130896
2023-01-06 10:39:44.956000,-0.41232264041900635,-0.0012684444664046168
2023-01-06 10:40:45.025000,-0.6415098905563354,-0.0012570851249620318
2023-01-06 10:41:44.951000,-0.31039461493492126,-0.0012265293626114726
2023-01-06 10:42:45.005000,-0.2913326323032379,-0.001288489787839353
2023-01-06 10:43:44.931000,-0.5255626440048218,-0.001304742880165577
2023-01-06 10:44:44.971000,-0.38744762539863586,-0.0012739787343889475
2023-01-06 10:45:44.908000,-0.26918935775756836,-0.0012553408741950989
2023-01-06 10:46:45.039000,-0.3809738755226135,-0.0012474090326577425
2023-01-06 10:47:45.013000,-1.0224140882492065,-0.0012843061704188585
2023-01-06 10:48:44.986000,-0.3638027012348175,-0.0013138478389009833
2023-01-06 10:49:44.910000,-0.358583003282547,-0.0012352941557765007
2023-01-06 10:50:44.974000,-0.3770841360092163,-0.0012896086554974318
2023-01-06 10:51:44.931000,-0.6337887048721313,-0.00125534285325557
2023-01-06 10:52:44.970000,-0.3579435646533966,-0.0012980682076886296
2023-01-06 10:53:44.903000,-0.2958928644657135,-0.0012579361209645867
2023-01-06 10:54:44.969000,-0.5295059084892273,-0.0012831363128498197
2023-01-06 10:55:44.983000,-0.4704444408416748,-0.0012631621211767197
2023-01-06 10:56:45.002000,-0.721244752407074,-0.0012611025013029575
2023-01-06 10:57:44.945000,-0.37165239453315735,-0.001235644449479878
2023-01-06 10:58:45.013000,-0.6620277166366577,-0.0012816976523026824
2023-01-06 10:59:44.909000,-0.35262390971183777,-0.0012858437839895487
2023-01-06 11:00:45.032000,-0.34819406270980835,-0.0012932050740346313
2023-01-06 11:01:44.979000,-0.3764256536960602,-0.0012429750058799982
2023-01-06 11:02:44.966000,-0.6508892774581909,-0.0013022557832300663
2023-01-06 11:03:45.146000,-0.3518972098827362,-0.001282488345168531
2023-01-06 11:04:44.876000,-0.503193736076355,-0.0012577447341755033
2023-01-06 11:05:44.940000,-0.697227418422699,-0.0013244545552879572
2023-01-06 11:06:44.943000,-0.6857152581214905,-0.0013096221955493093
2023-01-06 11:07:44.968000,-0.28769296407699585,-0.0012820666888728738
2023-01-06 11:08:45.004000,-0.27902311086654663,-0.001384634175337851
2023-01-06 11:09:44.922000,-0.31456002593040466,-0.0012477500131353736
2023-01-06 11:10:44.930000,-0.6193411350250244,-0.0012331224279478192
2023-01-06 11:11:44.989000,-0.2863942086696625,-0.0013343713944777846
2023-01-06 11:12:44.960000,-0.25887876749038696,-0.0012987826485186815
2023-01-06 11:13:44.967000,-0.38665032386779785,-0.0012985122157260776
2023-01-06 11:14:45.015000,-0.7278584837913513,-0.001305444398894906
2023-01-06 11:15:44.895000,-0.20170073211193085,-0.0012554250424727798
2023-01-06 11:16:44.918000,-0.1873258650302887,-0.001211875001899898
2023-01-06 11:17:44.972000,-0.21162953972816467,-0.001161749940365553
2023-01-06 11:18:44.933000,-0.507480800151825,-0.0012574255233630538
2023-01-06 11:19:44.852000,-0.16202035546302795,-0.0012197446776553988
2023-01-06 11:20:44.986000,-0.18701539933681488,-0.0012037442065775394
2023-01-06 11:21:44.973000,-0.2049153447151184,-0.001242146361619234
2023-01-06 11:22:45.047000,-0.7486695051193237,-0.0011833750177174807
2023-01-06 11:23:44.899000,-0.4458092451095581,-0.0011826249537989497
2023-01-06 11:24:44.951000,-0.2868185043334961,-0.0012160526821389794
2023-01-06 11:25:44.950000,-0.2587670385837555,-0.0012223250232636929
2023-01-06 11:26:45.010000,-0.26977381110191345,-0.001214666641317308
2023-01-06 11:27:44.918000,-0.5499000549316406,-0.0012176382588222623
2023-01-06 11:28:44.949000,-0.28415051102638245,-0.0012287631398066878
2023-01-06 11:29:44.954000,-0.2770422101020813,-0.0011900425888597965
2023-01-06 11:30:44.988000,-0.45078516006469727,-0.0012222856748849154
2023-01-06 11:31:44.985000,-0.498981773853302,-0.0012499111471697688
2023-01-06 11:32:44.858000,-0.6235410571098328,-0.001225459505803883
2023-01-06 11:33:44.842000,-0.31659457087516785,-0.0012560512404888868
2023-01-06 11:34:44.872000,-0.2848123610019684,-0.0012486738851293921
2023-01-06 11:35:44.923000,-0.30920806527137756,-0.0012469787616282701
2023-01-06 11:36:44.968000,-0.602993905544281,-0.0012063548201695085
2023-01-06 11:37:44.948000,-0.32977351546287537,-0.0012458610581234097
2023-01-06 11:38:45.137000,-0.31890037655830383,-0.0012768084416165948
2023-01-06 11:39:44.858000,-0.6691442131996155,-0.0012498293071985245
2023-01-06 11:40:44.974000,-0.5641880035400391,-0.0011943617137148976
2023-01-06 11:41:44.901000,-0.29631200432777405,-0.0012461579171940684
2023-01-06 11:42:44.968000,-0.3532029390335083,-0.0011536666424944997
2023-01-06 11:43:44.918000,-0.3795275092124939,-0.0012640226632356644
2023-01-06 11:44:44.873000,-0.6847884058952332,-0.0012636304600164294
2023-01-06 11:45:44.924000,-0.3806929886341095,-0.0012738750083371997
2023-01-06 11:46:44.878000,-0.44488927721977234,-0.0012593845603987575
2023-01-06 11:47:44.897000,-0.6880770921707153,-0.0012255333131179214
2023-01-06 11:48:44.950000,-0.7266920208930969,-0.0011999999405816197
2023-01-06 11:49:44.951000,-0.36567428708076477,-0.0012089534429833293
2023-01-06 11:50:45.063000,-0.28961411118507385,-0.0012193333823233843
2023-01-06 11:51:44.834000,-0.29189935326576233,-0.0012098809238523245
2023-01-06 11:52:44.925000,-0.6075953245162964,-0.0012504999758675694
2023-01-06 11:53:44.874000,-0.2537340521812439,-0.0012379250256344676
2023-01-06 11:54:44.830000,-0.22460772097110748,-0.0012820869451388717
2023-01-06 11:55:44.868000,-0.49946361780166626,-0.0013044390361756086
2023-01-06 11:56:44.963000,-0.6230934858322144,-0.0012904166942462325
2023-01-06 11:57:44.861000,-0.21557870507240295,-0.0012692161835730076
2023-01-06 11:58:44.955000,-0.19840484857559204,-0.001166069763712585
2023-01-06 11:59:45.027000,-0.42483508586883545,-0.0013173555489629507
2023-01-06 12:00:44.840000,-0.25902870297431946,-0.001374750048853457
2023-01-06 12:01:44.906000,-0.09808290004730225,-0.0010951219592243433
2023-01-06 12:02:44.972000,-0.07178860157728195,-0.0012456774711608887
2023-01-06 12:03:44.956000,-0.44864964485168457,-0.001252146321348846
2023-01-06 12:04:44.834000,-0.38939499855041504,-0.0012483409373089671
2023-01-06 12:05:44.852000,-0.07665800303220749,-0.0012166458182036877
2023-01-06 12:06:44.795000,-0.07971546798944473,-0.0012445789761841297
2023-01-06 12:07:44.889000,-0.3731577694416046,-0.001254500006325543
2023-01-06 12:08:44.941000,-0.12291593104600906,-0.0012153617572039366
2023-01-06 12:09:44.885000,-0.247697651386261,-0.0013104666722938418
2023-01-06 12:10:44.942000,-0.17742840945720673,-0.0012890237849205732
2023-01-06 12:11:44.879000,-0.5571370720863342,-0.0012416841927915812
2023-01-06 12:12:44.954000,-0.5483789443969727,-0.001256666611880064
2023-01-06 12:13:44.930000,-0.28361833095550537,-0.0012614772422239184
2023-01-06 12:14:44.893000,-0.2587674558162689,-0.001258558128029108
2023-01-06 12:15:44.869000,-0.5528671741485596,-0.0012198444455862045
2023-01-06 12:16:44.845000,-0.25007566809654236,-0.0012657400220632553
2023-01-06 12:17:44.841000,-0.3016583323478699,-0.0011620000004768372
2023-01-06 12:18:44.880000,-0.33139899373054504,-0.0012706818524748087
2023-01-06 12:19:44.779000,-0.5111185312271118,-0.0012775111244991422
2023-01-06 12:20:44.878000,-0.525099515914917,-0.0012577208690345287
2023-01-06 12:21:44.856000,-0.5801349878311157,-0.001213377807289362
2023-01-06 12:22:45.049000,-0.48825934529304504,-0.0011793635785579681
2023-01-06 12:23:44.841000,-0.48796510696411133,-0.0012732093455269933
2023-01-06 12:24:45.030000,-0.2503928542137146,-0.0012204889208078384
2023-01-06 12:25:44.790000,-0.2657643258571625,-0.0012775581562891603
2023-01-06 12:26:44.922000,-0.5449884533882141,-0.0013201333349570632
2023-01-06 12:27:44.818000,-0.32569456100463867,-0.0012910263612866402
2023-01-06 12:28:44.848000,-0.2252342849969864,-0.0012696153717115521
2023-01-06 12:29:44.853000,-0.6362556219100952,-0.0012745365966111422
2023-01-06 12:30:44.898000,-0.545006275177002,-0.0012682973174378276
2023-01-06 12:31:44.811000,-0.2588895261287689,-0.0012504736660048366
2023-01-06 12:32:44.853000,-0.21400386095046997,-0.0012855909299105406
2023-01-06 12:33:44.919000,-0.19694657623767853,-0.0012633784208446741
2023-01-06 12:34:44.899000,-0.5353734493255615,-0.0012100000167265534
2023-01-06 12:35:44.827000,-0.18431830406188965,-0.0013554285978898406
2023-01-06 12:36:44.868000,-0.15767057240009308,-0.0010712000075727701
2023-01-06 12:37:44.881000,-0.6204695105552673,-0.0010845625074580312
2023-01-06 12:38:44.838000,-0.4183969795703888,-0.001258700038306415
2023-01-06 12:39:44.858000,-0.19414806365966797,-0.0011347857071086764
2023-01-06 12:40:44.822000,-0.2272474765777588,-0.001262799953110516
2023-01-06 12:41:44.819000,-0.401167094707489,-0.0011918836971744895
2023-01-06 12:42:44.909000,-0.28187665343284607,-0.0013113846071064472
2023-01-06 12:43:44.888000,-0.1509155035018921,-0.0011766591342166066
2023-01-06 12:44:44.793000,-0.11988720297813416,-0.0013252826174721122
2023-01-06 12:45:44.856000,-0.676162838935852,-0.0013463333016261458
2023-01-06 12:46:44.876000,-0.3277009129524231,-0.0011557446559891105
2023-01-06 12:47:44.757000,-0.1392381340265274,-0.001341023831628263
2023-01-06 12:48:44.805000,-0.18783223628997803,-0.0011833555763587356
2023-01-06 12:49:44.833000,-0.5151670575141907,-0.001284285681322217
2023-01-06 12:50:44.826000,-0.18487031757831573,-0.0013284583110362291
2023-01-06 12:51:44.814000,-0.16034424304962158,-0.001306688878685236
2023-01-06 12:52:44.869000,-0.22350838780403137,-0.0013218221720308065
2023-01-06 12:53:44.770000,-0.3517513871192932,-0.0011340000201016665
2023-01-06 12:54:44.741000,-0.5309344530105591,-0.0012558599701151252
2023-01-06 12:55:45.064000,-0.11078272014856339,-0.0011669737286865711
2023-01-06 12:56:44.783000,-0.34884369373321533,-0.001274647074751556
2023-01-06 12:57:45.815000,-0.2855163514614105,-0.0012373809004202485
2023-01-06 12:58:44.838000,-0.20451030135154724,-0.0011413428001105785
2023-01-06 12:59:44.872000,-0.20452484488487244,-0.0011836595367640257
2023-01-06 13:00:44.825000,-0.5066334009170532,-0.0012326278956606984
2023-01-06 13:01:44.871000,-0.19141533970832825,-0.0012205555103719234
2023-01-06 13:02:44.800000,-0.5630039572715759,-0.0012152825947850943
2023-01-06 13:03:44.864000,-0.23866693675518036,-0.0012193243019282818
2023-01-06 13:04:44.814000,-0.4933328628540039,-0.0013018077006563544
2023-01-06 13:05:44.762000,-0.16690677404403687,-0.001239809556864202
2023-01-06 13:06:45.151000,-0.19980283081531525,-0.0012358444510027766
2023-01-06 13:07:44.855000,-0.3096374571323395,-0.001290244865231216
2023-01-06 13:08:44.840000,-0.5280390381813049,-0.001275256392545998
2023-01-06 13:09:44.824000,-0.2522900700569153,-0.0012518421281129122
2023-01-06 13:10:45.080000,-0.4858335852622986,-0.0012730833841487765
2023-01-06 13:11:44.882000,-0.5173885226249695,-0.0012776170624420047
2023-01-06 13:12:44.868000,-0.40514668822288513,-0.001293217414058745
2023-01-06 13:13:45.031000,-0.23563450574874878,-0.0012271956074982882
2023-01-06 13:14:44.786000,-0.24938784539699554,-0.001297459937632084
2023-01-06 13:15:44.811000,-0.5288548469543457,-0.0012676571495831013
2023-01-06 13:16:44.822000,-0.32963505387306213,-0.0010870000114664435
2023-01-06 13:17:44.832000,-0.2744893729686737,-0.001254549017176032
2023-01-06 13:18:44.739000,-0.3992435932159424,-0.0012735952623188496
2023-01-06 13:19:44.856000,-0.7580391764640808,-0.0012724651023745537
2023-01-06 13:20:44.758000,-0.24318665266036987,-0.001239590928889811
2023-01-06 13:21:44.765000,-0.19052712619304657,-0.001276576891541481
2023-01-06 13:22:44.770000,-0.11905481666326523,-0.0012777999509125948
2023-01-06 13:23:44.839000,-0.5004779100418091,-0.001262568635866046
2023-01-06 13:24:44.741000,-0.20852486789226532,-0.001294973655603826
2023-01-06 13:25:44.741000,-0.1870533525943756,-0.0012585384538397193
2023-01-06 13:26:44.776000,-0.306185245513916,-0.0012607499957084656
2023-01-06 13:27:45.080000,-0.7275543808937073,-0.0012865000171586871
2023-01-06 13:28:45.033000,-0.20097783207893372,-0.0012892954982817173
2023-01-06 13:29:44.810000,-0.18241646885871887,-0.0012934888945892453
2023-01-06 13:30:44.868000,-0.3359087407588959,-0.001281816279515624
2023-01-06 13:31:44.789000,-0.35017129778862,-0.0012973124394193292
2023-01-06 13:32:45.079000,-0.2343357503414154,-0.0012692438904196024
2023-01-06 13:33:44.750000,-0.1882701814174652,-0.0012877872213721275
2023-01-06 13:34:44.776000,-0.455880731344223,-0.0012838386464864016
2023-01-06 13:35:44.842000,-0.7177864909172058,-0.0012935897102579474
2023-01-06 13:36:45.323000,-0.27275460958480835,-0.0012318610679358244
2023-01-06 13:37:44.781000,-0.3242151141166687,-0.0012758837547153234
2023-01-06 13:38:44.855000,-0.6294018626213074,-0.0012567142257466912
2023-01-06 13:39:44.767000,-0.29305949807167053,-0.0012980999890714884
2023-01-06 13:40:44.816000,-0.32414355874061584,-0.00123023078776896
2023-01-06 13:41:44.820000,-0.3145294785499573,-0.0012498823925852776
2023-01-06 13:42:44.809000,-0.600658118724823,-0.0012787948362529278
2023-01-06 13:43:44.747000,-0.6033006906509399,-0.00123924994841218
2023-01-06 13:44:44.793000,-0.18503819406032562,-0.0012274091131985188
2023-01-06 13:45:44.870000,-0.22752398252487183,-0.0012278371723368764
2023-01-06 13:46:44.723000,-0.4977553188800812,-0.0012688571587204933
2023-01-06 13:47:44.777000,-0.20749709010124207,-0.0012810869375243783
2023-01-06 13:48:44.734000,-0.17037318646907806,-0.0012837499380111694
2023-01-06 13:49:44.852000,-0.2434617280960083,-0.0012265555560588837
2023-01-06 13:50:44.743000,-0.28026676177978516,-0.0012222339864820242
2023-01-06 13:51:44.773000,-0.46227002143859863,-0.0012943863403052092
2023-01-06 13:52:44.813000,-0.14775705337524414,-0.001279454561881721
2023-01-06 13:53:44.761000,-0.2987929582595825,-0.0012724737171083689
2023-01-06 13:54:44.817000,-0.15757763385772705,-0.0012799459509551525
2023-01-06 13:55:44.727000,-0.06748635321855545,-0.001348134595900774
2023-01-06 13:56:44.817000,-0.09386341273784637,-0.0012769023887813091
2023-01-06 13:57:44.757000,-0.3892723023891449,-0.0012323863338679075
2023-01-06 13:58:44.755000,-0.08266521990299225,-0.0012341999681666493
2023-01-06 13:59:44.793000,-0.427960604429245,-0.001203268300741911
2023-01-06 14:00:44.801000,-0.18856826424598694,-0.0012712631141766906
2023-01-06 14:01:44.793000,-0.4223334789276123,-0.0012408095644786954
2023-01-06 14:02:44.712000,-0.06211783364415169,-0.0012629545526579022
2023-01-06 14:03:44.762000,-0.08209598064422607,-0.0012026764452457428
2023-01-06 14:04:44.752000,-0.24235624074935913,-0.0011875999625772238
2023-01-06 14:05:44.875000,-0.4816102981567383,-0.0012205273378640413
2023-01-06 14:06:44.682000,-0.2465638518333435,-0.0013788864016532898
2023-01-06 14:07:44.767000,-0.504791796207428,-0.001319000031799078
2023-01-06 14:08:44.721000,-0.5824457406997681,-0.0012269499711692333
2023-01-06 14:09:44.760000,-0.40488293766975403,-0.00126431486569345
2023-01-06 14:10:44.667000,-0.2651428282260895,-0.0012125599896535277
2023-01-06 14:11:44.822000,-0.24125561118125916,-0.0012161964550614357
2023-01-06 14:12:45.091000,-0.5754181146621704,-0.0012660999782383442
2023-01-06 14:13:44.681000,-0.352312296628952,-0.001254282658919692
2023-01-06 14:14:44.687000,-0.3535488247871399,-0.0012129091192036867
2023-01-06 14:15:44.835000,-0.5072352886199951,-0.0012793428031727672
2023-01-06 14:16:44.650000,-0.8853723406791687,-0.0012494047405198216
2023-01-06 14:17:44.714000,-0.33454015851020813,-0.0012590417172759771
2023-01-06 14:18:44.781000,-0.3435019254684448,-0.0012122036423534155
2023-01-06 14:19:44.766000,-0.4860222637653351,-0.0012162553612142801
2023-01-06 14:20:44.719000,-0.34013962745666504,-0.0012739792000502348
2023-01-06 14:21:44.687000,-0.2465485781431198,-0.0012609444092959166
2023-01-06 14:22:44.808000,-0.26909536123275757,-0.0012406071182340384
2023-01-06 14:23:44.709000,-0.5875805616378784,-0.0012444545282050967
2023-01-06 14:24:44.726000,-0.5823526382446289,-0.001265255268663168
2023-01-06 14:25:44.654000,-0.21594981849193573,-0.00124027777928859
2023-01-06 14:26:44.683000,-0.3309180736541748,-0.0012379434192553163
2023-01-06 14:27:44.739000,-0.4237864315509796,-0.0012475238181650639
2023-01-06 14:28:44.756000,-0.2130071222782135,-0.0012608461547642946
2023-01-06 14:29:44.741000,-0.2077319622039795,-0.0013193077174946666
2023-01-06 14:30:44.708000,-0.5387837886810303,-0.0012636053143069148
2023-01-06 14:31:44.759000,-0.23417696356773376,-0.0012642884394153953
2023-01-06 14:32:44.669000,-0.5906899571418762,-0.0013964285608381033
2023-01-06 14:33:44.712000,-0.21074533462524414,-0.0012447499902918935
2023-01-06 14:34:44.772000,-0.47320282459259033,-0.0012395000085234642
2023-01-06 14:35:44.948000,-0.17251135408878326,-0.001342404750175774
2023-01-06 14:36:44.701000,-0.1761074811220169,-0.0013020399492233992
2023-01-06 14:37:44.617000,-0.4109879732131958,-0.0013415769208222628
2023-01-06 14:38:44.800000,-0.23801511526107788,-0.001234999974258244
2023-01-06 14:39:44.733000,-0.16743740439414978,-0.0012506250059232116
2023-01-06 14:40:44.699000,-0.5450517535209656,-0.0012941950699314475
2023-01-06 14:41:44.706000,-0.4703570306301117,-0.0013015250442549586
2023-01-06 14:42:44.646000,-0.17354393005371094,-0.0013416595757007599
2023-01-06 14:43:44.612000,-0.14551608264446259,-0.001353065250441432
2023-01-06 14:44:44.639000,-0.33761024475097656,-0.0012574633583426476
2023-01-06 14:45:44.676000,-0.3337818384170532,-0.001300891861319542
2023-01-06 14:46:44.729000,-0.07795628160238266,-0.0012489999644458294
2023-01-06 14:47:44.730000,-0.08605378121137619,-0.0013757812557742
2023-01-06 14:48:44.727000,-0.8196297287940979,-0.001614214270375669
2023-01-06 14:49:44.718000,-0.09276411682367325,-0.0012628461699932814
2023-01-06 14:50:44.742000,-0.1417754590511322,-0.0012775789946317673
2023-01-06 14:51:44.652000,-0.34947752952575684,-0.0013859999598935246
2023-01-06 14:52:44.961000,-0.37139585614204407,-0.0013305135071277618
2023-01-06 14:53:44.668000,-0.2201322764158249,-0.0013689756160601974
2023-01-06 14:54:44.586000,-0.24435025453567505,-0.0012469999492168427
2023-01-06 14:55:44.615000,-0.4924266040325165,-0.0012061303714290261
2023-01-06 14:56:44.618000,-0.5490695238113403,-0.001243976759724319
2023-01-06 14:57:44.693000,-0.21868041157722473,-0.0009999714093282819
2023-01-06 14:58:44.717000,-0.21150639653205872,-0.0013048367109149694
2023-01-06 14:59:44.663000,-0.3798115849494934,-0.0011082978453487158
2023-01-06 15:00:44.640000,-0.11986091732978821,-0.0012896000407636166
2023-01-06 15:01:44.617000,-0.19290846586227417,-0.001295897993259132
2023-01-06 15:02:44.683000,-0.5431953072547913,-0.0013038094621151686
2023-01-06 15:03:44.799000,-0.29221245646476746,-0.0013070999411866069
2023-01-06 15:04:44.932000,-0.5565888285636902,-0.0012959999730810523
2023-01-06 15:05:44.686000,-0.3518294394016266,-0.0012178836623206735
2023-01-06 15:06:44.652000,-0.5780814290046692,-0.0012422041036188602
2023-01-06 15:07:44.605000,-0.2642786204814911,-0.001304266625083983
2023-01-06 15:08:44.568000,-0.2491626888513565,-0.0013168000150471926
2023-01-06 15:09:44.675000,-0.5097949504852295,-0.0013317619450390339
2023-01-06 15:10:44.674000,-0.2419874519109726,-0.001328489393927157
2023-01-06 15:11:44.554000,-0.21837760508060455,-0.001297527807764709
2023-01-06 15:12:44.662000,-0.45806649327278137,-0.0013494145823642612
2023-01-06 15:13:44.638000,-0.6557307243347168,-0.0012890392681583762
2023-01-06 15:14:44.676000,-0.22604919970035553,-0.0015061282319948077
2023-01-06 15:15:44.674000,-0.26840609312057495,-0.0012479772558435798
2023-01-06 15:16:44.980000,-0.37116795778274536,-0.0012900930596515536
2023-01-06 15:17:44.612000,-0.2502472698688507,-0.0013843999477103353
2023-01-06 15:18:44.671000,-0.1809905618429184,-0.0011560888960957527
2023-01-06 15:19:44.623000,-0.1797303855419159,-0.0011975293746218085
2023-01-06 15:20:44.546000,-0.7580549716949463,-0.00120228948071599
2023-01-06 15:21:44.632000,-0.4183325171470642,-0.001313326065428555
2023-01-06 15:22:44.586000,-0.2066510021686554,-0.001343177747912705
2023-01-06 15:23:44.601000,-0.39809349179267883,-0.0012169148540124297
2023-01-06 15:24:44.644000,-0.34319573640823364,-0.001266405452042818
2023-01-06 15:25:44.579000,-0.21302025020122528,-0.0012629556003957987
2023-01-06 15:26:44.650000,-0.21847642958164215,-0.0012534400448203087
2023-01-06 15:27:44.728000,-0.539717435836792,-0.0012645849492400885
2023-01-06 15:28:44.686000,-0.43392214179039,-0.0013742856681346893
2023-01-06 15:29:44.568000,-0.6016489863395691,-0.0013992745662108064
2023-01-06 15:30:44.599000,-0.38093292713165283,-0.0012750000460073352
2023-01-06 15:31:44.626000,-0.5062907934188843,-0.0012954864650964737
2023-01-06 15:32:44.540000,-0.3109711706638336,-0.0012845000019297004
2023-01-06 15:33:44.588000,-0.26002055406570435,-0.0012634467566385865
2023-01-06 15:34:44.863000,-0.5485898852348328,-0.0013078333577141166
2023-01-06 15:35:44.633000,-0.29615697264671326,-0.0013174499617889524
2023-01-06 15:36:44.563000,-0.22865936160087585,-0.0013062641955912113
2023-01-06 15:37:44.602000,-0.579265296459198,-0.0012878787238150835
2023-01-06 15:38:44.532000,-0.5932629704475403,-0.001227604690939188
2023-01-06 15:39:44.654000,-0.22033199667930603,-0.0012708366848528385
2023-01-06 15:40:44.590000,-0.1875353455543518,-0.0013395483838394284
2023-01-06 15:41:44.580000,-0.36963313817977905,-0.0013059499906376004
2023-01-06 15:42:44.549000,-0.35690149664878845,-0.0013475000159814954
2023-01-06 15:43:44.563000,-0.11676599830389023,-0.0013001110637560487
2023-01-06 15:44:45.016000,-0.12154819816350937,-0.0013968461425974965
2023-01-06 15:45:44.604000,-0.4581867456436157,-0.001338487141765654
2023-01-06 15:46:44.615000,-0.45049411058425903,-0.001312265289016068
2023-01-06 15:47:44.638000,-0.11874140053987503,-0.0012903499882668257
2023-01-06 15:48:44.608000,-0.157109797000885,-0.0013056595344096422
2023-01-06 15:49:44.599000,-0.3765508234500885,-0.0012758857337757945
2023-01-06 15:50:44.696000,-0.09064863622188568,-0.0013593332841992378
2023-01-06 15:51:44.638000,-0.1701807975769043,-0.0013090454740449786
2023-01-06 15:52:44.660000,-0.358846515417099,-0.0013184694107621908
2023-01-06 15:53:44.572000,-0.16070032119750977,-0.0012826889287680387
2023-01-06 15:54:44.555000,-0.32055139541625977,-0.0013246666640043259
2023-01-06 15:55:44.552000,-0.20986905694007874,-0.001330200000666082
2023-01-06 15:56:44.567000,-0.4216650724411011,-0.0013361632591113448
2023-01-06 15:57:44.594000,-0.0633273497223854,-0.001321642892435193
2023-01-06 15:58:44.564000,-0.19954703748226166,-0.0012471363879740238
2023-01-06 15:59:44.622000,-0.3562510311603546,-0.0012236667098477483
2023-01-06 16:00:44.536000,-0.43276509642601013,-0.0012626278912648559
2023-01-06 16:01:44.603000,-0.2104034274816513,-0.001271794899366796
2023-01-06 16:02:44.523000,-0.2106415331363678,-0.0012761944672092795
2023-01-06 16:03:44.923000,-0.929470419883728,-0.0013595143100246787
2023-01-06 16:04:44.567000,-0.2150411158800125,-0.0012055581901222467
2023-01-06 16:05:44.812000,-0.32312607765197754,-0.001307148952037096
2023-01-06 16:06:44.589000,-0.3779835104942322,-0.0013201212277635932
2023-01-06 16:07:44.493000,-0.6300022006034851,-0.0013171000173315406
2023-01-06 16:08:44.692000,-0.33117830753326416,-0.001267314306460321
2023-01-06 16:09:44.546000,-0.3524583876132965,-0.001341782626695931
2023-01-06 16:10:44.543000,-0.5869224667549133,-0.0013843695633113384
2023-01-06 16:11:44.578000,-0.6399887204170227,-0.00127189583145082
2023-01-06 16:12:44.566000,-0.48353883624076843,-0.001170462928712368
2023-01-06 16:13:44.592000,-0.2117280811071396,-0.001352400053292513
2023-01-06 16:14:44.484000,-0.5260518789291382,-0.0013675896916538477
2023-01-06 16:15:44.601000,-0.2640637159347534,-0.0013241666601970792
2023-01-06 16:16:44.610000,-0.21145296096801758,-0.001368444412946701
2023-01-06 16:17:44.579000,-0.4289398789405823,-0.0013633589260280132
2023-01-06 16:18:44.524000,-0.3527332544326782,-0.0013160909293219447
2023-01-06 16:19:44.565000,-0.28282397985458374,-0.001395666622556746
2023-01-06 16:20:44.501000,-0.5712465047836304,-0.0012352619087323546
2023-01-06 16:21:44.597000,-0.5561516284942627,-0.0012919772416353226
2023-01-06 16:22:44.535000,-0.2256748229265213,-0.001311907428316772
2023-01-06 16:23:44.472000,-0.25032809376716614,-0.0013874545693397522
2023-01-06 16:24:44.527000,-0.4222617745399475,-0.0012847667094320059
2023-01-06 16:25:44.559000,-0.3061765730381012,-0.0013352682581171393
2023-01-06 16:26:44.468000,-0.20889084041118622,-0.0012867713812738657
2023-01-06 16:27:44.655000,-0.1780773103237152,-0.0013156470376998186
2023-01-06 16:28:44.464000,-0.829340934753418,-0.0013398919254541397
2023-01-06 16:29:44.562000,-0.18435853719711304,-0.0012849736958742142
2023-01-06 16:30:44.609000,-0.16373103857040405,-0.001334815751761198
2023-01-06 16:31:44.534000,-0.2605014443397522,-0.001348600024357438
2023-01-06 16:32:44.566000,-0.3617563247680664,-0.0013221836416050792
2023-01-06 16:33:44.548000,-0.15128172934055328,-0.00134015001822263
2023-01-06 16:34:44.505000,-0.13859823346138,-0.0013171765021979809
2023-01-06 16:35:44.469000,-0.47860291600227356,-0.0013417958980426192
2023-01-06 16:36:44.487000,-0.3238484561443329,-0.0013642222620546818
2023-01-06 16:37:44.468000,-0.4605475664138794,-0.001332640997134149
2023-01-06 16:38:44.588000,-0.24522848427295685,-0.001355604617856443
2023-01-06 16:39:44.466000,-0.4090011417865753,-0.0013143147807568312
2023-01-06 16:40:44.496000,-0.17548194527626038,-0.0013236216036602855
2023-01-06 16:41:44.533000,-0.1658513844013214,-0.0013673750218003988
2023-01-06 16:42:44.496000,-0.46753183007240295,-0.0012126052752137184
2023-01-06 16:43:44.525000,-0.22498774528503418,-0.0013266922906041145
2023-01-06 16:44:44.525000,-0.20150679349899292,-0.0012675757752731442
2023-01-06 16:45:44.460000,-0.6503293514251709,-0.0012196818133816123
2023-01-06 16:46:44.525000,-0.5177513957023621,-0.0012904737377539277
2023-01-06 16:47:44.465000,-0.20256496965885162,-0.001183851039968431
2023-01-06 16:48:44.542000,-0.20238356292247772,-0.00135209527797997
2023-01-06 16:49:44.531000,-0.43008968234062195,-0.0013009755639359355
2023-01-06 16:50:44.570000,-0.26016053557395935,-0.0012728298315778375
2023-01-06 16:51:44.432000,-0.12085128575563431,-0.0013400454772636294
2023-01-06 16:52:44.491000,-0.12085899710655212,-0.0014065192081034184
2023-01-06 16:53:44.741000,-0.6368109583854675,-0.0012663243105635047
2023-01-06 16:54:44.493000,-0.31300047039985657,-0.0012736578937619925
2023-01-06 16:55:44.499000,-0.2137574702501297,-0.0012184565421193838
2023-01-06 16:56:44.570000,-0.4225251376628876,-0.0014406060799956322
2023-01-06 16:57:44.549000,-0.4059183895587921,-0.001152512151747942
2023-01-06 16:58:44.562000,-0.2512219548225403,-0.001329874969087541
2023-01-06 16:59:44.472000,-0.3013328015804291,-0.0013715862296521664
2023-01-06 17:00:44.416000,-0.6091369986534119,-0.00129173684399575
2023-01-06 17:01:44.514000,-0.2735768258571625,-0.001109410310164094
2023-01-06 17:02:44.569000,-0.6362503170967102,-0.0012888000346720219
2023-01-06 17:03:44.551000,-0.3207654654979706,-0.001293971436098218
2023-01-06 17:04:44.471000,-0.498930424451828,-0.0013926000101491809
2023-01-06 17:05:44.447000,-0.24196122586727142,-0.0013404192868620157
2023-01-06 17:06:44.542000,-0.24610698223114014,-0.001260095275938511
2023-01-06 17:07:44.498000,-0.5683549642562866,-0.0013511590659618378
2023-01-06 17:08:44.513000,-0.2906663715839386,-0.0013148158323019743
2023-01-06 17:09:44.547000,-0.2608007788658142,-0.001336690504103899
2023-01-06 17:10:44.552000,-0.445353627204895,-0.0012775640934705734
2023-01-06 17:11:44.562000,-0.564705491065979,-0.0013595555210486054
2023-01-06 17:12:44.451000,-0.16768576204776764,-0.0013427555095404387
2023-01-06 17:13:44.534000,-0.187472864985466,-0.0013210499892011285
2023-01-06 17:14:44.483000,-0.36961233615875244,-0.0013230611803010106
2023-01-06 17:15:44.490000,-0.3020756244659424,-0.0013698269613087177
2023-01-06 17:16:44.486000,-0.19569823145866394,-0.0013000243343412876
2023-01-06 17:17:44.587000,-0.17692998051643372,-0.0013621944235637784
2023-01-06 17:18:44.449000,-0.5944942235946655,-0.0013094666646793485
2023-01-06 17:19:44.625000,-0.5319197177886963,-0.00143536739051342
2023-01-06 17:20:44.491000,-0.2656848728656769,-0.0012774999486282468
2023-01-06 17:21:44.731000,-0.4363386034965515,-0.001386659569106996
2023-01-06 17:22:44.477000,-0.5225731730461121,-0.0013718055561184883
2023-01-06 17:23:44.435000,-0.3453880548477173,-0.0013538261409848928
2023-01-06 17:24:44.448000,-0.29293012619018555,-0.001362859969958663
2023-01-06 17:25:44.440000,-0.5803593397140503,-0.0013012790586799383
2023-01-06 17:26:44.472000,-0.26403382420539856,-0.0013567174319177866
2023-01-06 17:27:44.420000,-0.677160918712616,-0.0013510488206520677
2023-01-06 17:28:44.419000,-0.24070937931537628,-0.0013419215101748705
2023-01-06 17:29:44.527000,-0.4967837929725647,-0.0013293332885950804
2023-01-06 17:30:44.428000,-0.19991283118724823,-0.0013325249310582876
2023-01-06 17:31:44.598000,-0.19518522918224335,-0.00132867437787354
2023-01-06 17:32:44.399000,-0.41407179832458496,-0.0013142564566805959
2023-01-06 17:33:44.533000,-0.28105399012565613,-0.001313874963670969
2023-01-06 17:34:44.534000,-0.16869111359119415,-0.001319636357948184
2023-01-06 17:35:44.519000,-0.396257221698761,-0.0013408774975687265
2023-01-06 17:36:44.511000,-0.7404501438140869,-0.0013598124496638775
2023-01-06 17:37:44.497000,-0.1232021152973175,-0.0014300908660516143
2023-01-06 17:38:44.388000,-0.13163065910339355,-0.0014082444831728935
2023-01-06 17:39:44.444000,-0.2142888605594635,-0.0014622727176174521
2023-01-06 17:40:44.493000,-0.33127260208129883,-0.0014377234037965536
2023-01-06 17:41:44.453000,-0.14763250946998596,-0.0011874651536345482
2023-01-06 17:42:44.424000,-0.08747143298387527,-0.001419982174411416
2023-01-06 17:43:44.395000,-0.3952156901359558,-0.001307039987295866
2023-01-06 17:44:44.428000,-0.514745831489563,-0.0012547255028039217
2023-01-06 17:45:44.349000,-0.06555718183517456,-0.0012843720614910126
2023-01-06 17:46:44.456000,-0.06933165341615677,-0.001373693929053843
2023-01-06 17:47:44.383000,-0.42256563901901245,-0.0013462745118886232
2023-01-06 17:48:44.471000,-0.07495243102312088,-0.0012237250339239836
2023-01-06 17:49:44.470000,-0.09091121703386307,-0.0012826841557398438
2023-01-06 17:50:44.593000,-0.2528783082962036,-0.0012528372462838888
2023-01-06 17:51:44.419000,-0.18339033424854279,-0.0013308139750733972
2023-01-06 17:52:44.490000,-0.29016590118408203,-0.0013404467608779669
2023-01-06 17:53:45.454000,-0.5098425149917603,-0.0013290930073708296
2023-01-06 17:54:44.407000,-0.5181849598884583,-0.00132768286857754
2023-01-06 17:55:44.473000,-0.2212466448545456,-0.0013199795503169298
2023-01-06 17:56:45.118000,-0.2851616144180298,-0.0011898204684257507
2023-01-06 17:57:45.505000,-0.36356475949287415,-0.0014132618671283126
2023-01-06 17:58:44.443000,-0.6304065585136414,-0.0012903333408758044
2023-01-06 17:59:44.442000,-0.36797425150871277,-0.0012083902256563306
2023-01-06 18:00:44.399000,-0.327481746673584,-0.0014762631617486477
2023-01-06 18:01:44.426000,-0.808044970035553,-0.0012943589827045798
2023-01-06 18:02:44.418000,-0.5847228169441223,-0.0013089622370898724
2023-01-06 18:03:44.477000,-0.33520954847335815,-0.0013838979648426175
2023-01-06 18:04:44.392000,-0.390156090259552,-0.0013025576481595635
2023-01-06 18:05:44.330000,-0.6033734083175659,-0.0013926486717537045
2023-01-06 18:06:44.379000,-0.26425087451934814,-0.0013579189544543624
2023-01-06 18:07:44.438000,-0.2315191626548767,-0.0013704634038731456
2023-01-06 18:08:44.437000,-0.19333487749099731,-0.0013835952850058675
2023-01-06 18:09:44.427000,-0.5014644861221313,-0.0013473695144057274
2023-01-06 18:10:44.377000,-0.6468319892883301,-0.0013668570900335908
2023-01-06 18:11:44.470000,-0.21103163063526154,-0.0014186190674081445
2023-01-06 18:12:44.394000,-0.44927582144737244,-0.0013764000032097101
2023-01-06 18:13:44.327000,-0.31670355796813965,-0.0013589534210041165
2023-01-06 18:14:44.324000,-0.19852639734745026,-0.0013935713795945048
2023-01-06 18:15:44.397000,-0.21560344099998474,-0.001373999984934926
2023-01-06 18:16:44.363000,-0.5489096641540527,-0.001359088928438723
2023-01-06 18:17:44.392000,-0.23588089644908905,-0.001388381002470851
2023-01-06 18:18:44.363000,-0.5802798271179199,-0.0013883044011890888
2023-01-06 18:19:44.490000,-0.5389528274536133,-0.001401918358169496
2023-01-06 18:20:44.453000,-0.5627914667129517,-0.001419092994183302
2023-01-06 18:21:44.419000,-0.2463488131761551,-0.0013964255340397358
2023-01-06 18:22:44.449000,-0.20517539978027344,-0.001389620010741055
2023-01-06 18:23:44.418000,-0.35919055342674255,-0.001425333321094513
2023-01-06 18:24:44.312000,-0.30509746074676514,-0.0013750526122748852
2023-01-06 18:25:44.787000,-0.19075606763362885,-0.0014225143240764737
2023-01-06 18:26:44.376000,-0.2636808454990387,-0.0013891332782804966
2023-01-06 18:27:44.304000,-0.8134189248085022,-0.0013632777845486999
2023-01-06 18:28:44.368000,-0.13549360632896423,-0.001564639969728887
2023-01-06 18:29:44.413000,-0.1477825790643692,-0.0013615000061690807
2023-01-06 18:30:44.324000,-0.1495542675256729,-0.001338475034572184
2023-01-06 18:31:44.383000,-0.4830203354358673,-0.0014605652540922165
2023-01-06 18:32:44.351000,-0.17351725697517395,-0.0013419523602351546
2023-01-06 18:33:44.356000,-0.18011443316936493,-0.0013383529148995876
2023-01-06 18:34:44.312000,-0.08251938223838806,-0.0012817959068343043
2023-01-06 18:35:44.382000,-0.8296393752098083,-0.0011891346657648683
2023-01-06 18:36:44.459000,-0.18641267716884613,-0.0015307608991861343
2023-01-06 18:37:44.331000,-0.1784665733575821,-0.0013504750095307827
2023-01-06 18:38:44.390000,-0.17191170156002045,-0.0013411621330305934
2023-01-06 18:39:44.316000,-0.5294552445411682,-0.0013790599768981338
2023-01-06 18:40:44.365000,-0.21968719363212585,-0.001140124979428947
2023-01-06 18:41:44.370000,-0.23494073748588562,-0.001462628599256277
2023-01-06 18:42:44.365000,-0.22690287232398987,-0.001301292679272592
2023-01-06 18:43:44.555000,-0.8123916387557983,-0.001402348862029612
2023-01-06 18:44:44.402000,-0.12487349659204483,-0.0012241739314049482
2023-01-06 18:45:44.364000,-0.1583700031042099,-0.0015080221928656101
2023-01-06 18:46:44.360000,-0.10073336958885193,-0.001447233371436596
2023-01-06 18:47:44.436000,-0.4110695421695709,-0.0014392045559361577
2023-01-06 18:48:44.359000,-0.12089599668979645,-0.001371846185065806
2023-01-06 18:49:44.327000,-0.19314952194690704,-0.0013006562367081642
2023-01-06 18:50:44.305000,-0.2695019543170929,-0.0014011714374646544
2023-01-06 18:51:44.405000,-0.7976410388946533,-0.0014129574410617352
2023-01-06 18:52:44.421000,-0.3763125538825989,-0.0013984047109261155
2023-01-06 18:53:44.374000,-0.24407044053077698,-0.0015085102058947086
2023-01-06 18:54:44.307000,-0.3484289050102234,-0.0013060199562460184
2023-01-06 18:55:44.331000,-0.5091943740844727,-0.0013862962368875742
2023-01-06 18:56:44.744000,-0.27325934171676636,-0.0015346199506893754
2023-01-06 18:57:44.404000,-0.2694023549556732,-0.0013428500387817621
2023-01-06 18:58:44.360000,-0.38962703943252563,-0.001359307672828436
2023-01-06 18:59:44.289000,-0.49140021204948425,-0.0014267750084400177
2023-01-06 19:00:44.433000,-0.6254944205284119,-0.001459586899727583
2023-01-06 19:01:44.435000,-0.2530920207500458,-0.0014361891662701964
2023-01-06 19:02:44.405000,-0.5034734606742859,-0.001294795423746109
2023-01-06 19:03:44.331000,-0.29798272252082825,-0.0014078717213124037
2023-01-06 19:04:44.409000,-0.13925859332084656,-0.0014173636445775628
2023-01-06 19:05:44.401000,-0.1527528017759323,-0.001469613634981215
2023-01-06 19:06:44.332000,-0.46139222383499146,-0.001388499978929758
2023-01-06 19:07:44.357000,-0.16387219727039337,-0.0013861707411706448
2023-01-06 19:08:44.343000,-0.5876196026802063,-0.0013563414104282856
2023-01-06 19:09:44.263000,-0.17581984400749207,-0.0013286666944622993
2023-01-06 19:10:44.253000,-0.4851222336292267,-0.0014216667041182518
2023-01-06 19:11:44.311000,-0.19921433925628662,-0.0013897777535021305
2023-01-06 19:12:44.379000,-0.17996105551719666,-0.0014249696396291256
2023-01-06 19:13:44.586000,-0.40045231580734253,-0.0013509031850844622
2023-01-06 19:14:44.366000,-0.48972398042678833,-0.0013449459802359343
2023-01-06 19:15:44.256000,-0.29616713523864746,-0.0013908749679103494
2023-01-06 19:16:44.294000,-0.5998510718345642,-0.0014194230316206813
2023-01-06 19:17:44.327000,-0.7113929986953735,-0.0013879166217520833
2023-01-06 19:18:44.319000,-0.3397798538208008,-0.0013706363970413804
2023-01-06 19:19:44.304000,-0.3114849030971527,-0.0013469038531184196
2023-01-06 19:20:44.349000,-0.268468976020813,-0.0013488124823197722
2023-01-06 19:21:44.314000,-0.5206369757652283,-0.001355454558506608
2023-01-06 19:22:44.267000,-0.23654331266880035,-0.0013479499612003565
2023-01-06 19:23:44.274000,-0.2122064232826233,-0.0013645293656736612
2023-01-06 19:24:44.231000,-0.41920340061187744,-0.0013673055218532681
2023-01-06 19:25:44.382000,-0.6882491111755371,-0.001400234061293304
2023-01-06 19:26:44.288000,-0.20601610839366913,-0.001316615380346775
2023-01-06 19:27:44.267000,-0.17896682024002075,-0.0014149310300126672
2023-01-06 19:28:44.259000,-0.39597272872924805,-0.0014173333765938878
2023-01-06 19:29:44.303000,-0.299125075340271,-0.0013601521495729685
2023-01-06 19:30:44.286000,-0.17683932185173035,-0.0013873428106307983
2023-01-06 19:31:44.377000,-0.14129135012626648,-0.0013728204648941755
2023-01-06 19:32:44.310000,-0.3483845293521881,-0.0013096382608637214
2023-01-06 19:33:44.279000,-0.557919442653656,-0.0012654706370085478
2023-01-06 19:34:44.357000,-0.11640143394470215,-0.0012922142632305622
2023-01-06 19:35:44.283000,-0.09410537034273148,-0.0014170624781399965
2023-01-06 19:36:44.301000,-0.15111635625362396,-0.0013662563869729638
2023-01-06 19:37:44.274000,-0.39113926887512207,-0.0013315110700204968
2023-01-06 19:38:44.393000,-0.11623360216617584,-0.0012882857117801905
2023-01-06 19:39:44.231000,-0.19234102964401245,-0.0013417646987363696
2023-01-06 19:40:44.345000,-0.12724383175373077,-0.0014419705839827657
2023-01-06 19:41:44.357000,-0.7683826088905334,-0.001310933381319046
2023-01-06 19:42:44.362000,-0.15777045488357544,-0.0013740232679992914
2023-01-06 19:43:44.308000,-0.10266011953353882,-0.0014270975952968001
2023-01-06 19:44:44.321000,-0.09701979905366898,-0.0010332368547096848
2023-01-06 19:45:44.805000,-0.07046014815568924,-0.001194559969007969
2023-01-06 19:46:44.342000,-0.4732849895954132,-0.0013425587676465511
2023-01-06 19:47:44.278000,-0.22602327167987823,-0.0013228333555161953
2023-01-06 19:48:44.291000,-0.24567440152168274,-0.0013716304674744606
2023-01-06 19:49:44.236000,-0.5802549123764038,-0.0014712609117850661
2023-01-06 19:50:44.353000,-0.32207998633384705,-0.0013875869335606694
2023-01-06 19:51:44.247000,-0.5889970064163208,-0.0013606041902676225
2023-01-06 19:52:44.255000,-0.2946512699127197,-0.0013612888287752867
2023-01-06 19:53:44.215000,-0.31997811794281006,-0.001357928616926074
2023-01-06 19:54:44.195000,-0.28122663497924805,-0.0013761714799329638
2023-01-06 19:55:44.286000,-0.4063434898853302,-0.0013125455006957054
2023-01-06 19:56:44.216000,-0.5252101421356201,-0.001425416674464941
2023-01-06 19:57:44.290000,-0.6140775084495544,-0.0013383636251091957
2023-01-06 19:58:44.577000,-0.4302837550640106,-0.0013900799676775932
2023-01-06 19:59:44.180000,-0.27699020504951477,-0.0012733428739011288
2023-01-06 20:00:44.281000,-0.36448538303375244,-0.0013795405393466353
2023-01-06 20:01:44.346000,-0.38799288868904114,-0.001377282664179802
2023-01-06 20:02:44.263000,-0.19111283123493195,-0.0014026829740032554
2023-01-06 20:03:44.282000,-0.23784857988357544,-0.0013632678892463446
2023-01-06 20:04:44.212000,-0.20933358371257782,-0.0013851579278707504
2023-01-06 20:05:44.290000,-0.7006336450576782,-0.0013505510287359357
2023-01-06 20:06:44.254000,-0.4520677924156189,-0.0013730929931625724
2023-01-06 20:07:44.229000,-0.21969839930534363,-0.001369894715026021
2023-01-06 20:08:44.287000,-0.19726359844207764,-0.0013668477768078446
2023-01-06 20:09:44.223000,-0.4659786522388458,-0.001390585326589644
2023-01-06 20:10:44.401000,-0.2861529290676117,-0.0013910384150221944
2023-01-06 20:11:44.220000,-0.23914845287799835,-0.0013655000366270542
2023-01-06 20:12:44.200000,-0.22467143833637238,-0.0012316382490098476
2023-01-06 20:13:44.255000,-0.5405480265617371,-0.0013132683234289289
2023-01-06 20:14:44.237000,-0.5300949811935425,-0.0013884400250390172
2023-01-06 20:15:44.291000,-0.20205335319042206,-0.001369645819067955
2023-01-06 20:16:44.426000,-0.17089618742465973,-0.0013912051217630506
2023-01-06 20:17:44.277000,-0.5094248652458191,-0.0014156571123749018
2023-01-06 20:18:44.301000,-0.19970087707042694,-0.0013937727781012654
2023-01-06 20:19:44.290000,-0.1543758362531662,-0.0013828800292685628
2023-01-06 20:20:44.199000,-0.19298622012138367,-0.0013616190990433097
2023-01-06 20:21:44.176000,-0.5238526463508606,-0.0013631281908601522
2023-01-06 20:22:44.286000,-0.5699716806411743,-0.0013680465053766966
2023-01-06 20:23:44.187000,-0.1499076783657074,-0.0013761000009253621
2023-01-06 20:24:44.228000,-0.22396370768547058,-0.001405926770530641
2023-01-06 20:25:44.163000,-0.4320496916770935,-0.0013705475721508265
2023-01-06 20:26:44.204000,-0.13796508312225342,-0.0013804782647639513
2023-01-06 20:27:44.254000,-0.1694479137659073,-0.0013735813554376364
2023-01-06 20:28:44.258000,-0.28472900390625,-0.0012085952330380678
2023-01-06 20:29:44.285000,-0.3410934507846832,-0.0015050588408485055
2023-01-06 20:30:44.274000,-0.560825526714325,-0.0014001636300235987
2023-01-06 20:31:44.227000,-0.19479651749134064,-0.0014346486423164606
2023-01-06 20:32:44.289000,-0.4483984410762787,-0.0012945833150297403
2023-01-06 20:33:44.226000,-0.3411271572113037,-0.0014479666715487838
2023-01-06 20:34:44.282000,-0.18127694725990295,-0.001266881008632481
2023-01-06 20:35:44.205000,-0.19854657351970673,-0.001358171459287405
2023-01-06 20:36:44.259000,-0.4593014717102051,-0.0013537297490984201
2023-01-06 20:37:44.261000,-0.13454537093639374,-0.0013960000360384583
2023-01-06 20:38:44.207000,-0.4613100588321686,-0.0014255777932703495
2023-01-06 20:39:44.149000,-0.21981705725193024,-0.0012830476043745875
2023-01-06 20:40:44.213000,-0.43105000257492065,-0.0013373077381402254
2023-01-06 20:41:44.198000,-0.14370176196098328,-0.0012544444762170315
2023-01-06 20:42:44.155000,-0.11851614713668823,-0.0012292381143197417
2023-01-06 20:43:44.245000,-0.2039267122745514,-0.0012102702166885138
2023-01-06 20:44:44.161000,-0.5758649706840515,-0.0011850888840854168
2023-01-06 20:45:44.164000,-0.23463618755340576,-0.001292043481953442
2023-01-06 20:46:44.311000,-0.4631097614765167,-0.001435818150639534
2023-01-06 20:47:44.286000,-0.4695872962474823,-0.0012668780982494354
2023-01-06 20:48:44.195000,-0.5565248727798462,-0.0014276199508458376
2023-01-06 20:49:44.163000,-0.2558673024177551,-0.0012591555714607239
2023-01-06 20:50:44.221000,-0.23361247777938843,-0.0013219714164733887
2023-01-06 20:51:44.174000,-0.3109295964241028,-0.0013760789297521114
2023-01-06 20:52:44.466000,-0.49635565280914307,-0.0013052000431343913
2023-01-06 20:53:44.167000,-0.25023919343948364,-0.001169833354651928
2023-01-06 20:54:44.222000,-0.35177284479141235,-0.0012522500474005938
2023-01-06 20:55:44.184000,-0.6394461393356323,-0.001313163316808641
2023-01-06 20:56:44.116000,-0.5024235844612122,-0.001316166715696454
2023-01-06 20:57:44.341000,-0.2571299374103546,-0.001393867889419198
2023-01-06 20:58:44.164000,-0.1766146868467331,-0.0013932979200035334
2023-01-06 20:59:44.298000,-0.31020206212997437,-0.0012580526527017355
2023-01-06 21:00:44.215000,-0.41882002353668213,-0.001275710528716445
2023-01-06 21:01:44.649000,-0.21632051467895508,-0.0013185384450480342
2023-01-06 21:02:44.152000,-0.19239377975463867,-0.001304596196860075
2023-01-06 21:03:44.314000,-0.7143843770027161,-0.0013910444686189294
2023-01-06 21:04:44.139000,-0.33946776390075684,-0.0014002580428496003
2023-01-06 21:05:44.148000,-0.2268235683441162,-0.0013126340927556157
2023-01-06 21:06:44.169000,-0.25626233220100403,-0.001436789520084858
2023-01-06 21:07:44.186000,-0.43129080533981323,-0.0013384103076532483
2023-01-06 21:08:44.184000,-0.45120927691459656,-0.0013153902254998684
2023-01-06 21:09:44.226000,-0.31750378012657166,-0.0013104871613904834
2023-01-06 21:10:44.143000,-0.38541871309280396,-0.0013475135201588273
2023-01-06 21:11:44.167000,-0.9036195874214172,-0.0013440294424071908
2023-01-06 21:12:44.116000,-0.5482649803161621,-0.0013718269765377045
2023-01-06 21:13:44.155000,-0.4050969183444977,-0.001264644437469542
2023-01-06 21:14:44.194000,-0.39289790391921997,-0.001383743598125875
2023-01-06 21:15:44.238000,-0.5575369596481323,-0.001359046553261578
2023-01-06 21:16:44.136000,-0.5048699378967285,-0.00132653652690351
2023-01-06 21:17:44.101000,-0.37439554929733276,-0.00130178383551538
2023-01-06 21:18:44.174000,-0.3671698272228241,-0.0013567586429417133
2023-01-06 21:19:44.221000,-1.0908256769180298,-0.0012937058927491307
2023-01-06 21:20:44.629000,-0.3440903425216675,-0.0013798947911709547
2023-01-06 21:21:44.136000,-0.4131755232810974,-0.0013546471018344164
2023-01-06 21:22:44.183000,-0.4342566132545471,-0.0014049999881535769
2023-01-06 21:23:44.125000,-0.6775515675544739,-0.0014740832848474383
2023-01-06 21:24:44.332000,-0.3097970187664032,-0.0013851282419636846
2023-01-06 21:25:44.067000,-0.3202914893627167,-0.0012595237931236625
2023-01-06 21:26:44.086000,-0.4680919945240021,-0.0013394999550655484
2023-01-06 21:27:44.201000,-0.8415830731391907,-0.0013754339888691902
2023-01-06 21:28:44.169000,-0.3252217173576355,-0.0012504883343353868
2023-01-06 21:29:44.175000,-0.23030000925064087,-0.001404540496878326
2023-01-06 21:30:44.143000,-0.4850364327430725,-0.0013593332841992378
2023-01-06 21:31:44.147000,-0.27976667881011963,-0.0013984082033857703
2023-01-06 21:32:44.195000,-0.22857503592967987,-0.0013052173890173435
2023-01-06 21:33:44.157000,-0.22674477100372314,-0.0014004545519128442
2023-01-06 21:34:44.209000,-0.637708842754364,-0.0011839523212984204
2023-01-06 21:35:44.194000,-0.4701656103134155,-0.0014644666807726026
2023-01-06 21:36:44.352000,-0.1595921367406845,-0.0015489524230360985
2023-01-06 21:37:44.341000,-0.1659213900566101,-0.0012483809841796756
2023-01-06 21:38:44.698000,-0.42524468898773193,-0.0015458749840036035
2023-01-06 21:39:44.392000,-0.2293747216463089,-0.000995909096673131
2023-01-06 21:40:44.446000,-0.20277222990989685,-0.001449021277949214
2023-01-06 21:41:44.523000,-0.2222968190908432,-0.0015446189790964127
2023-01-06 21:42:44.116000,-0.5096951723098755,-0.001359617686830461
2023-01-06 21:43:44.150000,-0.6383951902389526,-0.0013530277647078037
2023-01-06 21:44:44.165000,-0.43062570691108704,-0.0015033408999443054
2023-01-06 21:45:44.138000,-0.42035892605781555,-0.001136052655056119
2023-01-06 21:46:44.112000,-0.38719442486763,-0.0015949743101373315
2023-01-06 21:47:44.100000,-0.6931245923042297,-0.0012067916104570031
2023-01-06 21:48:44.091000,-0.4069048762321472,-0.0012565499637275934
2023-01-06 21:49:44.125000,-0.39980390667915344,-0.0014044042909517884
2023-01-06 21:50:44.129000,-0.6520965695381165,-0.001417980412952602
2023-01-06 21:51:44.044000,-0.6870751976966858,-0.0009927906794473529
2023-01-06 21:52:44.149000,-0.491741806268692,-0.0013004634529352188
2023-01-06 21:53:44.190000,-0.34472841024398804,-0.0014133888762444258
2023-01-06 21:54:44.147000,-0.33787915110588074,-0.0012188542168587446
2023-01-06 21:55:44.126000,-0.3522624373435974,-0.0013334047980606556
2023-01-06 21:56:44.075000,-0.6390711069107056,-0.0011475918581709266
2023-01-06 21:57:44.123000,-0.36486563086509705,-0.0015259523643180728
2023-01-06 21:58:44.063000,-0.6581842303276062,-0.0012293235631659627
2023-01-06 21:59:44.302000,-0.3942340612411499,-0.0013352726818993688
2023-01-06 22:00:44.084000,-0.3247777223587036,-0.0013617073418572545
2023-01-06 22:01:44.165000,-0.349030077457428,-0.0013625348219648004
2023-01-06 22:02:44.036000,-0.37235692143440247,-0.0013243500143289566
2023-01-06 22:03:44.174000,-0.37261897325515747,-0.0013105454854667187
2023-01-06 22:04:44.115000,-0.3516792953014374,-0.0013240217231214046
2023-01-06 22:05:44.123000,-0.4148908853530884,-0.0013229111209511757
2023-01-06 22:06:44.131000,-0.7243967652320862,-0.0013293414376676083
2023-01-06 22:07:44.105000,-0.5630683302879333,-0.0013612244511023164
2023-01-06 22:08:44.031000,-0.39678916335105896,-0.0013258750550448895
2023-01-06 22:09:44.076000,-0.41957953572273254,-0.0013213863130658865
2023-01-06 22:10:44.118000,-0.4050988554954529,-0.001351857092231512
2023-01-06 22:11:44.105000,-0.3845592439174652,-0.0012747959699481726
2023-01-06 22:12:44.046000,-0.40296733379364014,-0.0013604358537122607
2023-01-06 22:13:44.106000,-0.3878105580806732,-0.0013564634136855602
2023-01-06 22:14:44.072000,-0.6931357979774475,-0.0012413749936968088
2023-01-06 22:15:44.157000,-0.42584723234176636,-0.001293717883527279
2023-01-06 22:16:44.103000,-0.33333200216293335,-0.0014321556081995368
2023-01-06 22:17:44.047000,-0.3264814615249634,-0.0012591794366016984
2023-01-06 22:18:44.011000,-0.32265129685401917,-0.0012488431530073285
2023-01-06 22:19:44.091000,-0.354814738035202,-0.0014062200207263231
2023-01-06 22:20:44.145000,-0.3901641070842743,-0.0013851538533344865
2023-01-06 22:21:44.101000,-0.4590539038181305,-0.0013647173764184117
2023-01-06 22:22:44.150000,-0.8372869491577148,-0.0013670952757820487
2023-01-06 22:23:44.109000,-0.42094287276268005,-0.0013181219110265374
2023-01-06 22:24:44.115000,-0.43156084418296814,-0.0013151458697393537
2023-01-06 22:25:44.118000,-0.41336536407470703,-0.0013758408604189754
2023-01-06 22:26:44.023000,-0.3186483383178711,-0.0012733713956549764
2023-01-06 22:27:44.028000,-0.3288050889968872,-0.0014268666272982955
2023-01-06 22:28:44.133000,-0.26493045687675476,-0.0012252499582245946
2023-01-06 22:29:44.105000,-0.3039672374725342,-0.0013130571460351348
2023-01-06 22:30:44.082000,-0.6374799609184265,-0.0013421750627458096
2023-01-06 22:31:44.171000,-0.23379428684711456,-0.0013148636789992452
2023-01-06 22:32:44.143000,-0.26677367091178894,-0.0010847856756299734
2023-01-06 22:33:44.051000,-0.28027644753456116,-0.0011112444335594773
2023-01-06 22:34:44.077000,-0.2891455590724945,-0.001293324981816113
2023-01-06 22:35:44.125000,-0.2649695575237274,-0.0012391590280458331
2023-01-06 22:36:44.131000,-0.2506066858768463,-0.001156976679340005
2023-01-06 22:37:44.105000,-0.2771469056606293,-0.0013806315837427974
2023-01-06 22:38:44.121000,-0.6430902481079102,-0.0013907948741689324
2023-01-06 22:39:44.108000,-0.2617902457714081,-0.0012538478476926684
2023-01-06 22:40:44.035000,-0.2720019221305847,-0.0013888918329030275
2023-01-06 22:41:44.095000,-0.38364875316619873,-0.001596285728737712
2023-01-06 22:42:44.079000,-0.4141051769256592,-0.0012309800367802382
2023-01-06 22:43:44.093000,-0.42769405245780945,-0.0013597708893939853
2023-01-06 22:44:43.988000,-0.41262876987457275,-0.001142804860137403
2023-01-06 22:45:44.065000,-0.44760382175445557,-0.0014090000186115503
2023-01-06 22:46:44.033000,-0.7053215503692627,-0.0013372652465477586
2023-01-06 22:47:44.014000,-0.41397997736930847,-0.0012446923647075891
2023-01-06 22:48:44.038000,-0.3808220624923706,-0.001058888854458928
2023-01-06 22:49:44.117000,-0.303018718957901,-0.0013006326043978333
2023-01-06 22:50:44.285000,-0.2884756624698639,-0.0013337561395019293
2023-01-06 22:51:43.974000,-0.2921014726161957,-0.00132859090808779
2023-01-06 22:52:43.976000,-0.30416491627693176,-0.0015048946952447295
2023-01-06 22:53:43.967000,-0.4634741544723511,-0.0014098095707595348
2023-01-06 22:54:44.027000,-0.46082502603530884,-0.001139977714046836
2023-01-06 22:55:44.063000,-0.27890390157699585,-0.001383075024932623
2023-01-06 22:56:44.011000,-0.2241571694612503,0.0037859573494642973
2023-01-06 22:57:44.336000,-0.2071269452571869,0.0034945833031088114
2023-01-06 22:58:43.951000,-0.30846238136291504,0.0016739999409765005
2023-01-06 22:59:44.066000,-0.3389740288257599,0.003316166577860713
2023-01-06 23:00:44.078000,-0.3099660575389862,0.006758959032595158
2023-01-06 23:01:44.127000,-0.6193518042564392,0.008211045525968075
2023-01-06 23:02:44.345000,-0.39448362588882446,0.009073360823094845
2023-01-06 23:03:44.189000,-0.2991493344306946,0.009766892530024052
2023-01-06 23:04:44.290000,-0.3103609085083008,0.012220044620335102
2023-01-06 23:05:44.317000,-0.3307318091392517,0.014625435695052147
2023-01-06 23:06:44.087000,-0.22803352773189545,0.015650514513254166
2023-01-06 23:07:44.008000,-0.22798818349838257,0.016214892268180847
2023-01-06 23:08:44.320000,-0.21594266593456268,0.01786854676902294
2023-01-06 23:09:43.963000,-0.5642096400260925,0.020001333206892014
2023-01-06 23:10:43.971000,-0.19041062891483307,0.021285953000187874
2023-01-06 23:11:44.050000,-0.18119998276233673,0.019424524158239365
2023-01-06 23:12:44.061000,-0.17980745434761047,0.01563674956560135
2023-01-06 23:13:44.042000,-0.21728764474391937,0.015807971358299255
2023-01-06 23:14:43.960000,-0.19016408920288086,0.019594376906752586
2023-01-06 23:15:44.302000,-0.2140411138534546,0.02263442799448967
2023-01-06 23:16:44.015000,-0.3368707597255707,0.0230991393327713
2023-01-06 23:17:43.956000,-0.4028736352920532,0.02304948680102825
2023-01-06 23:18:43.995000,-0.20129448175430298,0.022925786674022675
2023-01-06 23:19:44.019000,-0.205760195851326,0.024295486509799957
2023-01-06 23:20:44.039000,-0.21758891642093658,0.029681820422410965
2023-01-06 23:21:44.250000,-0.2152564972639084,0.036942578852176666
2023-01-06 23:22:44.013000,-0.22313536703586578,0.04365457594394684
2023-01-06 23:23:43.996000,-0.49373823404312134,0.04963252320885658
2023-01-06 23:24:43.978000,-0.7702046632766724,0.052010998129844666
2023-01-06 23:25:44.038000,-0.527172327041626,0.051352571696043015
2023-01-06 23:26:43.983000,-0.4781205356121063,0.05163506790995598
2023-01-06 23:27:43.959000,-0.4899744987487793,0.05780050903558731
2023-01-06 23:28:43.947000,-0.4614335000514984,0.06951884180307388
2023-01-06 23:29:43.976000,-0.46377572417259216,0.07706986367702484
2023-01-06 23:30:44.037000,-0.4401084780693054,0.08079636842012405
2023-01-06 23:31:43.920000,-0.4748475253582001,0.08139506727457047
2023-01-06 23:32:43.907000,-0.8360819816589355,0.07835988700389862
2023-01-06 23:33:43.981000,-0.4514461159706116,0.07870811223983765
2023-01-06 23:34:43.928000,-0.44340747594833374,0.13085566461086273
2023-01-06 23:35:44.054000,-0.5292469263076782,0.24567857384681702
2023-01-06 23:36:43.956000,-0.5972898006439209,0.28412461280822754
2023-01-06 23:37:44.015000,-0.5899439454078674,0.30426445603370667
2023-01-06 23:38:44.006000,-0.5782657861709595,0.2949613928794861
2023-01-06 23:39:44.055000,-0.7053665518760681,0.2574818730354309
2023-01-06 23:40:44.042000,-0.862683892250061,0.2094549685716629
2023-01-06 23:41:44.018000,-0.5601488351821899,0.19190756976604462
2023-01-06 23:42:44.034000,-0.5614737272262573,0.19629494845867157
2023-01-06 23:43:43.929000,-0.42933380603790283,0.20882585644721985
2023-01-06 23:44:44.054000,-0.3555251955986023,0.21460136771202087
2023-01-06 23:45:43.994000,-0.36893758177757263,0.21591129899024963
2023-01-06 23:46:44.246000,-0.27664849162101746,0.22231869399547577
2023-01-06 23:47:43.933000,-0.3062535226345062,0.23411349952220917
2023-01-06 23:48:43.946000,-0.2337532788515091,0.25061848759651184
2023-01-06 23:49:44.005000,-0.08740371465682983,0.29118749499320984
2023-01-06 23:50:43.944000,-0.0684809461236,0.3480943441390991
2023-01-06 23:51:43.888000,-0.0901685357093811,0.38401272892951965
2023-01-06 23:52:43.979000,-0.06733301281929016,0.3715856671333313
2023-01-06 23:53:43.911000,-0.08172561973333359,0.33024612069129944
2023-01-06 23:54:44.017000,-0.08677596598863602,0.28765997290611267
2023-01-06 23:55:44.045000,-0.4466618597507477,0.2531692683696747
2023-01-06 23:56:44.140000,-0.11511846631765366,0.24100784957408905
2023-01-06 23:57:44.013000,-0.22402144968509674,0.2539796531200409
2023-01-06 23:58:44.055000,-0.24872426688671112,0.2984258532524109
2023-01-06 23:59:43.903000,-0.21705272793769836,0.37009042501449585
2023-01-07 00:00:43.979000,-0.2673392593860626,0.4370254576206207
2023-01-07 00:01:43.967000,-0.21240314841270447,0.5085582137107849
2023-01-07 00:02:43.966000,-0.3686211109161377,0.5387051701545715
2023-01-07 00:03:43.947000,-0.47475892305374146,0.5169710516929626
2023-01-07 00:04:43.904000,-0.2369924634695053,0.45414918661117554
2023-01-07 00:05:43.966000,-0.20828507840633392,0.38138633966445923
2023-01-07 00:06:43.883000,-0.2259880006313324,0.3257346451282501
2023-01-07 00:07:43.989000,-0.23388084769248962,0.2924915552139282
2023-01-07 00:08:43.978000,-0.2068997621536255,0.2794792950153351
2023-01-07 00:09:43.964000,-0.1988871991634369,0.28970178961753845
2023-01-07 00:10:43.966000,-0.5718795657157898,0.3071145713329315
2023-01-07 00:11:44.054000,-0.25656846165657043,0.33701619505882263
2023-01-07 00:12:43.933000,-0.23018690943717957,0.3882014751434326
2023-01-07 00:13:43.871000,-0.25596317648887634,0.43872177600860596
2023-01-07 00:14:43.987000,-0.27592068910598755,0.48438429832458496
2023-01-07 00:15:43.931000,-0.3154737055301666,0.5291882753372192
2023-01-07 00:16:43.923000,-0.31616249680519104,0.5354710221290588
2023-01-07 00:17:43.910000,-0.3843575716018677,0.5026873350143433
2023-01-07 00:18:43.938000,-0.5513300895690918,0.47480759024620056
2023-01-07 00:19:44.014000,-0.2999218702316284,0.4805329740047455
2023-01-07 00:20:43.949000,-0.28741344809532166,0.5166243314743042
2023-01-07 00:21:43.884000,-0.21061202883720398,0.5449079275131226
2023-01-07 00:22:44.049000,-0.17518310248851776,0.583151638507843
2023-01-07 00:23:44.007000,-0.1921975016593933,0.5886531472206116
2023-01-07 00:24:43.971000,-0.18823078274726868,0.5549717545509338
2023-01-07 00:25:44.196000,-0.4914127290248871,0.5227423906326294
2023-01-07 00:26:43.946000,-0.19456933438777924,0.5123310685157776
2023-01-07 00:27:43.951000,-0.17472460865974426,0.5097078084945679
2023-01-07 00:28:43.831000,-0.1604730486869812,0.5153824090957642
2023-01-07 00:29:44.143000,-0.15091948211193085,0.5449524521827698
2023-01-07 00:30:44.415000,-0.17758126556873322,0.5212914943695068
2023-01-07 00:31:43.949000,-0.17967599630355835,0.49795204401016235
2023-01-07 00:32:43.981000,-0.2872784733772278,0.48290976881980896
2023-01-07 00:33:43.883000,-0.5480604767799377,0.48983144760131836
2023-01-07 00:34:43.899000,-0.21228592097759247,0.5196837782859802
2023-01-07 00:35:43.880000,-0.21995535492897034,0.5785204768180847
2023-01-07 00:36:43.965000,-0.18695509433746338,0.6704893112182617
2023-01-07 00:37:44.022000,-0.21223336458206177,0.7115167379379272
2023-01-07 00:38:44.368000,-0.24051791429519653,0.6927710175514221
2023-01-07 00:39:43.883000,-0.19812525808811188,0.632932722568512
2023-01-07 00:40:43.847000,-0.5061944723129272,0.5507299304008484
2023-01-07 00:41:44.303000,-0.2577280104160309,0.49726641178131104
2023-01-07 00:42:43.949000,-0.21141701936721802,0.4770435094833374
2023-01-07 00:43:43.896000,-0.15180480480194092,0.4746069014072418
2023-01-07 00:44:43.955000,-0.13616357743740082,0.4630056917667389
2023-01-07 00:45:43.954000,-0.10586123168468475,0.49724239110946655
2023-01-07 00:46:43.879000,-0.11860848218202591,0.5311452746391296
2023-01-07 00:47:43.914000,-0.19609345495700836,0.6203098297119141
2023-01-07 00:48:43.905000,-0.41045916080474854,0.7514774203300476
2023-01-07 00:49:43.934000,-0.12865909934043884,0.817803144454956
2023-01-07 00:50:43.943000,-0.12160388380289078,0.8352676033973694
2023-01-07 00:51:43.817000,-0.192206472158432,0.7662845849990845
2023-01-07 00:52:43.863000,-0.211222305893898,0.6370474100112915
2023-01-07 00:53:43.805000,-0.2112090140581131,0.5888820290565491
2023-01-07 00:54:43.982000,-0.24896764755249023,0.606594443321228
2023-01-07 00:55:43.820000,-0.5605874061584473,0.6794414520263672
2023-01-07 00:56:43.891000,-0.2429801970720291,0.8461056351661682
2023-01-07 00:57:43.930000,-0.2235867828130722,0.9647293090820312
2023-01-07 00:58:43.856000,-0.2395898550748825,0.9704338312149048
2023-01-07 00:59:43.898000,-0.2858768105506897,0.7880634069442749
2023-01-07 01:00:44.264000,-0.28353598713874817,0.6780150532722473
2023-01-07 01:01:43.887000,-0.2565854787826538,1.0366898775100708
2023-01-07 01:02:43.931000,-0.3266167640686035,0.8375099301338196
2023-01-07 01:03:43.897000,-0.6067405939102173,0.5877461433410645
2023-01-07 01:04:43.862000,-0.21765822172164917,0.6330847144126892
2023-01-07 01:05:43.971000,-0.20461641252040863,0.7012192010879517
2023-01-07 01:06:44.026000,-0.236552432179451,0.6643285751342773
2023-01-07 01:07:43.810000,-0.21697872877120972,0.6077146530151367
2023-01-07 01:08:43.933000,-0.2067147046327591,0.7835006713867188
2023-01-07 01:09:44.138000,-0.21811732649803162,1.1916303634643555
2023-01-07 01:10:43.946000,-0.5794833898544312,0.8407428860664368
2023-01-07 01:11:43.881000,-0.25831353664398193,0.6894768476486206
2023-01-07 01:12:44.286000,-0.2436305433511734,0.49576687812805176
2023-01-07 01:13:43.905000,-0.1833968162536621,0.44951730966567993
2023-01-07 01:14:44.287000,-0.1695595383644104,0.3912200331687927
2023-01-07 01:15:43.936000,-0.22573626041412354,0.3409358263015747
2023-01-07 01:16:43.881000,-0.2343219816684723,0.2906355559825897
2023-01-07 01:17:43.812000,-0.43934565782546997,0.26373887062072754
2023-01-07 01:18:43.928000,-0.42235493659973145,0.23504841327667236
2023-01-07 01:19:43.897000,-0.23106282949447632,0.22681720554828644
2023-01-07 01:20:43.836000,-0.23756536841392517,0.2523340880870819
2023-01-07 01:21:43.865000,-0.23454724252223969,0.2792343497276306
2023-01-07 01:22:43.808000,-0.20560547709465027,0.2685548663139343
2023-01-07 01:23:43.781000,-0.24843011796474457,0.24260181188583374
2023-01-07 01:24:43.991000,-0.2378590703010559,0.24155710637569427
2023-01-07 01:25:43.870000,-0.6179437637329102,0.2383115142583847
2023-01-07 01:26:43.764000,-0.22767487168312073,0.26385244727134705
2023-01-07 01:27:43.779000,-0.21014899015426636,0.27486446499824524
2023-01-07 01:28:43.834000,-0.2734948396682739,0.2692837119102478
2023-01-07 01:29:43.812000,-0.3110608756542206,0.28057408332824707
2023-01-07 01:30:43.760000,-0.3108613193035126,0.32067039608955383
2023-01-07 01:31:43.830000,-0.30498841404914856,0.3812279999256134
2023-01-07 01:32:43.838000,-0.5167966485023499,0.44120293855667114
2023-01-07 01:33:43.812000,-0.4412524998188019,0.4941364526748657
2023-01-07 01:34:43.847000,-0.26433974504470825,0.5351426005363464
2023-01-07 01:35:43.884000,-0.2506883442401886,0.7153474688529968
2023-01-07 01:36:44.456000,-0.18326030671596527,0.7611085176467896
2023-01-07 01:37:43.820000,-0.18132689595222473,0.49365514516830444
2023-01-07 01:38:43.804000,-0.22854314744472504,0.5618869066238403
2023-01-07 01:39:43.955000,-0.21659384667873383,0.7003350853919983
2023-01-07 01:40:43.890000,-0.5376116633415222,1.1778074502944946
2023-01-07 01:41:43.866000,-0.16451291739940643,1.6561332941055298
2023-01-07 01:42:43.971000,-0.1621198058128357,1.0339688062667847
2023-01-07 01:43:43.799000,-0.09859664738178253,0.6569862365722656
2023-01-07 01:44:43.821000,-0.1054454818367958,0.49888622760772705
2023-01-07 01:45:43.801000,-0.11654151976108551,0.49760669469833374
2023-01-07 01:46:43.784000,-0.16189368069171906,0.5000550746917725
2023-01-07 01:47:43.927000,-0.5413987040519714,0.5110776424407959
2023-01-07 01:48:44.157000,-0.19735147058963776,0.5186748504638672
2023-01-07 01:49:43.854000,-0.15534882247447968,0.4625066816806793
2023-01-07 01:50:43.854000,-0.1631569117307663,0.47625964879989624
2023-01-07 01:51:43.818000,-0.1357135772705078,0.4968244731426239
2023-01-07 01:52:43.809000,-0.16168999671936035,0.4958692193031311
2023-01-07 01:53:44.170000,-0.12990300357341766,0.6641915440559387
2023-01-07 01:54:43.825000,-0.30197641253471375,0.5606468319892883
2023-01-07 01:55:43.853000,-0.3835146427154541,0.8777183890342712
2023-01-07 01:56:43.760000,-0.13183531165122986,0.5220221877098083
2023-01-07 01:57:43.792000,-0.1314084827899933,0.4918075501918793
2023-01-07 01:58:43.838000,-0.2714248299598694,0.6972208023071289
2023-01-07 01:59:43.788000,-0.2759578824043274,0.49869364500045776
2023-01-07 02:00:43.882000,-0.29381218552589417,0.4790771007537842
2023-01-07 02:01:43.865000,-0.31322792172431946,0.4945175349712372
2023-01-07 02:02:43.792000,-0.6726368069648743,0.5285558700561523
2023-01-07 02:03:43.840000,-0.281639039516449,0.5146132111549377
2023-01-07 02:04:43.732000,-0.2745274007320404,0.5061886310577393
2023-01-07 02:05:43.895000,-0.23625336587429047,0.5383220911026001
2023-01-07 02:06:43.740000,-0.3408087491989136,0.6119289398193359
2023-01-07 02:07:43.835000,-0.3312295973300934,0.7298154830932617
2023-01-07 02:08:43.814000,-0.33202823996543884,1.1475718021392822
2023-01-07 02:09:44.150000,-0.5839152932167053,1.130150556564331
2023-01-07 02:10:43.752000,-0.4623715579509735,1.0283217430114746
2023-01-07 02:11:44.100000,-0.3288232684135437,0.8227719664573669
2023-01-07 02:12:43.756000,-0.33281436562538147,0.8320705890655518
2023-01-07 02:13:43.704000,-0.264885812997818,0.896902859210968
2023-01-07 02:14:43.905000,-0.23129327595233917,0.9793537855148315
2023-01-07 02:15:43.833000,-0.2766542136669159,1.0968477725982666
2023-01-07 02:16:43.845000,-0.37400785088539124,0.773100733757019
2023-01-07 02:17:43.838000,-0.5027648210525513,0.8027884364128113
2023-01-07 02:18:43.803000,-0.24261775612831116,0.7973649501800537
2023-01-07 02:19:43.756000,-0.24674098193645477,0.7558863162994385
2023-01-07 02:20:43.794000,-0.2307966947555542,0.7111226320266724
2023-01-07 02:21:43.774000,-0.2207297533750534,1.2109767198562622
2023-01-07 02:22:43.810000,-0.1973513811826706,0.8010969161987305
2023-01-07 02:23:43.711000,-0.17884531617164612,0.6121198534965515
2023-01-07 02:24:43.783000,-0.5919191241264343,0.5394595861434937
2023-01-07 02:25:44.102000,-0.1688019186258316,0.535595715045929
2023-01-07 02:26:43.875000,-0.18743273615837097,0.5565444827079773
2023-01-07 02:27:43.818000,-0.21918365359306335,0.5633249282836914
2023-01-07 02:28:43.694000,-0.218366801738739,0.5919911861419678
2023-01-07 02:29:43.809000,-0.21902242302894592,0.6948963403701782
2023-01-07 02:30:43.770000,-0.24807439744472504,0.7051144242286682
2023-01-07 02:31:43.766000,-0.5543428659439087,0.8778296113014221
2023-01-07 02:32:43.755000,-0.25898823142051697,0.7099700570106506
2023-01-07 02:33:44.191000,-0.4931482672691345,0.8126513957977295
2023-01-07 02:34:43.818000,-0.3506258726119995,0.9075255990028381
2023-01-07 02:35:43.732000,-0.2421087622642517,1.3305695056915283
2023-01-07 02:36:43.708000,-0.2673342823982239,2.2834157943725586
2023-01-07 02:37:43.719000,-0.23425503075122833,1.9167404174804688
2023-01-07 02:38:44.096000,-0.44875118136405945,1.4516205787658691
2023-01-07 02:39:44.270000,-0.39392614364624023,1.0499378442764282
2023-01-07 02:40:43.817000,-0.21118035912513733,0.758274257183075
2023-01-07 02:41:43.704000,-0.2267691195011139,0.9163519740104675
2023-01-07 02:42:43.729000,-0.25504860281944275,0.7080535292625427
2023-01-07 02:43:44.307000,-0.2202499657869339,0.7043377161026001
2023-01-07 02:44:43.762000,-0.33477431535720825,1.039764642715454
2023-01-07 02:45:43.751000,-0.4603419005870819,0.7450070977210999
2023-01-07 02:46:43.771000,-0.9043655395507812,0.6641466021537781
2023-01-07 02:47:43.819000,-0.9733311533927917,0.8734294176101685
2023-01-07 02:48:43.797000,-0.3042762577533722,1.1057155132293701
2023-01-07 02:49:43.817000,-0.26459696888923645,0.5976759791374207
2023-01-07 02:50:43.757000,-0.2699083387851715,0.6303391456604004
2023-01-07 02:51:43.793000,-0.2538391649723053,0.9708265662193298
2023-01-07 02:52:43.812000,-0.16974884271621704,0.8677056431770325
2023-01-07 02:53:43.671000,-0.5757873058319092,0.7341746091842651
2023-01-07 02:54:43.728000,-0.17584039270877838,0.7204167246818542
2023-01-07 02:55:44.155000,-0.17320716381072998,0.91648930311203
2023-01-07 02:56:43.817000,-0.17274662852287292,1.9087772369384766
2023-01-07 02:57:43.763000,-0.17915533483028412,0.8977439403533936
2023-01-07 02:58:43.708000,-0.15163694322109222,1.1231783628463745
2023-01-07 02:59:43.711000,-0.5569347143173218,1.9274277687072754
2023-01-07 03:00:43.731000,-0.5689658522605896,2.2852604389190674
2023-01-07 03:01:43.801000,-0.22093383967876434,2.3043692111968994
2023-01-07 03:02:43.778000,-0.311237096786499,2.3456523418426514
2023-01-07 03:03:43.805000,-0.3434600532054901,2.224299669265747
2023-01-07 03:04:43.742000,-0.29313451051712036,1.6967865228652954
2023-01-07 03:05:43.735000,-0.31664881110191345,1.1166980266571045
2023-01-07 03:06:43.685000,-0.3210110366344452,1.4407099485397339
2023-01-07 03:07:43.875000,-0.5529802441596985,1.7629145383834839
2023-01-07 03:08:43.691000,-0.4927721619606018,0.9201235175132751
2023-01-07 03:09:43.800000,-0.3271234631538391,1.2081352472305298
2023-01-07 03:10:43.961000,-0.31132370233535767,0.9574770331382751
2023-01-07 03:11:44.055000,-0.707710325717926,1.9477624893188477
2023-01-07 03:12:43.735000,-0.29588285088539124,1.8856607675552368
2023-01-07 03:13:43.798000,-0.23890560865402222,2.333181142807007
2023-01-07 03:14:43.707000,-0.2729650139808655,1.715139389038086
2023-01-07 03:15:43.856000,-0.5537139177322388,1.6759452819824219
2023-01-07 03:16:43.733000,-0.19598717987537384,2.023322105407715
2023-01-07 03:17:43.781000,-0.2032546103000641,1.5058401823043823
2023-01-07 03:18:44.136000,-0.18297816812992096,1.9345040321350098
2023-01-07 03:19:43.740000,-0.4390200674533844,2.4818410873413086
2023-01-07 03:20:43.676000,-0.3641781210899353,2.4079384803771973
2023-01-07 03:21:43.741000,-0.24641276895999908,1.4820072650909424
2023-01-07 03:22:43.742000,-0.6288160681724548,1.4854527711868286
2023-01-07 03:23:43.676000,-0.40010714530944824,1.521779179573059
2023-01-07 03:24:44.132000,-0.3056030571460724,1.753053903579712
2023-01-07 03:25:43.706000,-0.294248104095459,2.393756628036499
2023-01-07 03:26:43.780000,-0.2866778075695038,2.3647422790527344
2023-01-07 03:27:43.738000,-0.6069764494895935,1.435407042503357
2023-01-07 03:28:43.715000,-0.36217156052589417,0.896565318107605
2023-01-07 03:29:43.717000,-0.4214645028114319,1.089354395866394
2023-01-07 03:30:43.619000,-0.6854391694068909,2.4260659217834473
2023-01-07 03:31:43.690000,-0.3726220428943634,1.9085510969161987
2023-01-07 03:32:43.741000,-0.34139662981033325,1.0252392292022705
2023-01-07 03:33:43.725000,-0.32588401436805725,1.0196729898452759
2023-01-07 03:34:43.711000,-0.34937891364097595,1.6740113496780396
2023-01-07 03:35:43.863000,-0.3517707288265228,2.107847213745117
2023-01-07 03:36:43.774000,-0.37250733375549316,2.407012462615967
2023-01-07 03:37:43.831000,-0.8884497284889221,2.506312847137451
2023-01-07 03:38:43.612000,-0.5948296189308167,1.6835654973983765
2023-01-07 03:39:44.030000,-0.34283727407455444,1.211573839187622
2023-01-07 03:40:43.714000,-0.37603142857551575,1.8493696451187134
2023-01-07 03:41:43.678000,-0.3380529582500458,2.5009589195251465
2023-01-07 03:42:43.664000,-0.34615007042884827,2.465449571609497
2023-01-07 03:43:43.718000,-0.3213910758495331,2.4098355770111084
2023-01-07 03:44:44.199000,-0.25668665766716003,1.9483451843261719
2023-01-07 03:45:43.721000,-0.7095110416412354,0.9016245603561401
2023-01-07 03:46:43.695000,-0.32289624214172363,0.8061137199401855
2023-01-07 03:47:43.896000,-0.29057714343070984,1.2636979818344116
2023-01-07 03:48:44.096000,-0.3268168270587921,1.5878764390945435
2023-01-07 03:49:43.717000,-0.6754584312438965,0.8466525077819824
2023-01-07 03:50:43.679000,-0.3168961703777313,0.7518095374107361
2023-01-07 03:51:43.931000,-0.32330605387687683,0.74842768907547
2023-01-07 03:52:44.008000,-0.42841631174087524,1.1743712425231934
2023-01-07 03:53:44.008000,-0.5830593705177307,1.6911953687667847
2023-01-07 03:54:43.699000,-0.32020652294158936,1.5202782154083252
2023-01-07 03:55:43.639000,-0.28805121779441833,2.534113883972168
2023-01-07 03:56:43.737000,-0.31470727920532227,1.883790373802185
2023-01-07 03:57:43.682000,-0.31823116540908813,1.7532014846801758
2023-01-07 03:58:43.715000,-0.2773095965385437,1.3182017803192139
2023-01-07 03:59:43.723000,-0.3615354597568512,1.768585205078125
2023-01-07 04:00:44.029000,-1.0178911685943604,2.5787041187286377
2023-01-07 04:01:43.576000,-0.46779823303222656,2.321229934692383
2023-01-07 04:02:43.679000,-0.35525432229042053,1.559949517250061
2023-01-07 04:03:43.691000,-0.3778851628303528,1.9108039140701294
2023-01-07 04:05:44.007000,-0.35713425278663635,1.839957594871521
2023-01-07 04:06:44.162000,-0.38513970375061035,2.185293197631836
2023-01-07 04:07:43.959000,-0.38271641731262207,2.5164477825164795
2023-01-07 04:08:43.608000,-0.717439591884613,2.463284492492676
2023-01-07 04:09:43.620000,-0.30600544810295105,2.5030369758605957
2023-01-07 04:10:43.714000,-0.5916085839271545,2.6310317516326904
2023-01-07 04:11:43.623000,-0.3001946806907654,2.578986644744873
2023-01-07 04:12:43.613000,-0.2155759334564209,2.537353038787842
2023-01-07 04:13:43.697000,-0.20521914958953857,2.4736392498016357
2023-01-07 04:14:43.647000,-0.21631650626659393,2.4225518703460693
2023-01-07 04:15:43.627000,-0.22654065489768982,2.100407361984253
2023-01-07 04:16:43.701000,-0.6041520833969116,2.4919869899749756
2023-01-07 04:17:43.578000,-0.20837396383285522,2.5127787590026855
2023-01-07 04:18:43.710000,-0.19622068107128143,2.457951307296753
2023-01-07 04:19:43.679000,-0.23252050578594208,2.476923942565918
2023-01-07 04:20:43.761000,-0.42829132080078125,2.4828147888183594
2023-01-07 04:21:43.823000,-0.411994069814682,1.9761523008346558
2023-01-07 04:22:43.648000,-0.21303723752498627,2.352551221847534
2023-01-07 04:23:43.969000,-0.16265951097011566,2.5201094150543213
2023-01-07 04:24:43.651000,-0.6285849213600159,2.4692254066467285
2023-01-07 04:25:43.649000,-0.18808402121067047,1.9767369031906128
2023-01-07 04:26:43.630000,-0.17897477746009827,1.6904568672180176
2023-01-07 04:27:43.706000,-0.20680202543735504,2.4768741130828857
2023-01-07 04:28:43.619000,-0.215825155377388,2.5204403400421143
2023-01-07 04:29:43.976000,-0.20317307114601135,2.551684617996216
2023-01-07 04:30:43.586000,-0.4694473147392273,2.514314651489258
2023-01-07 04:31:43.847000,-0.2007398158311844,2.429044246673584
2023-01-07 04:32:43.583000,-0.4979282319545746,2.2567055225372314
2023-01-07 04:33:43.564000,-0.1335175484418869,1.3721258640289307
2023-01-07 04:34:43.542000,-0.10769103467464447,1.69956636428833
2023-01-07 04:35:43.619000,-0.1260918378829956,2.421175479888916
2023-01-07 04:36:43.541000,-0.15502361953258514,2.3795578479766846
2023-01-07 04:37:43.657000,-0.20485001802444458,2.3284237384796143
2023-01-07 04:38:43.579000,-0.2214144766330719,1.086867094039917
2023-01-07 04:39:43.685000,-0.40203404426574707,1.3723477125167847
2023-01-07 04:40:43.665000,-0.8579453229904175,1.2768197059631348
2023-01-07 04:41:43.564000,-0.23435159027576447,1.2821130752563477
2023-01-07 04:42:44.121000,-0.21293841302394867,0.8988118171691895
2023-01-07 04:43:43.792000,-0.21199505031108856,0.8889135122299194
2023-01-07 04:44:43.638000,-0.20255213975906372,0.7682712078094482
2023-01-07 04:45:43.638000,-0.17234884202480316,0.9387103319168091
2023-01-07 04:46:43.658000,-0.2893466353416443,1.6504400968551636
2023-01-07 04:47:43.721000,-0.4046712815761566,0.6473226547241211
2023-01-07 04:48:43.670000,-0.649377703666687,0.5963508486747742
2023-01-07 04:49:43.610000,-0.5823028087615967,0.7225226163864136
2023-01-07 04:50:43.592000,-0.2299463450908661,0.581429123878479
2023-01-07 04:51:43.782000,-0.2939557731151581,0.6845856308937073
2023-01-07 04:52:43.579000,-0.2626497745513916,1.6655302047729492
2023-01-07 04:53:43.546000,-0.27682769298553467,1.7721257209777832
2023-01-07 04:54:43.667000,-0.2783685624599457,1.3865089416503906
2023-01-07 04:55:43.855000,-0.45268839597702026,2.250009536743164
2023-01-07 04:56:43.626000,-0.5125197172164917,2.0091004371643066
2023-01-07 04:57:43.710000,-0.32591119408607483,2.291194438934326
2023-01-07 04:58:43.566000,-0.6698010563850403,2.125870704650879
2023-01-07 04:59:43.564000,-0.3003862798213959,2.1003596782684326
2023-01-07 05:00:43.991000,-0.27115342020988464,1.774255633354187
2023-01-07 05:01:43.694000,-0.13784779608249664,2.1373229026794434
2023-01-07 05:02:43.602000,-0.17539452016353607,1.7646136283874512
2023-01-07 05:03:43.598000,-0.3617200255393982,2.167479991912842
2023-01-07 05:04:43.665000,-0.41413822770118713,2.1898155212402344
2023-01-07 05:05:43.946000,-0.2029523104429245,2.2305588722229004
2023-01-07 05:06:43.583000,-0.20212292671203613,2.22635817527771
2023-01-07 05:07:43.507000,-0.17943136394023895,2.2308168411254883
2023-01-07 05:08:43.817000,-0.5900722742080688,2.210038900375366
2023-01-07 05:09:43.823000,-0.22581662237644196,2.251969814300537
2023-01-07 05:10:43.662000,-0.2336677759885788,2.1942031383514404
2023-01-07 05:11:43.536000,-0.36245858669281006,2.1921329498291016
2023-01-07 05:12:44.142000,-0.5160907506942749,2.187770366668701
2023-01-07 05:13:43.816000,-0.23726336658000946,2.1839232444763184
2023-01-07 05:14:43.535000,-0.2950933277606964,2.1584279537200928
2023-01-07 05:15:43.588000,-0.36631104350090027,2.1501288414001465
2023-01-07 05:16:43.505000,-0.32898345589637756,2.1143124103546143
2023-01-07 05:17:43.610000,-0.3520503044128418,2.148641347885132
2023-01-07 05:18:44.002000,-0.7899045348167419,2.1691060066223145
2023-01-07 05:19:43.589000,-0.35556647181510925,2.0532524585723877
2023-01-07 05:20:43.606000,-0.7410903573036194,1.683469533920288
2023-01-07 05:21:43.586000,-0.3497740924358368,1.9245429039001465
2023-01-07 05:22:43.664000,-0.297012060880661,1.6885515451431274
2023-01-07 05:23:43.619000,-0.27403324842453003,0.9297541975975037
2023-01-07 05:24:43.513000,-0.24032984673976898,1.629011869430542
2023-01-07 05:25:43.508000,-0.2139800637960434,2.030710458755493
2023-01-07 05:26:43.841000,-0.23731617629528046,1.9380996227264404
2023-01-07 05:27:43.554000,-0.2120090276002884,1.0836817026138306
2023-01-07 05:28:43.512000,-0.9440839290618896,1.3104034662246704
2023-01-07 05:29:43.555000,-0.2221958488225937,1.989703893661499
2023-01-07 05:30:44.033000,-0.1841924786567688,1.0646029710769653
2023-01-07 05:31:44.074000,-0.2049313187599182,1.4127578735351562
2023-01-07 05:32:43.607000,-0.25017526745796204,2.0125534534454346
2023-01-07 05:33:43.511000,-0.20150026679039001,1.951184630393982
2023-01-07 05:34:43.519000,-0.1750674545764923,2.0277249813079834
2023-01-07 05:35:43.925000,-0.2130420058965683,2.0501365661621094
2023-01-07 05:36:43.544000,-0.4834712743759155,2.0517284870147705
2023-01-07 05:37:43.869000,-0.3257197141647339,2.0152206420898438
2023-01-07 05:38:44.004000,-0.3853420913219452,2.008275032043457
2023-01-07 05:39:43.577000,-0.411366730928421,2.0231401920318604
2023-01-07 05:40:43.550000,-0.21015554666519165,1.7551363706588745
2023-01-07 05:41:43.609000,-0.16038836538791656,1.8933871984481812
2023-01-07 05:42:43.822000,-0.11036956310272217,1.9851386547088623
2023-01-07 05:43:43.944000,-0.14015956223011017,1.9886534214019775
2023-01-07 05:44:43.594000,-0.24438491463661194,1.9661509990692139
2023-01-07 05:45:43.515000,-0.4328708052635193,1.9731053113937378
2023-01-07 05:46:43.550000,-0.15148107707500458,1.9931671619415283
2023-01-07 05:47:43.828000,-0.12088432908058167,1.9698848724365234
2023-01-07 05:48:43.528000,-0.11844131350517273,1.9321410655975342
2023-01-07 05:49:43.525000,-0.49839261174201965,1.9028048515319824
2023-01-07 05:50:44.035000,-0.13509388267993927,1.94203519821167
2023-01-07 05:51:43.561000,-0.1563597172498703,1.9083982706069946
2023-01-07 05:52:43.940000,-0.18215003609657288,1.834020733833313
2023-01-07 05:53:43.994000,-0.589139997959137,1.8579511642456055
2023-01-07 05:54:43.590000,-0.2891167104244232,1.9123077392578125
2023-01-07 05:55:43.479000,-0.24652713537216187,1.922450065612793
2023-01-07 05:56:43.704000,-0.34354913234710693,1.8985298871994019
2023-01-07 05:57:43.538000,-0.3923255205154419,1.9040426015853882
2023-01-07 05:58:43.885000,-0.3754825294017792,1.8598219156265259
2023-01-07 05:59:43.799000,-0.4719366133213043,1.8121107816696167
2023-01-07 06:00:43.456000,-0.6191307306289673,1.799817681312561
2023-01-07 06:01:43.427000,-0.36985331773757935,1.7978289127349854
2023-01-07 06:02:43.622000,-0.6321737170219421,1.7607616186141968
2023-01-07 06:03:43.611000,-0.22126340866088867,1.7411253452301025
2023-01-07 06:04:43.554000,-0.24312636256217957,1.7298272848129272
2023-01-07 06:05:43.572000,-0.2653661072254181,1.7157855033874512
2023-01-07 06:06:43.586000,-0.1845121532678604,1.700810432434082
2023-01-07 06:07:43.512000,-0.24433580040931702,1.7030551433563232
2023-01-07 06:08:43.590000,-0.22567526996135712,1.6853514909744263
2023-01-07 06:09:44.116000,-0.20243963599205017,1.5352150201797485
2023-01-07 06:10:43.581000,-0.7729464769363403,1.6344482898712158
2023-01-07 06:11:43.521000,-0.3998624384403229,1.3174309730529785
2023-01-07 06:12:43.593000,-0.14556027948856354,1.633288860321045
2023-01-07 06:13:43.855000,-0.2149876058101654,1.6585198640823364
2023-01-07 06:14:43.575000,-0.23974522948265076,1.6341367959976196
2023-01-07 06:15:43.561000,-0.2370757758617401,1.6225367784500122
2023-01-07 06:16:43.511000,-0.23538054525852203,1.599096655845642
2023-01-07 06:17:43.542000,-0.2814699411392212,1.5382792949676514
2023-01-07 06:18:44.037000,-0.3425767421722412,1.602281928062439
2023-01-07 06:19:43.864000,-0.5599948763847351,1.5811090469360352
2023-01-07 06:20:43.802000,-0.25595104694366455,1.5996602773666382
2023-01-07 06:21:43.490000,-0.5964643359184265,1.5935449600219727
2023-01-07 06:22:44.101000,-0.23459172248840332,1.5725609064102173
2023-01-07 06:23:43.467000,-0.20958593487739563,1.5518521070480347
2023-01-07 06:24:43.834000,-0.1906605362892151,1.547603964805603
2023-01-07 06:25:43.790000,-0.2075527161359787,1.5196064710617065
2023-01-07 06:26:43.405000,-0.22389452159404755,1.5135160684585571
2023-01-07 06:27:43.703000,-0.5986471176147461,1.5432029962539673
2023-01-07 06:28:43.942000,-0.22109147906303406,1.5816307067871094
2023-01-07 06:29:43.820000,-0.2107751965522766,1.5600626468658447
2023-01-07 06:30:43.482000,-0.2654918432235718,1.5214009284973145
2023-01-07 06:31:43.522000,-0.2969123423099518,1.5193663835525513
2023-01-07 06:32:43.467000,-0.6724853515625,1.504181981086731
2023-01-07 06:33:43.693000,-0.29774972796440125,1.464891791343689
2023-01-07 06:34:43.930000,-0.29936909675598145,1.472782850265503
2023-01-07 06:35:43.805000,-0.3987259566783905,1.4563133716583252
2023-01-07 06:36:43.424000,-0.5473204851150513,1.4425040483474731
2023-01-07 06:37:43.943000,-0.28030648827552795,1.1949398517608643
2023-01-07 06:38:43.517000,-0.23835374414920807,1.4429861307144165
2023-01-07 06:39:43.830000,-0.21007969975471497,1.4389063119888306
2023-01-07 06:40:44.070000,-0.27619317173957825,1.3821767568588257
2023-01-07 06:41:43.486000,-0.23548781871795654,1.4122676849365234
2023-01-07 06:42:43.479000,-0.18268714845180511,1.3467050790786743
2023-01-07 06:43:43.482000,-0.5903003215789795,1.250932216644287
2023-01-07 06:44:43.534000,-0.5626744031906128,1.3809670209884644
2023-01-07 06:45:43.412000,-0.16455890238285065,1.3433892726898193
2023-01-07 06:46:43.420000,-0.1869927942752838,1.0876890420913696
2023-01-07 06:47:43.754000,-0.14461956918239594,1.0144670009613037
2023-01-07 06:48:43.949000,-0.1223926991224289,1.3297526836395264
2023-01-07 06:49:43.515000,-0.08446753025054932,1.2713345289230347
2023-01-07 06:50:43.502000,-0.08404313027858734,0.8600320816040039
2023-01-07 06:51:43.471000,-0.06257661432027817,1.0566120147705078
2023-01-07 06:52:43.530000,-0.22400783002376556,1.2814152240753174
2023-01-07 06:53:43.856000,-0.45320719480514526,1.2512675523757935
2023-01-07 06:54:43.785000,-0.44290727376937866,1.166185975074768
2023-01-07 06:55:43.454000,-0.17433612048625946,1.1267799139022827
2023-01-07 06:56:43.543000,-0.08993178606033325,1.159902572631836
2023-01-07 06:57:43.432000,-0.11452025175094604,1.1906195878982544
2023-01-07 06:58:43.462000,-0.1187613308429718,1.177565574645996
2023-01-07 06:59:43.530000,-0.11384156346321106,1.1783878803253174
2023-01-07 07:00:43.487000,-0.12880763411521912,1.1835778951644897
2023-01-07 07:01:43.938000,-0.39358916878700256,1.1073274612426758
2023-01-07 07:02:43.488000,-0.23188813030719757,1.1368281841278076
2023-01-07 07:03:43.797000,-0.15180961787700653,1.1061500310897827
2023-01-07 07:04:43.846000,-0.27474871277809143,1.0784614086151123
2023-01-07 07:05:43.784000,-0.5002473592758179,1.0764474868774414
2023-01-07 07:06:43.376000,-0.41740942001342773,1.0821677446365356
2023-01-07 07:07:43.856000,-0.31667736172676086,1.0337278842926025
2023-01-07 07:08:43.371000,-0.32614538073539734,0.9880176782608032
2023-01-07 07:09:43.699000,-0.36371463537216187,1.004263997077942
2023-01-07 07:10:43.789000,-0.7420183420181274,0.9984617829322815
2023-01-07 07:11:43.805000,-0.3269045948982239,0.9585290551185608
2023-01-07 07:12:43.967000,-0.34712713956832886,0.9479237794876099
2023-01-07 07:13:43.388000,-0.38762253522872925,0.9506181478500366
2023-01-07 07:14:43.440000,-0.34288567304611206,0.9769896864891052
2023-01-07 07:15:43.501000,-0.2961087226867676,0.9402675628662109
2023-01-07 07:16:43.419000,-0.392214834690094,0.9208087921142578
2023-01-07 07:17:43.435000,-0.5367867350578308,0.9253788590431213
2023-01-07 07:18:43.396000,-0.5016751885414124,0.895957887172699
2023-01-07 07:19:43.428000,-0.33662843704223633,0.8863812685012817
2023-01-07 07:20:43.437000,-0.18103817105293274,0.882827877998352
2023-01-07 07:21:43.694000,-0.2317941039800644,0.8582028150558472
2023-01-07 07:22:43.502000,-0.21451793611049652,0.8516842126846313
2023-01-07 07:23:43.417000,-0.1801842600107193,0.806685209274292
2023-01-07 07:24:43.836000,-0.20969749987125397,0.7993897795677185
2023-01-07 07:25:43.810000,-0.18041115999221802,0.7757592797279358
2023-01-07 07:26:43.444000,-0.1956648826599121,0.7248802185058594
2023-01-07 07:27:43.515000,-0.633655309677124,0.7404440641403198
2023-01-07 07:28:43.422000,-0.5651588439941406,0.7079299688339233
2023-01-07 07:29:43.502000,-0.17625486850738525,0.7156970500946045
2023-01-07 07:30:43.375000,-0.2120981216430664,0.70894455909729
2023-01-07 07:31:43.986000,-0.21109476685523987,0.673014760017395
2023-01-07 07:32:43.602000,-0.1904573142528534,0.6417055726051331
2023-01-07 07:33:43.683000,-0.2226964235305786,0.6357080340385437
2023-01-07 07:34:43.921000,-0.20609426498413086,0.6074332594871521
2023-01-07 07:35:43.833000,-0.4197382628917694,0.6054286956787109
2023-01-07 07:36:43.391000,-0.4478052854537964,0.5981340408325195
2023-01-07 07:37:43.338000,-0.20358866453170776,0.5739611387252808
2023-01-07 07:38:43.441000,-0.20724892616271973,0.5626844763755798
2023-01-07 07:39:43.397000,-0.5901954174041748,0.5397630929946899
2023-01-07 07:40:43.429000,-0.24194513261318207,0.5330496430397034
2023-01-07 07:41:43.375000,-0.2024521827697754,0.5072888135910034
2023-01-07 07:42:43.422000,-0.21706195175647736,0.47319284081459045
2023-01-07 07:43:43.487000,-0.20080916583538055,0.4449155628681183
2023-01-07 07:44:43.517000,-0.5837588906288147,0.43731167912483215
2023-01-07 07:45:43.387000,-0.3015797436237335,0.42906853556632996
2023-01-07 07:46:43.385000,-0.2732864022254944,0.4144463837146759
2023-01-07 07:47:43.881000,-0.29999837279319763,0.39667031168937683
2023-01-07 07:48:43.393000,-0.3407140374183655,0.37912097573280334
2023-01-07 07:49:43.308000,-0.28587013483047485,0.3614896237850189
2023-01-07 07:50:43.406000,-0.5070028305053711,0.34151434898376465
2023-01-07 07:51:43.455000,-0.4288473129272461,0.31972646713256836
2023-01-07 07:52:43.430000,-0.5217776298522949,0.28521448373794556
2023-01-07 07:53:43.423000,-0.3586355745792389,0.24425064027309418
2023-01-07 07:54:43.394000,-0.18957823514938354,0.22634918987751007
2023-01-07 07:55:43.368000,-0.12208099663257599,0.21160520613193512
2023-01-07 07:56:43.379000,-0.12888149917125702,0.19962579011917114
2023-01-07 07:57:43.363000,-0.13639329373836517,0.1880127340555191
2023-01-07 07:58:43.607000,-0.10802353173494339,0.17960382997989655
2023-01-07 07:59:43.425000,-0.11596296727657318,0.17347687482833862
2023-01-07 08:00:43.348000,-0.3459884226322174,0.16683480143547058
2023-01-07 08:01:43.698000,-0.6439455151557922,0.1607326716184616
2023-01-07 08:02:43.588000,-0.11370342969894409,0.15322044491767883
2023-01-07 08:03:43.336000,-0.12423201650381088,0.1460166722536087
2023-01-07 08:04:43.410000,-0.08822079747915268,0.13884170353412628
2023-01-07 08:05:43.386000,-0.11428031325340271,0.1321524828672409
2023-01-07 08:06:43.659000,-0.09665423631668091,0.12667274475097656
2023-01-07 08:07:43.365000,-0.10323649644851685,0.12158799916505814
2023-01-07 08:08:43.561000,-0.4570539593696594,0.11389996856451035
2023-01-07 08:09:43.403000,-0.1976233273744583,0.10792570561170578
2023-01-07 08:10:43.320000,-0.4078265130519867,0.10160981863737106
2023-01-07 08:11:43.442000,-0.5115931034088135,0.0711728036403656
2023-01-07 08:12:43.753000,-0.24028384685516357,0.034298744052648544
2023-01-07 08:13:43.338000,-0.22072426974773407,0.030206000432372093
2023-01-07 08:14:43.272000,-0.199714794754982,0.027722379192709923
2023-01-07 08:15:43.374000,-0.22209738194942474,0.025574227795004845
2023-01-07 08:16:43.326000,-0.5908389091491699,0.02347699925303459
2023-01-07 08:17:43.419000,-0.2068643867969513,0.021366864442825317
2023-01-07 08:18:43.567000,-0.21303746104240417,0.01878339983522892
2023-01-07 08:19:43.464000,-0.22631828486919403,0.01638682931661606
2023-01-07 08:20:43.308000,-0.5243070125579834,0.013971084728837013
2023-01-07 08:21:43.361000,-0.26483598351478577,0.011687658727169037
2023-01-07 08:22:43.404000,-0.28555867075920105,0.009916399605572224
2023-01-07 08:23:43.712000,-0.44012483954429626,0.008004733361303806
2023-01-07 08:24:43.401000,-0.5402022004127502,0.006194657646119595
2023-01-07 08:25:43.340000,-0.2358303964138031,0.0042864857241511345
2023-01-07 08:26:43.276000,-0.3156873285770416,0.002691133413463831
2023-01-07 08:27:43.348000,-0.48729315400123596,0.0004561489331535995
2023-01-07 08:28:43.348000,-0.7456287741661072,-0.0009921591263264418
2023-01-07 08:29:43.645000,-0.631214439868927,-9.89800100796856e-05
2023-01-07 08:30:43.340000,-0.6483322381973267,-0.001301428535953164
2023-01-07 08:31:43.335000,-0.5384947061538696,-0.001258152537047863
2023-01-07 08:32:43.414000,-0.4788304269313812,-0.0012642552610486746
2023-01-07 08:33:43.398000,-0.28609973192214966,-0.001281311153434217
2023-01-07 08:34:43.619000,-0.34383654594421387,-0.001212317030876875
2023-01-07 08:35:43.339000,-0.26785603165626526,-0.0012774772476404905
2023-01-07 08:36:43.319000,-0.16598601639270782,-0.0012804762227460742
2023-01-07 08:37:43.610000,-0.18323755264282227,-0.0012616792228072882
2023-01-07 08:38:43.323000,-0.19243861734867096,-0.001269065192900598
2023-01-07 08:39:43.282000,-0.8433405160903931,-0.0012625609524548054
2023-01-07 08:40:43.355000,-0.3169667422771454,-0.0012669999850913882
2023-01-07 08:41:43.449000,-0.24202799797058105,-0.0012622608337551355
2023-01-07 08:42:43.341000,-0.29730114340782166,-0.001238695695064962
2023-01-07 08:43:43.389000,-0.3220103085041046,-0.0012126315850764513
2023-01-07 08:44:43.419000,-0.29011812806129456,-0.0013340816367417574
2023-01-07 08:45:43.287000,-0.2815852761268616,-0.0012751190224662423
2023-01-07 08:46:43.771000,-0.27436918020248413,-0.0012275106273591518
2023-01-07 08:47:43.307000,-0.6603819131851196,-0.0012578913010656834
2023-01-07 08:48:43.250000,-0.2736024856567383,-0.0012965142959728837
2023-01-07 08:49:43.264000,-0.5135743021965027,-0.0012224499369040132
2023-01-07 08:50:43.288000,-0.4139806926250458,-0.001384615432471037
2023-01-07 08:51:43.362000,-0.2739935517311096,-0.0012687895214185119
2023-01-07 08:52:43.279000,-0.27341434359550476,-0.001276652212254703
2023-01-07 08:53:43.319000,-0.27052566409111023,-0.0012853124644607306
2023-01-07 08:54:43.339000,-0.274662584066391,-0.0012684528483077884
2023-01-07 08:55:43.252000,-0.6769677996635437,-0.0012689110590144992
2023-01-07 08:56:43.286000,-0.309183806180954,-0.0012229024432599545
2023-01-07 08:57:43.264000,-0.31394609808921814,-0.001231999951414764
2023-01-07 08:58:43.353000,-0.2864401638507843,-0.0012884576572105289
2023-01-07 08:59:43.322000,-0.28041166067123413,-0.0012853725347667933
2023-01-07 09:00:43.789000,-0.6627242565155029,-0.0012837608810514212
2023-01-07 09:01:44.330000,-0.22562706470489502,-0.0012668139534071088
2023-01-07 09:02:43.287000,-0.25238847732543945,-0.0012663468951359391
2023-01-07 09:03:43.370000,-0.6043276786804199,-0.0012693265452980995
2023-01-07 09:04:43.283000,-0.3047281503677368,-0.0013041627826169133
2023-01-07 09:05:43.354000,-0.24962253868579865,-0.001291886786930263
2023-01-07 09:06:43.359000,-0.24104079604148865,-0.0012843332951888442
2023-01-07 09:07:43.354000,-0.22533389925956726,-0.0013128722785040736
2023-01-07 09:08:43.259000,-0.2294704169034958,-0.001315866713412106
2023-01-07 09:09:43.660000,-0.18773825466632843,-0.0013013000134378672
2023-01-07 09:10:43.507000,-0.21290943026542664,-0.001250166678801179
2023-01-07 09:11:43.264000,-0.7870631217956543,-0.0013203060952946544
2023-01-07 09:12:43.779000,-0.2502336800098419,-0.0013890701811760664
2023-01-07 09:13:43.363000,-0.20322367548942566,-0.0012639090418815613
2023-01-07 09:14:43.328000,-0.14449796080589294,-0.001260681776329875
2023-01-07 09:15:43.757000,-0.2840123772621155,-0.0013120435178279877
2023-01-07 09:16:43.341000,-0.3388100564479828,-0.0013241219567134976
2023-01-07 09:17:43.273000,-0.8214588165283203,-0.001322840922512114
2023-01-07 09:18:43.293000,-0.8371033072471619,-0.001285097561776638
2023-01-07 09:19:43.240000,-1.1473900079727173,-0.001305224490351975
2023-01-07 09:20:43.205000,-0.9405701160430908,-0.0013191276229918003
2023-01-07 09:21:43.290000,-0.8502473831176758,-0.001282762736082077
2023-01-07 09:22:43.217000,-0.8215321898460388,-0.00127034995239228
2023-01-07 09:23:43.595000,-0.7844187617301941,-0.0012795556103810668
2023-01-07 09:24:43.285000,-0.7753402590751648,-0.0012799535179510713
2023-01-07 09:25:43.205000,-0.775179922580719,-0.0012823863653466105
2023-01-07 09:26:43.264000,-0.774350643157959,-0.0012633571168407798
2023-01-07 09:27:43.288000,-1.112083911895752,-0.0013016470475122333
2023-01-07 09:28:43.318000,-0.8406291604042053,-0.0012883541639894247
2023-01-07 09:29:43.386000,-0.8068426847457886,-0.0013060832861810923
2023-01-07 09:30:43.584000,-0.39500701427459717,-0.001279102056287229
2023-01-07 09:31:43.231000,-0.7052410244941711,-0.0013165399432182312
2023-01-07 09:32:43.299000,-0.44394350051879883,-0.0012764999410137534
2023-01-07 09:33:43.256000,-0.6506457924842834,-0.0013243095017969608
2023-01-07 09:34:43.313000,-0.5203361511230469,-0.0013227368472144008
2023-01-07 09:35:43.231000,-0.9552783370018005,-0.0012687272392213345
2023-01-07 09:36:43.214000,-0.602726399898529,-0.0012998461024835706
2023-01-07 09:37:43.196000,-0.5720497965812683,-0.0012771429028362036
2023-01-07 09:38:43.255000,-0.6393496990203857,-0.0012235105969011784
2023-01-07 09:39:43.355000,-0.6295481324195862,-0.0012805999722331762
2023-01-07 09:40:43.416000,-0.6596174836158752,-0.0012939743464812636
2023-01-07 09:41:43.335000,-0.6186721920967102,-0.001277688890695572
2023-01-07 09:42:43.196000,-0.6725292205810547,-0.0013009737012907863
2023-01-07 09:43:43.278000,-0.8952786326408386,-0.0013215121580287814
2023-01-07 09:44:43.229000,-0.6796260476112366,-0.001287079998292029
2023-01-07 09:45:43.319000,-0.4306391775608063,-0.0013111219741404057
2023-01-07 09:46:43.208000,-0.6415943503379822,-0.0013087451225146651
2023-01-07 09:47:43.219000,-0.28621429204940796,-0.0012426730245351791
2023-01-07 09:48:43.281000,-0.6654406785964966,-0.0012706530978903174
2023-01-07 09:49:43.215000,-0.2685556709766388,-0.0012366739101707935
2023-01-07 09:50:43.208000,-0.5855164527893066,-0.0012956922873854637
2023-01-07 09:51:44.648000,-0.6434964537620544,-0.0012693877797573805
2023-01-07 09:52:43.274000,-0.4450303018093109,-0.001350711565464735
2023-01-07 09:53:43.233000,-0.48642754554748535,-0.001273259986191988
2023-01-07 09:54:43.226000,-0.2813463807106018,-0.0012730370508506894
2023-01-07 09:55:43.239000,-0.6439827084541321,-0.0013150732265785336
2023-01-07 09:56:43.273000,-0.2695038318634033,-0.0013318863930180669
2023-01-07 09:57:43.188000,-0.3900293707847595,-0.0012621395289897919
2023-01-07 09:58:43.152000,-0.5560095310211182,-0.0013043541694059968
2023-01-07 09:59:43.259000,-0.5964462161064148,-0.0012888000346720219
2023-01-07 10:00:43.166000,-0.7003669738769531,-0.001283118617720902
2023-01-07 10:01:43.231000,-0.40517398715019226,-0.0013021795311942697
2023-01-07 10:02:43.284000,-0.3202783465385437,-0.0012776610674336553
2023-01-07 10:03:43.246000,-0.6418029069900513,-0.001304380944930017
2023-01-07 10:04:43.253000,-0.30664384365081787,-0.0012860000133514404
2023-01-07 10:05:43.171000,-0.3054519593715668,-0.0011767115211114287
2023-01-07 10:06:43.223000,-0.6603395938873291,-0.00131572550162673
2023-01-07 10:07:43.207000,-0.5371615886688232,-0.001296583330258727
2023-01-07 10:08:43.285000,-0.49516773223876953,-0.0012735417112708092
2023-01-07 10:09:43.255000,-0.6227519512176514,-0.0013391778338700533
2023-01-07 10:10:43.624000,-0.30887627601623535,-0.0012568653328344226
2023-01-07 10:11:43.560000,-0.3085961937904358,-0.001405469374731183
2023-01-07 10:12:43.703000,-0.5967106223106384,-0.0013464053627103567
2023-01-07 10:13:43.210000,-0.3451782464981079,-0.0012796249939128757
2023-01-07 10:14:43.463000,-0.31980079412460327,-0.001300605246797204
2023-01-07 10:15:43.225000,-0.662580132484436,-0.0012303461553528905
2023-01-07 10:16:43.188000,-0.8042423129081726,-0.001241782563738525
2023-01-07 10:17:43.238000,-0.41305220127105713,-0.0013590999878942966
2023-01-07 10:18:43.136000,-0.2968599200248718,-0.001361959963105619
2023-01-07 10:19:43.222000,-0.5852479338645935,-0.0012484285980463028
2023-01-07 10:20:43.168000,-0.27919644117355347,-0.001336477231234312
2023-01-07 10:21:43.414000,-0.27140334248542786,-0.001404526294209063
2023-01-07 10:22:43.187000,-0.590630292892456,-0.0012931914534419775
2023-01-07 10:23:43.233000,-0.3572707772254944,-0.0013455217704176903
2023-01-07 10:24:43.169000,-0.4747472405433655,-0.0013520000502467155
2023-01-07 10:25:43.262000,-0.33134764432907104,-0.0012954444391652942
2023-01-07 10:26:43.139000,-0.364547997713089,-0.0013762200251221657
2023-01-07 10:27:43.124000,-0.18458318710327148,-0.001343380892649293
2023-01-07 10:28:43.141000,-0.20967519283294678,-0.0013272195355966687
2023-01-07 10:29:43.146000,-0.5322470664978027,-0.0012859655544161797
2023-01-07 10:30:43.145000,-0.18432949483394623,-0.001272666617296636
2023-01-07 10:31:43.161000,-0.20774495601654053,-0.001307771890424192
2023-01-07 10:32:43.140000,-0.7102487087249756,-0.0014478372177109122
2023-01-07 10:33:43.170000,-0.3632828891277313,-0.0014199999859556556
2023-01-07 10:34:43.245000,-0.20827418565750122,-0.001270222244784236
2023-01-07 10:35:43.244000,-0.24204766750335693,-0.0013532682787626982
2023-01-07 10:36:43.558000,-0.5553928017616272,-0.0013293332885950804
2023-01-07 10:37:43.235000,-0.24514490365982056,-0.001284226425923407
2023-01-07 10:38:43.483000,-0.2589297592639923,-0.001366793061606586
2023-01-07 10:39:43.271000,-0.3565371334552765,-0.001355425571091473
2023-01-07 10:40:43.253000,-0.9154940247535706,-0.0013862571213394403
2023-01-07 10:41:43.486000,-0.33772075176239014,-0.0012643863447010517
2023-01-07 10:42:43.359000,-0.3298861086368561,-0.0012841777643188834
2023-01-07 10:43:43.226000,-0.6435054540634155,-0.0013072927249595523
2023-01-07 10:44:43.148000,-0.2770618498325348,-0.0012900870060548186
2023-01-07 10:45:43.208000,-0.25186827778816223,-0.0013877543387934566
2023-01-07 10:46:43.188000,-0.26635706424713135,-0.001426864881068468
2023-01-07 10:47:43.130000,-0.5464123487472534,-0.0013270651688799262
2023-01-07 10:48:43.381000,-0.6291232109069824,-0.0013765105977654457
2023-01-07 10:49:43.377000,-0.2680284380912781,-0.0013051372952759266
2023-01-07 10:50:43.180000,-0.43838992714881897,-0.0012502826284617186
2023-01-07 10:51:43.236000,-0.3956364095211029,-0.0012148888781666756
2023-01-07 10:52:43.136000,-0.2747593820095062,-0.0013597735669463873
2023-01-07 10:53:43.662000,-0.32575538754463196,-0.0014266923535615206
2023-01-07 10:54:43.259000,-0.6244134306907654,-0.0013331042136996984
2023-01-07 10:55:43.627000,-0.3373110294342041,-0.00135760975535959
2023-01-07 10:56:43.125000,-0.664145827293396,-0.0013957872288301587
2023-01-07 10:57:43.184000,-0.37943992018699646,-0.0013190952595323324
2023-01-07 10:58:43.171000,-0.6388349533081055,-0.00138915388379246
2023-01-07 10:59:43.140000,-0.32457783818244934,-0.0013205832801759243
2023-01-07 11:00:43.457000,-0.32451722025871277,-0.0013468039687722921
2023-01-07 11:01:43.067000,-0.3060759902000427,-0.0013766599586233497
2023-01-07 11:02:43.210000,-0.5742817521095276,-0.0012136249570176005
2023-01-07 11:03:43.100000,-0.2433832734823227,-0.0013650000328198075
2023-01-07 11:04:43.113000,-0.5165420174598694,-0.001252674963325262
2023-01-07 11:05:43.183000,-0.3069530427455902,-0.0012479736469686031
2023-01-07 11:06:43.422000,-0.5243949294090271,-0.0013933666050434113
2023-01-07 11:07:43.593000,-0.21915625035762787,-0.001361900009214878
2023-01-07 11:08:43.189000,-0.2206556349992752,-0.0012767297448590398
2023-01-07 11:09:43.065000,-0.22537313401699066,-0.0013938166666775942
2023-01-07 11:10:43.119000,-0.49423718452453613,-0.001345488359220326
2023-01-07 11:11:43.690000,-0.25925132632255554,-0.0012804883299395442
2023-01-07 11:12:43.488000,-0.42619115114212036,-0.0013008867390453815
2023-01-07 11:13:43.193000,-0.2882936894893646,-0.0013563999673351645
2023-01-07 11:14:43.142000,-0.3295954465866089,-0.0013622499536722898
2023-01-07 11:15:43.087000,-0.31827858090400696,-0.0013663658173754811
2023-01-07 11:16:43.149000,-0.1475631296634674,-0.001345377299003303
2023-01-07 11:17:43.089000,-0.15402954816818237,-0.0012600000482052565
2023-01-07 11:18:43.112000,-0.17495472729206085,-0.001315609784796834
2023-01-07 11:19:43.146000,-0.4434817433357239,-0.0013227174058556557
2023-01-07 11:20:43.046000,-0.36500102281570435,-0.0013799737207591534
2023-01-07 11:21:43.432000,-0.3425426781177521,-0.0013588332803919911
2023-01-07 11:22:43.497000,-0.16614289581775665,-0.0014213513350114226
2023-01-07 11:23:43.138000,-0.48357197642326355,-0.0013287838082760572
2023-01-07 11:24:43.575000,-0.15937671065330505,-0.0013777499552816153
2023-01-07 11:25:43.126000,-0.14646488428115845,-0.0012701000086963177
2023-01-07 11:26:43.638000,-0.14609478414058685,-0.0013015151489526033
2023-01-07 11:27:43.248000,-0.5141071677207947,-0.0013027561362832785
2023-01-07 11:28:43.572000,-0.42639631032943726,-0.0013683500001206994
2023-01-07 11:29:43.173000,-0.5415500402450562,-0.0013599999947473407
2023-01-07 11:30:43.043000,-0.3008996248245239,-0.0014397255145013332
2023-01-07 11:31:43.135000,-0.6864650845527649,-0.0012990203686058521
2023-01-07 11:32:43.165000,-0.385352224111557,-0.0013708234764635563
2023-01-07 11:33:43.484000,-0.381191223859787,-0.00134155317209661
2023-01-07 11:34:43.778000,-0.3802701532840729,-0.0013980832882225513
2023-01-07 11:35:43.141000,-0.6768157482147217,-0.0013100384967401624
2023-01-07 11:36:43.484000,-0.45128369331359863,-0.001356799970380962
2023-01-07 11:37:43.106000,-0.6187976002693176,-0.001358604640699923
2023-01-07 11:38:43.060000,-0.3201475143432617,-0.0013537297490984201
2023-01-07 11:39:43.188000,-0.44778555631637573,-0.001378829823806882
2023-01-07 11:40:43.068000,-0.1943066567182541,-0.001336425542831421
2023-01-07 11:41:43.054000,-0.1886037439107895,-0.0012928387150168419
2023-01-07 11:42:43.322000,-0.3169623911380768,-0.0012546052457764745
2023-01-07 11:43:43.136000,-0.21020737290382385,-0.0013861999614164233
2023-01-07 11:44:43.057000,-0.12261690199375153,-0.0012752499897032976
2023-01-07 11:45:43,-0.5804681181907654,-0.0013641463592648506
2023-01-07 11:46:43.068000,-0.4859822392463684,-0.0013437916059046984
2023-01-07 11:47:43.026000,-0.17556113004684448,-0.001337813911959529
2023-01-07 11:48:43.048000,-0.17836110293865204,-0.0013583999825641513
2023-01-07 11:49:43.150000,-0.1845848560333252,-0.0013011315604671836
2023-01-07 11:50:42.996000,-0.49887600541114807,-0.0013249749317765236
2023-01-07 11:51:43.085000,-0.1876561939716339,-0.0013150217710062861
2023-01-07 11:52:43.428000,-0.18720299005508423,-0.0013430181425064802
2023-01-07 11:53:43.348000,-0.6824070811271667,-0.001409339951351285
2023-01-07 11:54:43.182000,-0.35712143778800964,-0.0012753125047311187
2023-01-07 11:55:43.070000,-0.15839575231075287,-0.0013336730189621449
2023-01-07 11:56:43.528000,-0.15563318133354187,-0.0013009564718231559
2023-01-07 11:57:43.107000,-0.4144088923931122,-0.001353411702439189
2023-01-07 11:58:43.059000,-0.2473190873861313,-0.0014588837511837482
2023-01-07 11:59:43.031000,-0.15280477702617645,-0.0014113611541688442
2023-01-07 12:00:43.359000,-0.15191243588924408,-0.001363365794532001
2023-01-07 12:01:43.007000,-0.7734510898590088,-0.001256868476048112
2023-01-07 12:02:43.528000,-0.23021730780601501,-0.0012686041882261634
2023-01-07 12:03:43.749000,-0.14965517818927765,-0.0012801556149497628
2023-01-07 12:04:43.788000,-0.14209778606891632,-0.0014150961069390178
2023-01-07 12:05:43.190000,-0.4451609253883362,-0.0013724509626626968
2023-01-07 12:06:43.077000,-0.17584282159805298,-0.0013382381293922663
2023-01-07 12:07:43.133000,-0.162213534116745,-0.0013139245565980673
2023-01-07 12:08:43.061000,-0.29019513726234436,-0.0013468333054333925
2023-01-07 12:09:43.363000,-0.6230850219726562,-0.0013696744572371244
2023-01-07 12:10:43.069000,-0.42701035737991333,-0.0014073256170377135
2023-01-07 12:11:43.462000,-0.22949542105197906,-0.0013271591160446405
2023-01-07 12:12:43.026000,-0.4616158902645111,-0.0013473809231072664
2023-01-07 12:13:43.030000,-0.29529353976249695,-0.0012945777270942926
2023-01-07 12:14:43.091000,-0.20928150415420532,-0.0013268654001876712
2023-01-07 12:15:43.003000,-0.2097209393978119,-0.0013604999985545874
2023-01-07 12:16:43.318000,-0.4862111806869507,-0.0013720222050324082
2023-01-07 12:17:43.054000,-0.1651202291250229,-0.0013577727368101478
2023-01-07 12:18:43.386000,-0.38268858194351196,-0.0013300811406224966
2023-01-07 12:19:43.368000,-0.09776944667100906,-0.0014202608726918697
2023-01-07 12:20:43.466000,-0.40184178948402405,-0.0013790713855996728
2023-01-07 12:21:43.044000,-0.06216320022940636,-0.0013185384450480342
2023-01-07 12:22:43.011000,-0.06392228603363037,-0.0013517241459339857
2023-01-07 12:23:43.368000,-0.09970038384199142,-0.0013918000040575862
2023-01-07 12:24:43.321000,-0.3243505358695984,-0.0014366499381139874
2023-01-07 12:25:43.333000,-0.05622649937868118,-0.0013824705965816975
2023-01-07 12:26:43.048000,-0.45434632897377014,-0.0012814999790862203
2023-01-07 12:27:43.031000,-0.2026337832212448,-0.0014399000210687518
2023-01-07 12:28:43.061000,-0.25805822014808655,-0.0013604883570224047
2023-01-07 12:29:43.059000,-0.07923074811697006,-0.0013494073646143079
2023-01-07 12:30:42.969000,-0.06142260134220123,-0.0013518199557438493
2023-01-07 12:31:43.034000,-0.3699969947338104,-0.0013144693803042173
2023-01-07 12:32:43.406000,-0.2274848222732544,-0.0013610499445348978
2023-01-07 12:33:43.050000,-0.20049375295639038,-0.0013624047860503197
2023-01-07 12:34:43.535000,-0.5347653031349182,-0.0013159412192180753
2023-01-07 12:35:43.489000,-0.5628592371940613,-0.0013367708306759596
2023-01-07 12:36:42.986000,-0.1973249763250351,-0.001367509481497109
2023-01-07 12:37:42.998000,-0.20196853578090668,-0.0013056154130026698
2023-01-07 12:38:43.054000,-0.3142986595630646,-0.0013421521289274096
2023-01-07 12:39:43.021000,-0.4158802926540375,-0.0013499524211511016
2023-01-07 12:40:43.061000,-0.20887666940689087,-0.0013558095088228583
2023-01-07 12:41:43.084000,-0.23995283246040344,-0.0013490443816408515
2023-01-07 12:42:43.550000,-0.7216386198997498,-0.0013735454995185137
2023-01-07 12:43:43.014000,-0.4203437864780426,-0.0013396666618064046
2023-01-07 12:44:42.974000,-0.17997707426548004,-0.0013702195137739182
2023-01-07 12:45:43.520000,-0.16600383818149567,-0.0013460332993417978
2023-01-07 12:46:43.035000,-0.5112377405166626,-0.0013388644438236952
2023-01-07 12:47:43.260000,-0.1823330819606781,-0.0013289422495290637
2023-01-07 12:48:43.367000,-0.19376151263713837,-0.001325263176113367
2023-01-07 12:49:43.034000,-0.35888999700546265,-0.001369101693853736
2023-01-07 12:50:43.421000,-0.5291579365730286,-0.001358525361865759
2023-01-07 12:51:42.973000,-0.6022243499755859,-0.0013670199550688267
2023-01-07 12:52:43.034000,-0.26123112440109253,-0.0013522448716685176
2023-01-07 12:53:43.404000,-0.5516344308853149,-0.0013641627738252282
2023-01-07 12:54:43.267000,-0.22933898866176605,-0.001411059987731278
2023-01-07 12:55:43.369000,-0.19997002184391022,-0.0013355399714782834
2023-01-07 12:56:43.191000,-0.19833581149578094,-0.001351649989373982
2023-01-07 12:57:43.046000,-0.4945010840892792,-0.0013724464224651456
2023-01-07 12:58:43.127000,-0.17842382192611694,-0.001303481520153582
2023-01-07 12:59:43.024000,-0.5694440007209778,-0.0013279130216687918
2023-01-07 13:00:43.357000,-0.2954762578010559,-0.0012873720843344927
2023-01-07 13:01:43.280000,-0.3392011523246765,-0.001309929764829576
2023-01-07 13:02:42.976000,-0.15901322662830353,-0.0013331904774531722
2023-01-07 13:03:42.953000,-0.18492382764816284,-0.0013282549334689975
2023-01-07 13:04:43.405000,-0.4693283438682556,-0.001274533336982131
2023-01-07 13:05:44.340000,-0.14334776997566223,-0.001290645799599588
2023-01-07 13:06:43.684000,-0.1435590535402298,-0.0013625833671540022
2023-01-07 13:07:43.094000,-0.3941248059272766,-0.0013240555999800563
2023-01-07 13:08:42.919000,-0.5993131399154663,-0.0013598367804661393
2023-01-07 13:09:42.957000,-0.14375831186771393,-0.0013354038819670677
2023-01-07 13:10:43.353000,-0.14583098888397217,-0.0013703529257327318
2023-01-07 13:11:42.986000,-0.31513842940330505,-0.0013859999598935246
2023-01-07 13:12:43.301000,-0.3292483985424042,-0.0013258749386295676
2023-01-07 13:13:42.951000,-0.14910399913787842,-0.001394103397615254
2023-01-07 13:14:42.965000,-0.13946227729320526,-0.0013790000230073929
2023-01-07 13:15:43.334000,-0.5775811076164246,-0.00134141999296844
2023-01-07 13:16:43.057000,-0.4030706584453583,-0.0013743332820013165
2023-01-07 13:17:42.980000,-0.14164584875106812,-0.0013635833747684956
2023-01-07 13:18:43,-0.1742917001247406,-0.0013814815320074558
2023-01-07 13:19:42.917000,-0.42739948630332947,-0.0013786379713565111
2023-01-07 13:20:42.946000,-0.1446164846420288,-0.0014156086836010218
2023-01-07 13:21:43.481000,-0.06284485012292862,-0.0013772790553048253
2023-01-07 13:22:42.919000,-0.261270135641098,-0.0013627333100885153
2023-01-07 13:23:42.977000,-0.17634278535842896,-0.0013458000030368567
2023-01-07 13:24:43.319000,-0.5329879522323608,-0.0013796428684145212
2023-01-07 13:25:43.120000,-0.1754329353570938,-0.001362866722047329
2023-01-07 13:26:43.326000,-0.4666016101837158,-0.001355895888991654
2023-01-07 13:27:43.306000,-0.14270997047424316,-0.0013674166984856129
2023-01-07 13:28:43.397000,-0.13992951810359955,-0.001374711049720645
2023-01-07 13:29:42.939000,-0.21053683757781982,-0.001363714225590229
2023-01-07 13:30:42.952000,-0.36381620168685913,-0.0014022050891071558
2023-01-07 13:31:43.375000,-0.12318921834230423,-0.0013830967945978045
2023-01-07 13:32:43.016000,-0.4340449869632721,-0.0014103191206231713
2023-01-07 13:33:43.182000,-0.4050038158893585,-0.0013778333086520433
2023-01-07 13:34:43.781000,-0.13695186376571655,-0.0013617804506793618
2023-01-07 13:35:43.345000,-0.06145155057311058,-0.0013974313624203205
2023-01-07 13:36:43.315000,-0.19151614606380463,-0.0013788723153993487
2023-01-07 13:37:43.346000,-0.5187830924987793,-0.0014142249710857868
2023-01-07 13:38:42.974000,-0.20739391446113586,-0.0013078076299279928
2023-01-07 13:39:43.174000,-0.20733758807182312,-0.001297191483899951
2023-01-07 13:40:42.864000,-0.5231319069862366,-0.0013390196254476905
2023-01-07 13:41:43.020000,-0.6003610491752625,-0.0014369486598297954
2023-01-07 13:42:42.950000,-0.20701320469379425,-0.0013519523199647665
2023-01-07 13:43:42.932000,-0.20361876487731934,-0.0013442683266475797
2023-01-07 13:44:42.875000,-0.4767650067806244,-0.0013951555592939258
2023-01-07 13:45:43.031000,-0.1905645728111267,-0.0013981522060930729
2023-01-07 13:46:43.368000,-0.18170200288295746,-0.0013754528481513262
2023-01-07 13:47:43.048000,-0.19831708073616028,-0.0013806154020130634
2023-01-07 13:48:42.842000,-0.6147192120552063,-0.0014078200329095125
2023-01-07 13:49:42.848000,-0.4448239207267761,-0.001519266632385552
2023-01-07 13:50:42.981000,-0.1667933464050293,-0.0015033043455332518
2023-01-07 13:51:43.293000,-0.2483527660369873,-0.0013899286277592182
2023-01-07 13:52:42.945000,-0.29104381799697876,-0.0013735357206314802
2023-01-07 13:53:43.211000,-0.17111989855766296,-0.0013446110533550382
2023-01-07 13:54:43.100000,-0.17445027828216553,-0.0013821892207488418
2023-01-07 13:55:43.515000,-0.48762619495391846,-0.0013580769300460815
2023-01-07 13:56:42.910000,-0.18035569787025452,-0.0013747659977525473
2023-01-07 13:57:42.913000,-0.5796401500701904,-0.00139999995008111
2023-01-07 13:58:43.177000,-0.21527405083179474,-0.001383304363116622
2023-01-07 13:59:42.856000,-0.5037009716033936,-0.0014344389783218503
2023-01-07 14:00:42.863000,-0.2086743712425232,-0.0013846278889104724
2023-01-07 14:01:42.983000,-0.24044182896614075,-0.001391139579936862
2023-01-07 14:02:43.241000,-0.4758402407169342,-0.0013594151241704822
2023-01-07 14:03:43.305000,-0.35869526863098145,-0.0014340908965095878
2023-01-07 14:04:43.333000,-0.24108187854290009,-0.0014128809561952949
2023-01-07 14:05:43.298000,-0.5882771611213684,-0.0013513469602912664
2023-01-07 14:06:42.905000,-0.5693235397338867,-0.0014393333112820983
2023-01-07 14:07:42.942000,-0.2218499630689621,-0.0013929024571552873
2023-01-07 14:08:42.904000,-0.22195623815059662,-0.0013221136759966612
2023-01-07 14:09:43.270000,-0.24239109456539154,-0.0014189999783411622
2023-01-07 14:10:42.984000,-0.4230867922306061,-0.0014183333842083812
2023-01-07 14:11:43.117000,-0.20277826488018036,-0.0014122548745945096
2023-01-07 14:12:42.834000,-0.17473779618740082,-0.001404588227160275
2023-01-07 14:13:43.185000,-0.6532189249992371,-0.0013385741040110588
2023-01-07 14:14:42.831000,-0.319385290145874,-0.0013984666438773274
2023-01-07 14:15:42.859000,-0.14035522937774658,-0.0014412830350920558
2023-01-07 14:16:42.860000,-0.13989000022411346,-0.001443524961359799
2023-01-07 14:17:43.396000,-0.4452687203884125,-0.001370120677165687
2023-01-07 14:18:42.926000,-0.14963027834892273,-0.0014484181301668286
2023-01-07 14:19:42.984000,-0.16305337846279144,-0.0013620952377095819
2023-01-07 14:20:42.976000,-0.2819150686264038,-0.0014218095457181334
2023-01-07 14:21:42.907000,-0.5356502532958984,-0.0013909791596233845
2023-01-07 14:22:43.299000,-0.3736427426338196,-0.0014066400472074747
2023-01-07 14:23:42.873000,-0.13166402280330658,-0.0014007241697981954
2023-01-07 14:24:42.941000,-0.32607004046440125,-0.0013996969209983945
2023-01-07 14:25:42.874000,-0.07777578383684158,-0.0014144000597298145
2023-01-07 14:26:43.337000,-0.02429981715977192,-0.001390388933941722
2023-01-07 14:27:42.923000,-0.023735282942652702,-0.0013999129878357053
2023-01-07 14:28:42.893000,-0.3348047137260437,-0.001445636386051774
2023-01-07 14:29:42.818000,-0.1018676832318306,-0.0013500232016667724
2023-01-07 14:30:42.894000,-0.35053929686546326,-0.0013670512707903981
2023-01-07 14:31:43.188000,-0.1143805980682373,-0.0014120000414550304
2023-01-07 14:32:42.836000,-0.32535192370414734,-0.0014001555973663926
2023-01-07 14:33:43.143000,-0.10082321614027023,-0.001235340372659266
2023-01-07 14:34:43.114000,-0.07214176654815674,-0.001379666617140174
2023-01-07 14:35:42.861000,-0.26965898275375366,-0.0013972499873489141
2023-01-07 14:36:42.791000,-0.14817334711551666,-0.00145329546649009
2023-01-07 14:37:42.852000,-0.059180233627557755,-0.0014769722474738955
2023-01-07 14:38:42.833000,-0.456138551235199,-0.0014096078230068088
2023-01-07 14:39:42.821000,-0.5113341808319092,-0.0015168043319135904
2023-01-07 14:40:42.872000,-0.3027946352958679,-0.0013695366214960814
2023-01-07 14:41:42.893000,-0.3267447352409363,-0.0014257741859182715
2023-01-07 14:42:43.090000,-0.3379662334918976,-0.0013102222001180053
2023-01-07 14:43:42.800000,-0.6130147576332092,-0.0013708510668948293
2023-01-07 14:44:43.220000,-0.2859137952327728,-0.0013843636261299253
2023-01-07 14:45:43.249000,-0.28194189071655273,-0.0013890222180634737
2023-01-07 14:46:42.926000,-0.6632269024848938,-0.0014567750040441751
2023-01-07 14:47:42.895000,-0.5427708625793457,-0.0014527045423164964
2023-01-07 14:48:42.898000,-0.2189207375049591,-0.001475999946705997
2023-01-07 14:49:42.780000,-0.21781902015209198,-0.0013975434703752398
2023-01-07 14:50:42.892000,-0.4880072772502899,-0.0013095116009935737
2023-01-07 14:51:42.895000,-0.23627084493637085,-0.0013791295932605863
2023-01-07 14:52:42.891000,-0.20613256096839905,-0.0014360889326781034
2023-01-07 14:53:43.092000,-0.20448066294193268,-0.0014959347900003195
2023-01-07 14:54:43.274000,-0.6002147197723389,-0.0014401000225916505
2023-01-07 14:55:42.813000,-0.44829973578453064,-0.0014717954909428954
2023-01-07 14:56:42.821000,-0.14735466241836548,-0.0014241388998925686
2023-01-07 14:57:42.774000,-0.20390836894512177,-0.0014441509265452623
2023-01-07 14:58:42.858000,-0.44544193148612976,-0.0015121224569156766
2023-01-07 14:59:43.052000,-0.14734241366386414,-0.0014902399852871895
2023-01-07 15:00:43.193000,-0.14778250455856323,-0.001495914882980287
2023-01-07 15:01:42.849000,-0.29801198840141296,-0.001454420038498938
2023-01-07 15:02:43.226000,-0.30904778838157654,-0.0014476364012807608
2023-01-07 15:03:43.217000,-0.5669325590133667,-0.0014345799572765827
2023-01-07 15:04:43.369000,-0.1626393347978592,-0.0014692563563585281
2023-01-07 15:05:42.888000,-0.4047991633415222,-0.0014304210199043155
2023-01-07 15:06:43.087000,-0.15064658224582672,-0.0014307221863418818
2023-01-07 15:07:43.167000,-0.1122320294380188,-0.0014294423162937164
2023-01-07 15:08:42.829000,-0.10964273661375046,-0.0014233000110834837
2023-01-07 15:09:42.822000,-0.4207249879837036,-0.0014376037288457155
2023-01-07 15:10:42.944000,-0.14791856706142426,-0.0014027931028977036
2023-01-07 15:11:43.090000,-0.44578006863594055,-0.0014388780109584332
2023-01-07 15:12:42.884000,-0.3004463016986847,-0.0013874347787350416
2023-01-07 15:13:43.090000,-0.4023396372795105,-0.0013440408511087298
2023-01-07 15:14:43.052000,-0.15212804079055786,-0.0014644762268289924
2023-01-07 15:15:43.438000,-0.1527642458677292,-0.0014224599581211805
2023-01-07 15:16:43.164000,-0.40190356969833374,-0.0014591020299121737
2023-01-07 15:17:42.780000,-0.36862435936927795,-0.0014897399814799428
2023-01-07 15:18:42.799000,-0.2661287188529968,-0.001382000045850873
2023-01-07 15:19:42.788000,-0.437059223651886,-0.0014274499844759703
2023-01-07 15:20:42.780000,-0.7734116911888123,-0.001508541638031602
2023-01-07 15:21:42.754000,-0.2472361922264099,-0.0014937390806153417
2023-01-07 15:22:42.837000,-0.23506200313568115,-0.0013852888951078057
2023-01-07 15:23:43.070000,-0.25088387727737427,-0.0014184509636834264
2023-01-07 15:24:43.045000,-0.4910682737827301,-0.0014574750093743205
2023-01-07 15:25:42.740000,-0.18376539647579193,-0.0013832978438585997
2023-01-07 15:26:42.858000,-0.1875511109828949,-0.0014144150773063302
2023-01-07 15:27:42.796000,-0.34127625823020935,-0.001388105214573443
2023-01-07 15:28:43.238000,-0.521131694316864,-0.0013948536943644285
2023-01-07 15:29:43.174000,-0.058451250195503235,-0.0013783043250441551
2023-01-07 15:30:43.019000,-0.06348298490047455,-0.0014448461588472128
2023-01-07 15:31:42.794000,-0.3732803761959076,-0.00138084776699543
2023-01-07 15:32:43.191000,-0.06385693699121475,-0.0013917667092755437
2023-01-07 15:33:43.150000,-0.06275355070829391,-0.0014030166203156114
2023-01-07 15:34:42.786000,-0.05810464918613434,-0.0013952857116237283
2023-01-07 15:35:43.091000,-0.3630203604698181,-0.0014277551090344787
2023-01-07 15:36:42.786000,-0.44909045100212097,-0.001455980003811419
2023-01-07 15:37:42.787000,-0.05928908288478851,-0.0014210869558155537
2023-01-07 15:38:42.991000,-0.18521597981452942,-0.0014176481636241078
2023-01-07 15:39:42.775000,-0.3023940920829773,-0.0014249591622501612
2023-01-07 15:40:42.774000,-0.08359625190496445,-0.0014303773641586304
2023-01-07 15:41:43.005000,-0.06825631856918335,-0.0014938409440219402
2023-01-07 15:42:42.723000,-0.36224472522735596,-0.0014185365289449692
2023-01-07 15:43:43.296000,-0.26506945490837097,-0.001424000016413629
2023-01-07 15:44:43.144000,-0.41050583124160767,-0.0014161086874082685
2023-01-07 15:45:42.884000,-0.3802667558193207,-0.0013359654694795609
2023-01-07 15:46:43.143000,-0.49316707253456116,-0.0014447441790252924
2023-01-07 15:47:42.709000,-0.18586723506450653,-0.0014819777570664883
2023-01-07 15:48:43.181000,-0.1981358826160431,-0.001327210571616888
2023-01-07 15:49:43.035000,-0.18684829771518707,-0.0014398000203073025
2023-01-07 15:50:43.379000,-0.45986104011535645,-0.0013624444836750627
2023-01-07 15:51:43.062000,-0.17010335624217987,-0.0014278333401307464
2023-01-07 15:52:43.110000,-0.1711367964744568,-0.0013818000443279743
2023-01-07 15:53:42.741000,-0.7196152210235596,-0.0014356981264427304
2023-01-07 15:54:42.804000,-0.4150131642818451,-0.0014334333827719092
2023-01-07 15:55:43.127000,-0.294745534658432,-0.001513195689767599
2023-01-07 15:56:42.649000,-0.29699942469596863,-0.0014080555411055684
2023-01-07 15:57:42.916000,-0.5562520027160645,-0.001377022243104875
2023-01-07 15:58:42.726000,-0.24013946950435638,-0.0014503061538562179
2023-01-07 15:59:43.015000,-0.23740999400615692,-0.0014358448097482324
2023-01-07 16:00:42.753000,-0.26709508895874023,-0.0014636500272899866
2023-01-07 16:01:43.177000,-0.7910853028297424,-0.001422542380169034
2023-01-07 16:02:42.746000,-0.419677734375,-0.0014764310326427221
2023-01-07 16:03:43.081000,-0.1973661333322525,-0.001403604168444872
2023-01-07 16:04:42.711000,-0.2520725429058075,-0.0014644615584984422
2023-01-07 16:05:43.085000,-0.41068270802497864,-0.0014192380476742983
2023-01-07 16:06:42.690000,-0.16867665946483612,-0.0014424443943426013
2023-01-07 16:07:42.703000,-0.16829976439476013,-0.001452250056900084
2023-01-07 16:08:42.678000,-0.3725624680519104,-0.0014624482719227672
2023-01-07 16:09:42.766000,-0.27934837341308594,-0.001522326492704451
2023-01-07 16:10:42.813000,-0.5822010040283203,-0.0013032325077801943
2023-01-07 16:11:42.672000,-0.15039126574993134,-0.0015848048496991396
2023-01-07 16:12:42.770000,-0.4523816406726837,-0.001236138865351677
2023-01-07 16:13:43.142000,-0.1439703106880188,-0.00150444230530411
2023-01-07 16:14:43.062000,-0.13786500692367554,-0.0013883773935958743
2023-01-07 16:15:42.713000,-0.1386331021785736,-0.0014655936975032091
2023-01-07 16:16:42.995000,-0.4428863525390625,-0.0014134285738691688
2023-01-07 16:17:42.725000,-0.1419806182384491,-0.0015144872013479471
2023-01-07 16:18:42.739000,-0.24965159595012665,-0.0015047499909996986
2023-01-07 16:19:43.079000,-0.5033816695213318,-0.0014637233689427376
2023-01-07 16:20:43.134000,-0.35097336769104004,-0.0014395681209862232
2023-01-07 16:21:42.996000,-0.11776678264141083,-0.0014207777567207813
2023-01-07 16:22:42.754000,-0.12772496044635773,-0.001483354833908379
2023-01-07 16:23:42.744000,-0.3392792046070099,-0.0015011250507086515
2023-01-07 16:24:42.741000,-0.25507912039756775,-0.001437428523786366
2023-01-07 16:25:42.876000,-0.10691267997026443,-0.001478578895330429
2023-01-07 16:26:42.730000,-0.10275741666555405,-0.001477892859838903
2023-01-07 16:27:42.675000,-0.6993433237075806,-0.001489041605964303
2023-01-07 16:28:42.687000,-0.20095518231391907,-0.0014895366039127111
2023-01-07 16:29:43.141000,-0.09494421631097794,-0.0014899999368935823
2023-01-07 16:30:42.691000,-0.028607066720724106,-0.0015299791703000665
2023-01-07 16:31:43.078000,-0.39762741327285767,-0.001594159984961152
2023-01-07 16:32:43.215000,-0.1599281132221222,-0.001470937510021031
2023-01-07 16:33:42.754000,-0.16693879663944244,-0.0015068163629621267
2023-01-07 16:34:42.619000,-0.21362270414829254,-0.0014219285221770406
2023-01-07 16:35:42.691000,-0.438067764043808,-0.001431531854905188
2023-01-07 16:36:42.741000,-0.5903306007385254,-0.001480962266214192
2023-01-07 16:37:43.120000,-0.1559930443763733,-0.0014467777218669653
2023-01-07 16:38:43.065000,-0.3415934145450592,-0.0014973190845921636
2023-01-07 16:39:42.907000,-0.2730306088924408,-0.0014573635999113321
2023-01-07 16:40:42.659000,-0.09696854650974274,-0.00146615004632622
2023-01-07 16:41:43.096000,-0.09191285073757172,-0.001503425883129239
2023-01-07 16:42:42.631000,-0.3876546323299408,-0.0014945659786462784
2023-01-07 16:43:43.157000,-0.07305149734020233,-0.0014633636455982924
2023-01-07 16:44:42.711000,-0.2684561312198639,-0.0014810217544436455
2023-01-07 16:45:42.969000,-0.39680659770965576,-0.0014336856547743082
2023-01-07 16:46:42.675000,-0.5057967305183411,-0.0013585272245109081
2023-01-07 16:47:42.651000,-0.2076534628868103,-0.001461461535654962
2023-01-07 16:48:43.094000,-0.2338549643754959,-0.0014936153311282396
2023-01-07 16:49:42.698000,-0.24941016733646393,-0.0014659762382507324
2023-01-07 16:50:42.682000,-0.4757046401500702,-0.0015424772864207625
2023-01-07 16:51:42.623000,-0.2060960829257965,-0.0015091666718944907
2023-01-07 16:52:42.915000,-0.20687319338321686,-0.001381400041282177
2023-01-07 16:53:43.087000,-0.7444136738777161,-0.0015410250052809715
2023-01-07 16:54:43.079000,-0.37694302201271057,-0.0014423404354602098
2023-01-07 16:55:43.132000,-0.2012353092432022,-0.0014547347091138363
2023-01-07 16:56:42.892000,-0.22082947194576263,-0.0015133043052628636
2023-01-07 16:57:43.608000,-0.48915302753448486,-0.0014513590140268207
2023-01-07 16:58:42.895000,-0.26388686895370483,-0.0014191153459250927
2023-01-07 16:59:42.714000,-0.19729956984519958,-0.0014891522005200386
2023-01-07 17:00:42.646000,-0.13446712493896484,-0.0014417647616937757
2023-01-07 17:01:42.958000,-0.5396426916122437,-0.0014412557939067483
2023-01-07 17:02:43.058000,-0.48064514994621277,-0.0014669575029984117
2023-01-07 17:03:43.054000,-0.14441868662834167,-0.0014586499892175198
2023-01-07 17:04:42.678000,-0.13677585124969482,-0.0014877446228638291
2023-01-07 17:05:43.034000,-0.4495800733566284,-0.0015045000473037362
2023-01-07 17:06:42.733000,-0.13521449267864227,-0.001455735880881548
2023-01-07 17:07:42.961000,-0.13469445705413818,-0.0014818112831562757
2023-01-07 17:08:42.990000,-0.16691404581069946,-0.001502104103565216
2023-01-07 17:09:42.964000,-0.4745698571205139,-0.0014428000431507826
2023-01-07 17:10:42.868000,-0.5512484908103943,-0.0015287500573322177
2023-01-07 17:11:42.973000,-0.39625078439712524,-0.001436053542420268
2023-01-07 17:12:42.969000,-0.40136659145355225,-0.0015251025324687362
2023-01-07 17:13:42.658000,-0.40633296966552734,-0.0014315510634332895
2023-01-07 17:14:42.686000,-0.2291252166032791,-0.0015071764355525374
2023-01-07 17:15:42.657000,-0.21766838431358337,-0.001355627435259521
2023-01-07 17:16:42.817000,-0.461988240480423,-0.0015359999379143119
2023-01-07 17:17:43.206000,-0.2208741158246994,-0.0014177551493048668
2023-01-07 17:18:42.578000,-0.2599882185459137,-0.0014809464337304235
2023-01-07 17:19:42.618000,-0.5124031901359558,-0.0014669434167444706
2023-01-07 17:20:42.938000,-0.4616085886955261,-0.0013718268601223826
2023-01-07 17:21:43.056000,-0.14984667301177979,-0.00137844227720052
2023-01-07 17:22:43.107000,-0.14834225177764893,-0.0014029090525582433
2023-01-07 17:23:43.004000,-0.14760228991508484,-0.0014446727000176907
2023-01-07 17:24:42.629000,-0.4531112015247345,-0.0014553695218637586
2023-01-07 17:25:42.855000,-0.13643161952495575,-0.0013115357141941786
2023-01-07 17:26:42.651000,-0.13692878186702728,-0.0014793957816436887
2023-01-07 17:27:43.040000,-0.5688011050224304,-0.0013485952513292432
2023-01-07 17:28:43.130000,-0.39950427412986755,-0.0013426939258351922
2023-01-07 17:29:42.641000,-0.13611307740211487,-0.0014014042681083083
2023-01-07 17:30:42.896000,-0.1392960101366043,-0.001466803951188922
2023-01-07 17:31:43.095000,-0.29156139492988586,-0.001403760863468051
2023-01-07 17:32:42.540000,-0.26298174262046814,-0.0013948888517916203
2023-01-07 17:33:42.633000,-0.07407146692276001,-0.001384833361953497
2023-01-07 17:34:43.130000,-0.05812196806073189,-0.001432604156434536
2023-01-07 17:35:43.040000,-0.5956494808197021,-0.0013683921424672008
2023-01-07 17:36:42.950000,-0.15010374784469604,-0.00151234888471663
2023-01-07 17:37:43.051000,-0.024902483448386192,-0.001172714284621179
2023-01-07 17:38:42.626000,-0.03398531675338745,-0.0014548000181093812
2023-01-07 17:39:43.001000,-0.3501399755477905,-0.0015027321642264724
2023-01-07 17:40:42.900000,-0.05668510124087334,-0.0015009534545242786
2023-01-07 17:41:42.827000,-0.06562551856040955,-0.001409200020134449
2023-01-07 17:42:42.925000,-0.03518723323941231,-0.0015678636264055967
2023-01-07 17:43:42.691000,-0.5982511043548584,-0.0012202444486320019
2023-01-07 17:44:42.598000,-0.15598087012767792,-0.0011199607979506254
2023-01-07 17:45:42.752000,-0.022747017443180084,-0.0009164666407741606
2023-01-07 17:46:42.678000,-0.12444891780614853,-0.0014024042757228017
2023-01-07 17:47:42.622000,-0.4915028214454651,-0.0014621219597756863
2023-01-07 17:48:42.982000,-0.2964016795158386,-0.001411849050782621
2023-01-07 17:49:43.037000,-0.29470035433769226,-0.0014159106649458408
2023-01-07 17:50:42.768000,-0.47115570306777954,-0.001712842145934701
2023-01-07 17:51:42.770000,-0.5832284688949585,-0.0013852500123903155
2023-01-07 17:52:42.552000,-0.5284612774848938,-0.0013117400230839849
2023-01-07 17:53:42.629000,-0.2949777841567993,-0.0016210731118917465
2023-01-07 17:54:42.571000,-0.5809628963470459,-0.0015163749922066927
2023-01-07 17:55:43.106000,-0.2666570544242859,-0.001367565244436264
2023-01-07 17:56:42.571000,-0.22817720472812653,-0.001537418575026095
2023-01-07 17:57:42.662000,-0.21167048811912537,-0.001439791638404131
2023-01-07 17:58:42.848000,-0.5244724154472351,-0.0015114317648112774
2023-01-07 17:59:43.073000,-0.2296842783689499,-0.0014293103013187647
2023-01-07 18:00:42.601000,-0.5748220682144165,-0.0014934693463146687
2023-01-07 18:01:42.920000,-0.3051483929157257,-0.0015841817948967218
2023-01-07 18:02:42.480000,-0.3601256012916565,-0.0014646121999248862
2023-01-07 18:03:42.933000,-0.17062047123908997,-0.001361630391329527
2023-01-07 18:04:42.545000,-0.1728755533695221,-0.0015047249617055058
2023-01-07 18:05:42.512000,-0.42448025941848755,-0.0014634400140494108
2023-01-07 18:06:42.887000,-0.22487559914588928,-0.0014083333080634475
2023-01-07 18:07:42.563000,-0.16881513595581055,-0.0014082222478464246
2023-01-07 18:08:42.854000,-0.5451176762580872,-0.0014630698133260012
2023-01-07 18:09:42.851000,-0.49806463718414307,-0.0015007674228399992
2023-01-07 18:10:43.041000,-0.1717441976070404,-0.0013971555745229125
2023-01-07 18:11:42.817000,-0.1735934615135193,-0.0014136944664642215
2023-01-07 18:12:42.873000,-0.277588427066803,-0.0013732826337218285
2023-01-07 18:13:43.019000,-0.3660823702812195,-0.0014652552781626582
2023-01-07 18:14:42.585000,-0.1504514515399933,-0.0013662173878401518
2023-01-07 18:15:42.546000,-0.14464856684207916,-0.0013753999955952168
2023-01-07 18:16:42.586000,-0.6949880719184875,-0.0014496666844934225
2023-01-07 18:17:42.543000,-0.33925408124923706,-0.0014665191993117332
2023-01-07 18:18:42.535000,-0.16363434493541718,-0.0014595434768125415
2023-01-07 18:19:42.763000,-0.15690690279006958,-0.001614586217328906
2023-01-07 18:20:42.602000,-0.45138439536094666,-0.0015924545004963875
2023-01-07 18:21:42.949000,-0.11701511591672897,-0.0015698636416345835
2023-01-07 18:22:42.541000,-0.11740158498287201,-0.0013667646562680602
2023-01-07 18:23:43.025000,-0.31638461351394653,-0.0012034571263939142
2023-01-07 18:24:43.225000,-0.40598127245903015,-0.0011965216835960746
2023-01-07 18:25:42.545000,-0.48035186529159546,-0.001197652192786336
2023-01-07 18:26:42.492000,-0.1982707381248474,-0.0016929268604144454
2023-01-07 18:27:42.782000,-0.5091069340705872,-0.0012638845946639776
2023-01-07 18:28:42.767000,-0.19340448081493378,-0.0015100666787475348
2023-01-07 18:29:42.886000,-0.2295643389225006,-0.001458749989978969
2023-01-07 18:30:43.054000,-0.35822901129722595,-0.0015520681627094746
2023-01-07 18:31:42.952000,-0.4133920967578888,-0.0014721363550052047
2023-01-07 18:32:42.925000,-0.2458362579345703,-0.0013396122958511114
2023-01-07 18:33:42.888000,-0.590680718421936,-0.0012562726624310017
2023-01-07 18:34:42.444000,-0.4695208668708801,-0.0014581538271158934
2023-01-07 18:35:42.934000,-0.14856687188148499,-0.0013372455723583698
2023-01-07 18:36:42.851000,-0.14847099781036377,-0.0011176399420946836
2023-01-07 18:37:42.985000,-0.08572438359260559,-0.0013404565397650003
2023-01-07 18:38:42.550000,-0.3763522803783417,-0.0012174772564321756
2023-01-07 18:39:42.900000,-0.06641735136508942,-0.0014082194538787007
2023-01-07 18:40:42.569000,-0.06678701937198639,-0.0014159803977236152
2023-01-07 18:41:42.519000,-0.47797495126724243,-0.0012509999796748161
2023-01-07 18:42:42.920000,-0.40533795952796936,-0.0015459811547771096
2023-01-07 18:43:43.070000,-0.06976830214262009,-0.001327325007878244
2023-01-07 18:44:42.550000,-0.05686928331851959,-0.001526574487797916
2023-01-07 18:45:42.887000,-0.11284158378839493,-0.001328465063124895
2023-01-07 18:46:42.554000,-0.3106238543987274,-0.001796357100829482
2023-01-07 18:47:42.789000,-0.05693479999899864,-0.0015298749785870314
2023-01-07 18:48:42.533000,-0.13268838822841644,-0.000804270850494504
2023-01-07 18:49:42.797000,-0.7147560715675354,-0.0008714749710634351
2023-01-07 18:50:42.811000,-0.40677791833877563,-0.0015414762310683727
2023-01-07 18:51:42.936000,-0.22199246287345886,-0.0015926511259749532
2023-01-07 18:52:42.792000,-0.20002083480358124,-0.0014051914913579822
2023-01-07 18:53:42.521000,-0.4278266429901123,-0.0013581025414168835
2023-01-07 18:54:42.961000,-0.23185880482196808,-0.0013984073884785175
2023-01-07 18:55:42.929000,-0.16398829221725464,-0.0015143256168812513
2023-01-07 18:56:42.883000,-0.16224254667758942,-0.0014226739294826984
2023-01-07 18:57:42.886000,-0.8512245416641235,-0.0013567142887040973
2023-01-07 18:58:42.464000,-0.17204603552818298,-0.0013695814413949847
2023-01-07 18:59:42.452000,-0.172989621758461,-0.0014860237715765834
2023-01-07 19:00:42.546000,-0.24856911599636078,-0.0013118409551680088
2023-01-07 19:01:43.081000,-0.4739983379840851,-0.001268588239327073
2023-01-07 19:02:42.855000,-0.262691855430603,-0.0011606538901105523
2023-01-07 19:03:42.909000,-0.2322402447462082,-0.0014045475982129574
2023-01-07 19:04:42.966000,-0.4474793076515198,-0.0013951086439192295
2023-01-07 19:05:42.533000,-0.6981784105300903,-0.0014085200382396579
2023-01-07 19:06:43.003000,-0.2837720215320587,-0.0013587233843281865
2023-01-07 19:07:43.195000,-0.2551088333129883,-0.0014835555339232087
2023-01-07 19:08:42.670000,-0.5751998424530029,-0.001457979204133153
2023-01-07 19:09:43.206000,-0.20456308126449585,-0.0014367906842380762
2023-01-07 19:10:42.420000,-0.20165304839611053,-0.0014003721298649907
2023-01-07 19:11:43.018000,-0.2294621765613556,-0.001485222252085805
2023-01-07 19:12:42.685000,-0.49492523074150085,-0.0013902973150834441
2023-01-07 19:13:42.812000,-0.485737144947052,-0.0014662727480754256
2023-01-07 19:14:42.368000,-0.28524425625801086,-0.0013546274276450276
2023-01-07 19:15:42.518000,-0.34364184737205505,-0.0014452999457716942
2023-01-07 19:16:42.783000,-0.2660244107246399,-0.0013954166788607836
2023-01-07 19:17:42.471000,-0.1437595635652542,-0.0014383777743205428
2023-01-07 19:18:42.834000,-0.1477130949497223,-0.0014657708816230297
2023-01-07 19:19:42.798000,-0.4562396705150604,-0.0014284772332757711
2023-01-07 19:20:42.493000,-0.14634466171264648,-0.0014270178508013487
2023-01-07 19:21:42.368000,-0.326082319021225,-0.0013012340059503913
2023-01-07 19:22:42.466000,-0.42816439270973206,-0.0014667804352939129
2023-01-07 19:23:42.419000,-0.3836534023284912,-0.0014212244423106313
2023-01-07 19:24:42.385000,-0.14027594029903412,-0.0014775273157283664
2023-01-07 19:25:42.771000,-0.15525302290916443,-0.0014571131905540824
2023-01-07 19:26:42.719000,-0.43647027015686035,-0.0013714339584112167
2023-01-07 19:27:42.397000,-0.212339386343956,-0.0013890833361074328
2023-01-07 19:28:42.404000,-0.1377677023410797,-0.001337135094217956
2023-01-07 19:29:42.657000,-0.21568982303142548,-0.0014154285890981555
2023-01-07 19:30:42.522000,-0.7538264393806458,-0.0014791730791330338
2023-01-07 19:31:42.800000,-0.14179186522960663,-0.0014347692485898733
2023-01-07 19:32:42.437000,-0.14113572239875793,-0.001436020014807582
2023-01-07 19:33:42.656000,-0.29899030923843384,-0.0014202826423570514
2023-01-07 19:34:42.443000,-0.2571752667427063,-0.0014005489647388458
2023-01-07 19:35:42.691000,-0.03791293129324913,-0.0015570961404591799
2023-01-07 19:36:42.449000,-0.024559583514928818,-0.0013752500526607037
2023-01-07 19:37:42.344000,-0.34025657176971436,-0.0013753846287727356
2023-01-07 19:38:42.497000,-0.45299476385116577,-0.0011810625437647104
2023-01-07 19:39:42.813000,-0.15735585987567902,-0.0013390270760282874
2023-01-07 19:40:42.882000,-0.13974863290786743,-0.0013034242438152432
2023-01-07 19:41:42.455000,-0.4330272376537323,-0.0013308478519320488
2023-01-07 19:42:42.728000,-0.12737281620502472,-0.0015456315595656633
2023-01-07 19:43:42.708000,-0.12298879772424698,-0.0014873958425596356
2023-01-07 19:44:42.942000,-0.2868111729621887,-0.001417307648807764
2023-01-07 19:45:42.808000,-0.28529709577560425,-0.0013676410308107734
2023-01-07 19:46:42.661000,-0.46785369515419006,-0.0014141176361590624
2023-01-07 19:47:42.854000,-0.11876483261585236,-0.0013165416894480586
2023-01-07 19:48:42.818000,-0.3851669728755951,-0.0014628510689362884
2023-01-07 19:49:42.947000,-0.14446361362934113,-0.0014971599448472261
2023-01-07 19:50:42.424000,-0.20560844242572784,-0.0013599267695099115
2023-01-07 19:51:42.681000,-0.2523084580898285,-0.0014171224320307374
2023-01-07 19:52:42.332000,-0.5014735460281372,-0.0015283061657100916
2023-01-07 19:53:42.391000,-0.2006506621837616,-0.0016259800177067518
2023-01-07 19:54:42.435000,-0.3859666883945465,-0.0013910237466916442
2023-01-07 19:55:42.363000,-0.5864651203155518,-0.001739199971780181
2023-01-07 19:56:42.450000,-0.3079320788383484,-0.0014168857596814632
2023-01-07 19:57:42.339000,-0.19545356929302216,-0.0014241731259971857
2023-01-07 19:58:42.394000,-0.20427027344703674,-0.0013222036650404334
2023-01-07 19:59:42.750000,-0.5357714891433716,-0.0015616955934092402
2023-01-07 20:00:42.601000,-0.23766326904296875,-0.0015724650584161282
2023-01-07 20:01:42.389000,-0.20632533729076385,-0.0014070000033825636
2023-01-07 20:02:42.736000,-0.38544961810112,-0.0015004399465397
2023-01-07 20:03:42.730000,-0.7234706282615662,-0.0013996562920510769
2023-01-07 20:04:42.328000,-0.14603374898433685,-0.0014291944680735469
2023-01-07 20:05:42.762000,-0.125050887465477,-0.0014352037105709314
2023-01-07 20:06:42.732000,-0.46377119421958923,-0.0014471111353486776
2023-01-07 20:07:42.760000,-0.16335202753543854,-0.0013768268981948495
2023-01-07 20:08:42.611000,-0.1455359309911728,-0.0014033555053174496
2023-01-07 20:09:43.019000,-0.192411869764328,-0.0013690454652532935
2023-01-07 20:10:42.673000,-0.3882744014263153,-0.001413872349075973
2023-01-07 20:11:43.011000,-0.5187683701515198,-0.0014705713838338852
2023-01-07 20:12:42.352000,-0.13960261642932892,-0.0014313182327896357
2023-01-07 20:13:42.727000,-0.45515936613082886,-0.0014440868981182575
2023-01-07 20:14:42.645000,-0.19582535326480865,-0.0014173666713759303
2023-01-07 20:15:42.841000,-0.1267935186624527,-0.0013989999424666166
2023-01-07 20:16:42.750000,-0.20826081931591034,-0.0013971333391964436
2023-01-07 20:17:42.658000,-0.47400712966918945,-0.0012823636643588543
2023-01-07 20:18:42.725000,-0.2087898552417755,-0.0015910000074654818
2023-01-07 20:19:42.325000,-0.5140340924263,-0.0014995833626016974
2023-01-07 20:20:42.410000,-0.5986039042472839,-0.0014862592797726393
2023-01-07 20:21:42.849000,-0.2759445607662201,-0.001369951176457107
2023-01-07 20:22:42.371000,-0.26675862073898315,-0.0014513636706396937
2023-01-07 20:23:42.867000,-0.29010340571403503,-0.0014435909688472748
2023-01-07 20:24:42.626000,-0.4348699450492859,-0.0014538653194904327
2023-01-07 20:25:42.656000,-0.16820451617240906,-0.0014535749796777964
2023-01-07 20:26:42.663000,-0.16448146104812622,-0.001421340391971171
2023-01-07 20:27:42.358000,-0.654295802116394,-0.0014198868302628398
2023-01-07 20:28:42.369000,-0.3280321955680847,-0.0013849767856299877
2023-01-07 20:29:42.715000,-0.14081063866615295,-0.001435867859981954
2023-01-07 20:30:42.584000,-0.21994249522686005,-0.001397759304381907
2023-01-07 20:31:42.307000,-0.3728727400302887,-0.0014599000569432974
2023-01-07 20:32:42.389000,-0.14267517626285553,-0.0014419038780033588
2023-01-07 20:33:42.311000,-0.14176036417484283,-0.0013613421469926834
2023-01-07 20:34:42.322000,-0.43222159147262573,-0.0014141371939331293
2023-01-07 20:35:42.893000,-0.18936078250408173,-0.0014437272911891341
2023-01-07 20:36:42.331000,-0.3602854013442993,-0.0013878780882805586
2023-01-07 20:37:42.393000,-0.19239191710948944,-0.0013414130080491304
2023-01-07 20:38:42.409000,-0.24414917826652527,-0.0013899743789806962
2023-01-07 20:39:42.385000,-0.06807290017604828,-0.0013781724264845252
2023-01-07 20:40:42.672000,-0.06742141395807266,-0.0014561250573024154
2023-01-07 20:41:42.317000,-0.37406954169273376,-0.0014721350744366646
2023-01-07 20:42:42.296000,-0.06728523224592209,-0.0014004857512190938
2023-01-07 20:43:42.832000,-0.08780059963464737,-0.001272390247322619
2023-01-07 20:44:42.697000,-0.6422346830368042,-0.001489926828071475
2023-01-07 20:45:42.673000,-0.20579324662685394,-0.0015718108043074608
2023-01-07 20:46:42.646000,-0.05689693242311478,-0.001394452410750091
2023-01-07 20:47:42.765000,-0.056875232607126236,-0.0013487872201949358
2023-01-07 20:48:42.562000,-0.3712705373764038,-0.0014318571193143725
2023-01-07 20:49:42.268000,-0.06619270145893097,-0.0014211999950930476
2023-01-07 20:50:42.704000,-0.19295236468315125,-0.0014371875440701842
2023-01-07 20:51:42.522000,-0.44166672229766846,-0.001324406242929399
2023-01-07 20:52:42.639000,-0.581807553768158,-0.0014314117142930627
2023-01-07 20:53:42.374000,-0.1983962506055832,-0.0013645581202581525
2023-01-07 20:54:42.275000,-0.3244740962982178,-0.0013967499835416675
2023-01-07 20:55:42.517000,-0.5023717284202576,-0.0014461842365562916
2023-01-07 20:56:42.624000,-0.25581929087638855,-0.001388822216540575
2023-01-07 20:57:42.657000,-0.26603129506111145,-0.0015967674553394318
2023-01-07 20:58:42.737000,-0.5985697507858276,-0.0013829199597239494
2023-01-07 20:59:42.324000,-0.26913008093833923,-0.0014559130650013685
2023-01-07 21:00:42.354000,-0.6351494789123535,-0.0013250588672235608
2023-01-07 21:01:42.638000,-0.4660429358482361,-0.00127502775285393
2023-01-07 21:02:42.297000,-0.49009835720062256,-0.001369574456475675
2023-01-07 21:03:42.561000,-0.38917335867881775,-0.0013241874985396862
2023-01-07 21:04:42.827000,-0.39078640937805176,-0.001562702702358365
2023-01-07 21:05:43.157000,-0.6469030380249023,-0.0015053636161610484
2023-01-07 21:06:43.112000,-0.36336585879325867,-0.0013519130880013108
2023-01-07 21:07:42.753000,-0.40458694100379944,-0.0014403939712792635
2023-01-07 21:08:42.290000,-0.9170739650726318,-0.0015614681178703904
2023-01-07 21:09:42.519000,-0.5021721124649048,-0.001340826041996479
2023-01-07 21:10:42.212000,-0.3496832847595215,-0.0015497575514018536
2023-01-07 21:11:42.785000,-0.3567770719528198,-0.0014388749841600657
2023-01-07 21:12:42.259000,-0.6655836701393127,-0.0015771538019180298
2023-01-07 21:13:42.846000,-0.3000357151031494,-0.0013982162345200777
2023-01-07 21:14:42.331000,-0.293224036693573,-0.0013019301695749164
2023-01-07 21:15:42.367000,-0.5784174799919128,-0.0013660232070833445
2023-01-07 21:16:42.497000,-0.6804041266441345,-0.0014186326880007982
2023-01-07 21:17:42.275000,-0.2724229693412781,-0.0014134716475382447
2023-01-07 21:18:43.044000,-0.40899279713630676,-0.0013939091004431248
2023-01-07 21:19:42.535000,-0.46188491582870483,-0.001437318162061274
2023-01-07 21:20:42.297000,-0.30533960461616516,-0.0013598999939858913
2023-01-07 21:21:42.609000,-0.2819659411907196,-0.001414499944075942
2023-01-07 21:22:42.255000,-0.5774768590927124,-0.0014079230604693294
2023-01-07 21:23:42.722000,-0.3585977256298065,-0.0014488297747448087
2023-01-07 21:24:42.570000,-0.5301291346549988,-0.0014163571177050471
2023-01-07 21:25:42.643000,-0.5062140822410583,-0.0014397082850337029
2023-01-07 21:26:42.529000,-0.27295541763305664,-0.0014183243038132787
2023-01-07 21:27:42.184000,-0.2303483933210373,-0.0013894210569560528
2023-01-07 21:28:42.285000,-0.28812074661254883,-0.001364071387797594
2023-01-07 21:29:42.549000,-0.540169358253479,-0.001423874986357987
2023-01-07 21:30:42.484000,-0.22940291464328766,-0.001345977303571999
2023-01-07 21:31:42.644000,-0.384084552526474,-0.001302552642300725
2023-01-07 21:32:42.793000,-0.8499320149421692,-0.0014126666355878115
2023-01-07 21:33:42.276000,-0.40136533975601196,-0.0015114090638235211
2023-01-07 21:34:42.792000,-0.3273237347602844,-0.0014451666502282023
2023-01-07 21:35:42.184000,-0.31870993971824646,-0.001443777815438807
2023-01-07 21:36:42.558000,-0.660632312297821,-0.0014384634559974074
2023-01-07 21:37:42.207000,-0.34564894437789917,-0.0013363437028601766
2023-01-07 21:38:42.180000,-0.35566049814224243,-0.0014403541572391987
2023-01-07 21:39:42.515000,-0.3469196856021881,-0.0014686904614791274
2023-01-07 21:40:42.316000,-0.9877387285232544,-0.0014833403984084725
2023-01-07 21:41:42.746000,-0.30590197443962097,-0.0014044599374756217
2023-01-07 21:42:42.259000,-0.34610071778297424,-0.0013930384302511811
2023-01-07 21:43:42.550000,-0.4149250090122223,-0.001454571378417313
2023-01-07 21:44:42.293000,-0.5210565328598022,-0.001384657109156251
2023-01-07 21:45:42.503000,-0.290811687707901,-0.0014410499716177583
2023-01-07 21:46:42.187000,-0.26256245374679565,-0.001410400029271841
2023-01-07 21:47:42.616000,-0.48911795020103455,-0.0013991666492074728
2023-01-07 21:48:42.777000,-0.7014936208724976,-0.0014212727546691895
2023-01-07 21:49:42.718000,-0.2848076820373535,-0.0014630698133260012
2023-01-07 21:50:42.195000,-0.27801066637039185,-0.0014372292207553983
2023-01-07 21:51:42.515000,-0.6030120253562927,-0.0013908836990594864
2023-01-07 21:52:42.249000,-0.27045029401779175,-0.0014006341807544231
2023-01-07 21:53:42.634000,-0.2656329274177551,-0.0014217660063877702
2023-01-07 21:54:42.653000,-0.26710399985313416,-0.0014640638837590814
2023-01-07 21:55:42.141000,-0.566041886806488,-0.0014302765484899282
2023-01-07 21:56:42.835000,-0.48458626866340637,-0.0015177192399278283
2023-01-07 21:57:42.250000,-0.4131081700325012,-0.0014889761805534363
2023-01-07 21:58:42.475000,-0.39246150851249695,-0.0013307561166584492
2023-01-07 21:59:42.470000,-0.4586479663848877,-0.0014335897285491228
2023-01-07 22:00:42.155000,-0.2889370918273926,-0.0013659110991284251
2023-01-07 22:01:42.575000,-0.5404667854309082,-0.0014094877988100052
2023-01-07 22:02:42.191000,-0.8030338287353516,-0.0013527608243748546
2023-01-07 22:03:42.719000,-0.5944274663925171,-0.0014857333153486252
2023-01-07 22:04:42.618000,-0.6643984317779541,-0.001485054031945765
2023-01-07 22:05:42.562000,-0.8428403735160828,-0.0014447714202106
2023-01-07 22:06:42.606000,-0.8079915046691895,-0.0013979388168081641
2023-01-07 22:07:42.265000,-0.49475592374801636,-0.0014077272498980165
2023-01-07 22:08:42.592000,-0.49539828300476074,-0.001298390212468803
2023-01-07 22:09:42.399000,-0.7035737037658691,-0.001293086912482977
2023-01-07 22:10:42.498000,-0.7586499452590942,-0.0014066578587517142
2023-01-07 22:11:42.262000,-0.5868922472000122,-0.0013998333597555757
2023-01-07 22:12:42.368000,-0.5858531594276428,-0.0013057272881269455
2023-01-07 22:13:42.674000,-1.272613286972046,-0.001328058773651719
2023-01-07 22:14:42.246000,-0.5784512758255005,-0.001491521717980504
2023-01-07 22:15:42.575000,-0.573136568069458,-0.0014675111742690206
2023-01-07 22:16:42.287000,-0.6299174427986145,-0.0014937999658286572
2023-01-07 22:17:42.195000,-0.8398979902267456,-0.0016024864744395018
2023-01-07 22:18:42.191000,-0.5672906041145325,-0.0015615272568538785
2023-01-07 22:19:42.215000,-0.5626755356788635,-0.001439794898033142
2023-01-07 22:20:42.635000,-0.8187243342399597,-0.0013515405589714646
2023-01-07 22:21:42.574000,-0.7302498817443848,-0.0013717036927118897
2023-01-07 22:22:42.481000,-0.5694199800491333,-0.0014634390827268362
2023-01-07 22:23:42.650000,-0.4179331064224243,-0.0014499286189675331
2023-01-07 22:24:42.695000,-0.698093593120575,-0.0014568408951163292
2023-01-07 22:25:42.522000,-0.39005759358406067,-0.0013568636495620012
2023-01-07 22:26:42.403000,-0.36545702815055847,-0.0013680238043889403
2023-01-07 22:27:42.623000,-0.3758143186569214,-0.0014921851688995957
2023-01-07 22:28:42.559000,-0.21052564680576324,-0.0014964999863877892
2023-01-07 22:29:42.705000,-0.13214519619941711,-0.001356978202238679
2023-01-07 22:30:42.154000,-0.507855236530304,-0.0013758636778220534
2023-01-07 22:31:42.669000,-0.4069197177886963,-0.0015545714413747191
2023-01-07 22:32:42.598000,-0.0998840183019638,-0.0014780769124627113
2023-01-07 22:33:42.483000,-0.10008466243743896,-0.0014043590053915977
2023-01-07 22:34:42.372000,-0.10056696832180023,-0.0014257419388741255
2023-01-07 22:35:42.519000,-1.3362293243408203,-0.0014179024146869779
2023-01-07 22:36:42.480000,-1.1291545629501343,-0.0013755682157352567
2023-01-07 22:37:42.445000,-1.224550724029541,-0.0014308571116998792
2023-01-07 22:38:42.468000,-0.948614776134491,-0.0014743477804586291
2023-01-07 22:39:42.186000,-2.137986421585083,-0.001425526337698102
2023-01-07 22:40:42.623000,-1.5671297311782837,-0.0014829796273261309
2023-01-07 22:41:42.476000,-1.5052679777145386,-0.0014409249415621161
2023-01-07 22:42:42.601000,-1.5272102355957031,-0.001440979540348053
2023-01-07 22:43:42.212000,-1.874198079109192,-0.0014756829477846622
2023-01-07 22:44:42.337000,-1.5686966180801392,-0.001441043452359736
2023-01-07 22:45:42.126000,-1.567184329032898,-0.0014499332755804062
2023-01-07 22:46:42.670000,-1.5997145175933838,-0.0014143845764920115
2023-01-07 22:47:42.352000,-1.6179475784301758,-0.0015167691744863987
2023-01-07 22:48:42.661000,-1.322007179260254,-0.0014552499633282423
2023-01-07 22:49:42.124000,-1.4428859949111938,-0.0014749111142009497
2023-01-07 22:50:42.565000,-1.0704491138458252,-0.0017005599802359939
2023-01-07 22:51:42.399000,-0.6874714493751526,0.006768341641873121
2023-01-07 22:52:42.505000,-0.401207834482193,0.00104228884447366
2023-01-07 22:53:42.436000,-0.3619661331176758,0.0011016052449122071
2023-01-07 22:54:42.324000,-0.3527880907058716,0.0013685999438166618
2023-01-07 22:55:42.406000,-0.6085368990898132,0.001748384558595717
2023-01-07 22:56:42.107000,-0.29392650723457336,0.0031175685580819845
2023-01-07 22:57:42.435000,-0.30623188614845276,0.004137761890888214
2023-01-07 22:58:42.407000,-0.3839684724807739,0.005314591806381941
2023-01-07 22:59:42.344000,-0.8565905094146729,0.006412783171981573
2023-01-07 23:00:42.476000,-0.3631337881088257,0.007566111162304878
2023-01-07 23:01:42.482000,-0.2964346408843994,0.008533097803592682
2023-01-07 23:02:42.248000,-0.27037152647972107,0.009818215854465961
2023-01-07 23:03:42.681000,-0.38683682680130005,0.010089853778481483
2023-01-07 23:04:42.175000,-0.4394518733024597,0.011728244833648205
2023-01-07 23:05:42.521000,-0.25456589460372925,0.01287788711488247
2023-01-07 23:06:42.363000,-0.23274093866348267,0.013910999521613121
2023-01-07 23:07:42.665000,-0.22946086525917053,0.014303288422524929
2023-01-07 23:08:42.435000,-0.7040267586708069,0.01567305438220501
2023-01-07 23:09:42.706000,-0.4146454930305481,0.01814178004860878
2023-01-07 23:10:42.438000,-0.2298699915409088,0.019804857671260834
2023-01-07 23:11:42.654000,-0.22823792695999146,0.020971378311514854
2023-01-07 23:12:42.406000,-0.42420706152915955,0.0215905848890543
2023-01-07 23:13:42.036000,-0.3890225887298584,0.023659907281398773
2023-01-07 23:14:42.589000,-0.2818039357662201,0.025220509618520737
2023-01-07 23:15:42.130000,-0.3168443441390991,0.026207059621810913
2023-01-07 23:16:42.101000,-0.3528606593608856,0.02826010435819626
2023-01-07 23:17:42.376000,-0.7868598103523254,0.030025722458958626
2023-01-07 23:18:42.105000,-0.6875509023666382,0.03140435367822647
2023-01-07 23:19:42.403000,-0.7833008766174316,0.0327327698469162
2023-01-07 23:20:42.280000,-0.5422556400299072,0.033750154078006744
2023-01-07 23:21:42.621000,-0.6233279705047607,0.035156745463609695
2023-01-07 23:22:42.351000,-0.8109049797058105,0.03649675101041794
2023-01-07 23:23:42.246000,-0.4768275320529938,0.03747623786330223
2023-01-07 23:24:42.236000,-0.5121135711669922,0.038707926869392395
2023-01-07 23:25:42.644000,-0.5401235222816467,0.03984347730875015
2023-01-07 23:26:42.105000,-0.6934154629707336,0.041133999824523926
2023-01-07 23:27:42.478000,-0.6880447268486023,0.04268111661076546
2023-01-07 23:28:42.107000,-0.656257688999176,0.043893128633499146
2023-01-07 23:29:42.529000,-0.8189789652824402,0.0451371930539608
2023-01-07 23:30:42.423000,-0.5342811346054077,0.04606340080499649
2023-01-07 23:31:42.280000,-0.7013744115829468,0.04716506227850914
2023-01-07 23:32:42.118000,-0.6431150436401367,0.048099759966135025
2023-01-07 23:33:42.441000,-0.48960545659065247,0.049148887395858765
2023-01-07 23:34:42.583000,-0.5344722270965576,0.050161998718976974
2023-01-07 23:35:42.491000,-0.4580188989639282,0.0513419583439827
2023-01-07 23:36:42.362000,-0.5903397798538208,0.05238528549671173
2023-01-07 23:37:42.598000,-0.667045533657074,0.054135099053382874
2023-01-07 23:38:42.529000,-0.5410976409912109,0.05508989468216896
2023-01-07 23:39:42.390000,-0.9615462422370911,0.056389257311820984
2023-01-07 23:40:42.177000,-0.5693292617797852,0.05791735649108887
2023-01-07 23:41:42.351000,-0.5680212378501892,0.059526681900024414
2023-01-07 23:42:42.191000,-0.6031591296195984,0.060809921473264694
2023-01-07 23:43:42.406000,-0.6046176552772522,0.06213940680027008
2023-01-07 23:44:42.477000,-0.5955845713615417,0.06374868005514145
2023-01-07 23:45:42.490000,-0.5753856301307678,0.06485914438962936
2023-01-07 23:46:42.694000,-0.5576285123825073,0.06622478365898132
2023-01-07 23:47:42.089000,-0.5806668400764465,0.06788299977779388
2023-01-07 23:48:42.406000,-0.4519866108894348,0.06916750967502594
2023-01-07 23:49:42.444000,-0.691261887550354,0.07058463990688324
2023-01-07 23:50:42.626000,-0.5041083693504333,0.07178103923797607
2023-01-07 23:51:42.101000,-0.3200989365577698,0.07332204282283783
2023-01-07 23:52:42.370000,-0.33817142248153687,0.07463524490594864
2023-01-07 23:53:41.971000,-0.2664393484592438,0.07582522183656693
2023-01-07 23:54:42.664000,-0.26296448707580566,0.07684270292520523
2023-01-07 23:55:42.402000,-0.3420020341873169,0.07786531746387482
2023-01-07 23:56:42.024000,-0.34060049057006836,0.0775972381234169
2023-01-07 23:57:42.302000,-0.2936939001083374,0.07900135964155197
2023-01-07 23:58:42.368000,-0.3310665488243103,0.08173638582229614
2023-01-07 23:59:42.522000,-0.40098634362220764,0.08295375108718872
